Timestamp,Temp,pH,Turbidity,DO,OxygenationInterventions,DiseaseOccurrence,Pond_ID,Data_Type,Observation_ID,RiskLevel,RiskFactorsCount,DataConfidenceScore,SHACL_ViolationCount_KG,RiskLevel_encoded,SHACL_pH_Violation,SHACL_DO_Violation,SHACL_Temp_Missing,SHACL_Turb_Violation,SHACL_Violation_Count,SHACL_Sensor_Error_Flag,HighRisk_Triggered,MediumRisk_Triggered
2025-12-08 00:00:00,27.47,7.98,3.3,6.34,1.0,2.0,Pond_01,Real_Data,Obs_Pond_01_20251208_00,Unknown,0,1.0,0,-1,0,0,0,0,0,0,0,0
2025-12-08 00:00:00,27.47,7.98,3.3,6.34,0.0,2.0,Pond_02,Real_Data,Obs_Pond_02_20251208_00,Medium,2,1.0,0,1,0,0,0,0,0,0,0,1
2025-12-08 00:00:00,27.6793752369523,7.888961934445035,3.6098859826151224,5.95069394199232,,,Pond_03,Real_Data,Obs_Pond_03_20251208_00,Low,1,1.0,0,0,0,0,0,0,0,0,0,0
2025-12-08 00:00:00,27.500787731676382,8.02340491069171,3.27293380676108,6.3449661990508375,0.0,1.0,Pond_04,Mock_Data,Obs_Pond_04_20251208_00,Low,1,1.0,0,0,0,0,0,0,0,0,0,0
2025-12-08 00:00:00,27.414603123435136,8.004733216500798,3.3266494467312504,6.38958830003243,0.0,1.0,Pond_05,Mock_Data,Obs_Pond_05_20251208_00,Low,2,1.0,0,0,0,0,0,0,0,0,0,0
2025-12-08 04:00:00,27.47,7.98,3.3,6.34,0.0,2.0,Pond_01,Real_Data,Obs_Pond_01_20251208_04,Medium,2,1.0,0,1,0,0,0,0,0,0,0,1
2025-12-08 04:00:00,27.47,7.98,3.3,6.34,0.0,2.0,Pond_02,Real_Data,Obs_Pond_02_20251208_04,Medium,2,1.0,0,1,0,0,0,0,0,0,0,1
2025-12-08 04:00:00,27.581753581948174,7.9253770801277845,3.49215883873045,5.67826769828644,,,Pond_03,Real_Data,Obs_Pond_03_20251208_04,Low,1,1.0,0,0,0,0,0,0,0,0,0,0
2025-12-08 04:00:00,27.461429992121072,7.950771049425464,3.2875805405023852,6.213803798235666,0.0,1.0,Pond_04,Mock_Data,Obs_Pond_04_20251208_04,Low,1,1.0,0,0,0,0,0,0,0,0,0,0
2025-12-08 04:00:00,27.445952846742642,8.004927711482344,3.3149413105605032,6.227730703359049,0.0,1.0,Pond_05,Mock_Data,Obs_Pond_05_20251208_04,Low,2,1.0,0,0,0,0,0,0,0,0,0,0
2025-12-08 08:00:00,27.47,7.98,3.3,6.34,1.0,2.0,Pond_01,Real_Data,Obs_Pond_01_20251208_08,Unknown,0,1.0,0,-1,0,0,0,0,0,0,0,0
2025-12-08 08:00:00,27.47,7.98,3.3,6.34,0.0,2.0,Pond_02,Real_Data,Obs_Pond_02_20251208_08,Medium,2,1.0,0,1,0,0,0,0,0,0,0,1
2025-12-08 08:00:00,27.17159073169025,7.81530073288011,3.35391546034406,5.89626365921306,,,Pond_03,Real_Data,Obs_Pond_03_20251208_08,Low,1,1.0,0,0,0,0,0,0,0,0,0,0
2025-12-08 08:00:00,27.51014554608526,7.984067648134491,3.3611632462912926,6.39787059979217,0.0,1.0,Pond_04,Mock_Data,Obs_Pond_04_20251208_08,Low,2,1.0,0,0,0,0,0,0,0,0,0,0
2025-12-08 08:00:00,27.459082753101207,7.989338911824799,3.2565190875661743,6.385139703405059,0.0,1.0,Pond_05,Mock_Data,Obs_Pond_05_20251208_08,Low,1,1.0,0,0,0,0,0,0,0,0,0,0
2025-12-08 12:00:00,27.47,7.98,3.3,6.34,1.0,2.0,Pond_01,Real_Data,Obs_Pond_01_20251208_12,Unknown,0,1.0,0,-1,0,0,0,0,0,0,0,0
2025-12-08 12:00:00,27.47,7.98,3.3,6.34,0.0,2.0,Pond_02,Real_Data,Obs_Pond_02_20251208_12,Medium,2,1.0,0,1,0,0,0,0,0,0,0,1
2025-12-08 12:00:00,26.706221499773125,7.914151997389247,3.334707139685765,6.70555909487462,,,Pond_03,Real_Data,Obs_Pond_03_20251208_12,Low,1,1.0,0,0,0,0,0,0,0,0,0,0
2025-12-08 12:00:00,27.564401647849056,7.96580588810317,3.1927323995301733,6.361882451523471,0.0,1.0,Pond_04,Mock_Data,Obs_Pond_04_20251208_12,Low,1,1.0,0,0,0,0,0,0,0,0,0,0
2025-12-08 12:00:00,27.290280024669805,7.983569749560329,3.2340413502889502,6.325239176129728,0.0,1.0,Pond_05,Mock_Data,Obs_Pond_05_20251208_12,Low,1,1.0,0,0,0,0,0,0,0,0,0,0
2025-12-08 16:00:00,27.47,7.98,3.3,6.34,1.0,2.0,Pond_01,Real_Data,Obs_Pond_01_20251208_16,Unknown,0,1.0,0,-1,0,0,0,0,0,0,0,0
2025-12-08 16:00:00,27.47,7.98,3.3,6.34,0.0,2.0,Pond_02,Real_Data,Obs_Pond_02_20251208_16,Medium,2,1.0,0,1,0,0,0,0,0,0,0,1
2025-12-08 16:00:00,26.847163265310677,7.89061546012564,3.641894464253665,6.40523264973914,,,Pond_03,Real_Data,Obs_Pond_03_20251208_16,Low,1,1.0,0,0,0,0,0,0,0,0,0,0
2025-12-08 16:00:00,27.455486519302102,15.501123295800747,3.3550593038933636,6.403029247343183,0.0,1.0,Pond_04,Mock_Data,Obs_Pond_04_20251208_16,Low,2,0.5,1,0,1,0,0,0,1,1,0,0
2025-12-08 16:00:00,27.57359479466931,7.928623601578251,3.366288401174849,6.384679434208522,0.0,1.0,Pond_05,Mock_Data,Obs_Pond_05_20251208_16,Low,2,1.0,0,0,0,0,0,0,0,0,0,0
2025-12-08 20:00:00,27.47,7.98,3.3,6.34,0.0,2.0,Pond_01,Real_Data,Obs_Pond_01_20251208_20,Medium,2,1.0,0,1,0,0,0,0,0,0,0,1
2025-12-08 20:00:00,27.47,7.98,3.3,6.34,0.0,2.0,Pond_02,Real_Data,Obs_Pond_02_20251208_20,Medium,2,1.0,0,1,0,0,0,0,0,0,0,1
2025-12-08 20:00:00,27.282397873036423,7.7218091644865225,3.1346712949473527,6.4965086423962,,,Pond_03,Real_Data,Obs_Pond_03_20251208_20,Unknown,0,1.0,0,-1,0,0,0,0,0,0,0,0
2025-12-08 20:00:00,27.455487536921634,7.98041056346278,3.3145746609671893,6.157087227075417,0.0,1.0,Pond_04,Mock_Data,Obs_Pond_04_20251208_20,Low,2,1.0,0,0,0,0,0,0,0,0,0,0
2025-12-08 20:00:00,27.41413021573061,7.965441416194127,3.360972626653331,6.389067057860844,0.0,1.0,Pond_05,Mock_Data,Obs_Pond_05_20251208_20,Low,2,1.0,0,0,0,0,0,0,0,0,0,0
2025-12-09 00:00:00,27.47,7.98,3.3,6.34,1.0,2.0,Pond_01,Real_Data,Obs_Pond_01_20251209_00,Unknown,0,1.0,0,-1,0,0,0,0,0,0,0,0
2025-12-09 00:00:00,27.47,7.98,3.3,6.34,0.0,2.0,Pond_02,Real_Data,Obs_Pond_02_20251209_00,Medium,2,1.0,0,1,0,0,0,0,0,0,0,1
2025-12-09 00:00:00,27.1186866459162,7.9594182411971754,3.6944715065051623,5.85466698441884,,,Pond_03,Real_Data,Obs_Pond_03_20251209_00,Low,1,1.0,0,0,0,0,0,0,0,0,0,0
2025-12-09 00:00:00,27.56788402470313,7.9662453442513605,3.247956481483947,6.471891134681375,0.0,2.0,Pond_04,Mock_Data,Obs_Pond_04_20251209_00,Medium,2,1.0,0,1,0,0,0,0,0,0,0,1
2025-12-09 00:00:00,27.501346895794732,7.969695603258605,3.192747572415605,6.441547744950562,0.0,1.0,Pond_05,Mock_Data,Obs_Pond_05_20251209_00,Low,1,1.0,0,0,0,0,0,0,0,0,0,0
2025-12-09 04:00:00,27.47,7.98,3.3,6.34,1.0,2.0,Pond_01,Real_Data,Obs_Pond_01_20251209_04,Unknown,0,1.0,0,-1,0,0,0,0,0,0,0,0
2025-12-09 04:00:00,27.47,7.98,3.3,6.34,0.0,2.0,Pond_02,Real_Data,Obs_Pond_02_20251209_04,Medium,2,1.0,0,1,0,0,0,0,0,0,0,1
2025-12-09 04:00:00,27.353735869885124,7.80927445904965,3.8789691131220723,5.47700438348467,,,Pond_03,Real_Data,Obs_Pond_03_20251209_04,Medium,1,1.0,0,1,0,0,0,0,0,0,0,1
2025-12-09 04:00:00,27.51756774973505,7.990460876493492,3.2536354293748184,6.331184228383445,0.0,1.0,Pond_04,Mock_Data,Obs_Pond_04_20251209_04,Low,1,1.0,0,0,0,0,0,0,0,0,0,0
2025-12-09 04:00:00,27.464626021224507,7.939798875794287,3.2802426586549394,6.42547725507054,0.0,1.0,Pond_05,Mock_Data,Obs_Pond_05_20251209_04,Low,1,1.0,0,0,0,0,0,0,0,0,0,0
2025-12-09 08:00:00,27.47,7.98,3.3,6.34,1.0,2.0,Pond_01,Real_Data,Obs_Pond_01_20251209_08,Unknown,0,1.0,0,-1,0,0,0,0,0,0,0,0
2025-12-09 08:00:00,27.469999999999995,7.98,3.3,6.34,0.0,2.0,Pond_02,Real_Data,Obs_Pond_02_20251209_08,Medium,2,1.0,0,1,0,0,0,0,0,0,0,1
2025-12-09 08:00:00,27.079573966265748,7.834302114109495,3.23169220506488,6.4341005157042,,,Pond_03,Real_Data,Obs_Pond_03_20251209_08,Unknown,0,1.0,0,-1,0,0,0,0,0,0,0,0
2025-12-09 08:00:00,27.440900665230746,8.018688532456258,3.3722815466537615,6.409987195688266,0.0,1.0,Pond_04,Mock_Data,Obs_Pond_04_20251209_08,Low,2,1.0,0,0,0,0,0,0,0,0,0,0
2025-12-09 08:00:00,27.54795074455513,7.9551828828803846,3.3717554736248267,6.425042623866728,0.0,1.0,Pond_05,Mock_Data,Obs_Pond_05_20251209_08,Low,2,1.0,0,0,0,0,0,0,0,0,0,0
2025-12-09 12:00:00,27.47,7.98,3.3,6.34,1.0,2.0,Pond_01,Real_Data,Obs_Pond_01_20251209_12,Unknown,0,1.0,0,-1,0,0,0,0,0,0,0,0
2025-12-09 12:00:00,27.469999999999995,7.98,3.3,6.34,0.0,2.0,Pond_02,Real_Data,Obs_Pond_02_20251209_12,Medium,2,1.0,0,1,0,0,0,0,0,0,0,1
2025-12-09 12:00:00,26.86768029871435,8.052836120520453,3.4843763699655077,6.49989076982906,,,Pond_03,Real_Data,Obs_Pond_03_20251209_12,Low,1,1.0,0,0,0,0,0,0,0,0,0,0
2025-12-09 12:00:00,27.50362938812793,7.975906672608128,3.259232293057286,6.274324825723804,0.0,1.0,Pond_04,Mock_Data,Obs_Pond_04_20251209_12,Low,1,1.0,0,0,0,0,0,0,0,0,0,0
2025-12-09 12:00:00,27.495168493523042,7.9375272334201155,3.2794734662924263,6.431174881626738,0.0,1.0,Pond_05,Mock_Data,Obs_Pond_05_20251209_12,Low,1,1.0,0,0,0,0,0,0,0,0,0,0
2025-12-09 16:00:00,27.47,7.98,3.3,6.34,0.0,2.0,Pond_01,Real_Data,Obs_Pond_01_20251209_16,Medium,2,1.0,0,1,0,0,0,0,0,0,0,1
2025-12-09 16:00:00,27.47,7.98,3.3,6.34,0.0,2.0,Pond_02,Real_Data,Obs_Pond_02_20251209_16,Medium,2,1.0,0,1,0,0,0,0,0,0,0,1
2025-12-09 16:00:00,27.3739624324812,7.71609462863977,3.59378449666933,6.04039722615621,,,Pond_03,Real_Data,Obs_Pond_03_20251209_16,Low,1,1.0,0,0,0,0,0,0,0,0,0,0
2025-12-09 16:00:00,27.441276076000847,7.995432930239133,3.2502706361892852,6.378699686151545,0.0,1.0,Pond_04,Mock_Data,Obs_Pond_04_20251209_16,Low,1,1.0,0,0,0,0,0,0,0,0,0,0
2025-12-09 16:00:00,27.455438736963682,7.979178266680812,3.27884612348826,6.35840201609496,0.0,1.0,Pond_05,Mock_Data,Obs_Pond_05_20251209_16,Low,1,1.0,0,0,0,0,0,0,0,0,0,0
2025-12-09 20:00:00,27.47,7.98,3.3,6.34,1.0,2.0,Pond_01,Real_Data,Obs_Pond_01_20251209_20,Unknown,0,1.0,0,-1,0,0,0,0,0,0,0,0
2025-12-09 20:00:00,27.47,7.98,3.3,6.34,0.0,2.0,Pond_02,Real_Data,Obs_Pond_02_20251209_20,Medium,2,1.0,0,1,0,0,0,0,0,0,0,1
2025-12-09 20:00:00,27.059717588474548,7.712483701028938,3.3836312325860374,7.09460412600892,,,Pond_03,Real_Data,Obs_Pond_03_20251209_20,Low,1,1.0,0,0,0,0,0,0,0,0,0,0
2025-12-09 20:00:00,27.44113276801214,7.952269856058257,3.349037936104305,6.27347162575761,0.0,1.0,Pond_04,Mock_Data,Obs_Pond_04_20251209_20,Low,2,1.0,0,0,0,0,0,0,0,0,0,0
2025-12-09 20:00:00,27.41461743690911,7.997555843944664,3.287808180301331,6.342032646554945,0.0,1.0,Pond_05,Mock_Data,Obs_Pond_05_20251209_20,Low,1,1.0,0,0,0,0,0,0,0,0,0,0
2025-12-10 00:00:00,27.47,7.98,3.3,6.34,0.0,2.0,Pond_01,Real_Data,Obs_Pond_01_20251210_00,Medium,2,1.0,0,1,0,0,0,0,0,0,0,1
2025-12-10 00:00:00,27.47,7.98,3.3,6.34,0.0,2.0,Pond_02,Real_Data,Obs_Pond_02_20251210_00,Medium,2,1.0,0,1,0,0,0,0,0,0,0,1
2025-12-10 00:00:00,27.077936973477648,7.8701347123008,3.3006686900568223,6.08548947609484,,,Pond_03,Real_Data,Obs_Pond_03_20251210_00,Low,1,1.0,0,0,0,0,0,0,0,0,0,0
2025-12-10 00:00:00,27.484997497952538,7.959492250078483,3.314597487059928,6.300605922003911,0.0,1.0,Pond_04,Mock_Data,Obs_Pond_04_20251210_00,Low,2,1.0,0,0,0,0,0,0,0,0,0,0
2025-12-10 00:00:00,27.519453016716056,8.003731275385999,3.251669945180808,6.395122691922169,0.0,1.0,Pond_05,Mock_Data,Obs_Pond_05_20251210_00,Low,1,1.0,0,0,0,0,0,0,0,0,0,0
2025-12-10 04:00:00,27.47,7.98,3.3,6.34,0.0,2.0,Pond_01,Real_Data,Obs_Pond_01_20251210_04,Medium,2,1.0,0,1,0,0,0,0,0,0,0,1
2025-12-10 04:00:00,27.47,7.980000000000001,3.3,6.34,0.0,2.0,Pond_02,Real_Data,Obs_Pond_02_20251210_04,Medium,2,1.0,0,1,0,0,0,0,0,0,0,1
2025-12-10 04:00:00,27.58455508952205,7.9546037327243075,3.332914357488035,6.32147995714605,,,Pond_03,Real_Data,Obs_Pond_03_20251210_04,Low,1,1.0,0,0,0,0,0,0,0,0,0,0
2025-12-10 04:00:00,27.35140954221428,7.9901292569406,3.2595591784158904,6.460880494529704,0.0,1.0,Pond_04,Mock_Data,Obs_Pond_04_20251210_04,Low,1,1.0,0,0,0,0,0,0,0,0,0,0
2025-12-10 04:00:00,27.35387887112147,7.988893739537545,3.2264946671271755,6.386234512964597,0.0,1.0,Pond_05,Mock_Data,Obs_Pond_05_20251210_04,Low,1,1.0,0,0,0,0,0,0,0,0,0,0
2025-12-10 08:00:00,27.47,7.98,3.3,6.34,0.0,2.0,Pond_01,Real_Data,Obs_Pond_01_20251210_08,Medium,2,1.0,0,1,0,0,0,0,0,0,0,1
2025-12-10 08:00:00,27.47,7.9799999999999995,3.3,6.34,0.0,2.0,Pond_02,Real_Data,Obs_Pond_02_20251210_08,Medium,2,1.0,0,1,0,0,0,0,0,0,0,1
2025-12-10 08:00:00,27.3237567989178,7.6915716200344875,3.3856415077519224,6.37243033055281,,,Pond_03,Real_Data,Obs_Pond_03_20251210_08,Low,1,1.0,0,0,0,0,0,0,0,0,0,0
2025-12-10 08:00:00,27.363084771051376,8.01182216936268,3.309340284773288,6.327957468483565,0.0,1.0,Pond_04,Mock_Data,Obs_Pond_04_20251210_08,Low,2,1.0,0,0,0,0,0,0,0,0,0,0
2025-12-10 08:00:00,27.51003409371617,7.95934301567833,3.3453830016657045,6.32048094694798,0.0,1.0,Pond_05,Mock_Data,Obs_Pond_05_20251210_08,Low,2,1.0,0,0,0,0,0,0,0,0,0,0
2025-12-10 12:00:00,27.47,7.98,3.3,6.34,0.0,2.0,Pond_01,Real_Data,Obs_Pond_01_20251210_12,Medium,2,1.0,0,1,0,0,0,0,0,0,0,1
2025-12-10 12:00:00,27.47,7.9799999999999995,3.3,6.34,0.0,2.0,Pond_02,Real_Data,Obs_Pond_02_20251210_12,Medium,2,1.0,0,1,0,0,0,0,0,0,0,1
2025-12-10 12:00:00,26.854893778110625,7.917424360691925,3.483656242561635,6.66903426695395,,,Pond_03,Real_Data,Obs_Pond_03_20251210_12,Low,1,1.0,0,0,0,0,0,0,0,0,0,0
2025-12-10 12:00:00,27.435147847166625,7.9876250023550055,3.2557723103983314,6.353731955426896,0.0,2.0,Pond_04,Mock_Data,Obs_Pond_04_20251210_12,Medium,2,1.0,0,1,0,0,0,0,0,0,0,1
2025-12-10 12:00:00,27.401878134121855,7.938572979799426,3.220537530396005,6.365566589468393,0.0,1.0,Pond_05,Mock_Data,Obs_Pond_05_20251210_12,Low,1,1.0,0,0,0,0,0,0,0,0,0,0
2025-12-10 16:00:00,27.47,7.98,3.3,6.34,0.0,2.0,Pond_01,Real_Data,Obs_Pond_01_20251210_16,Medium,2,1.0,0,1,0,0,0,0,0,0,0,1
2025-12-10 16:00:00,27.47,7.9799999999999995,3.3,6.34,0.0,2.0,Pond_02,Real_Data,Obs_Pond_02_20251210_16,Medium,2,1.0,0,1,0,0,0,0,0,0,0,1
2025-12-10 16:00:00,27.765043294091498,7.85152097473725,3.1981425820418723,6.26493561981501,,,Pond_03,Real_Data,Obs_Pond_03_20251210_16,Unknown,0,1.0,0,-1,0,0,0,0,0,0,0,0
2025-12-10 16:00:00,27.40722189597919,7.973287461710469,3.347464450147501,6.394949056789231,0.0,1.0,Pond_04,Mock_Data,Obs_Pond_04_20251210_16,Low,2,1.0,0,0,0,0,0,0,0,0,0,0
2025-12-10 16:00:00,27.54762004189594,7.942329513174589,3.3106616782053235,6.3377834854938,0.0,2.0,Pond_05,Mock_Data,Obs_Pond_05_20251210_16,Low,3,1.0,0,0,0,0,0,0,0,0,0,0
2025-12-10 16:00:00,27.54762004189594,7.942329513174589,3.3106616782053235,6.3377834854938,0.0,2.0,Pond_05,Mock_Data,Obs_Pond_05_20251210_16,Medium,3,1.0,0,1,0,0,0,0,0,0,0,1
2025-12-10 20:00:00,27.47,7.98,3.3,6.34,0.0,2.0,Pond_01,Real_Data,Obs_Pond_01_20251210_20,Medium,2,1.0,0,1,0,0,0,0,0,0,0,1
2025-12-10 20:00:00,27.470000000000002,7.98,3.3,6.34,0.0,2.0,Pond_02,Real_Data,Obs_Pond_02_20251210_20,Medium,2,1.0,0,1,0,0,0,0,0,0,0,1
2025-12-10 20:00:00,27.54239226636255,7.898313285281845,2.76730067660364,5.40116338950424,,,Pond_03,Real_Data,Obs_Pond_03_20251210_20,Unknown,0,1.0,0,-1,0,0,0,0,0,0,0,0
2025-12-10 20:00:00,27.48947792809468,7.97998480643279,3.3457634538376646,6.371304749332604,0.0,1.0,Pond_04,Mock_Data,Obs_Pond_04_20251210_20,Low,2,1.0,0,0,0,0,0,0,0,0,0,0
2025-12-10 20:00:00,27.479997796537337,7.952790686364652,3.338226916915034,6.2860699365967525,0.0,1.0,Pond_05,Mock_Data,Obs_Pond_05_20251210_20,Low,2,1.0,0,0,0,0,0,0,0,0,0,0
2025-12-11 00:00:00,27.47,7.98,3.3,6.34,0.0,2.0,Pond_01,Real_Data,Obs_Pond_01_20251211_00,Medium,2,1.0,0,1,0,0,0,0,0,0,0,1
2025-12-11 00:00:00,27.47,7.98,3.3,6.34,0.0,2.0,Pond_02,Real_Data,Obs_Pond_02_20251211_00,Medium,2,1.0,0,1,0,0,0,0,0,0,0,1
2025-12-11 00:00:00,27.259646252548425,7.770771979047963,3.3696300144340174,5.56899134396935,,,Pond_03,Real_Data,Obs_Pond_03_20251211_00,Low,1,1.0,0,0,0,0,0,0,0,0,0,0
2025-12-11 00:00:00,27.41371812958547,7.953188965068963,3.3229386726478327,6.349499693724264,0.0,2.0,Pond_04,Mock_Data,Obs_Pond_04_20251211_00,Low,3,1.0,0,0,0,0,0,0,0,0,0,0
2025-12-11 00:00:00,27.41371812958547,7.953188965068963,3.3229386726478327,6.349499693724264,0.0,2.0,Pond_04,Mock_Data,Obs_Pond_04_20251211_00,Medium,3,1.0,0,1,0,0,0,0,0,0,0,1
2025-12-11 00:00:00,27.509924591660468,7.9609412180000145,3.2374270354703865,6.421498943198397,0.0,1.0,Pond_05,Mock_Data,Obs_Pond_05_20251211_00,Low,1,1.0,0,0,0,0,0,0,0,0,0,0
2025-12-11 04:00:00,27.47,7.98,3.3,6.34,1.0,2.0,Pond_01,Real_Data,Obs_Pond_01_20251211_04,Unknown,0,1.0,0,-1,0,0,0,0,0,0,0,0
2025-12-11 04:00:00,27.47,7.98,3.2999999999999994,6.34,0.0,2.0,Pond_02,Real_Data,Obs_Pond_02_20251211_04,Medium,2,1.0,0,1,0,0,0,0,0,0,0,1
2025-12-11 04:00:00,26.98383473695605,7.936857097920712,3.7091585762024475,6.24836725072915,,,Pond_03,Real_Data,Obs_Pond_03_20251211_04,Low,1,1.0,0,0,0,0,0,0,0,0,0,0
2025-12-11 04:00:00,27.382461468756883,7.99296191721384,3.315593849680292,6.3630490824369454,0.0,1.0,Pond_04,Mock_Data,Obs_Pond_04_20251211_04,Low,2,1.0,0,0,0,0,0,0,0,0,0,0
2025-12-11 04:00:00,27.475081895865454,7.976574699241315,3.2601480389273436,6.343486103673914,0.0,1.0,Pond_05,Mock_Data,Obs_Pond_05_20251211_04,Low,1,1.0,0,0,0,0,0,0,0,0,0,0
2025-12-11 08:00:00,27.47,7.98,3.3,6.34,0.0,2.0,Pond_01,Real_Data,Obs_Pond_01_20251211_08,Medium,2,1.0,0,1,0,0,0,0,0,0,0,1
2025-12-11 08:00:00,27.47,7.98,3.3,6.34,0.0,2.0,Pond_02,Real_Data,Obs_Pond_02_20251211_08,Medium,2,1.0,0,1,0,0,0,0,0,0,0,1
2025-12-11 08:00:00,27.464559676521326,7.885770300266,3.24809131478215,6.22032902923935,,,Pond_03,Real_Data,Obs_Pond_03_20251211_08,Unknown,0,1.0,0,-1,0,0,0,0,0,0,0,0
2025-12-11 08:00:00,27.560845007648403,7.99891883896116,3.375937682600395,6.491787515871707,0.0,1.0,Pond_04,Mock_Data,Obs_Pond_04_20251211_08,Low,2,1.0,0,0,0,0,0,0,0,0,0,0
2025-12-11 08:00:00,27.361382769196393,7.958254459294102,3.3523090150590376,6.469386003441071,0.0,1.0,Pond_05,Mock_Data,Obs_Pond_05_20251211_08,Low,2,1.0,0,0,0,0,0,0,0,0,0,0
2025-12-11 12:00:00,27.47,7.98,3.3,6.34,0.0,2.0,Pond_01,Real_Data,Obs_Pond_01_20251211_12,Medium,2,1.0,0,1,0,0,0,0,0,0,0,1
2025-12-11 12:00:00,27.47,7.98,3.3,6.34,0.0,2.0,Pond_02,Real_Data,Obs_Pond_02_20251211_12,Medium,2,1.0,0,1,0,0,0,0,0,0,0,1
2025-12-11 12:00:00,27.290085387132624,7.874909002237097,3.1835875482016522,5.56171918852533,,,Pond_03,Real_Data,Obs_Pond_03_20251211_12,Unknown,0,1.0,0,-1,0,0,0,0,0,0,0,0
2025-12-11 12:00:00,27.456005753779863,7.970306354178496,3.299986475282852,6.336361089558143,0.0,1.0,Pond_04,Mock_Data,Obs_Pond_04_20251211_12,Low,1,1.0,0,0,0,0,0,0,0,0,0,0
2025-12-11 12:00:00,27.41664960044323,7.987268264805966,3.322976853942861,6.237342167839095,0.0,1.0,Pond_05,Mock_Data,Obs_Pond_05_20251211_12,Low,2,1.0,0,0,0,0,0,0,0,0,0,0
2025-12-11 16:00:00,27.47,7.98,3.3,6.34,1.0,2.0,Pond_01,Real_Data,Obs_Pond_01_20251211_16,Unknown,0,1.0,0,-1,0,0,0,0,0,0,0,0
2025-12-11 16:00:00,27.47,7.9799999999999995,3.3,6.34,0.0,2.0,Pond_02,Real_Data,Obs_Pond_02_20251211_16,Medium,2,1.0,0,1,0,0,0,0,0,0,0,1
2025-12-11 16:00:00,27.457384465384074,7.893368217989828,3.192557146744295,6.56306535220163,,,Pond_03,Real_Data,Obs_Pond_03_20251211_16,Unknown,0,1.0,0,-1,0,0,0,0,0,0,0,0
2025-12-11 16:00:00,27.47418558688919,7.969921434344756,3.2490407748368257,6.3527003939445645,0.0,1.0,Pond_04,Mock_Data,Obs_Pond_04_20251211_16,Low,1,1.0,0,0,0,0,0,0,0,0,0,0
2025-12-11 16:00:00,27.511676570685456,7.975019630135092,3.2733843049354765,6.304836681870974,0.0,2.0,Pond_05,Mock_Data,Obs_Pond_05_20251211_16,Medium,2,1.0,0,1,0,0,0,0,0,0,0,1
2025-12-11 20:00:00,27.47,7.98,3.3,6.34,1.0,2.0,Pond_01,Real_Data,Obs_Pond_01_20251211_20,Unknown,0,1.0,0,-1,0,0,0,0,0,0,0,0
2025-12-11 20:00:00,27.47,7.98,3.3,6.34,0.0,2.0,Pond_02,Real_Data,Obs_Pond_02_20251211_20,Medium,2,1.0,0,1,0,0,0,0,0,0,0,1
2025-12-11 20:00:00,26.867199248739077,7.7796120113220395,3.2123043347356823,6.08583865818026,,,Pond_03,Real_Data,Obs_Pond_03_20251211_20,Unknown,0,1.0,0,-1,0,0,0,0,0,0,0,0
2025-12-11 20:00:00,27.38169012479787,7.985700916836121,3.3193801030383323,6.40635399295452,0.0,2.0,Pond_04,Mock_Data,Obs_Pond_04_20251211_20,Low,3,1.0,0,0,0,0,0,0,0,0,0,0
2025-12-11 20:00:00,27.38169012479787,7.985700916836121,3.3193801030383323,6.40635399295452,0.0,2.0,Pond_04,Mock_Data,Obs_Pond_04_20251211_20,Medium,3,1.0,0,1,0,0,0,0,0,0,0,1
2025-12-11 20:00:00,27.480329793415542,7.9802261193994415,3.351837734955632,6.342061303077453,0.0,1.0,Pond_05,Mock_Data,Obs_Pond_05_20251211_20,Low,2,1.0,0,0,0,0,0,0,0,0,0,0
2025-12-12 00:00:00,27.47,7.98,3.3,6.34,1.0,2.0,Pond_01,Real_Data,Obs_Pond_01_20251212_00,Unknown,0,1.0,0,-1,0,0,0,0,0,0,0,0
2025-12-12 00:00:00,27.47,7.98,3.2999999999999994,6.34,0.0,2.0,Pond_02,Real_Data,Obs_Pond_02_20251212_00,Medium,2,1.0,0,1,0,0,0,0,0,0,0,1
2025-12-12 00:00:00,27.349155280876776,7.8457210599705505,3.4712364111221348,5.73794837849852,,,Pond_03,Real_Data,Obs_Pond_03_20251212_00,Low,1,1.0,0,0,0,0,0,0,0,0,0,0
2025-12-12 00:00:00,27.43625763701249,7.970635927961767,3.3899447233947075,6.409819400409192,0.0,2.0,Pond_04,Mock_Data,Obs_Pond_04_20251212_00,Low,3,1.0,0,0,0,0,0,0,0,0,0,0
2025-12-12 00:00:00,27.43625763701249,7.970635927961767,3.3899447233947075,6.409819400409192,0.0,2.0,Pond_04,Mock_Data,Obs_Pond_04_20251212_00,Medium,3,1.0,0,1,0,0,0,0,0,0,0,1
2025-12-12 00:00:00,27.543201055570172,8.00444906294745,3.352022566766177,6.4118312107439435,0.0,2.0,Pond_05,Mock_Data,Obs_Pond_05_20251212_00,Low,3,1.0,0,0,0,0,0,0,0,0,0,0
2025-12-12 00:00:00,27.543201055570172,8.00444906294745,3.352022566766177,6.4118312107439435,0.0,2.0,Pond_05,Mock_Data,Obs_Pond_05_20251212_00,Medium,3,1.0,0,1,0,0,0,0,0,0,0,1
2025-12-12 04:00:00,27.47,7.98,3.3,6.34,1.0,2.0,Pond_01,Real_Data,Obs_Pond_01_20251212_04,Unknown,0,1.0,0,-1,0,0,0,0,0,0,0,0
2025-12-12 04:00:00,27.47,7.98,3.3,6.34,0.0,2.0,Pond_02,Real_Data,Obs_Pond_02_20251212_04,Medium,2,1.0,0,1,0,0,0,0,0,0,0,1
2025-12-12 04:00:00,26.852848822415375,7.685561869548542,3.2913506888329103,6.37304204830592,,,Pond_03,Real_Data,Obs_Pond_03_20251212_04,Unknown,0,1.0,0,-1,0,0,0,0,0,0,0,0
2025-12-12 04:00:00,27.476875292173844,7.978581995462245,3.2562463071257146,6.414966802434037,0.0,1.0,Pond_04,Mock_Data,Obs_Pond_04_20251212_04,Low,1,1.0,0,0,0,0,0,0,0,0,0,0
2025-12-12 04:00:00,27.49499608469666,7.954693667199335,3.3116008265764036,6.365228455747117,0.0,1.0,Pond_05,Mock_Data,Obs_Pond_05_20251212_04,Low,2,1.0,0,0,0,0,0,0,0,0,0,0
2025-12-12 08:00:00,27.47,7.98,3.3,6.34,1.0,2.0,Pond_01,Real_Data,Obs_Pond_01_20251212_08,Unknown,0,1.0,0,-1,0,0,0,0,0,0,0,0
2025-12-12 08:00:00,27.47,7.980000000000001,3.3,6.34,0.0,2.0,Pond_02,Real_Data,Obs_Pond_02_20251212_08,Medium,2,1.0,0,1,0,0,0,0,0,0,0,1
2025-12-12 08:00:00,27.645529328878624,7.693989023206537,3.4029426762671697,6.60145650101447,,,Pond_03,Real_Data,Obs_Pond_03_20251212_08,Low,1,1.0,0,0,0,0,0,0,0,0,0,0
2025-12-12 08:00:00,27.398658200681236,8.025021885826057,3.284414700246099,6.3803389552391465,0.0,1.0,Pond_04,Mock_Data,Obs_Pond_04_20251212_08,Low,1,1.0,0,0,0,0,0,0,0,0,0,0
2025-12-12 08:00:00,27.41008111457752,7.98897779401823,3.2611875184095296,6.359607881546741,0.0,2.0,Pond_05,Mock_Data,Obs_Pond_05_20251212_08,Medium,2,1.0,0,1,0,0,0,0,0,0,0,1
2025-12-12 12:00:00,27.47,7.98,3.3,6.34,1.0,2.0,Pond_01,Real_Data,Obs_Pond_01_20251212_12,Unknown,0,1.0,0,-1,0,0,0,0,0,0,0,0
2025-12-12 12:00:00,27.47,7.98,3.3,6.34,0.0,2.0,Pond_02,Real_Data,Obs_Pond_02_20251212_12,Medium,2,1.0,0,1,0,0,0,0,0,0,0,1
2025-12-12 12:00:00,27.035672907631277,7.854900485650592,3.3310648680309276,6.20573002877204,,,Pond_03,Real_Data,Obs_Pond_03_20251212_12,Low,1,1.0,0,0,0,0,0,0,0,0,0,0
2025-12-12 12:00:00,27.49328681337154,7.974703315957157,3.31795603014523,6.267813617670571,0.0,1.0,Pond_04,Mock_Data,Obs_Pond_04_20251212_12,Low,2,1.0,0,0,0,0,0,0,0,0,0,0
2025-12-12 12:00:00,27.42065771949369,7.9797003883560595,3.282173206841177,6.2688077468354475,0.0,1.0,Pond_05,Mock_Data,Obs_Pond_05_20251212_12,Low,1,1.0,0,0,0,0,0,0,0,0,0,0
2025-12-12 16:00:00,27.47,7.98,3.3,6.34,0.0,2.0,Pond_01,Real_Data,Obs_Pond_01_20251212_16,Medium,2,1.0,0,1,0,0,0,0,0,0,0,1
2025-12-12 16:00:00,27.47,7.98,3.3,6.34,0.0,2.0,Pond_02,Real_Data,Obs_Pond_02_20251212_16,Medium,2,1.0,0,1,0,0,0,0,0,0,0,1
2025-12-12 16:00:00,27.694898804996825,7.80468665027088,3.3805164228664375,5.96909265056464,,,Pond_03,Real_Data,Obs_Pond_03_20251212_16,Low,1,1.0,0,0,0,0,0,0,0,0,0,0
2025-12-12 16:00:00,27.43277073502422,7.972316529982958,3.297675768274483,6.443159235613394,0.0,1.0,Pond_04,Mock_Data,Obs_Pond_04_20251212_16,Low,1,1.0,0,0,0,0,0,0,0,0,0,0
2025-12-12 16:00:00,27.4763791075512,7.972849442557658,3.3123482241087006,6.266933460125169,0.0,1.0,Pond_05,Mock_Data,Obs_Pond_05_20251212_16,Low,2,1.0,0,0,0,0,0,0,0,0,0,0
2025-12-12 20:00:00,27.47,7.98,3.3,6.34,1.0,2.0,Pond_01,Real_Data,Obs_Pond_01_20251212_20,Unknown,0,1.0,0,-1,0,0,0,0,0,0,0,0
2025-12-12 20:00:00,27.47,7.98,3.3,6.34,0.0,2.0,Pond_02,Real_Data,Obs_Pond_02_20251212_20,Medium,2,1.0,0,1,0,0,0,0,0,0,0,1
2025-12-12 20:00:00,27.403704905981574,7.848792489558332,3.197565575474225,6.55199020040779,,,Pond_03,Real_Data,Obs_Pond_03_20251212_20,Unknown,0,1.0,0,-1,0,0,0,0,0,0,0,0
2025-12-12 20:00:00,27.451920006011765,7.966115516164417,3.2576457185631194,6.267602649909573,0.0,1.0,Pond_04,Mock_Data,Obs_Pond_04_20251212_20,Low,1,1.0,0,0,0,0,0,0,0,0,0,0
2025-12-12 20:00:00,27.326569080306182,7.998981518985257,3.2918682995452535,6.360367755598789,0.0,1.0,Pond_05,Mock_Data,Obs_Pond_05_20251212_20,Low,1,1.0,0,0,0,0,0,0,0,0,0,0
2025-12-13 00:00:00,27.47,7.98,3.3,6.34,1.0,2.0,Pond_01,Real_Data,Obs_Pond_01_20251213_00,Unknown,0,1.0,0,-1,0,0,0,0,0,0,0,0
2025-12-13 00:00:00,27.47,7.9799999999999995,3.3,6.34,0.0,2.0,Pond_02,Real_Data,Obs_Pond_02_20251213_00,Medium,2,1.0,0,1,0,0,0,0,0,0,0,1
2025-12-13 00:00:00,27.282388161058826,7.895389913473492,3.2949781119858876,6.20615050995369,,,Pond_03,Real_Data,Obs_Pond_03_20251213_00,Unknown,0,1.0,0,-1,0,0,0,0,0,0,0,0
2025-12-13 00:00:00,27.432704542214232,7.995956840637844,3.3483714854797832,6.359112918200852,0.0,1.0,Pond_04,Mock_Data,Obs_Pond_04_20251213_00,Low,2,1.0,0,0,0,0,0,0,0,0,0,0
2025-12-13 00:00:00,27.57372460586887,7.998847675492125,3.340485301467457,6.2538499968714865,0.0,1.0,Pond_05,Mock_Data,Obs_Pond_05_20251213_00,Low,2,1.0,0,0,0,0,0,0,0,0,0,0
2025-12-13 04:00:00,27.47,7.98,3.3,6.34,1.0,2.0,Pond_01,Real_Data,Obs_Pond_01_20251213_04,Unknown,0,1.0,0,-1,0,0,0,0,0,0,0,0
2025-12-13 04:00:00,27.47,7.98,3.3,6.34,0.0,2.0,Pond_02,Real_Data,Obs_Pond_02_20251213_04,Medium,2,1.0,0,1,0,0,0,0,0,0,0,1
2025-12-13 04:00:00,27.483071799731526,7.840055111715772,3.4056116156877323,7.09391128947492,,,Pond_03,Real_Data,Obs_Pond_03_20251213_04,Low,1,1.0,0,0,0,0,0,0,0,0,0,0
2025-12-13 04:00:00,27.58480937957769,7.976114221380355,3.4000338995482413,6.2923637700197785,0.0,2.0,Pond_04,Mock_Data,Obs_Pond_04_20251213_04,Low,3,1.0,0,0,0,0,0,0,0,0,0,0
2025-12-13 04:00:00,27.58480937957769,7.976114221380355,3.4000338995482413,6.2923637700197785,0.0,2.0,Pond_04,Mock_Data,Obs_Pond_04_20251213_04,Medium,3,1.0,0,1,0,0,0,0,0,0,0,1
2025-12-13 04:00:00,27.497380697542155,7.959705501570607,3.2340402669621664,6.3064093039257525,0.0,1.0,Pond_05,Mock_Data,Obs_Pond_05_20251213_04,Low,1,1.0,0,0,0,0,0,0,0,0,0,0
2025-12-13 08:00:00,27.47,7.98,3.3,6.34,1.0,2.0,Pond_01,Real_Data,Obs_Pond_01_20251213_08,Unknown,0,1.0,0,-1,0,0,0,0,0,0,0,0
2025-12-13 08:00:00,27.469999999999995,7.98,3.3,6.34,0.0,2.0,Pond_02,Real_Data,Obs_Pond_02_20251213_08,Medium,2,1.0,0,1,0,0,0,0,0,0,0,1
2025-12-13 08:00:00,27.0171112882067,7.959969789990272,3.26284157500291,6.62329816077923,,,Pond_03,Real_Data,Obs_Pond_03_20251213_08,Unknown,0,1.0,0,-1,0,0,0,0,0,0,0,0
2025-12-13 08:00:00,27.46916340428174,7.966076251177338,3.3084566596112106,6.335949347935803,0.0,2.0,Pond_04,Mock_Data,Obs_Pond_04_20251213_08,Low,3,1.0,0,0,0,0,0,0,0,0,0,0
2025-12-13 08:00:00,27.46916340428174,7.966076251177338,3.3084566596112106,6.335949347935803,0.0,2.0,Pond_04,Mock_Data,Obs_Pond_04_20251213_08,Medium,3,1.0,0,1,0,0,0,0,0,0,0,1
2025-12-13 08:00:00,27.546055034273856,7.97609414301896,3.235571386162893,6.371635393190435,0.0,1.0,Pond_05,Mock_Data,Obs_Pond_05_20251213_08,Low,1,1.0,0,0,0,0,0,0,0,0,0,0
2025-12-13 12:00:00,27.47,7.98,3.3,6.34,1.0,2.0,Pond_01,Real_Data,Obs_Pond_01_20251213_12,Unknown,0,1.0,0,-1,0,0,0,0,0,0,0,0
2025-12-13 12:00:00,27.47,7.98,3.2999999999999994,6.34,0.0,2.0,Pond_02,Real_Data,Obs_Pond_02_20251213_12,Medium,2,1.0,0,1,0,0,0,0,0,0,0,1
2025-12-13 12:00:00,27.306269833153898,7.784512627156433,3.28646845884331,6.06330295868444,,,Pond_03,Real_Data,Obs_Pond_03_20251213_12,Unknown,0,1.0,0,-1,0,0,0,0,0,0,0,0
2025-12-13 12:00:00,27.404440119987612,15.170109287967088,3.2610190133207806,6.360762963292099,0.0,1.0,Pond_04,Mock_Data,Obs_Pond_04_20251213_12,Low,1,0.5,1,0,1,0,0,0,1,1,0,0
2025-12-13 12:00:00,27.37202974946203,7.986029694186905,3.3077986745773496,6.2779613904539975,0.0,1.0,Pond_05,Mock_Data,Obs_Pond_05_20251213_12,Low,2,1.0,0,0,0,0,0,0,0,0,0,0
2025-12-13 16:00:00,27.47,7.98,3.3,6.34,0.0,2.0,Pond_01,Real_Data,Obs_Pond_01_20251213_16,Medium,2,1.0,0,1,0,0,0,0,0,0,0,1
2025-12-13 16:00:00,27.47,7.98,3.3,6.34,0.0,2.0,Pond_02,Real_Data,Obs_Pond_02_20251213_16,Medium,2,1.0,0,1,0,0,0,0,0,0,0,1
2025-12-13 16:00:00,27.071600713859077,7.752603414733827,3.4954646822822224,6.39290762494431,,,Pond_03,Real_Data,Obs_Pond_03_20251213_16,Low,1,1.0,0,0,0,0,0,0,0,0,0,0
2025-12-13 16:00:00,27.520983632924654,8.010438891817621,3.2332129991956933,6.360295288813237,0.0,1.0,Pond_04,Mock_Data,Obs_Pond_04_20251213_16,Low,1,1.0,0,0,0,0,0,0,0,0,0,0
2025-12-13 16:00:00,27.54714162759104,7.974146234657072,3.2788059304099173,6.441386125276613,0.0,1.0,Pond_05,Mock_Data,Obs_Pond_05_20251213_16,Low,1,1.0,0,0,0,0,0,0,0,0,0,0
2025-12-13 20:00:00,27.47,7.98,3.3,6.34,0.0,2.0,Pond_01,Real_Data,Obs_Pond_01_20251213_20,Medium,2,1.0,0,1,0,0,0,0,0,0,0,1
2025-12-13 20:00:00,27.47,7.98,3.3,6.34,0.0,2.0,Pond_02,Real_Data,Obs_Pond_02_20251213_20,Medium,2,1.0,0,1,0,0,0,0,0,0,0,1
2025-12-13 20:00:00,27.316762996928674,7.8020710573597105,3.560286980623035,5.943146425102,,,Pond_03,Real_Data,Obs_Pond_03_20251213_20,Low,1,1.0,0,0,0,0,0,0,0,0,0,0
2025-12-13 20:00:00,27.39432869793168,7.967125817637635,3.3111232286340644,6.366646370928706,0.0,1.0,Pond_04,Mock_Data,Obs_Pond_04_20251213_20,Low,2,1.0,0,0,0,0,0,0,0,0,0,0
2025-12-13 20:00:00,27.60831454024888,7.992543930231121,3.272963354677672,6.417297600306004,0.0,1.0,Pond_05,Mock_Data,Obs_Pond_05_20251213_20,Low,1,1.0,0,0,0,0,0,0,0,0,0,0
2025-12-14 00:00:00,27.47,7.98,3.3,6.34,1.0,2.0,Pond_01,Real_Data,Obs_Pond_01_20251214_00,Unknown,0,1.0,0,-1,0,0,0,0,0,0,0,0
2025-12-14 00:00:00,27.47,7.98,3.3,6.34,0.0,2.0,Pond_02,Real_Data,Obs_Pond_02_20251214_00,Medium,2,1.0,0,1,0,0,0,0,0,0,0,1
2025-12-14 00:00:00,27.072644751309525,7.76656801353382,3.2102031243705276,6.32545862699087,,,Pond_03,Real_Data,Obs_Pond_03_20251214_00,Unknown,0,1.0,0,-1,0,0,0,0,0,0,0,0
2025-12-14 00:00:00,27.482945949458028,7.939977960407179,3.3475962142504394,6.441913803991709,0.0,1.0,Pond_04,Mock_Data,Obs_Pond_04_20251214_00,Low,2,1.0,0,0,0,0,0,0,0,0,0,0
2025-12-14 00:00:00,27.38812826726204,7.986029272540235,3.2237661621354206,6.240757097772067,0.0,1.0,Pond_05,Mock_Data,Obs_Pond_05_20251214_00,Low,1,1.0,0,0,0,0,0,0,0,0,0,0
2025-12-14 04:00:00,27.47,7.98,3.3,6.34,1.0,2.0,Pond_01,Real_Data,Obs_Pond_01_20251214_04,Unknown,0,1.0,0,-1,0,0,0,0,0,0,0,0
2025-12-14 04:00:00,27.47,7.98,3.3,6.34,0.0,2.0,Pond_02,Real_Data,Obs_Pond_02_20251214_04,Medium,2,1.0,0,1,0,0,0,0,0,0,0,1
2025-12-14 04:00:00,27.512380094803923,7.936324534712478,3.453156970406345,6.41689694895428,,,Pond_03,Real_Data,Obs_Pond_03_20251214_04,Low,1,1.0,0,0,0,0,0,0,0,0,0,0
2025-12-14 04:00:00,27.348534167825758,8.001602941183,3.3204879518580834,6.368642921936695,0.0,1.0,Pond_04,Mock_Data,Obs_Pond_04_20251214_04,Low,2,1.0,0,0,0,0,0,0,0,0,0,0
2025-12-14 04:00:00,27.51781363955949,8.019293473715543,3.3008427641189964,6.2811161699449585,0.0,2.0,Pond_05,Mock_Data,Obs_Pond_05_20251214_04,Low,3,1.0,0,0,0,0,0,0,0,0,0,0
2025-12-14 04:00:00,27.51781363955949,8.019293473715543,3.3008427641189964,6.2811161699449585,0.0,2.0,Pond_05,Mock_Data,Obs_Pond_05_20251214_04,Medium,3,1.0,0,1,0,0,0,0,0,0,0,1
2025-12-14 08:00:00,27.47,7.98,3.3,6.34,1.0,2.0,Pond_01,Real_Data,Obs_Pond_01_20251214_08,Unknown,0,1.0,0,-1,0,0,0,0,0,0,0,0
2025-12-14 08:00:00,27.47,7.98,3.3,6.34,0.0,2.0,Pond_02,Real_Data,Obs_Pond_02_20251214_08,Medium,2,1.0,0,1,0,0,0,0,0,0,0,1
2025-12-14 08:00:00,27.169642504628225,7.795159958029347,3.4343574074902623,5.59819354936458,,,Pond_03,Real_Data,Obs_Pond_03_20251214_08,Low,1,1.0,0,0,0,0,0,0,0,0,0,0
2025-12-14 08:00:00,27.387675315990293,7.965320280997458,3.2998963528619454,6.324580307549812,0.0,1.0,Pond_04,Mock_Data,Obs_Pond_04_20251214_08,Low,1,1.0,0,0,0,0,0,0,0,0,0,0
2025-12-14 08:00:00,27.47006879747436,7.94718800895657,3.297725342006145,6.195641923973141,0.0,1.0,Pond_05,Mock_Data,Obs_Pond_05_20251214_08,Low,1,1.0,0,0,0,0,0,0,0,0,0,0
2025-12-14 12:00:00,27.47,7.98,3.3,6.34,0.0,2.0,Pond_01,Real_Data,Obs_Pond_01_20251214_12,Medium,2,1.0,0,1,0,0,0,0,0,0,0,1
2025-12-14 12:00:00,27.469999999999995,7.98,3.3,6.34,0.0,2.0,Pond_02,Real_Data,Obs_Pond_02_20251214_12,Medium,2,1.0,0,1,0,0,0,0,0,0,0,1
2025-12-14 12:00:00,27.570728631523174,7.82723527450877,2.871891347309465,5.94984696612745,,,Pond_03,Real_Data,Obs_Pond_03_20251214_12,Unknown,0,1.0,0,-1,0,0,0,0,0,0,0,0
2025-12-14 12:00:00,27.48220200968842,7.996952462769268,3.274592195446266,6.400886846726414,0.0,1.0,Pond_04,Mock_Data,Obs_Pond_04_20251214_12,Low,1,1.0,0,0,0,0,0,0,0,0,0,0
2025-12-14 12:00:00,27.374271672905778,7.977374747845239,3.328176251484331,6.290575506128267,0.0,1.0,Pond_05,Mock_Data,Obs_Pond_05_20251214_12,Low,2,1.0,0,0,0,0,0,0,0,0,0,0
2025-12-14 16:00:00,27.47,7.98,3.3,6.34,1.0,2.0,Pond_01,Real_Data,Obs_Pond_01_20251214_16,Unknown,0,1.0,0,-1,0,0,0,0,0,0,0,0
2025-12-14 16:00:00,27.470000000000002,7.980000000000001,3.3000000000000003,6.34,0.0,2.0,Pond_02,Real_Data,Obs_Pond_02_20251214_16,Medium,2,1.0,0,1,0,0,0,0,0,0,0,1
2025-12-14 16:00:00,27.322547429125624,7.6960149026327676,3.4462922602497823,7.05937019590352,,,Pond_03,Real_Data,Obs_Pond_03_20251214_16,Low,1,1.0,0,0,0,0,0,0,0,0,0,0
2025-12-14 16:00:00,27.515772222875153,7.937757361187499,3.2529088493625364,6.415120912016003,0.0,1.0,Pond_04,Mock_Data,Obs_Pond_04_20251214_16,Low,1,1.0,0,0,0,0,0,0,0,0,0,0
2025-12-14 16:00:00,27.50055032634156,7.960520040056248,3.3029710466430466,6.38840120192534,0.0,1.0,Pond_05,Mock_Data,Obs_Pond_05_20251214_16,Low,2,1.0,0,0,0,0,0,0,0,0,0,0
2025-12-14 20:00:00,27.47,7.98,3.3,6.34,1.0,2.0,Pond_01,Real_Data,Obs_Pond_01_20251214_20,Unknown,0,1.0,0,-1,0,0,0,0,0,0,0,0
2025-12-14 20:00:00,27.47,7.98,3.3,6.34,0.0,2.0,Pond_02,Real_Data,Obs_Pond_02_20251214_20,Medium,2,1.0,0,1,0,0,0,0,0,0,0,1
2025-12-14 20:00:00,27.914251529824398,7.80515833567728,3.4826146045119026,6.18780396701655,,,Pond_03,Real_Data,Obs_Pond_03_20251214_20,Low,1,1.0,0,0,0,0,0,0,0,0,0,0
2025-12-14 20:00:00,27.480621885096557,15.269124849690895,3.3359922261419355,6.262470528247879,0.0,1.0,Pond_04,Mock_Data,Obs_Pond_04_20251214_20,Low,2,0.5,1,0,1,0,0,0,1,1,0,0
2025-12-14 20:00:00,27.521669056819736,7.992953171713403,3.294282469735762,6.313860498573102,0.0,1.0,Pond_05,Mock_Data,Obs_Pond_05_20251214_20,Low,1,1.0,0,0,0,0,0,0,0,0,0,0
2025-12-15 00:00:00,27.47,7.98,3.3,6.34,1.0,2.0,Pond_01,Real_Data,Obs_Pond_01_20251215_00,Unknown,0,1.0,0,-1,0,0,0,0,0,0,0,0
2025-12-15 00:00:00,27.47,7.98,3.3,6.34,0.0,2.0,Pond_02,Real_Data,Obs_Pond_02_20251215_00,Medium,2,1.0,0,1,0,0,0,0,0,0,0,1
2025-12-15 00:00:00,26.8943326507573,7.673196223445955,3.5926291258538425,6.33864222074254,,,Pond_03,Real_Data,Obs_Pond_03_20251215_00,Low,1,1.0,0,0,0,0,0,0,0,0,0,0
2025-12-15 00:00:00,27.462831796184144,7.954030252675785,3.3393993681732623,6.377728752838683,0.0,2.0,Pond_04,Mock_Data,Obs_Pond_04_20251215_00,Low,3,1.0,0,0,0,0,0,0,0,0,0,0
2025-12-15 00:00:00,27.462831796184144,7.954030252675785,3.3393993681732623,6.377728752838683,0.0,2.0,Pond_04,Mock_Data,Obs_Pond_04_20251215_00,Medium,3,1.0,0,1,0,0,0,0,0,0,0,1
2025-12-15 00:00:00,27.432740495927245,7.945324868956264,3.3507490934756206,6.36910161245462,0.0,2.0,Pond_05,Mock_Data,Obs_Pond_05_20251215_00,Low,3,1.0,0,0,0,0,0,0,0,0,0,0
2025-12-15 00:00:00,27.432740495927245,7.945324868956264,3.3507490934756206,6.36910161245462,0.0,2.0,Pond_05,Mock_Data,Obs_Pond_05_20251215_00,Medium,3,1.0,0,1,0,0,0,0,0,0,0,1
2025-12-15 04:00:00,27.47,7.98,3.3,6.34,1.0,2.0,Pond_01,Real_Data,Obs_Pond_01_20251215_04,Unknown,0,1.0,0,-1,0,0,0,0,0,0,0,0
2025-12-15 04:00:00,27.47,7.9799999999999995,3.3,6.34,0.0,2.0,Pond_02,Real_Data,Obs_Pond_02_20251215_04,Medium,2,1.0,0,1,0,0,0,0,0,0,0,1
2025-12-15 04:00:00,27.505188647065275,7.81216728429623,3.5618067721391222,6.36130196014462,,,Pond_03,Real_Data,Obs_Pond_03_20251215_04,Low,1,1.0,0,0,0,0,0,0,0,0,0,0
2025-12-15 04:00:00,27.45133675126756,7.995668922856419,3.233352299921658,6.3842825075305365,0.0,1.0,Pond_04,Mock_Data,Obs_Pond_04_20251215_04,Low,1,1.0,0,0,0,0,0,0,0,0,0,0
2025-12-15 04:00:00,27.54226676502988,7.987425579607881,3.243409949167027,6.243857099905039,0.0,1.0,Pond_05,Mock_Data,Obs_Pond_05_20251215_04,Low,1,1.0,0,0,0,0,0,0,0,0,0,0
2025-12-15 08:00:00,27.47,7.98,3.3,6.34,0.0,2.0,Pond_01,Real_Data,Obs_Pond_01_20251215_08,Medium,2,1.0,0,1,0,0,0,0,0,0,0,1
2025-12-15 08:00:00,27.47,7.9799999999999995,3.3,6.34,0.0,2.0,Pond_02,Real_Data,Obs_Pond_02_20251215_08,Medium,2,1.0,0,1,0,0,0,0,0,0,0,1
2025-12-15 08:00:00,27.888307245358025,7.730719698300295,3.10656626348488,7.19784007064037,,,Pond_03,Real_Data,Obs_Pond_03_20251215_08,Unknown,0,1.0,0,-1,0,0,0,0,0,0,0,0
2025-12-15 08:00:00,27.378357074101665,7.980306040749701,3.368549569467437,6.321207401139234,0.0,1.0,Pond_04,Mock_Data,Obs_Pond_04_20251215_08,Low,2,1.0,0,0,0,0,0,0,0,0,0,0
2025-12-15 08:00:00,27.366689344917702,7.9664906061901135,3.323127656651778,-1.5,0.0,1.0,Pond_05,Mock_Data,Obs_Pond_05_20251215_08,Low,2,0.5,1,0,0,1,0,0,1,1,0,0
2025-12-15 12:00:00,27.47,7.98,3.3,6.34,1.0,2.0,Pond_01,Real_Data,Obs_Pond_01_20251215_12,Unknown,0,1.0,0,-1,0,0,0,0,0,0,0,0
2025-12-15 12:00:00,27.47,7.98,3.3,6.34,0.0,2.0,Pond_02,Real_Data,Obs_Pond_02_20251215_12,Medium,2,1.0,0,1,0,0,0,0,0,0,0,1
2025-12-15 12:00:00,27.1770134562796,7.781226123249,3.53164003280063,6.06727886972652,,,Pond_03,Real_Data,Obs_Pond_03_20251215_12,Low,1,1.0,0,0,0,0,0,0,0,0,0,0
2025-12-15 12:00:00,27.425382043772057,7.959545789424752,3.32475240296408,6.426882651940384,0.0,1.0,Pond_04,Mock_Data,Obs_Pond_04_20251215_12,Low,2,1.0,0,0,0,0,0,0,0,0,0,0
2025-12-15 12:00:00,27.3773508357281,7.9642582232156265,3.2279446407871184,6.304942121844337,0.0,2.0,Pond_05,Mock_Data,Obs_Pond_05_20251215_12,Medium,2,1.0,0,1,0,0,0,0,0,0,0,1
2025-12-15 16:00:00,27.47,7.98,3.3,6.34,0.0,2.0,Pond_01,Real_Data,Obs_Pond_01_20251215_16,Medium,2,1.0,0,1,0,0,0,0,0,0,0,1
2025-12-15 16:00:00,27.47,7.98,3.3,6.34,0.0,2.0,Pond_02,Real_Data,Obs_Pond_02_20251215_16,Medium,2,1.0,0,1,0,0,0,0,0,0,0,1
2025-12-15 16:00:00,27.43364196310245,7.75807268794049,3.5254061174111797,6.56941091787705,,,Pond_03,Real_Data,Obs_Pond_03_20251215_16,Low,1,1.0,0,0,0,0,0,0,0,0,0,0
2025-12-15 16:00:00,27.441448321345238,7.971272394989565,3.360346746853234,6.330523251601499,0.0,1.0,Pond_04,Mock_Data,Obs_Pond_04_20251215_16,Low,2,1.0,0,0,0,0,0,0,0,0,0,0
2025-12-15 16:00:00,27.4784666884114,7.9489844257923075,3.2638520965200315,6.340768575295099,0.0,1.0,Pond_05,Mock_Data,Obs_Pond_05_20251215_16,Low,1,1.0,0,0,0,0,0,0,0,0,0,0
2025-12-15 20:00:00,27.47,7.98,3.3,6.34,0.0,2.0,Pond_01,Real_Data,Obs_Pond_01_20251215_20,Medium,2,1.0,0,1,0,0,0,0,0,0,0,1
2025-12-15 20:00:00,27.47,7.98,3.3,6.34,0.0,2.0,Pond_02,Real_Data,Obs_Pond_02_20251215_20,Medium,2,1.0,0,1,0,0,0,0,0,0,0,1
2025-12-15 20:00:00,27.00723643492535,7.692994374567823,3.7856676311477875,6.37291571919476,,,Pond_03,Real_Data,Obs_Pond_03_20251215_20,Medium,1,1.0,0,1,0,0,0,0,0,0,0,1
2025-12-15 20:00:00,27.53552339057114,7.994715926352169,3.2421310707614945,6.347930770708777,0.0,2.0,Pond_04,Mock_Data,Obs_Pond_04_20251215_20,Medium,2,1.0,0,1,0,0,0,0,0,0,0,1
2025-12-15 20:00:00,27.47157345048858,7.970027918813655,3.247713494577878,6.3341345184158495,0.0,1.0,Pond_05,Mock_Data,Obs_Pond_05_20251215_20,Low,1,1.0,0,0,0,0,0,0,0,0,0,0
2025-12-16 00:00:00,27.47,7.98,3.3,6.34,1.0,2.0,Pond_01,Real_Data,Obs_Pond_01_20251216_00,Unknown,0,1.0,0,-1,0,0,0,0,0,0,0,0
2025-12-16 00:00:00,27.47,7.980000000000001,3.3,6.34,0.0,2.0,Pond_02,Real_Data,Obs_Pond_02_20251216_00,Medium,2,1.0,0,1,0,0,0,0,0,0,0,1
2025-12-16 00:00:00,27.229027990649726,7.974961593138727,3.0006848693679378,6.27588376811046,,,Pond_03,Real_Data,Obs_Pond_03_20251216_00,Unknown,0,1.0,0,-1,0,0,0,0,0,0,0,0
2025-12-16 00:00:00,27.491298422108965,7.98227057127395,3.2411093455960582,6.3290696630092675,0.0,1.0,Pond_04,Mock_Data,Obs_Pond_04_20251216_00,Low,1,1.0,0,0,0,0,0,0,0,0,0,0
2025-12-16 00:00:00,27.42558477213853,8.003253680228006,3.333715253487396,6.259695456548582,0.0,2.0,Pond_05,Mock_Data,Obs_Pond_05_20251216_00,Low,3,1.0,0,0,0,0,0,0,0,0,0,0
2025-12-16 00:00:00,27.42558477213853,8.003253680228006,3.333715253487396,6.259695456548582,0.0,2.0,Pond_05,Mock_Data,Obs_Pond_05_20251216_00,Medium,3,1.0,0,1,0,0,0,0,0,0,0,1
2025-12-16 04:00:00,27.47,7.98,3.3,6.34,1.0,2.0,Pond_01,Real_Data,Obs_Pond_01_20251216_04,Unknown,0,1.0,0,-1,0,0,0,0,0,0,0,0
2025-12-16 04:00:00,27.47,7.98,3.3,6.34,0.0,2.0,Pond_02,Real_Data,Obs_Pond_02_20251216_04,Medium,2,1.0,0,1,0,0,0,0,0,0,0,1
2025-12-16 04:00:00,27.02776591355395,7.823629127807645,3.6749685545177027,5.8073483584233,,,Pond_03,Real_Data,Obs_Pond_03_20251216_04,Low,1,1.0,0,0,0,0,0,0,0,0,0,0
2025-12-16 04:00:00,27.360721842917233,7.992530886052548,3.293576845083962,6.340983893483325,0.0,1.0,Pond_04,Mock_Data,Obs_Pond_04_20251216_04,Low,1,1.0,0,0,0,0,0,0,0,0,0,0
2025-12-16 04:00:00,27.52018092621337,7.979459908431763,3.2971796871172074,6.267177052782564,0.0,1.0,Pond_05,Mock_Data,Obs_Pond_05_20251216_04,Low,1,1.0,0,0,0,0,0,0,0,0,0,0
2025-12-16 08:00:00,27.47,7.98,3.3,6.34,1.0,2.0,Pond_01,Real_Data,Obs_Pond_01_20251216_08,Unknown,0,1.0,0,-1,0,0,0,0,0,0,0,0
2025-12-16 08:00:00,27.47,7.98,3.3,6.34,0.0,2.0,Pond_02,Real_Data,Obs_Pond_02_20251216_08,Medium,2,1.0,0,1,0,0,0,0,0,0,0,1
2025-12-16 08:00:00,27.758313777289,7.736385817352165,3.3453107717496327,6.83971456765698,,,Pond_03,Real_Data,Obs_Pond_03_20251216_08,Low,1,1.0,0,0,0,0,0,0,0,0,0,0
2025-12-16 08:00:00,27.490087630340014,8.022378510713727,3.3216787086438386,6.270764836021746,0.0,1.0,Pond_04,Mock_Data,Obs_Pond_04_20251216_08,Low,2,1.0,0,0,0,0,0,0,0,0,0,0
2025-12-16 08:00:00,27.502906313612183,7.993458619258323,3.299417776506951,6.401120981001646,0.0,1.0,Pond_05,Mock_Data,Obs_Pond_05_20251216_08,Low,1,1.0,0,0,0,0,0,0,0,0,0,0
2025-12-16 12:00:00,27.47,7.98,3.3,6.34,1.0,2.0,Pond_01,Real_Data,Obs_Pond_01_20251216_12,Unknown,0,1.0,0,-1,0,0,0,0,0,0,0,0
2025-12-16 12:00:00,27.47,7.980000000000001,3.3,6.34,0.0,2.0,Pond_02,Real_Data,Obs_Pond_02_20251216_12,Medium,2,1.0,0,1,0,0,0,0,0,0,0,1
2025-12-16 12:00:00,27.1069990215373,7.922257966508004,2.94257849901276,6.76135831352539,,,Pond_03,Real_Data,Obs_Pond_03_20251216_12,Unknown,0,1.0,0,-1,0,0,0,0,0,0,0,0
2025-12-16 12:00:00,27.446131523833348,7.946459791192253,3.377454234491551,6.249053703595678,0.0,1.0,Pond_04,Mock_Data,Obs_Pond_04_20251216_12,Low,2,1.0,0,0,0,0,0,0,0,0,0,0
2025-12-16 12:00:00,27.52318985838589,8.015692973438922,3.252280658063195,6.3651983172662465,0.0,1.0,Pond_05,Mock_Data,Obs_Pond_05_20251216_12,Low,1,1.0,0,0,0,0,0,0,0,0,0,0
2025-12-16 16:00:00,27.47,7.98,3.3,6.34,1.0,2.0,Pond_01,Real_Data,Obs_Pond_01_20251216_16,Unknown,0,1.0,0,-1,0,0,0,0,0,0,0,0
2025-12-16 16:00:00,27.470000000000002,7.980000000000001,3.3000000000000003,6.34,0.0,2.0,Pond_02,Real_Data,Obs_Pond_02_20251216_16,Medium,2,1.0,0,1,0,0,0,0,0,0,0,1
2025-12-16 16:00:00,28.211135299175176,7.81232982431564,3.2895276857997073,6.29663917458632,,,Pond_03,Real_Data,Obs_Pond_03_20251216_16,Unknown,0,1.0,0,-1,0,0,0,0,0,0,0,0
2025-12-16 16:00:00,27.42804248221051,8.0146760034031,3.3304442187016012,6.440700837623878,0.0,1.0,Pond_04,Mock_Data,Obs_Pond_04_20251216_16,Low,2,1.0,0,0,0,0,0,0,0,0,0,0
2025-12-16 16:00:00,27.462367659531687,7.9856554034382725,3.2870780246299534,6.406315761843185,0.0,1.0,Pond_05,Mock_Data,Obs_Pond_05_20251216_16,Low,1,1.0,0,0,0,0,0,0,0,0,0,0
2025-12-16 20:00:00,27.47,7.98,3.3,6.34,0.0,2.0,Pond_01,Real_Data,Obs_Pond_01_20251216_20,Medium,2,1.0,0,1,0,0,0,0,0,0,0,1
2025-12-16 20:00:00,27.47,7.98,3.3,6.34,0.0,2.0,Pond_02,Real_Data,Obs_Pond_02_20251216_20,Medium,2,1.0,0,1,0,0,0,0,0,0,0,1
2025-12-16 20:00:00,27.6073639485978,7.72469570193166,3.20527270511597,6.2578850622634,,,Pond_03,Real_Data,Obs_Pond_03_20251216_20,Unknown,0,1.0,0,-1,0,0,0,0,0,0,0,0
2025-12-16 20:00:00,27.507913406210537,7.982237582678183,3.289536237775281,6.286510224910668,0.0,1.0,Pond_04,Mock_Data,Obs_Pond_04_20251216_20,Low,1,1.0,0,0,0,0,0,0,0,0,0,0
2025-12-16 20:00:00,27.50734960941123,7.9680183123960315,3.267081434935596,6.360503764466241,0.0,2.0,Pond_05,Mock_Data,Obs_Pond_05_20251216_20,Medium,2,1.0,0,1,0,0,0,0,0,0,0,1
2025-12-17 00:00:00,27.47,7.98,3.3,6.34,1.0,2.0,Pond_01,Real_Data,Obs_Pond_01_20251217_00,Unknown,0,1.0,0,-1,0,0,0,0,0,0,0,0
2025-12-17 00:00:00,27.47,7.98,3.3,6.34,0.0,2.0,Pond_02,Real_Data,Obs_Pond_02_20251217_00,Medium,2,1.0,0,1,0,0,0,0,0,0,0,1
2025-12-17 00:00:00,27.08803001554195,7.85339719857008,3.153973676160675,6.36220040484476,,,Pond_03,Real_Data,Obs_Pond_03_20251217_00,Unknown,0,1.0,0,-1,0,0,0,0,0,0,0,0
2025-12-17 00:00:00,27.533904232373192,7.960728421729649,3.255745727544909,6.27738869677702,0.0,1.0,Pond_04,Mock_Data,Obs_Pond_04_20251217_00,Low,1,1.0,0,0,0,0,0,0,0,0,0,0
2025-12-17 00:00:00,27.442377348485024,7.990018744384361,3.316533546188725,6.349030561915265,0.0,1.0,Pond_05,Mock_Data,Obs_Pond_05_20251217_00,Low,2,1.0,0,0,0,0,0,0,0,0,0,0
2025-12-17 04:00:00,27.47,7.98,3.3,6.34,1.0,2.0,Pond_01,Real_Data,Obs_Pond_01_20251217_04,Unknown,0,1.0,0,-1,0,0,0,0,0,0,0,0
2025-12-17 04:00:00,27.47,7.98,3.3,6.34,0.0,2.0,Pond_02,Real_Data,Obs_Pond_02_20251217_04,Medium,2,1.0,0,1,0,0,0,0,0,0,0,1
2025-12-17 04:00:00,27.22814065399,7.743849515606888,3.576486849366052,6.16248984131975,,,Pond_03,Real_Data,Obs_Pond_03_20251217_04,Low,1,1.0,0,0,0,0,0,0,0,0,0,0
2025-12-17 04:00:00,27.527723345004524,7.951475636210528,3.3530343077895126,6.204002822460604,0.0,1.0,Pond_04,Mock_Data,Obs_Pond_04_20251217_04,Low,2,1.0,0,0,0,0,0,0,0,0,0,0
2025-12-17 04:00:00,27.59730142348268,7.968329292441809,3.2572668228906294,6.23099393971449,0.0,1.0,Pond_05,Mock_Data,Obs_Pond_05_20251217_04,Low,1,1.0,0,0,0,0,0,0,0,0,0,0
2025-12-17 08:00:00,27.47,7.98,3.3,6.34,1.0,2.0,Pond_01,Real_Data,Obs_Pond_01_20251217_08,Unknown,0,1.0,0,-1,0,0,0,0,0,0,0,0
2025-12-17 08:00:00,27.47,7.98,3.3,6.34,0.0,2.0,Pond_02,Real_Data,Obs_Pond_02_20251217_08,Medium,2,1.0,0,1,0,0,0,0,0,0,0,1
2025-12-17 08:00:00,27.2405330958516,7.91063844346768,3.3904796381053126,6.54215315521867,,,Pond_03,Real_Data,Obs_Pond_03_20251217_08,Low,1,1.0,0,0,0,0,0,0,0,0,0,0
2025-12-17 08:00:00,27.41798295203295,7.975944911995069,3.2584045035341958,6.2996464227766005,0.0,1.0,Pond_04,Mock_Data,Obs_Pond_04_20251217_08,Low,1,1.0,0,0,0,0,0,0,0,0,0,0
2025-12-17 08:00:00,27.419636141846095,7.9691842526125845,3.3573371470105395,6.322925013248698,0.0,1.0,Pond_05,Mock_Data,Obs_Pond_05_20251217_08,Low,2,1.0,0,0,0,0,0,0,0,0,0,0
2025-12-17 12:00:00,27.47,7.98,3.3,6.34,0.0,2.0,Pond_01,Real_Data,Obs_Pond_01_20251217_12,Medium,2,1.0,0,1,0,0,0,0,0,0,0,1
2025-12-17 12:00:00,27.47,7.98,3.3,6.34,0.0,2.0,Pond_02,Real_Data,Obs_Pond_02_20251217_12,Medium,2,1.0,0,1,0,0,0,0,0,0,0,1
2025-12-17 12:00:00,27.217557899630926,7.89230839394356,3.54751692002682,6.19382273233802,,,Pond_03,Real_Data,Obs_Pond_03_20251217_12,Low,1,1.0,0,0,0,0,0,0,0,0,0,0
2025-12-17 12:00:00,27.45083415259861,7.999761868607892,3.3702151726388325,6.256440371673539,0.0,1.0,Pond_04,Mock_Data,Obs_Pond_04_20251217_12,Low,2,1.0,0,0,0,0,0,0,0,0,0,0
2025-12-17 12:00:00,27.600492219648256,7.947410711054509,3.2277534895004107,6.338270545471433,0.0,1.0,Pond_05,Mock_Data,Obs_Pond_05_20251217_12,Low,1,1.0,0,0,0,0,0,0,0,0,0,0
2025-12-17 16:00:00,27.47,7.98,3.3,6.34,1.0,2.0,Pond_01,Real_Data,Obs_Pond_01_20251217_16,Unknown,0,1.0,0,-1,0,0,0,0,0,0,0,0
2025-12-17 16:00:00,27.47,7.98,3.3,6.34,0.0,2.0,Pond_02,Real_Data,Obs_Pond_02_20251217_16,Medium,2,1.0,0,1,0,0,0,0,0,0,0,1
2025-12-17 16:00:00,27.6257751905912,7.74141627598603,3.3243626664472723,6.56016324527117,,,Pond_03,Real_Data,Obs_Pond_03_20251217_16,Low,1,1.0,0,0,0,0,0,0,0,0,0,0
2025-12-17 16:00:00,27.49053263346418,7.977265112947592,3.287738100800634,6.443701333931424,0.0,1.0,Pond_04,Mock_Data,Obs_Pond_04_20251217_16,Low,1,1.0,0,0,0,0,0,0,0,0,0,0
2025-12-17 16:00:00,27.472162452483417,7.999860659266524,3.2652250397426323,6.463348326306019,0.0,1.0,Pond_05,Mock_Data,Obs_Pond_05_20251217_16,Low,1,1.0,0,0,0,0,0,0,0,0,0,0
2025-12-17 20:00:00,27.47,7.98,3.3,6.34,0.0,2.0,Pond_01,Real_Data,Obs_Pond_01_20251217_20,Medium,2,1.0,0,1,0,0,0,0,0,0,0,1
2025-12-17 20:00:00,27.47,7.9799999999999995,3.3,6.34,0.0,2.0,Pond_02,Real_Data,Obs_Pond_02_20251217_20,Medium,2,1.0,0,1,0,0,0,0,0,0,0,1
2025-12-17 20:00:00,27.05279378972095,7.697231052639007,3.4591442730525124,6.30927956971082,,,Pond_03,Real_Data,Obs_Pond_03_20251217_20,Low,1,1.0,0,0,0,0,0,0,0,0,0,0
2025-12-17 20:00:00,27.530467013935407,8.012401933001842,3.3685816096956867,6.403774916172444,0.0,1.0,Pond_04,Mock_Data,Obs_Pond_04_20251217_20,Low,2,1.0,0,0,0,0,0,0,0,0,0,0
2025-12-17 20:00:00,27.38474199007769,7.971723396890428,3.372316363132767,6.383384690245951,0.0,1.0,Pond_05,Mock_Data,Obs_Pond_05_20251217_20,Low,2,1.0,0,0,0,0,0,0,0,0,0,0
2025-12-18 00:00:00,27.47,7.98,3.3,6.34,0.0,2.0,Pond_01,Real_Data,Obs_Pond_01_20251218_00,Medium,2,1.0,0,1,0,0,0,0,0,0,0,1
2025-12-18 00:00:00,27.47,7.9799999999999995,3.3,6.34,0.0,2.0,Pond_02,Real_Data,Obs_Pond_02_20251218_00,Medium,2,1.0,0,1,0,0,0,0,0,0,0,1
2025-12-18 00:00:00,27.369522793987677,7.769420877551127,3.00610609182153,6.6242059366362,,,Pond_03,Real_Data,Obs_Pond_03_20251218_00,Unknown,0,1.0,0,-1,0,0,0,0,0,0,0,0
2025-12-18 00:00:00,27.4402994412952,7.948884131903502,3.3292736863734422,6.2965399209015995,0.0,2.0,Pond_04,Mock_Data,Obs_Pond_04_20251218_00,Low,3,1.0,0,0,0,0,0,0,0,0,0,0
2025-12-18 00:00:00,27.4402994412952,7.948884131903502,3.3292736863734422,6.2965399209015995,0.0,2.0,Pond_04,Mock_Data,Obs_Pond_04_20251218_00,Medium,3,1.0,0,1,0,0,0,0,0,0,0,1
2025-12-18 00:00:00,27.554797382356625,7.983904520339098,3.2812379906136586,6.437009819038654,0.0,1.0,Pond_05,Mock_Data,Obs_Pond_05_20251218_00,Low,1,1.0,0,0,0,0,0,0,0,0,0,0
2025-12-18 04:00:00,27.47,7.98,3.3,6.34,1.0,2.0,Pond_01,Real_Data,Obs_Pond_01_20251218_04,Unknown,0,1.0,0,-1,0,0,0,0,0,0,0,0
2025-12-18 04:00:00,27.47,7.980000000000001,3.3,6.34,0.0,2.0,Pond_02,Real_Data,Obs_Pond_02_20251218_04,Medium,2,1.0,0,1,0,0,0,0,0,0,0,1
2025-12-18 04:00:00,26.900539172005274,7.926101720401357,3.28785306355288,6.25209453133111,,,Pond_03,Real_Data,Obs_Pond_03_20251218_04,Unknown,0,1.0,0,-1,0,0,0,0,0,0,0,0
2025-12-18 04:00:00,27.45849233765097,7.979740790788337,3.294093123926922,6.482252400148186,0.0,2.0,Pond_04,Mock_Data,Obs_Pond_04_20251218_04,Medium,2,1.0,0,1,0,0,0,0,0,0,0,1
2025-12-18 04:00:00,27.477803719986813,7.957787076406736,3.243305977785256,6.377737445231906,0.0,2.0,Pond_05,Mock_Data,Obs_Pond_05_20251218_04,Medium,2,1.0,0,1,0,0,0,0,0,0,0,1
2025-12-18 08:00:00,27.47,7.98,3.3,6.34,1.0,2.0,Pond_01,Real_Data,Obs_Pond_01_20251218_08,Unknown,0,1.0,0,-1,0,0,0,0,0,0,0,0
2025-12-18 08:00:00,27.47,7.9799999999999995,3.3,6.34,0.0,2.0,Pond_02,Real_Data,Obs_Pond_02_20251218_08,Medium,2,1.0,0,1,0,0,0,0,0,0,0,1
2025-12-18 08:00:00,27.5741120915943,8.01795996184383,3.30002588916326,5.59705715714373,,,Pond_03,Real_Data,Obs_Pond_03_20251218_08,Low,1,1.0,0,0,0,0,0,0,0,0,0,0
2025-12-18 08:00:00,27.40142626575586,7.953146387795475,3.2776050290876793,6.40200331950675,0.0,1.0,Pond_04,Mock_Data,Obs_Pond_04_20251218_08,Low,1,1.0,0,0,0,0,0,0,0,0,0,0
2025-12-18 08:00:00,27.52275505077795,7.989347516662663,3.3094457750128257,6.2950777025357905,0.0,1.0,Pond_05,Mock_Data,Obs_Pond_05_20251218_08,Low,2,1.0,0,0,0,0,0,0,0,0,0,0
2025-12-18 12:00:00,27.47,7.98,3.3,6.34,1.0,2.0,Pond_01,Real_Data,Obs_Pond_01_20251218_12,Unknown,0,1.0,0,-1,0,0,0,0,0,0,0,0
2025-12-18 12:00:00,27.47,7.9799999999999995,3.3,6.34,0.0,2.0,Pond_02,Real_Data,Obs_Pond_02_20251218_12,Medium,2,1.0,0,1,0,0,0,0,0,0,0,1
2025-12-18 12:00:00,27.47265261281155,7.78100975600587,3.492893796455225,6.77042368778986,,,Pond_03,Real_Data,Obs_Pond_03_20251218_12,Low,1,1.0,0,0,0,0,0,0,0,0,0,0
2025-12-18 12:00:00,27.39585576966462,7.987796934425658,3.285300971645019,6.319485300385511,0.0,1.0,Pond_04,Mock_Data,Obs_Pond_04_20251218_12,Low,1,1.0,0,0,0,0,0,0,0,0,0,0
2025-12-18 12:00:00,27.545858010894626,7.963662582535233,3.279502368491897,6.347396970347949,0.0,1.0,Pond_05,Mock_Data,Obs_Pond_05_20251218_12,Low,1,1.0,0,0,0,0,0,0,0,0,0,0
2025-12-18 16:00:00,27.47,7.98,3.3,6.34,1.0,2.0,Pond_01,Real_Data,Obs_Pond_01_20251218_16,Unknown,0,1.0,0,-1,0,0,0,0,0,0,0,0
2025-12-18 16:00:00,27.47,7.98,3.3,6.34,0.0,2.0,Pond_02,Real_Data,Obs_Pond_02_20251218_16,Medium,2,1.0,0,1,0,0,0,0,0,0,0,1
2025-12-18 16:00:00,27.5666542747715,7.87611355388466,3.7002010511430776,6.24471504394276,,,Pond_03,Real_Data,Obs_Pond_03_20251218_16,Low,1,1.0,0,0,0,0,0,0,0,0,0,0
2025-12-18 16:00:00,27.520362621737977,7.999016492100785,3.318467860746274,6.1821502352958255,0.0,1.0,Pond_04,Mock_Data,Obs_Pond_04_20251218_16,Low,2,1.0,0,0,0,0,0,0,0,0,0,0
2025-12-18 16:00:00,27.490947429938288,7.976961505127997,3.2639595286443153,6.35491868517323,0.0,1.0,Pond_05,Mock_Data,Obs_Pond_05_20251218_16,Low,1,1.0,0,0,0,0,0,0,0,0,0,0
2025-12-18 20:00:00,27.47,7.98,3.3,6.34,1.0,2.0,Pond_01,Real_Data,Obs_Pond_01_20251218_20,Unknown,0,1.0,0,-1,0,0,0,0,0,0,0,0
2025-12-18 20:00:00,27.47,7.9799999999999995,3.3,6.34,0.0,2.0,Pond_02,Real_Data,Obs_Pond_02_20251218_20,Medium,2,1.0,0,1,0,0,0,0,0,0,0,1
2025-12-18 20:00:00,26.512183378643527,7.700956328484468,3.4851581670845926,6.69290117673012,,,Pond_03,Real_Data,Obs_Pond_03_20251218_20,Low,1,1.0,0,0,0,0,0,0,0,0,0,0
2025-12-18 20:00:00,27.554063548089523,7.970978095511123,3.3033267800512682,6.484684291902772,0.0,1.0,Pond_04,Mock_Data,Obs_Pond_04_20251218_20,Low,2,1.0,0,0,0,0,0,0,0,0,0,0
2025-12-18 20:00:00,27.433291256938517,7.998822199949298,3.2527490058407373,6.280687706350861,0.0,1.0,Pond_05,Mock_Data,Obs_Pond_05_20251218_20,Low,1,1.0,0,0,0,0,0,0,0,0,0,0
2025-12-19 00:00:00,27.47,7.98,3.3,6.34,1.0,2.0,Pond_01,Real_Data,Obs_Pond_01_20251219_00,Unknown,0,1.0,0,-1,0,0,0,0,0,0,0,0
2025-12-19 00:00:00,27.47,7.98,3.3,6.34,0.0,2.0,Pond_02,Real_Data,Obs_Pond_02_20251219_00,Medium,2,1.0,0,1,0,0,0,0,0,0,0,1
2025-12-19 00:00:00,27.10528778889195,7.790529432335077,3.11430743585239,5.68804360070632,,,Pond_03,Real_Data,Obs_Pond_03_20251219_00,Unknown,0,1.0,0,-1,0,0,0,0,0,0,0,0
2025-12-19 00:00:00,27.465536611373444,7.92416087906282,3.274396453397725,6.252241663843227,0.0,1.0,Pond_04,Mock_Data,Obs_Pond_04_20251219_00,Low,1,1.0,0,0,0,0,0,0,0,0,0,0
2025-12-19 00:00:00,27.530477442574618,7.996955329822699,3.419364804483431,6.315724046484579,0.0,1.0,Pond_05,Mock_Data,Obs_Pond_05_20251219_00,Low,2,1.0,0,0,0,0,0,0,0,0,0,0
2025-12-19 04:00:00,27.47,7.98,3.3,6.34,0.0,2.0,Pond_01,Real_Data,Obs_Pond_01_20251219_04,Medium,2,1.0,0,1,0,0,0,0,0,0,0,1
2025-12-19 04:00:00,27.47,7.98,3.3,6.34,0.0,2.0,Pond_02,Real_Data,Obs_Pond_02_20251219_04,Medium,2,1.0,0,1,0,0,0,0,0,0,0,1
2025-12-19 04:00:00,27.254416084271377,7.881135295608198,3.088900587862415,6.59257545559398,,,Pond_03,Real_Data,Obs_Pond_03_20251219_04,Unknown,0,1.0,0,-1,0,0,0,0,0,0,0,0
2025-12-19 04:00:00,27.53220177420236,7.984265813117048,3.292858420240425,6.236084975918034,0.0,1.0,Pond_04,Mock_Data,Obs_Pond_04_20251219_04,Low,1,1.0,0,0,0,0,0,0,0,0,0,0
2025-12-19 04:00:00,27.470046828463918,7.979527634844429,3.289153760416623,6.327004802244573,0.0,1.0,Pond_05,Mock_Data,Obs_Pond_05_20251219_04,Low,1,1.0,0,0,0,0,0,0,0,0,0,0
2025-12-19 08:00:00,27.47,7.98,3.3,6.34,1.0,2.0,Pond_01,Real_Data,Obs_Pond_01_20251219_08,Unknown,0,1.0,0,-1,0,0,0,0,0,0,0,0
2025-12-19 08:00:00,27.47,7.98,3.3,6.34,0.0,2.0,Pond_02,Real_Data,Obs_Pond_02_20251219_08,Medium,2,1.0,0,1,0,0,0,0,0,0,0,1
2025-12-19 08:00:00,27.3980987454585,7.785391788388949,3.085420448841375,5.19749613516157,,,Pond_03,Real_Data,Obs_Pond_03_20251219_08,Unknown,0,1.0,0,-1,0,0,0,0,0,0,0,0
2025-12-19 08:00:00,27.49241521171922,7.989364475481197,3.303388029625139,6.404580352491645,0.0,1.0,Pond_04,Mock_Data,Obs_Pond_04_20251219_08,Low,2,1.0,0,0,0,0,0,0,0,0,0,0
2025-12-19 08:00:00,27.512511384786304,7.942088028094604,3.216974728042951,6.4414027899778485,0.0,2.0,Pond_05,Mock_Data,Obs_Pond_05_20251219_08,Medium,2,1.0,0,1,0,0,0,0,0,0,0,1
2025-12-19 12:00:00,27.47,7.98,3.3,6.34,0.0,2.0,Pond_01,Real_Data,Obs_Pond_01_20251219_12,Medium,2,1.0,0,1,0,0,0,0,0,0,0,1
2025-12-19 12:00:00,27.47,7.98,3.2999999999999994,6.34,0.0,2.0,Pond_02,Real_Data,Obs_Pond_02_20251219_12,Medium,2,1.0,0,1,0,0,0,0,0,0,0,1
2025-12-19 12:00:00,27.192499695981425,7.932895198300955,3.43129650850605,6.36760232468654,,,Pond_03,Real_Data,Obs_Pond_03_20251219_12,Low,1,1.0,0,0,0,0,0,0,0,0,0,0
2025-12-19 12:00:00,27.430013674296358,7.988668820979938,3.208214726343056,6.49408236485391,0.0,1.0,Pond_04,Mock_Data,Obs_Pond_04_20251219_12,Low,1,1.0,0,0,0,0,0,0,0,0,0,0
2025-12-19 12:00:00,27.336505758680058,15.17908813994491,3.3644047367654246,6.2085910012972745,0.0,2.0,Pond_05,Mock_Data,Obs_Pond_05_20251219_12,Low,3,0.5,1,0,1,0,0,0,1,1,0,0
2025-12-19 12:00:00,27.336505758680058,15.17908813994491,3.3644047367654246,6.2085910012972745,0.0,2.0,Pond_05,Mock_Data,Obs_Pond_05_20251219_12,Medium,3,0.5,1,1,1,0,0,0,1,1,0,1
2025-12-19 16:00:00,27.47,7.98,3.3,6.34,1.0,2.0,Pond_01,Real_Data,Obs_Pond_01_20251219_16,Unknown,0,1.0,0,-1,0,0,0,0,0,0,0,0
2025-12-19 16:00:00,27.47,7.98,3.3,6.34,0.0,2.0,Pond_02,Real_Data,Obs_Pond_02_20251219_16,Medium,2,1.0,0,1,0,0,0,0,0,0,0,1
2025-12-19 16:00:00,27.468577400563625,7.922299183193715,3.6201932533452172,6.46021866052575,,,Pond_03,Real_Data,Obs_Pond_03_20251219_16,Low,1,1.0,0,0,0,0,0,0,0,0,0,0
2025-12-19 16:00:00,27.49240030984413,8.006497436485706,3.319754973581295,-1.5,0.0,2.0,Pond_04,Mock_Data,Obs_Pond_04_20251219_16,Low,3,0.5,1,0,0,1,0,0,1,1,0,0
2025-12-19 16:00:00,27.49240030984413,8.006497436485706,3.319754973581295,-1.5,0.0,2.0,Pond_04,Mock_Data,Obs_Pond_04_20251219_16,Medium,3,0.5,1,1,0,1,0,0,1,1,0,1
2025-12-19 16:00:00,27.49770517627517,8.017434418042228,3.326347729571545,6.416153364319092,0.0,1.0,Pond_05,Mock_Data,Obs_Pond_05_20251219_16,Low,2,1.0,0,0,0,0,0,0,0,0,0,0
2025-12-19 20:00:00,27.47,7.98,3.3,6.34,1.0,2.0,Pond_01,Real_Data,Obs_Pond_01_20251219_20,Unknown,0,1.0,0,-1,0,0,0,0,0,0,0,0
2025-12-19 20:00:00,27.47,7.98,3.3,6.34,0.0,2.0,Pond_02,Real_Data,Obs_Pond_02_20251219_20,Medium,2,1.0,0,1,0,0,0,0,0,0,0,1
2025-12-19 20:00:00,27.39262165298745,7.838390127311252,3.1965428223946426,5.97303759199395,,,Pond_03,Real_Data,Obs_Pond_03_20251219_20,Unknown,0,1.0,0,-1,0,0,0,0,0,0,0,0
2025-12-19 20:00:00,27.565331805686935,7.957034644909849,3.2577570627754384,6.375613634627264,0.0,1.0,Pond_04,Mock_Data,Obs_Pond_04_20251219_20,Low,1,1.0,0,0,0,0,0,0,0,0,0,0
2025-12-19 20:00:00,27.430418665508686,7.9954954735543335,3.266952034401764,6.280836773103958,0.0,1.0,Pond_05,Mock_Data,Obs_Pond_05_20251219_20,Low,1,1.0,0,0,0,0,0,0,0,0,0,0
2025-12-20 00:00:00,27.47,7.98,3.3,6.34,0.0,2.0,Pond_01,Real_Data,Obs_Pond_01_20251220_00,Medium,2,1.0,0,1,0,0,0,0,0,0,0,1
2025-12-20 00:00:00,27.47,7.9799999999999995,3.3,6.34,0.0,2.0,Pond_02,Real_Data,Obs_Pond_02_20251220_00,Medium,2,1.0,0,1,0,0,0,0,0,0,0,1
2025-12-20 00:00:00,27.143575374434725,7.9068684715229995,3.281942553402195,5.15144640610984,,,Pond_03,Real_Data,Obs_Pond_03_20251220_00,Unknown,0,1.0,0,-1,0,0,0,0,0,0,0,0
2025-12-20 00:00:00,27.467779401950885,7.9945850807448124,3.2502714169311218,6.377561662090303,0.0,1.0,Pond_04,Mock_Data,Obs_Pond_04_20251220_00,Low,1,1.0,0,0,0,0,0,0,0,0,0,0
2025-12-20 00:00:00,27.572476752834294,7.963849929627104,3.2597664212104798,6.2533464504873475,0.0,1.0,Pond_05,Mock_Data,Obs_Pond_05_20251220_00,Low,1,1.0,0,0,0,0,0,0,0,0,0,0
2025-12-20 04:00:00,27.47,7.98,3.3,6.34,1.0,2.0,Pond_01,Real_Data,Obs_Pond_01_20251220_04,Unknown,0,1.0,0,-1,0,0,0,0,0,0,0,0
2025-12-20 04:00:00,27.47,7.9799999999999995,3.3,6.34,0.0,2.0,Pond_02,Real_Data,Obs_Pond_02_20251220_04,Medium,2,1.0,0,1,0,0,0,0,0,0,0,1
2025-12-20 04:00:00,27.288651484617176,7.9438731932057705,3.4111484513354076,5.20060444500952,,,Pond_03,Real_Data,Obs_Pond_03_20251220_04,Low,1,1.0,0,0,0,0,0,0,0,0,0,0
2025-12-20 04:00:00,27.566980987459935,8.005569547999409,3.227246261964142,6.393897390226287,0.0,1.0,Pond_04,Mock_Data,Obs_Pond_04_20251220_04,Low,1,1.0,0,0,0,0,0,0,0,0,0,0
2025-12-20 04:00:00,27.508620695547854,7.977564375737173,3.329038330836188,6.414519149285267,0.0,1.0,Pond_05,Mock_Data,Obs_Pond_05_20251220_04,Low,2,1.0,0,0,0,0,0,0,0,0,0,0
2025-12-20 08:00:00,27.47,7.98,3.3,6.34,1.0,2.0,Pond_01,Real_Data,Obs_Pond_01_20251220_08,Unknown,0,1.0,0,-1,0,0,0,0,0,0,0,0
2025-12-20 08:00:00,27.47,7.98,3.3,6.34,0.0,2.0,Pond_02,Real_Data,Obs_Pond_02_20251220_08,Medium,2,1.0,0,1,0,0,0,0,0,0,0,1
2025-12-20 08:00:00,27.6974085535609,7.818822363055995,3.6455755049849174,6.76460617157265,,,Pond_03,Real_Data,Obs_Pond_03_20251220_08,Low,1,1.0,0,0,0,0,0,0,0,0,0,0
2025-12-20 08:00:00,27.307620875434555,7.941863820458535,3.222652193028737,6.387930073381932,0.0,1.0,Pond_04,Mock_Data,Obs_Pond_04_20251220_08,Low,1,1.0,0,0,0,0,0,0,0,0,0,0
2025-12-20 08:00:00,27.4848670535658,7.96834806941035,3.2893535475759994,6.3862229630542116,0.0,1.0,Pond_05,Mock_Data,Obs_Pond_05_20251220_08,Low,1,1.0,0,0,0,0,0,0,0,0,0,0
2025-12-20 12:00:00,27.47,7.98,3.3,6.34,1.0,2.0,Pond_01,Real_Data,Obs_Pond_01_20251220_12,Unknown,0,1.0,0,-1,0,0,0,0,0,0,0,0
2025-12-20 12:00:00,27.47,7.98,3.3,6.34,0.0,2.0,Pond_02,Real_Data,Obs_Pond_02_20251220_12,Medium,2,1.0,0,1,0,0,0,0,0,0,0,1
2025-12-20 12:00:00,27.295273172915675,7.857561014627015,3.2769450910616924,5.92997197503119,,,Pond_03,Real_Data,Obs_Pond_03_20251220_12,Unknown,0,1.0,0,-1,0,0,0,0,0,0,0,0
2025-12-20 12:00:00,27.520943814697944,7.986853921355137,3.241556758860959,6.357758621518013,0.0,2.0,Pond_04,Mock_Data,Obs_Pond_04_20251220_12,Medium,2,1.0,0,1,0,0,0,0,0,0,0,1
2025-12-20 12:00:00,27.50014285277768,8.00709938911153,3.216957030196022,6.41922902664799,0.0,1.0,Pond_05,Mock_Data,Obs_Pond_05_20251220_12,Low,1,1.0,0,0,0,0,0,0,0,0,0,0
2025-12-20 16:00:00,27.47,7.98,3.3,6.34,0.0,2.0,Pond_01,Real_Data,Obs_Pond_01_20251220_16,Medium,2,1.0,0,1,0,0,0,0,0,0,0,1
2025-12-20 16:00:00,27.47,7.98,3.2999999999999994,6.34,0.0,2.0,Pond_02,Real_Data,Obs_Pond_02_20251220_16,Medium,2,1.0,0,1,0,0,0,0,0,0,0,1
2025-12-20 16:00:00,27.4173778944446,7.978993774587318,2.8986696693919924,6.75083048773999,,,Pond_03,Real_Data,Obs_Pond_03_20251220_16,Unknown,0,1.0,0,-1,0,0,0,0,0,0,0,0
2025-12-20 16:00:00,27.475395420613417,7.969189459811036,3.2694289283028026,6.346580812247823,0.0,1.0,Pond_04,Mock_Data,Obs_Pond_04_20251220_16,Low,1,1.0,0,0,0,0,0,0,0,0,0,0
2025-12-20 16:00:00,27.408113844981557,7.985628543382232,3.377060967676642,6.390568266394732,0.0,1.0,Pond_05,Mock_Data,Obs_Pond_05_20251220_16,Low,2,1.0,0,0,0,0,0,0,0,0,0,0
2025-12-20 20:00:00,27.47,7.98,3.3,6.34,1.0,2.0,Pond_01,Real_Data,Obs_Pond_01_20251220_20,Unknown,0,1.0,0,-1,0,0,0,0,0,0,0,0
2025-12-20 20:00:00,27.47,7.98,3.3,6.34,0.0,2.0,Pond_02,Real_Data,Obs_Pond_02_20251220_20,Medium,2,1.0,0,1,0,0,0,0,0,0,0,1
2025-12-20 20:00:00,27.483900056624424,7.9326379957715805,3.342671123890025,6.71082200682833,,,Pond_03,Real_Data,Obs_Pond_03_20251220_20,Low,1,1.0,0,0,0,0,0,0,0,0,0,0
2025-12-20 20:00:00,27.45146668859826,7.978252004384793,3.384219266714045,6.336046936096752,0.0,1.0,Pond_04,Mock_Data,Obs_Pond_04_20251220_20,Low,2,1.0,0,0,0,0,0,0,0,0,0,0
2025-12-20 20:00:00,27.570613987193433,7.963186088803694,3.2812875015984813,6.470089343605332,0.0,1.0,Pond_05,Mock_Data,Obs_Pond_05_20251220_20,Low,1,1.0,0,0,0,0,0,0,0,0,0,0
2025-12-21 00:00:00,27.47,7.98,3.3,6.34,1.0,2.0,Pond_01,Real_Data,Obs_Pond_01_20251221_00,Unknown,0,1.0,0,-1,0,0,0,0,0,0,0,0
2025-12-21 00:00:00,27.470000000000002,7.98,3.3,6.34,0.0,2.0,Pond_02,Real_Data,Obs_Pond_02_20251221_00,Medium,2,1.0,0,1,0,0,0,0,0,0,0,1
2025-12-21 00:00:00,27.744811295066373,7.68536576622078,2.8700496951125674,6.33538637960017,,,Pond_03,Real_Data,Obs_Pond_03_20251221_00,Unknown,0,1.0,0,-1,0,0,0,0,0,0,0,0
2025-12-21 00:00:00,27.475687589429985,7.987454821408736,3.2773254864995547,6.2923834276925685,0.0,1.0,Pond_04,Mock_Data,Obs_Pond_04_20251221_00,Low,1,1.0,0,0,0,0,0,0,0,0,0,0
2025-12-21 00:00:00,27.593430705041975,7.969906147360007,3.3644850202130887,6.375286158494185,0.0,1.0,Pond_05,Mock_Data,Obs_Pond_05_20251221_00,Low,2,1.0,0,0,0,0,0,0,0,0,0,0
2025-12-21 04:00:00,27.47,7.98,3.3,6.34,0.0,2.0,Pond_01,Real_Data,Obs_Pond_01_20251221_04,Medium,2,1.0,0,1,0,0,0,0,0,0,0,1
2025-12-21 04:00:00,27.47,7.98,3.3,6.34,0.0,2.0,Pond_02,Real_Data,Obs_Pond_02_20251221_04,Medium,2,1.0,0,1,0,0,0,0,0,0,0,1
2025-12-21 04:00:00,27.38485642692335,7.94710860868813,3.6401193794272046,6.56065417927561,,,Pond_03,Real_Data,Obs_Pond_03_20251221_04,Low,1,1.0,0,0,0,0,0,0,0,0,0,0
2025-12-21 04:00:00,27.34680492279094,7.969552926060066,3.307664105248827,6.322273988341269,0.0,1.0,Pond_04,Mock_Data,Obs_Pond_04_20251221_04,Low,2,1.0,0,0,0,0,0,0,0,0,0,0
2025-12-21 04:00:00,27.494353877700984,8.004040329916444,3.3551226678697716,6.330117684033616,0.0,1.0,Pond_05,Mock_Data,Obs_Pond_05_20251221_04,Low,2,1.0,0,0,0,0,0,0,0,0,0,0
2025-12-21 08:00:00,27.47,7.98,3.3,6.34,0.0,2.0,Pond_01,Real_Data,Obs_Pond_01_20251221_08,Medium,2,1.0,0,1,0,0,0,0,0,0,0,1
2025-12-21 08:00:00,27.47,7.9799999999999995,3.3,6.34,0.0,2.0,Pond_02,Real_Data,Obs_Pond_02_20251221_08,Medium,2,1.0,0,1,0,0,0,0,0,0,0,1
2025-12-21 08:00:00,27.594947937432252,7.6552479611479525,2.9971660805963,6.38629809560295,,,Pond_03,Real_Data,Obs_Pond_03_20251221_08,Unknown,0,1.0,0,-1,0,0,0,0,0,0,0,0
2025-12-21 08:00:00,27.456384122339607,7.965511579606061,3.317267677419852,6.233081450048381,0.0,1.0,Pond_04,Mock_Data,Obs_Pond_04_20251221_08,Low,2,1.0,0,0,0,0,0,0,0,0,0,0
2025-12-21 08:00:00,27.56857765885986,8.014309032245013,3.25683916783471,6.361657487477485,0.0,1.0,Pond_05,Mock_Data,Obs_Pond_05_20251221_08,Low,1,1.0,0,0,0,0,0,0,0,0,0,0
2025-12-21 12:00:00,27.47,7.98,3.3,6.34,0.0,2.0,Pond_01,Real_Data,Obs_Pond_01_20251221_12,Medium,2,1.0,0,1,0,0,0,0,0,0,0,1
2025-12-21 12:00:00,27.47,7.980000000000001,3.3,6.34,0.0,2.0,Pond_02,Real_Data,Obs_Pond_02_20251221_12,Medium,2,1.0,0,1,0,0,0,0,0,0,0,1
2025-12-21 12:00:00,27.25943513597635,7.639622259885,3.1750134317740275,5.92119893374976,,,Pond_03,Real_Data,Obs_Pond_03_20251221_12,Unknown,0,1.0,0,-1,0,0,0,0,0,0,0,0
2025-12-21 12:00:00,27.492134835424586,7.980732290462843,3.3056511773900192,6.333789368865458,0.0,1.0,Pond_04,Mock_Data,Obs_Pond_04_20251221_12,Low,2,1.0,0,0,0,0,0,0,0,0,0,0
2025-12-21 12:00:00,27.434722603697523,8.012770231518601,3.3445483607788136,6.418531191698201,0.0,2.0,Pond_05,Mock_Data,Obs_Pond_05_20251221_12,Low,3,1.0,0,0,0,0,0,0,0,0,0,0
2025-12-21 12:00:00,27.434722603697523,8.012770231518601,3.3445483607788136,6.418531191698201,0.0,2.0,Pond_05,Mock_Data,Obs_Pond_05_20251221_12,Medium,3,1.0,0,1,0,0,0,0,0,0,0,1
2025-12-21 16:00:00,27.47,7.98,3.3,6.34,0.0,2.0,Pond_01,Real_Data,Obs_Pond_01_20251221_16,Medium,2,1.0,0,1,0,0,0,0,0,0,0,1
2025-12-21 16:00:00,27.47,7.98,3.3,6.34,0.0,2.0,Pond_02,Real_Data,Obs_Pond_02_20251221_16,Medium,2,1.0,0,1,0,0,0,0,0,0,0,1
2025-12-21 16:00:00,27.351444627297575,7.949074445048073,3.2987694029812,6.26693539471173,,,Pond_03,Real_Data,Obs_Pond_03_20251221_16,Unknown,0,1.0,0,-1,0,0,0,0,0,0,0,0
2025-12-21 16:00:00,27.561604004073136,7.956687453177426,3.2966608468129834,6.277565609007057,0.0,1.0,Pond_04,Mock_Data,Obs_Pond_04_20251221_16,Low,1,1.0,0,0,0,0,0,0,0,0,0,0
2025-12-21 16:00:00,27.420592672981506,7.996232155791008,3.2719115539757198,6.290778614701706,0.0,2.0,Pond_05,Mock_Data,Obs_Pond_05_20251221_16,Medium,2,1.0,0,1,0,0,0,0,0,0,0,1
2025-12-21 20:00:00,27.47,7.98,3.3,6.34,0.0,2.0,Pond_01,Real_Data,Obs_Pond_01_20251221_20,Medium,2,1.0,0,1,0,0,0,0,0,0,0,1
2025-12-21 20:00:00,27.47,7.98,3.3,6.34,0.0,2.0,Pond_02,Real_Data,Obs_Pond_02_20251221_20,Medium,2,1.0,0,1,0,0,0,0,0,0,0,1
2025-12-21 20:00:00,27.334005779789575,7.8608396919211145,3.0065459920451576,6.76121943424218,,,Pond_03,Real_Data,Obs_Pond_03_20251221_20,Unknown,0,1.0,0,-1,0,0,0,0,0,0,0,0
2025-12-21 20:00:00,27.43787616314265,7.956717917948961,3.2484621562269127,6.2703029064005475,0.0,1.0,Pond_04,Mock_Data,Obs_Pond_04_20251221_20,Low,1,1.0,0,0,0,0,0,0,0,0,0,0
2025-12-21 20:00:00,27.4725366303238,7.974583259525745,3.2195129045732327,6.298830029573201,0.0,1.0,Pond_05,Mock_Data,Obs_Pond_05_20251221_20,Low,1,1.0,0,0,0,0,0,0,0,0,0,0
2025-12-22 00:00:00,27.47,7.98,3.3,6.34,1.0,2.0,Pond_01,Real_Data,Obs_Pond_01_20251222_00,Unknown,0,1.0,0,-1,0,0,0,0,0,0,0,0
2025-12-22 00:00:00,27.47,7.98,3.3,6.34,0.0,2.0,Pond_02,Real_Data,Obs_Pond_02_20251222_00,Medium,2,1.0,0,1,0,0,0,0,0,0,0,1
2025-12-22 00:00:00,27.105348579453924,7.843174627412758,3.2703635368917925,6.277760355858,,,Pond_03,Real_Data,Obs_Pond_03_20251222_00,Unknown,0,1.0,0,-1,0,0,0,0,0,0,0,0
2025-12-22 00:00:00,27.41988730649802,7.9945670090848955,3.362560083208427,6.351361200489481,0.0,1.0,Pond_04,Mock_Data,Obs_Pond_04_20251222_00,Low,2,1.0,0,0,0,0,0,0,0,0,0,0
2025-12-22 00:00:00,27.496958861355445,7.9104959989935235,3.2816924720824314,6.320487655398617,0.0,1.0,Pond_05,Mock_Data,Obs_Pond_05_20251222_00,Low,1,1.0,0,0,0,0,0,0,0,0,0,0
2025-12-22 04:00:00,27.47,7.98,3.3,6.34,1.0,2.0,Pond_01,Real_Data,Obs_Pond_01_20251222_04,Unknown,0,1.0,0,-1,0,0,0,0,0,0,0,0
2025-12-22 04:00:00,27.47,7.98,3.3,6.34,0.0,2.0,Pond_02,Real_Data,Obs_Pond_02_20251222_04,Medium,2,1.0,0,1,0,0,0,0,0,0,0,1
2025-12-22 04:00:00,27.173923531749452,7.7805356399541825,3.404207212004335,6.03383744269814,,,Pond_03,Real_Data,Obs_Pond_03_20251222_04,Low,1,1.0,0,0,0,0,0,0,0,0,0,0
2025-12-22 04:00:00,27.438899695869413,7.9553677491201835,3.3779214458599687,6.42791179121485,0.0,1.0,Pond_04,Mock_Data,Obs_Pond_04_20251222_04,Low,2,1.0,0,0,0,0,0,0,0,0,0,0
2025-12-22 04:00:00,27.445579604179493,7.986371655870311,3.317145056779312,6.207085244460855,0.0,1.0,Pond_05,Mock_Data,Obs_Pond_05_20251222_04,Low,2,1.0,0,0,0,0,0,0,0,0,0,0
2025-12-22 08:00:00,27.47,7.98,3.3,6.34,1.0,2.0,Pond_01,Real_Data,Obs_Pond_01_20251222_08,Unknown,0,1.0,0,-1,0,0,0,0,0,0,0,0
2025-12-22 08:00:00,27.47,7.980000000000001,3.3,6.34,0.0,2.0,Pond_02,Real_Data,Obs_Pond_02_20251222_08,Medium,2,1.0,0,1,0,0,0,0,0,0,0,1
2025-12-22 08:00:00,26.835819527379826,7.921660805361073,3.6473726504363375,6.61025409632369,,,Pond_03,Real_Data,Obs_Pond_03_20251222_08,Low,1,1.0,0,0,0,0,0,0,0,0,0,0
2025-12-22 08:00:00,27.526739182092854,7.9942869619657175,3.227448294685324,6.3979962105866965,0.0,1.0,Pond_04,Mock_Data,Obs_Pond_04_20251222_08,Low,1,1.0,0,0,0,0,0,0,0,0,0,0
2025-12-22 08:00:00,27.50333237567077,7.9799607880566334,3.2800480435866195,6.348720330656898,0.0,1.0,Pond_05,Mock_Data,Obs_Pond_05_20251222_08,Low,1,1.0,0,0,0,0,0,0,0,0,0,0
2025-12-22 12:00:00,27.47,7.98,3.3,6.34,0.0,2.0,Pond_01,Real_Data,Obs_Pond_01_20251222_12,Medium,2,1.0,0,1,0,0,0,0,0,0,0,1
2025-12-22 12:00:00,27.47,7.9799999999999995,3.3,6.34,0.0,2.0,Pond_02,Real_Data,Obs_Pond_02_20251222_12,Medium,2,1.0,0,1,0,0,0,0,0,0,0,1
2025-12-22 12:00:00,27.428155861437475,7.897142072881272,3.2423264846791175,6.78108259417217,,,Pond_03,Real_Data,Obs_Pond_03_20251222_12,Unknown,0,1.0,0,-1,0,0,0,0,0,0,0,0
2025-12-22 12:00:00,27.490376912739762,7.989918805661995,3.2558466486285695,6.240815162070548,0.0,1.0,Pond_04,Mock_Data,Obs_Pond_04_20251222_12,Low,1,1.0,0,0,0,0,0,0,0,0,0,0
2025-12-22 12:00:00,27.488990876554162,7.983001472857399,3.286760903547482,6.220881695057051,0.0,1.0,Pond_05,Mock_Data,Obs_Pond_05_20251222_12,Low,1,1.0,0,0,0,0,0,0,0,0,0,0
2025-12-22 16:00:00,27.47,7.98,3.3,6.34,1.0,2.0,Pond_01,Real_Data,Obs_Pond_01_20251222_16,Unknown,0,1.0,0,-1,0,0,0,0,0,0,0,0
2025-12-22 16:00:00,27.47,7.98,3.3,6.34,0.0,2.0,Pond_02,Real_Data,Obs_Pond_02_20251222_16,Medium,2,1.0,0,1,0,0,0,0,0,0,0,1
2025-12-22 16:00:00,27.251426328104724,7.66156300283832,3.562375448472207,6.30428039934867,,,Pond_03,Real_Data,Obs_Pond_03_20251222_16,Low,1,1.0,0,0,0,0,0,0,0,0,0,0
2025-12-22 16:00:00,27.437163981723636,7.942995538788836,3.2879353325929714,6.277500115498391,0.0,1.0,Pond_04,Mock_Data,Obs_Pond_04_20251222_16,Low,1,1.0,0,0,0,0,0,0,0,0,0,0
2025-12-22 16:00:00,27.408122155485106,7.9811556579623915,3.3493074840366175,6.343350956594176,0.0,1.0,Pond_05,Mock_Data,Obs_Pond_05_20251222_16,Low,2,1.0,0,0,0,0,0,0,0,0,0,0
2025-12-22 20:00:00,27.47,7.98,3.3,6.34,1.0,2.0,Pond_01,Real_Data,Obs_Pond_01_20251222_20,Unknown,0,1.0,0,-1,0,0,0,0,0,0,0,0
2025-12-22 20:00:00,27.470000000000002,7.98,3.3,6.34,0.0,2.0,Pond_02,Real_Data,Obs_Pond_02_20251222_20,Medium,2,1.0,0,1,0,0,0,0,0,0,0,1
2025-12-22 20:00:00,27.178247376281,7.930846610015035,3.3060425769649924,6.03287684135267,,,Pond_03,Real_Data,Obs_Pond_03_20251222_20,Low,1,1.0,0,0,0,0,0,0,0,0,0,0
2025-12-22 20:00:00,27.50181375024875,7.965471771272452,3.258411731323994,6.399414327886307,0.0,1.0,Pond_04,Mock_Data,Obs_Pond_04_20251222_20,Low,1,1.0,0,0,0,0,0,0,0,0,0,0
2025-12-22 20:00:00,27.502156241411793,7.951562507024136,3.3045917332509442,6.394647304194786,0.0,1.0,Pond_05,Mock_Data,Obs_Pond_05_20251222_20,Low,2,1.0,0,0,0,0,0,0,0,0,0,0
2025-12-23 00:00:00,27.47,7.98,3.3,6.34,0.0,2.0,Pond_01,Real_Data,Obs_Pond_01_20251223_00,Medium,2,1.0,0,1,0,0,0,0,0,0,0,1
2025-12-23 00:00:00,27.47,7.98,3.3,6.34,0.0,2.0,Pond_02,Real_Data,Obs_Pond_02_20251223_00,Medium,2,1.0,0,1,0,0,0,0,0,0,0,1
2025-12-23 00:00:00,27.6517555501329,7.771599942234138,3.175071383411725,6.60952890324911,,,Pond_03,Real_Data,Obs_Pond_03_20251223_00,Unknown,0,1.0,0,-1,0,0,0,0,0,0,0,0
2025-12-23 00:00:00,27.476017137870965,8.005603895470914,3.321815870242685,6.277951088543988,0.0,1.0,Pond_04,Mock_Data,Obs_Pond_04_20251223_00,Low,2,1.0,0,0,0,0,0,0,0,0,0,0
2025-12-23 00:00:00,27.52352389430532,15.542994109678851,3.2636392509149874,6.309882905901334,0.0,1.0,Pond_05,Mock_Data,Obs_Pond_05_20251223_00,Low,1,0.5,1,0,1,0,0,0,1,1,0,0
2025-12-23 04:00:00,27.47,7.98,3.3,6.34,1.0,2.0,Pond_01,Real_Data,Obs_Pond_01_20251223_04,Unknown,0,1.0,0,-1,0,0,0,0,0,0,0,0
2025-12-23 04:00:00,27.469999999999995,7.98,3.3,6.34,0.0,2.0,Pond_02,Real_Data,Obs_Pond_02_20251223_04,Medium,2,1.0,0,1,0,0,0,0,0,0,0,1
2025-12-23 04:00:00,27.37884126036265,7.686501730294043,3.2124930714051576,6.5349895411924,,,Pond_03,Real_Data,Obs_Pond_03_20251223_04,Unknown,0,1.0,0,-1,0,0,0,0,0,0,0,0
2025-12-23 04:00:00,27.530039324181534,7.958962011659189,3.2685988665423182,6.325813311676139,0.0,1.0,Pond_04,Mock_Data,Obs_Pond_04_20251223_04,Low,1,1.0,0,0,0,0,0,0,0,0,0,0
2025-12-23 04:00:00,27.480628147615082,7.993555877190288,3.330269654412141,6.445918116420737,0.0,1.0,Pond_05,Mock_Data,Obs_Pond_05_20251223_04,Low,2,1.0,0,0,0,0,0,0,0,0,0,0
2025-12-23 08:00:00,27.47,7.98,3.3,6.34,1.0,2.0,Pond_01,Real_Data,Obs_Pond_01_20251223_08,Unknown,0,1.0,0,-1,0,0,0,0,0,0,0,0
2025-12-23 08:00:00,27.47,7.9799999999999995,3.3,6.34,0.0,2.0,Pond_02,Real_Data,Obs_Pond_02_20251223_08,Medium,2,1.0,0,1,0,0,0,0,0,0,0,1
2025-12-23 08:00:00,27.277076217029673,7.809256419299815,2.981382293987005,6.8772641509699,,,Pond_03,Real_Data,Obs_Pond_03_20251223_08,Unknown,0,1.0,0,-1,0,0,0,0,0,0,0,0
2025-12-23 08:00:00,27.42648478678162,7.970042320948088,3.3933513792012073,6.374738495590923,0.0,1.0,Pond_04,Mock_Data,Obs_Pond_04_20251223_08,Low,2,1.0,0,0,0,0,0,0,0,0,0,0
2025-12-23 08:00:00,27.54144435145521,7.994630594824077,3.3085232373812166,6.247762184445871,0.0,2.0,Pond_05,Mock_Data,Obs_Pond_05_20251223_08,Low,3,1.0,0,0,0,0,0,0,0,0,0,0
2025-12-23 08:00:00,27.54144435145521,7.994630594824077,3.3085232373812166,6.247762184445871,0.0,2.0,Pond_05,Mock_Data,Obs_Pond_05_20251223_08,Medium,3,1.0,0,1,0,0,0,0,0,0,0,1
2025-12-23 12:00:00,27.47,7.98,3.3,6.34,0.0,2.0,Pond_01,Real_Data,Obs_Pond_01_20251223_12,Medium,2,1.0,0,1,0,0,0,0,0,0,0,1
2025-12-23 12:00:00,27.470000000000002,7.98,3.3,6.34,0.0,2.0,Pond_02,Real_Data,Obs_Pond_02_20251223_12,Medium,2,1.0,0,1,0,0,0,0,0,0,0,1
2025-12-23 12:00:00,27.86943739927555,7.814346952356413,3.39159734338123,6.96707949492203,,,Pond_03,Real_Data,Obs_Pond_03_20251223_12,Low,1,1.0,0,0,0,0,0,0,0,0,0,0
2025-12-23 12:00:00,27.44969058423481,7.9899074329218305,3.351333244870941,6.278844284686071,0.0,1.0,Pond_04,Mock_Data,Obs_Pond_04_20251223_12,Low,2,1.0,0,0,0,0,0,0,0,0,0,0
2025-12-23 12:00:00,27.394541909851426,8.00029634687811,3.1912752008979863,6.4152339714908715,0.0,1.0,Pond_05,Mock_Data,Obs_Pond_05_20251223_12,Low,1,1.0,0,0,0,0,0,0,0,0,0,0
2025-12-23 16:00:00,27.47,7.98,3.3,6.34,1.0,2.0,Pond_01,Real_Data,Obs_Pond_01_20251223_16,Unknown,0,1.0,0,-1,0,0,0,0,0,0,0,0
2025-12-23 16:00:00,27.470000000000002,7.98,3.3,6.34,0.0,2.0,Pond_02,Real_Data,Obs_Pond_02_20251223_16,Medium,2,1.0,0,1,0,0,0,0,0,0,0,1
2025-12-23 16:00:00,27.665575093548224,7.929401672212283,3.5091764241827823,6.71786140484045,,,Pond_03,Real_Data,Obs_Pond_03_20251223_16,Low,1,1.0,0,0,0,0,0,0,0,0,0,0
2025-12-23 16:00:00,27.44569604060289,7.996797329173852,3.309165618958765,6.346654981522903,0.0,1.0,Pond_04,Mock_Data,Obs_Pond_04_20251223_16,Low,2,1.0,0,0,0,0,0,0,0,0,0,0
2025-12-23 16:00:00,27.499004875232774,7.9929519750335585,3.3184694225152014,6.38263822590415,0.0,1.0,Pond_05,Mock_Data,Obs_Pond_05_20251223_16,Low,2,1.0,0,0,0,0,0,0,0,0,0,0
2025-12-23 20:00:00,27.47,7.98,3.3,6.34,1.0,2.0,Pond_01,Real_Data,Obs_Pond_01_20251223_20,Unknown,0,1.0,0,-1,0,0,0,0,0,0,0,0
2025-12-23 20:00:00,27.47,7.98,3.3,6.34,0.0,2.0,Pond_02,Real_Data,Obs_Pond_02_20251223_20,Medium,2,1.0,0,1,0,0,0,0,0,0,0,1
2025-12-23 20:00:00,26.686685214957674,7.8454803994542495,3.09990355328378,4.99774455847317,,,Pond_03,Real_Data,Obs_Pond_03_20251223_20,Unknown,0,1.0,0,-1,0,0,0,0,0,0,0,0
2025-12-23 20:00:00,27.379287252528826,7.974606544987656,3.344280878230889,6.255749728333777,0.0,1.0,Pond_04,Mock_Data,Obs_Pond_04_20251223_20,Low,2,1.0,0,0,0,0,0,0,0,0,0,0
2025-12-23 20:00:00,27.397462730513787,7.971208217466297,3.31689459724384,6.231624059728101,0.0,1.0,Pond_05,Mock_Data,Obs_Pond_05_20251223_20,Low,2,1.0,0,0,0,0,0,0,0,0,0,0
2025-12-24 00:00:00,27.47,7.98,3.3,6.34,0.0,2.0,Pond_01,Real_Data,Obs_Pond_01_20251224_00,Medium,2,1.0,0,1,0,0,0,0,0,0,0,1
2025-12-24 00:00:00,27.47,7.98,3.3,6.34,0.0,2.0,Pond_02,Real_Data,Obs_Pond_02_20251224_00,Medium,2,1.0,0,1,0,0,0,0,0,0,0,1
2025-12-24 00:00:00,27.541378190987324,7.940612322736955,3.2082438311793675,6.18662194827902,,,Pond_03,Real_Data,Obs_Pond_03_20251224_00,Unknown,0,1.0,0,-1,0,0,0,0,0,0,0,0
2025-12-24 00:00:00,27.488354362522045,7.967188285655697,3.3476834440493466,6.302020675341536,0.0,1.0,Pond_04,Mock_Data,Obs_Pond_04_20251224_00,Low,2,1.0,0,0,0,0,0,0,0,0,0,0
2025-12-24 00:00:00,27.40094612320788,7.9784811280734385,3.300867568847472,6.51119999354991,0.0,1.0,Pond_05,Mock_Data,Obs_Pond_05_20251224_00,Low,2,1.0,0,0,0,0,0,0,0,0,0,0
2025-12-24 04:00:00,27.47,7.98,3.3,6.34,0.0,2.0,Pond_01,Real_Data,Obs_Pond_01_20251224_04,Medium,2,1.0,0,1,0,0,0,0,0,0,0,1
2025-12-24 04:00:00,27.47,7.98,3.3,6.34,0.0,2.0,Pond_02,Real_Data,Obs_Pond_02_20251224_04,Medium,2,1.0,0,1,0,0,0,0,0,0,0,1
2025-12-24 04:00:00,27.295053702402274,7.764316413897538,3.380916876666045,6.42547092498326,,,Pond_03,Real_Data,Obs_Pond_03_20251224_04,Low,1,1.0,0,0,0,0,0,0,0,0,0,0
2025-12-24 04:00:00,27.486180935501544,8.010498218309786,3.2756841050954266,6.3601958020503275,0.0,1.0,Pond_04,Mock_Data,Obs_Pond_04_20251224_04,Low,1,1.0,0,0,0,0,0,0,0,0,0,0
2025-12-24 04:00:00,27.430893143274222,7.981953884267223,3.338447724433157,6.335974171676922,0.0,1.0,Pond_05,Mock_Data,Obs_Pond_05_20251224_04,Low,2,1.0,0,0,0,0,0,0,0,0,0,0
2025-12-24 08:00:00,27.47,7.98,3.3,6.34,1.0,2.0,Pond_01,Real_Data,Obs_Pond_01_20251224_08,Unknown,0,1.0,0,-1,0,0,0,0,0,0,0,0
2025-12-24 08:00:00,27.47,7.98,3.3,6.34,0.0,2.0,Pond_02,Real_Data,Obs_Pond_02_20251224_08,Medium,2,1.0,0,1,0,0,0,0,0,0,0,1
2025-12-24 08:00:00,27.48322350411755,7.889438500849763,3.0785450129129823,6.08098692274402,,,Pond_03,Real_Data,Obs_Pond_03_20251224_08,Unknown,0,1.0,0,-1,0,0,0,0,0,0,0,0
2025-12-24 08:00:00,27.47031694633642,8.017285197748764,3.264806913484234,6.239394610280021,0.0,1.0,Pond_04,Mock_Data,Obs_Pond_04_20251224_08,Low,1,1.0,0,0,0,0,0,0,0,0,0,0
2025-12-24 08:00:00,27.411608476466682,7.982309273698175,3.2710082018677173,6.284582567926174,0.0,1.0,Pond_05,Mock_Data,Obs_Pond_05_20251224_08,Low,1,1.0,0,0,0,0,0,0,0,0,0,0
2025-12-24 12:00:00,27.47,7.98,3.3,6.34,0.0,2.0,Pond_01,Real_Data,Obs_Pond_01_20251224_12,Medium,2,1.0,0,1,0,0,0,0,0,0,0,1
2025-12-24 12:00:00,27.47,7.98,3.3,6.34,0.0,2.0,Pond_02,Real_Data,Obs_Pond_02_20251224_12,Medium,2,1.0,0,1,0,0,0,0,0,0,0,1
2025-12-24 12:00:00,27.414602146769326,8.004246463729663,3.3667146957845526,6.90097141881417,,,Pond_03,Real_Data,Obs_Pond_03_20251224_12,Low,1,1.0,0,0,0,0,0,0,0,0,0,0
2025-12-24 12:00:00,27.45545963372837,8.000988511730265,3.303369318149166,6.3678181462623,0.0,1.0,Pond_04,Mock_Data,Obs_Pond_04_20251224_12,Low,2,1.0,0,0,0,0,0,0,0,0,0,0
2025-12-24 12:00:00,27.436033687333246,8.001403617168993,3.3145089634649367,6.2511355226191645,0.0,1.0,Pond_05,Mock_Data,Obs_Pond_05_20251224_12,Low,2,1.0,0,0,0,0,0,0,0,0,0,0
2025-12-24 16:00:00,27.47,7.98,3.3,6.34,0.0,2.0,Pond_01,Real_Data,Obs_Pond_01_20251224_16,Medium,2,1.0,0,1,0,0,0,0,0,0,0,1
2025-12-24 16:00:00,27.47,7.98,3.3,6.34,0.0,2.0,Pond_02,Real_Data,Obs_Pond_02_20251224_16,Medium,2,1.0,0,1,0,0,0,0,0,0,0,1
2025-12-24 16:00:00,26.978763241760223,7.854905818367175,3.3224150766012976,6.24832422049115,,,Pond_03,Real_Data,Obs_Pond_03_20251224_16,Low,1,1.0,0,0,0,0,0,0,0,0,0,0
2025-12-24 16:00:00,27.382271365000012,7.981829377440989,3.337151426139718,6.338759776405472,0.0,1.0,Pond_04,Mock_Data,Obs_Pond_04_20251224_16,Low,2,1.0,0,0,0,0,0,0,0,0,0,0
2025-12-24 16:00:00,27.456726365124446,7.993801438484802,3.2324369374882185,6.3261047793521135,0.0,1.0,Pond_05,Mock_Data,Obs_Pond_05_20251224_16,Low,1,1.0,0,0,0,0,0,0,0,0,0,0
2025-12-24 20:00:00,27.47,7.98,3.3,6.34,1.0,2.0,Pond_01,Real_Data,Obs_Pond_01_20251224_20,Unknown,0,1.0,0,-1,0,0,0,0,0,0,0,0
2025-12-24 20:00:00,27.47,7.98,3.3,6.34,0.0,2.0,Pond_02,Real_Data,Obs_Pond_02_20251224_20,Medium,2,1.0,0,1,0,0,0,0,0,0,0,1
2025-12-24 20:00:00,27.14441768196965,7.7711773192699924,3.400283141886825,6.74623150544906,,,Pond_03,Real_Data,Obs_Pond_03_20251224_20,Low,1,1.0,0,0,0,0,0,0,0,0,0,0
2025-12-24 20:00:00,27.443927227058634,7.962669300654694,3.3059959093898743,6.374892458150028,0.0,1.0,Pond_04,Mock_Data,Obs_Pond_04_20251224_20,Low,2,1.0,0,0,0,0,0,0,0,0,0,0
2025-12-24 20:00:00,27.521889175173687,8.024542052971194,3.31755263954357,6.331953629333256,0.0,1.0,Pond_05,Mock_Data,Obs_Pond_05_20251224_20,Low,2,1.0,0,0,0,0,0,0,0,0,0,0
2025-12-25 00:00:00,27.47,7.98,3.3,6.34,0.0,2.0,Pond_01,Real_Data,Obs_Pond_01_20251225_00,Medium,2,1.0,0,1,0,0,0,0,0,0,0,1
2025-12-25 00:00:00,27.47,7.98,3.3,6.34,0.0,2.0,Pond_02,Real_Data,Obs_Pond_02_20251225_00,Medium,2,1.0,0,1,0,0,0,0,0,0,0,1
2025-12-25 00:00:00,27.33325608780325,7.845131995033705,3.908954396861202,6.00164541289281,,,Pond_03,Real_Data,Obs_Pond_03_20251225_00,Medium,1,1.0,0,1,0,0,0,0,0,0,0,1
2025-12-25 00:00:00,27.448757596270486,7.962193748976755,3.232004164327659,6.354141278931113,0.0,1.0,Pond_04,Mock_Data,Obs_Pond_04_20251225_00,Low,1,1.0,0,0,0,0,0,0,0,0,0,0
2025-12-25 00:00:00,27.450093665040196,8.027310741358043,3.384210667313409,6.346482570009144,0.0,1.0,Pond_05,Mock_Data,Obs_Pond_05_20251225_00,Low,2,1.0,0,0,0,0,0,0,0,0,0,0
2025-12-25 04:00:00,27.47,7.98,3.3,6.34,0.0,2.0,Pond_01,Real_Data,Obs_Pond_01_20251225_04,Medium,2,1.0,0,1,0,0,0,0,0,0,0,1
2025-12-25 04:00:00,27.47,7.98,3.3,6.34,0.0,2.0,Pond_02,Real_Data,Obs_Pond_02_20251225_04,Medium,2,1.0,0,1,0,0,0,0,0,0,0,1
2025-12-25 04:00:00,27.1991085189879,7.870819128307453,3.2282754999238326,6.13800084156368,,,Pond_03,Real_Data,Obs_Pond_03_20251225_04,Unknown,0,1.0,0,-1,0,0,0,0,0,0,0,0
2025-12-25 04:00:00,27.420272612235596,7.9912036606521655,3.2653843749297544,6.426152177941113,0.0,1.0,Pond_04,Mock_Data,Obs_Pond_04_20251225_04,Low,1,1.0,0,0,0,0,0,0,0,0,0,0
2025-12-25 04:00:00,27.371718486370384,7.981707833120102,3.257104476881278,6.321192707966526,0.0,1.0,Pond_05,Mock_Data,Obs_Pond_05_20251225_04,Low,1,1.0,0,0,0,0,0,0,0,0,0,0
2025-12-25 08:00:00,27.47,7.98,3.3,6.34,0.0,2.0,Pond_01,Real_Data,Obs_Pond_01_20251225_08,Medium,2,1.0,0,1,0,0,0,0,0,0,0,1
2025-12-25 08:00:00,27.47,7.98,3.3,6.34,0.0,2.0,Pond_02,Real_Data,Obs_Pond_02_20251225_08,Medium,2,1.0,0,1,0,0,0,0,0,0,0,1
2025-12-25 08:00:00,27.7370463412934,7.995898799060647,3.1216226340559925,6.30334288692013,,,Pond_03,Real_Data,Obs_Pond_03_20251225_08,Unknown,0,1.0,0,-1,0,0,0,0,0,0,0,0
2025-12-25 08:00:00,27.460003060746498,7.988971225153668,3.296810489602242,6.3479085432831255,0.0,1.0,Pond_04,Mock_Data,Obs_Pond_04_20251225_08,Low,1,1.0,0,0,0,0,0,0,0,0,0,0
2025-12-25 08:00:00,27.540664591975034,7.897735069023021,3.2672393810046065,6.379991292974799,0.0,1.0,Pond_05,Mock_Data,Obs_Pond_05_20251225_08,Low,1,1.0,0,0,0,0,0,0,0,0,0,0
2025-12-25 12:00:00,27.47,7.98,3.3,6.34,0.0,2.0,Pond_01,Real_Data,Obs_Pond_01_20251225_12,Medium,2,1.0,0,1,0,0,0,0,0,0,0,1
2025-12-25 12:00:00,27.47,7.9799999999999995,3.3,6.34,0.0,2.0,Pond_02,Real_Data,Obs_Pond_02_20251225_12,Medium,2,1.0,0,1,0,0,0,0,0,0,0,1
2025-12-25 12:00:00,27.980804335470076,7.994155918848227,3.3175353630288322,6.19016628915937,,,Pond_03,Real_Data,Obs_Pond_03_20251225_12,Low,1,1.0,0,0,0,0,0,0,0,0,0,0
2025-12-25 12:00:00,27.495044201554965,8.010052844215444,3.2967375031866655,6.312880927963822,0.0,1.0,Pond_04,Mock_Data,Obs_Pond_04_20251225_12,Low,1,1.0,0,0,0,0,0,0,0,0,0,0
2025-12-25 12:00:00,27.418114813587554,8.006519956292898,3.2693860487801447,-1.5,0.0,1.0,Pond_05,Mock_Data,Obs_Pond_05_20251225_12,Low,1,0.5,1,0,0,1,0,0,1,1,0,0
2025-12-25 16:00:00,27.47,7.98,3.3,6.34,1.0,2.0,Pond_01,Real_Data,Obs_Pond_01_20251225_16,Unknown,0,1.0,0,-1,0,0,0,0,0,0,0,0
2025-12-25 16:00:00,27.47,7.98,3.3,6.34,0.0,2.0,Pond_02,Real_Data,Obs_Pond_02_20251225_16,Medium,2,1.0,0,1,0,0,0,0,0,0,0,1
2025-12-25 16:00:00,27.560270325980376,8.001540953620433,3.3590757476459276,6.3151160544463,,,Pond_03,Real_Data,Obs_Pond_03_20251225_16,Low,1,1.0,0,0,0,0,0,0,0,0,0,0
2025-12-25 16:00:00,27.586911074641616,7.99394684284023,3.3850506993670746,6.347723688860386,0.0,1.0,Pond_04,Mock_Data,Obs_Pond_04_20251225_16,Low,2,1.0,0,0,0,0,0,0,0,0,0,0
2025-12-25 16:00:00,27.466360343785936,7.968413340299414,3.305605172934197,6.217797498501407,0.0,1.0,Pond_05,Mock_Data,Obs_Pond_05_20251225_16,Low,2,1.0,0,0,0,0,0,0,0,0,0,0
2025-12-25 20:00:00,27.47,7.98,3.3,6.34,1.0,2.0,Pond_01,Real_Data,Obs_Pond_01_20251225_20,Unknown,0,1.0,0,-1,0,0,0,0,0,0,0,0
2025-12-25 20:00:00,27.47,7.98,3.3,6.34,0.0,2.0,Pond_02,Real_Data,Obs_Pond_02_20251225_20,Medium,2,1.0,0,1,0,0,0,0,0,0,0,1
2025-12-25 20:00:00,26.711579146500075,7.708197380239867,3.4223020967151374,5.50781064106175,,,Pond_03,Real_Data,Obs_Pond_03_20251225_20,Low,1,1.0,0,0,0,0,0,0,0,0,0,0
2025-12-25 20:00:00,27.480820820839373,7.947771201840942,3.2402399374764146,6.374311942849972,0.0,1.0,Pond_04,Mock_Data,Obs_Pond_04_20251225_20,Low,1,1.0,0,0,0,0,0,0,0,0,0,0
2025-12-25 20:00:00,27.49767758091058,7.962814714879718,3.254164742572999,6.330567086886351,0.0,1.0,Pond_05,Mock_Data,Obs_Pond_05_20251225_20,Low,1,1.0,0,0,0,0,0,0,0,0,0,0
2025-12-26 00:00:00,27.47,7.98,3.3,6.34,1.0,2.0,Pond_01,Real_Data,Obs_Pond_01_20251226_00,Unknown,0,1.0,0,-1,0,0,0,0,0,0,0,0
2025-12-26 00:00:00,27.47,7.98,3.3,6.34,0.0,2.0,Pond_02,Real_Data,Obs_Pond_02_20251226_00,Medium,2,1.0,0,1,0,0,0,0,0,0,0,1
2025-12-26 00:00:00,27.603688088080098,7.901697347057578,3.5146358410025775,4.9939777120824,,,Pond_03,Real_Data,Obs_Pond_03_20251226_00,Low,1,1.0,0,0,0,0,0,0,0,0,0,0
2025-12-26 00:00:00,27.485963693151582,8.002555686083971,3.3217996447004197,6.343085753768764,0.0,1.0,Pond_04,Mock_Data,Obs_Pond_04_20251226_00,Low,2,1.0,0,0,0,0,0,0,0,0,0,0
2025-12-26 00:00:00,27.482372411706688,7.971456602597994,3.3181630510038174,6.190482141293229,0.0,1.0,Pond_05,Mock_Data,Obs_Pond_05_20251226_00,Low,2,1.0,0,0,0,0,0,0,0,0,0,0
2025-12-26 04:00:00,27.47,7.98,3.3,6.34,0.0,2.0,Pond_01,Real_Data,Obs_Pond_01_20251226_04,Medium,2,1.0,0,1,0,0,0,0,0,0,0,1
2025-12-26 04:00:00,27.469999999999995,7.98,3.3,6.34,0.0,2.0,Pond_02,Real_Data,Obs_Pond_02_20251226_04,Medium,2,1.0,0,1,0,0,0,0,0,0,0,1
2025-12-26 04:00:00,27.0734375923657,7.8993757831146425,2.871632439582625,5.88559702343613,,,Pond_03,Real_Data,Obs_Pond_03_20251226_04,Unknown,0,1.0,0,-1,0,0,0,0,0,0,0,0
2025-12-26 04:00:00,27.46538563404099,7.958599749813394,3.3642065415838736,6.342563564957601,0.0,1.0,Pond_04,Mock_Data,Obs_Pond_04_20251226_04,Low,2,1.0,0,0,0,0,0,0,0,0,0,0
2025-12-26 04:00:00,27.537820306932375,7.970423153980476,3.336513454800415,6.362342355429989,0.0,2.0,Pond_05,Mock_Data,Obs_Pond_05_20251226_04,Low,3,1.0,0,0,0,0,0,0,0,0,0,0
2025-12-26 04:00:00,27.537820306932375,7.970423153980476,3.336513454800415,6.362342355429989,0.0,2.0,Pond_05,Mock_Data,Obs_Pond_05_20251226_04,Medium,3,1.0,0,1,0,0,0,0,0,0,0,1
2025-12-26 08:00:00,27.47,7.98,3.3,6.34,0.0,2.0,Pond_01,Real_Data,Obs_Pond_01_20251226_08,Medium,2,1.0,0,1,0,0,0,0,0,0,0,1
2025-12-26 08:00:00,27.47,7.98,3.3,6.34,0.0,2.0,Pond_02,Real_Data,Obs_Pond_02_20251226_08,Medium,2,1.0,0,1,0,0,0,0,0,0,0,1
2025-12-26 08:00:00,27.029221284193902,8.0269860075188,3.2458170703081275,5.64581826068811,,,Pond_03,Real_Data,Obs_Pond_03_20251226_08,Unknown,0,1.0,0,-1,0,0,0,0,0,0,0,0
2025-12-26 08:00:00,27.35106919650494,7.971766951766888,3.397938787671336,6.295665772033258,0.0,1.0,Pond_04,Mock_Data,Obs_Pond_04_20251226_08,Low,2,1.0,0,0,0,0,0,0,0,0,0,0
2025-12-26 08:00:00,27.49968995379237,14.807850890170464,3.323039610885813,6.278152373580262,0.0,2.0,Pond_05,Mock_Data,Obs_Pond_05_20251226_08,Low,3,0.5,1,0,1,0,0,0,1,1,0,0
2025-12-26 08:00:00,27.49968995379237,14.807850890170464,3.323039610885813,6.278152373580262,0.0,2.0,Pond_05,Mock_Data,Obs_Pond_05_20251226_08,Medium,3,0.5,1,1,1,0,0,0,1,1,0,1
2025-12-26 12:00:00,27.47,7.98,3.3,6.34,1.0,2.0,Pond_01,Real_Data,Obs_Pond_01_20251226_12,Unknown,0,1.0,0,-1,0,0,0,0,0,0,0,0
2025-12-26 12:00:00,27.470000000000002,7.98,3.3,6.34,0.0,2.0,Pond_02,Real_Data,Obs_Pond_02_20251226_12,Medium,2,1.0,0,1,0,0,0,0,0,0,0,1
2025-12-26 12:00:00,27.1187882262142,7.767139314680265,3.6461175701697224,6.66007305679898,,,Pond_03,Real_Data,Obs_Pond_03_20251226_12,Low,1,1.0,0,0,0,0,0,0,0,0,0,0
2025-12-26 12:00:00,27.468356595885012,7.9853647512625905,3.2825634736388687,6.298134546450418,0.0,2.0,Pond_04,Mock_Data,Obs_Pond_04_20251226_12,Medium,2,1.0,0,1,0,0,0,0,0,0,0,1
2025-12-26 12:00:00,27.416613624618396,7.946562837056257,3.22375069568002,6.3503170099324,0.0,1.0,Pond_05,Mock_Data,Obs_Pond_05_20251226_12,Low,1,1.0,0,0,0,0,0,0,0,0,0,0
2025-12-26 16:00:00,27.47,7.98,3.3,6.34,1.0,2.0,Pond_01,Real_Data,Obs_Pond_01_20251226_16,Unknown,0,1.0,0,-1,0,0,0,0,0,0,0,0
2025-12-26 16:00:00,27.47,7.98,3.3,6.34,0.0,2.0,Pond_02,Real_Data,Obs_Pond_02_20251226_16,Medium,2,1.0,0,1,0,0,0,0,0,0,0,1
2025-12-26 16:00:00,27.197907417600348,7.830343825838007,3.4235614944423776,6.14159629923158,,,Pond_03,Real_Data,Obs_Pond_03_20251226_16,Low,1,1.0,0,0,0,0,0,0,0,0,0,0
2025-12-26 16:00:00,27.47373323677458,8.022790770822782,3.3211891127780357,6.251418578100829,0.0,2.0,Pond_04,Mock_Data,Obs_Pond_04_20251226_16,Low,3,1.0,0,0,0,0,0,0,0,0,0,0
2025-12-26 16:00:00,27.47373323677458,8.022790770822782,3.3211891127780357,6.251418578100829,0.0,2.0,Pond_04,Mock_Data,Obs_Pond_04_20251226_16,Medium,3,1.0,0,1,0,0,0,0,0,0,0,1
2025-12-26 16:00:00,27.605033373312505,7.956891690785063,3.342908946082453,6.4229902986149625,0.0,2.0,Pond_05,Mock_Data,Obs_Pond_05_20251226_16,Low,3,1.0,0,0,0,0,0,0,0,0,0,0
2025-12-26 16:00:00,27.605033373312505,7.956891690785063,3.342908946082453,6.4229902986149625,0.0,2.0,Pond_05,Mock_Data,Obs_Pond_05_20251226_16,Medium,3,1.0,0,1,0,0,0,0,0,0,0,1
2025-12-26 20:00:00,27.47,7.98,3.3,6.34,1.0,2.0,Pond_01,Real_Data,Obs_Pond_01_20251226_20,Unknown,0,1.0,0,-1,0,0,0,0,0,0,0,0
2025-12-26 20:00:00,27.47,7.98,3.3,6.34,0.0,2.0,Pond_02,Real_Data,Obs_Pond_02_20251226_20,Medium,2,1.0,0,1,0,0,0,0,0,0,0,1
2025-12-26 20:00:00,27.029278502782127,7.710505508257375,3.1895316832123526,5.66978552562948,,,Pond_03,Real_Data,Obs_Pond_03_20251226_20,Unknown,0,1.0,0,-1,0,0,0,0,0,0,0,0
2025-12-26 20:00:00,27.62267863167057,8.046682357100455,3.324566530146515,6.450494376963495,0.0,1.0,Pond_04,Mock_Data,Obs_Pond_04_20251226_20,Low,2,1.0,0,0,0,0,0,0,0,0,0,0
2025-12-26 20:00:00,27.482045331281036,7.987357948718265,3.3404167551316584,6.280081853290064,0.0,1.0,Pond_05,Mock_Data,Obs_Pond_05_20251226_20,Low,2,1.0,0,0,0,0,0,0,0,0,0,0
2025-12-27 00:00:00,27.47,7.98,3.3,6.34,1.0,2.0,Pond_01,Real_Data,Obs_Pond_01_20251227_00,Unknown,0,1.0,0,-1,0,0,0,0,0,0,0,0
2025-12-27 00:00:00,27.47,7.98,3.3,6.34,0.0,2.0,Pond_02,Real_Data,Obs_Pond_02_20251227_00,Medium,2,1.0,0,1,0,0,0,0,0,0,0,1
2025-12-27 00:00:00,26.865930017953524,7.786580910287627,3.3890384448244824,6.06273089714696,,,Pond_03,Real_Data,Obs_Pond_03_20251227_00,Low,1,1.0,0,0,0,0,0,0,0,0,0,0
2025-12-27 00:00:00,27.458076929693288,7.993009255053408,3.3084286451147786,6.261443918503395,0.0,1.0,Pond_04,Mock_Data,Obs_Pond_04_20251227_00,Low,2,1.0,0,0,0,0,0,0,0,0,0,0
2025-12-27 00:00:00,27.460867440891587,7.993357062425125,3.335794319703972,6.4070235527189885,0.0,2.0,Pond_05,Mock_Data,Obs_Pond_05_20251227_00,Low,3,1.0,0,0,0,0,0,0,0,0,0,0
2025-12-27 00:00:00,27.460867440891587,7.993357062425125,3.335794319703972,6.4070235527189885,0.0,2.0,Pond_05,Mock_Data,Obs_Pond_05_20251227_00,Medium,3,1.0,0,1,0,0,0,0,0,0,0,1
2025-12-27 04:00:00,27.47,7.98,3.3,6.34,0.0,2.0,Pond_01,Real_Data,Obs_Pond_01_20251227_04,Medium,2,1.0,0,1,0,0,0,0,0,0,0,1
2025-12-27 04:00:00,27.47,7.98,3.3,6.34,0.0,2.0,Pond_02,Real_Data,Obs_Pond_02_20251227_04,Medium,2,1.0,0,1,0,0,0,0,0,0,0,1
2025-12-27 04:00:00,27.52713646314445,7.959244687619917,3.3361650820577675,5.94246361885553,,,Pond_03,Real_Data,Obs_Pond_03_20251227_04,Low,1,1.0,0,0,0,0,0,0,0,0,0,0
2025-12-27 04:00:00,27.48869074719778,7.976071928531531,3.295738061475489,6.2962396285711,0.0,1.0,Pond_04,Mock_Data,Obs_Pond_04_20251227_04,Low,1,1.0,0,0,0,0,0,0,0,0,0,0
2025-12-27 04:00:00,27.52974679219661,7.993755829386537,3.316075952329383,6.312629317153452,0.0,1.0,Pond_05,Mock_Data,Obs_Pond_05_20251227_04,Low,2,1.0,0,0,0,0,0,0,0,0,0,0
2025-12-27 08:00:00,27.47,7.98,3.3,6.34,0.0,2.0,Pond_01,Real_Data,Obs_Pond_01_20251227_08,Medium,2,1.0,0,1,0,0,0,0,0,0,0,1
2025-12-27 08:00:00,27.469999999999995,7.98,3.3,6.34,0.0,2.0,Pond_02,Real_Data,Obs_Pond_02_20251227_08,Medium,2,1.0,0,1,0,0,0,0,0,0,0,1
2025-12-27 08:00:00,27.455756514130023,7.8367555357353105,3.4424182447361074,5.75156395764752,,,Pond_03,Real_Data,Obs_Pond_03_20251227_08,Low,1,1.0,0,0,0,0,0,0,0,0,0,0
2025-12-27 08:00:00,27.46784846748332,7.991460781329905,3.3187980831133137,6.294629047554369,0.0,1.0,Pond_04,Mock_Data,Obs_Pond_04_20251227_08,Low,2,1.0,0,0,0,0,0,0,0,0,0,0
2025-12-27 08:00:00,27.485461666922827,7.9631244988388845,3.309493969450519,6.450722875177803,0.0,1.0,Pond_05,Mock_Data,Obs_Pond_05_20251227_08,Low,2,1.0,0,0,0,0,0,0,0,0,0,0
2025-12-27 12:00:00,27.47,7.98,3.3,6.34,0.0,2.0,Pond_01,Real_Data,Obs_Pond_01_20251227_12,Medium,2,1.0,0,1,0,0,0,0,0,0,0,1
2025-12-27 12:00:00,27.47,7.98,3.3,6.34,0.0,2.0,Pond_02,Real_Data,Obs_Pond_02_20251227_12,Medium,2,1.0,0,1,0,0,0,0,0,0,0,1
2025-12-27 12:00:00,26.74750616247865,7.932140748430203,3.685223198253415,6.41763095116351,,,Pond_03,Real_Data,Obs_Pond_03_20251227_12,Low,1,1.0,0,0,0,0,0,0,0,0,0,0
2025-12-27 12:00:00,27.397562068404568,7.999032960196329,3.1908163774383915,6.396518876262494,0.0,1.0,Pond_04,Mock_Data,Obs_Pond_04_20251227_12,Low,1,1.0,0,0,0,0,0,0,0,0,0,0
2025-12-27 12:00:00,27.494745279367113,7.95902419044463,3.3445138468332782,6.316938816402855,0.0,1.0,Pond_05,Mock_Data,Obs_Pond_05_20251227_12,Low,2,1.0,0,0,0,0,0,0,0,0,0,0
2025-12-27 16:00:00,27.47,7.98,3.3,6.34,0.0,2.0,Pond_01,Real_Data,Obs_Pond_01_20251227_16,Medium,2,1.0,0,1,0,0,0,0,0,0,0,1
2025-12-27 16:00:00,27.47,7.98,3.2999999999999994,6.34,0.0,2.0,Pond_02,Real_Data,Obs_Pond_02_20251227_16,Medium,2,1.0,0,1,0,0,0,0,0,0,0,1
2025-12-27 16:00:00,27.48714223187865,7.967240628989635,3.32576887219959,6.37533861099605,,,Pond_03,Real_Data,Obs_Pond_03_20251227_16,Low,1,1.0,0,0,0,0,0,0,0,0,0,0
2025-12-27 16:00:00,27.54083535259391,7.973124298037752,3.3294089970948955,6.32137247704888,0.0,1.0,Pond_04,Mock_Data,Obs_Pond_04_20251227_16,Low,2,1.0,0,0,0,0,0,0,0,0,0,0
2025-12-27 16:00:00,27.624472530673703,7.969136820049214,3.382936714503574,6.286918733838115,0.0,1.0,Pond_05,Mock_Data,Obs_Pond_05_20251227_16,Low,2,1.0,0,0,0,0,0,0,0,0,0,0
2025-12-27 20:00:00,27.47,7.98,3.3,6.34,0.0,2.0,Pond_01,Real_Data,Obs_Pond_01_20251227_20,Medium,2,1.0,0,1,0,0,0,0,0,0,0,1
2025-12-27 20:00:00,27.470000000000002,7.98,3.3,6.34,0.0,2.0,Pond_02,Real_Data,Obs_Pond_02_20251227_20,Medium,2,1.0,0,1,0,0,0,0,0,0,0,1
2025-12-27 20:00:00,28.062939425623377,7.7439997534161575,3.12483398890015,6.39259613730353,,,Pond_03,Real_Data,Obs_Pond_03_20251227_20,Unknown,0,1.0,0,-1,0,0,0,0,0,0,0,0
2025-12-27 20:00:00,27.51660691125595,8.018492623697355,3.305440450945686,6.418801049149802,0.0,1.0,Pond_04,Mock_Data,Obs_Pond_04_20251227_20,Low,2,1.0,0,0,0,0,0,0,0,0,0,0
2025-12-27 20:00:00,27.452947204825573,7.985143311710087,3.2589074652557155,6.383402488457559,0.0,1.0,Pond_05,Mock_Data,Obs_Pond_05_20251227_20,Low,1,1.0,0,0,0,0,0,0,0,0,0,0
2025-12-28 00:00:00,27.47,7.98,3.3,6.34,0.0,2.0,Pond_01,Real_Data,Obs_Pond_01_20251228_00,Medium,2,1.0,0,1,0,0,0,0,0,0,0,1
2025-12-28 00:00:00,27.47,7.98,3.3,6.34,0.0,2.0,Pond_02,Real_Data,Obs_Pond_02_20251228_00,Medium,2,1.0,0,1,0,0,0,0,0,0,0,1
2025-12-28 00:00:00,26.92703389252925,7.7473591166882745,3.4315053356906273,6.95070308741572,,,Pond_03,Real_Data,Obs_Pond_03_20251228_00,Low,1,1.0,0,0,0,0,0,0,0,0,0,0
2025-12-28 00:00:00,27.51903037126155,7.984933139002354,3.29040748239239,6.297465754385242,0.0,1.0,Pond_04,Mock_Data,Obs_Pond_04_20251228_00,Low,1,1.0,0,0,0,0,0,0,0,0,0,0
2025-12-28 00:00:00,27.450304291546864,8.011851359004627,3.3464858597178275,6.312477735058285,0.0,2.0,Pond_05,Mock_Data,Obs_Pond_05_20251228_00,Low,3,1.0,0,0,0,0,0,0,0,0,0,0
2025-12-28 00:00:00,27.450304291546864,8.011851359004627,3.3464858597178275,6.312477735058285,0.0,2.0,Pond_05,Mock_Data,Obs_Pond_05_20251228_00,Medium,3,1.0,0,1,0,0,0,0,0,0,0,1
2025-12-28 04:00:00,27.47,7.98,3.3,6.34,0.0,2.0,Pond_01,Real_Data,Obs_Pond_01_20251228_04,Medium,2,1.0,0,1,0,0,0,0,0,0,0,1
2025-12-28 04:00:00,27.47,7.98,3.3,6.34,0.0,2.0,Pond_02,Real_Data,Obs_Pond_02_20251228_04,Medium,2,1.0,0,1,0,0,0,0,0,0,0,1
2025-12-28 04:00:00,26.713991198589174,7.906210402802382,3.2453436705436376,6.18819814373409,,,Pond_03,Real_Data,Obs_Pond_03_20251228_04,Unknown,0,1.0,0,-1,0,0,0,0,0,0,0,0
2025-12-28 04:00:00,27.41363362352702,7.990672524637979,3.3882551781667303,6.357619853631123,0.0,1.0,Pond_04,Mock_Data,Obs_Pond_04_20251228_04,Low,2,1.0,0,0,0,0,0,0,0,0,0,0
2025-12-28 04:00:00,27.477225862048247,7.936099191955148,3.2962825512330145,6.286858324350745,0.0,1.0,Pond_05,Mock_Data,Obs_Pond_05_20251228_04,Low,1,1.0,0,0,0,0,0,0,0,0,0,0
2025-12-28 08:00:00,27.47,7.98,3.3,6.34,0.0,2.0,Pond_01,Real_Data,Obs_Pond_01_20251228_08,Medium,2,1.0,0,1,0,0,0,0,0,0,0,1
2025-12-28 08:00:00,27.47,7.980000000000001,3.3,6.34,0.0,2.0,Pond_02,Real_Data,Obs_Pond_02_20251228_08,Medium,2,1.0,0,1,0,0,0,0,0,0,0,1
2025-12-28 08:00:00,27.9061129334393,7.726659498614827,3.1196080535747903,5.7532098650025,,,Pond_03,Real_Data,Obs_Pond_03_20251228_08,Unknown,0,1.0,0,-1,0,0,0,0,0,0,0,0
2025-12-28 08:00:00,27.55694911264443,7.994278637198264,3.270898665184342,6.287243724770771,0.0,1.0,Pond_04,Mock_Data,Obs_Pond_04_20251228_08,Low,1,1.0,0,0,0,0,0,0,0,0,0,0
2025-12-28 08:00:00,27.53641555291236,7.975267170657761,3.2944088476820075,6.3098220630804285,0.0,1.0,Pond_05,Mock_Data,Obs_Pond_05_20251228_08,Low,1,1.0,0,0,0,0,0,0,0,0,0,0
2025-12-28 12:00:00,27.47,7.98,3.3,6.34,1.0,2.0,Pond_01,Real_Data,Obs_Pond_01_20251228_12,Unknown,0,1.0,0,-1,0,0,0,0,0,0,0,0
2025-12-28 12:00:00,27.469999999999995,7.98,3.3,6.34,0.0,2.0,Pond_02,Real_Data,Obs_Pond_02_20251228_12,Medium,2,1.0,0,1,0,0,0,0,0,0,0,1
2025-12-28 12:00:00,27.49171773409105,7.8237352781286225,3.69818426428407,6.41617384252917,,,Pond_03,Real_Data,Obs_Pond_03_20251228_12,Low,1,1.0,0,0,0,0,0,0,0,0,0,0
2025-12-28 12:00:00,27.3831093525122,7.9890395900765565,3.2826204503146044,6.47547671874933,0.0,1.0,Pond_04,Mock_Data,Obs_Pond_04_20251228_12,Low,1,1.0,0,0,0,0,0,0,0,0,0,0
2025-12-28 12:00:00,27.376620809570948,7.951424930233972,3.2337489401475583,6.3371828780867965,0.0,1.0,Pond_05,Mock_Data,Obs_Pond_05_20251228_12,Low,1,1.0,0,0,0,0,0,0,0,0,0,0
2025-12-28 16:00:00,27.47,7.98,3.3,6.34,1.0,2.0,Pond_01,Real_Data,Obs_Pond_01_20251228_16,Unknown,0,1.0,0,-1,0,0,0,0,0,0,0,0
2025-12-28 16:00:00,27.47,7.98,3.3,6.34,0.0,2.0,Pond_02,Real_Data,Obs_Pond_02_20251228_16,Medium,2,1.0,0,1,0,0,0,0,0,0,0,1
2025-12-28 16:00:00,26.777099577486126,7.840686968228953,3.764653182246578,6.81501084839392,,,Pond_03,Real_Data,Obs_Pond_03_20251228_16,Medium,1,1.0,0,1,0,0,0,0,0,0,0,1
2025-12-28 16:00:00,27.50637504312444,7.997988422857674,3.385870407828227,6.264997318406011,0.0,2.0,Pond_04,Mock_Data,Obs_Pond_04_20251228_16,Low,3,1.0,0,0,0,0,0,0,0,0,0,0
2025-12-28 16:00:00,27.50637504312444,7.997988422857674,3.385870407828227,6.264997318406011,0.0,2.0,Pond_04,Mock_Data,Obs_Pond_04_20251228_16,Medium,3,1.0,0,1,0,0,0,0,0,0,0,1
2025-12-28 16:00:00,27.348169351497535,7.944572886960289,3.287720648644867,6.424765277060405,0.0,1.0,Pond_05,Mock_Data,Obs_Pond_05_20251228_16,Low,1,1.0,0,0,0,0,0,0,0,0,0,0
2025-12-28 20:00:00,27.47,7.98,3.3,6.34,0.0,2.0,Pond_01,Real_Data,Obs_Pond_01_20251228_20,Medium,2,1.0,0,1,0,0,0,0,0,0,0,1
2025-12-28 20:00:00,27.47,7.98,3.3,6.34,0.0,2.0,Pond_02,Real_Data,Obs_Pond_02_20251228_20,Medium,2,1.0,0,1,0,0,0,0,0,0,0,1
2025-12-28 20:00:00,27.599999377630976,7.736378588365702,3.287284615183955,5.59307320816114,,,Pond_03,Real_Data,Obs_Pond_03_20251228_20,Unknown,0,1.0,0,-1,0,0,0,0,0,0,0,0
2025-12-28 20:00:00,27.605770562702155,7.966764959703773,3.264123760329966,6.359566701763859,0.0,1.0,Pond_04,Mock_Data,Obs_Pond_04_20251228_20,Low,1,1.0,0,0,0,0,0,0,0,0,0,0
2025-12-28 20:00:00,27.433608954354575,8.000733323771785,3.2570006243072953,6.217852845689975,0.0,1.0,Pond_05,Mock_Data,Obs_Pond_05_20251228_20,Low,1,1.0,0,0,0,0,0,0,0,0,0,0
2025-12-29 00:00:00,27.47,7.98,3.3,6.34,0.0,2.0,Pond_01,Real_Data,Obs_Pond_01_20251229_00,Medium,2,1.0,0,1,0,0,0,0,0,0,0,1
2025-12-29 00:00:00,27.47,7.98,3.3,6.34,0.0,2.0,Pond_02,Real_Data,Obs_Pond_02_20251229_00,Medium,2,1.0,0,1,0,0,0,0,0,0,0,1
2025-12-29 00:00:00,26.910877102979224,7.85169957015218,2.9131071033570577,5.32510976617553,,,Pond_03,Real_Data,Obs_Pond_03_20251229_00,Unknown,0,1.0,0,-1,0,0,0,0,0,0,0,0
2025-12-29 00:00:00,27.408603789706905,7.968028986529391,3.2762805124793766,6.3800261273849,0.0,1.0,Pond_04,Mock_Data,Obs_Pond_04_20251229_00,Low,1,1.0,0,0,0,0,0,0,0,0,0,0
2025-12-29 00:00:00,27.368724887667412,7.991677749660782,3.2799998478622134,6.341457657139399,0.0,1.0,Pond_05,Mock_Data,Obs_Pond_05_20251229_00,Low,1,1.0,0,0,0,0,0,0,0,0,0,0
2025-12-29 04:00:00,27.47,7.98,3.3,6.34,1.0,2.0,Pond_01,Real_Data,Obs_Pond_01_20251229_04,Unknown,0,1.0,0,-1,0,0,0,0,0,0,0,0
2025-12-29 04:00:00,27.47,7.980000000000001,3.3,6.34,0.0,2.0,Pond_02,Real_Data,Obs_Pond_02_20251229_04,Medium,2,1.0,0,1,0,0,0,0,0,0,0,1
2025-12-29 04:00:00,27.215668534179677,7.73772860972478,3.4757474964026875,6.98932608235062,,,Pond_03,Real_Data,Obs_Pond_03_20251229_04,Low,1,1.0,0,0,0,0,0,0,0,0,0,0
2025-12-29 04:00:00,27.434899283738428,7.956410675679293,3.293660660220769,6.366133448354871,0.0,1.0,Pond_04,Mock_Data,Obs_Pond_04_20251229_04,Low,1,1.0,0,0,0,0,0,0,0,0,0,0
2025-12-29 04:00:00,27.44366776554273,7.989636678795153,3.252649164578201,6.379465735711468,0.0,1.0,Pond_05,Mock_Data,Obs_Pond_05_20251229_04,Low,1,1.0,0,0,0,0,0,0,0,0,0,0
2025-12-29 08:00:00,27.47,7.98,3.3,6.34,1.0,2.0,Pond_01,Real_Data,Obs_Pond_01_20251229_08,Unknown,0,1.0,0,-1,0,0,0,0,0,0,0,0
2025-12-29 08:00:00,27.469999999999995,7.98,3.3,6.34,0.0,2.0,Pond_02,Real_Data,Obs_Pond_02_20251229_08,Medium,2,1.0,0,1,0,0,0,0,0,0,0,1
2025-12-29 08:00:00,27.154816227952423,7.641050175318258,3.8151155916908177,6.61452273359706,,,Pond_03,Real_Data,Obs_Pond_03_20251229_08,Medium,1,1.0,0,1,0,0,0,0,0,0,0,1
2025-12-29 08:00:00,27.47617667016513,7.989423712382987,3.3362502036856334,6.328298172968724,0.0,2.0,Pond_04,Mock_Data,Obs_Pond_04_20251229_08,Low,3,1.0,0,0,0,0,0,0,0,0,0,0
2025-12-29 08:00:00,27.47617667016513,7.989423712382987,3.3362502036856334,6.328298172968724,0.0,2.0,Pond_04,Mock_Data,Obs_Pond_04_20251229_08,Medium,3,1.0,0,1,0,0,0,0,0,0,0,1
2025-12-29 08:00:00,27.501146335811256,7.999748483067215,3.2806442808970235,-1.5,0.0,1.0,Pond_05,Mock_Data,Obs_Pond_05_20251229_08,Low,1,0.5,1,0,0,1,0,0,1,1,0,0
2025-12-29 12:00:00,27.47,7.98,3.3,6.34,1.0,2.0,Pond_01,Real_Data,Obs_Pond_01_20251229_12,Unknown,0,1.0,0,-1,0,0,0,0,0,0,0,0
2025-12-29 12:00:00,27.469999999999995,7.98,3.3,6.34,0.0,2.0,Pond_02,Real_Data,Obs_Pond_02_20251229_12,Medium,2,1.0,0,1,0,0,0,0,0,0,0,1
2025-12-29 12:00:00,27.356112205744026,7.84803172084106,3.1917541234988676,6.08966642139421,,,Pond_03,Real_Data,Obs_Pond_03_20251229_12,Unknown,0,1.0,0,-1,0,0,0,0,0,0,0,0
2025-12-29 12:00:00,27.438793171584603,7.996701827121959,3.308959883742204,6.33180118426364,0.0,1.0,Pond_04,Mock_Data,Obs_Pond_04_20251229_12,Low,2,1.0,0,0,0,0,0,0,0,0,0,0
2025-12-29 12:00:00,27.41478889551297,7.969713947099925,3.28248961655093,-1.5,0.0,1.0,Pond_05,Mock_Data,Obs_Pond_05_20251229_12,Low,1,0.5,1,0,0,1,0,0,1,1,0,0
2025-12-29 16:00:00,27.47,7.98,3.3,6.34,0.0,2.0,Pond_01,Real_Data,Obs_Pond_01_20251229_16,Medium,2,1.0,0,1,0,0,0,0,0,0,0,1
2025-12-29 16:00:00,27.47,7.98,3.3,6.34,0.0,2.0,Pond_02,Real_Data,Obs_Pond_02_20251229_16,Medium,2,1.0,0,1,0,0,0,0,0,0,0,1
2025-12-29 16:00:00,27.1172894731359,7.79695525087393,3.0680795046369527,5.88919945366417,,,Pond_03,Real_Data,Obs_Pond_03_20251229_16,Unknown,0,1.0,0,-1,0,0,0,0,0,0,0,0
2025-12-29 16:00:00,27.373885545949076,7.989815489757021,3.2442654808153066,6.3427669099506705,0.0,1.0,Pond_04,Mock_Data,Obs_Pond_04_20251229_16,Low,1,1.0,0,0,0,0,0,0,0,0,0,0
2025-12-29 16:00:00,27.381561300340717,7.970723458238642,3.3041718111669565,6.335304726743881,0.0,1.0,Pond_05,Mock_Data,Obs_Pond_05_20251229_16,Low,2,1.0,0,0,0,0,0,0,0,0,0,0
2025-12-29 20:00:00,27.47,7.98,3.3,6.34,1.0,2.0,Pond_01,Real_Data,Obs_Pond_01_20251229_20,Unknown,0,1.0,0,-1,0,0,0,0,0,0,0,0
2025-12-29 20:00:00,27.47,7.98,3.3,6.34,0.0,2.0,Pond_02,Real_Data,Obs_Pond_02_20251229_20,Medium,2,1.0,0,1,0,0,0,0,0,0,0,1
2025-12-29 20:00:00,26.677860187735675,7.938178964929995,3.1853906706550275,6.15327449994917,,,Pond_03,Real_Data,Obs_Pond_03_20251229_20,Unknown,0,1.0,0,-1,0,0,0,0,0,0,0,0
2025-12-29 20:00:00,27.47424972483362,8.01590418861191,3.2770543266411676,6.330716100539414,0.0,1.0,Pond_04,Mock_Data,Obs_Pond_04_20251229_20,Low,1,1.0,0,0,0,0,0,0,0,0,0,0
2025-12-29 20:00:00,27.474297711102356,8.026866072819896,3.2303763403861554,6.328344668674033,0.0,1.0,Pond_05,Mock_Data,Obs_Pond_05_20251229_20,Low,1,1.0,0,0,0,0,0,0,0,0,0,0
2025-12-30 00:00:00,27.47,7.98,3.3,6.34,1.0,2.0,Pond_01,Real_Data,Obs_Pond_01_20251230_00,Unknown,0,1.0,0,-1,0,0,0,0,0,0,0,0
2025-12-30 00:00:00,27.47,7.98,3.3,6.34,0.0,2.0,Pond_02,Real_Data,Obs_Pond_02_20251230_00,Medium,2,1.0,0,1,0,0,0,0,0,0,0,1
2025-12-30 00:00:00,27.049871740968825,7.766169606631777,3.190310042906508,6.09595675732564,,,Pond_03,Real_Data,Obs_Pond_03_20251230_00,Unknown,0,1.0,0,-1,0,0,0,0,0,0,0,0
2025-12-30 00:00:00,27.40415544634927,7.979880011093803,3.2738125146746118,6.400873707251262,0.0,1.0,Pond_04,Mock_Data,Obs_Pond_04_20251230_00,Low,1,1.0,0,0,0,0,0,0,0,0,0,0
2025-12-30 00:00:00,27.523462856257577,7.9747130644116,3.237673155555224,6.377408524381211,0.0,2.0,Pond_05,Mock_Data,Obs_Pond_05_20251230_00,Medium,2,1.0,0,1,0,0,0,0,0,0,0,1
2025-12-30 04:00:00,27.47,7.98,3.3,6.34,1.0,2.0,Pond_01,Real_Data,Obs_Pond_01_20251230_04,Unknown,0,1.0,0,-1,0,0,0,0,0,0,0,0
2025-12-30 04:00:00,27.47,7.98,3.3,6.34,0.0,2.0,Pond_02,Real_Data,Obs_Pond_02_20251230_04,Medium,2,1.0,0,1,0,0,0,0,0,0,0,1
2025-12-30 04:00:00,27.017769984765675,7.7300290107284395,2.8965140852077726,6.49117185895826,,,Pond_03,Real_Data,Obs_Pond_03_20251230_04,Unknown,0,1.0,0,-1,0,0,0,0,0,0,0,0
2025-12-30 04:00:00,27.499354582691005,7.994339047496938,3.296670436769689,6.479605400434963,0.0,1.0,Pond_04,Mock_Data,Obs_Pond_04_20251230_04,Low,1,1.0,0,0,0,0,0,0,0,0,0,0
2025-12-30 04:00:00,27.3649408082953,7.995762580657948,3.3156047673903988,6.346272155908364,0.0,1.0,Pond_05,Mock_Data,Obs_Pond_05_20251230_04,Low,2,1.0,0,0,0,0,0,0,0,0,0,0
2025-12-30 08:00:00,27.47,7.98,3.3,6.34,1.0,2.0,Pond_01,Real_Data,Obs_Pond_01_20251230_08,Unknown,0,1.0,0,-1,0,0,0,0,0,0,0,0
2025-12-30 08:00:00,27.47,7.9799999999999995,3.3,6.34,0.0,2.0,Pond_02,Real_Data,Obs_Pond_02_20251230_08,Medium,2,1.0,0,1,0,0,0,0,0,0,0,1
2025-12-30 08:00:00,27.177664804526625,7.679477045098758,3.1105659548266473,6.38856794035554,,,Pond_03,Real_Data,Obs_Pond_03_20251230_08,Unknown,0,1.0,0,-1,0,0,0,0,0,0,0,0
2025-12-30 08:00:00,27.413011515881422,7.956591931152336,3.3183612302001286,6.3047916516457,0.0,1.0,Pond_04,Mock_Data,Obs_Pond_04_20251230_08,Low,2,1.0,0,0,0,0,0,0,0,0,0,0
2025-12-30 08:00:00,27.520840296855297,7.980136831941321,3.2656166188197036,6.315343767876779,0.0,1.0,Pond_05,Mock_Data,Obs_Pond_05_20251230_08,Low,1,1.0,0,0,0,0,0,0,0,0,0,0
2025-12-30 12:00:00,27.47,7.98,3.3,6.34,0.0,2.0,Pond_01,Real_Data,Obs_Pond_01_20251230_12,Medium,2,1.0,0,1,0,0,0,0,0,0,0,1
2025-12-30 12:00:00,27.47,7.9799999999999995,3.3,6.34,0.0,2.0,Pond_02,Real_Data,Obs_Pond_02_20251230_12,Medium,2,1.0,0,1,0,0,0,0,0,0,0,1
2025-12-30 12:00:00,27.5516037083971,7.858193861263652,3.3298806329205175,6.43693682556428,,,Pond_03,Real_Data,Obs_Pond_03_20251230_12,Low,1,1.0,0,0,0,0,0,0,0,0,0,0
2025-12-30 12:00:00,27.566069266978573,7.971699872479287,3.318031904430806,6.253490204198972,0.0,1.0,Pond_04,Mock_Data,Obs_Pond_04_20251230_12,Low,2,1.0,0,0,0,0,0,0,0,0,0,0
2025-12-30 12:00:00,27.52065892313636,7.940369947605651,3.346330826902035,6.372597034854061,0.0,1.0,Pond_05,Mock_Data,Obs_Pond_05_20251230_12,Low,2,1.0,0,0,0,0,0,0,0,0,0,0
2025-12-30 16:00:00,27.47,7.98,3.3,6.34,0.0,2.0,Pond_01,Real_Data,Obs_Pond_01_20251230_16,Medium,2,1.0,0,1,0,0,0,0,0,0,0,1
2025-12-30 16:00:00,27.47,7.98,3.3,6.34,0.0,2.0,Pond_02,Real_Data,Obs_Pond_02_20251230_16,Medium,2,1.0,0,1,0,0,0,0,0,0,0,1
2025-12-30 16:00:00,26.86582304783095,7.763313207838185,2.7609010495230697,6.16842932008668,,,Pond_03,Real_Data,Obs_Pond_03_20251230_16,Unknown,0,1.0,0,-1,0,0,0,0,0,0,0,0
2025-12-30 16:00:00,27.42145177150097,7.994913605064444,3.2234231624837606,6.334424554414307,0.0,2.0,Pond_04,Mock_Data,Obs_Pond_04_20251230_16,Medium,2,1.0,0,1,0,0,0,0,0,0,0,1
2025-12-30 16:00:00,27.52913686160049,7.936159404526481,3.3097130229350973,6.298789628696886,0.0,1.0,Pond_05,Mock_Data,Obs_Pond_05_20251230_16,Low,2,1.0,0,0,0,0,0,0,0,0,0,0
2025-12-30 20:00:00,27.47,7.98,3.3,6.34,0.0,2.0,Pond_01,Real_Data,Obs_Pond_01_20251230_20,Medium,2,1.0,0,1,0,0,0,0,0,0,0,1
2025-12-30 20:00:00,27.470000000000002,7.98,3.3,6.34,0.0,2.0,Pond_02,Real_Data,Obs_Pond_02_20251230_20,Medium,2,1.0,0,1,0,0,0,0,0,0,0,1
2025-12-30 20:00:00,27.25471098581045,7.7599394476847,3.523218097066702,5.8868968871589,,,Pond_03,Real_Data,Obs_Pond_03_20251230_20,Low,1,1.0,0,0,0,0,0,0,0,0,0,0
2025-12-30 20:00:00,27.45003772696204,7.99820630641725,3.345874266285455,6.5029213334716625,0.0,1.0,Pond_04,Mock_Data,Obs_Pond_04_20251230_20,Low,2,1.0,0,0,0,0,0,0,0,0,0,0
2025-12-30 20:00:00,27.545524809754315,7.967585516529041,3.3261619476793696,6.301401156657074,0.0,1.0,Pond_05,Mock_Data,Obs_Pond_05_20251230_20,Low,2,1.0,0,0,0,0,0,0,0,0,0,0
2025-12-31 00:00:00,27.47,7.98,3.3,6.34,0.0,2.0,Pond_01,Real_Data,Obs_Pond_01_20251231_00,Medium,2,1.0,0,1,0,0,0,0,0,0,0,1
2025-12-31 00:00:00,27.469999999999995,7.98,3.3,6.34,0.0,2.0,Pond_02,Real_Data,Obs_Pond_02_20251231_00,Medium,2,1.0,0,1,0,0,0,0,0,0,0,1
2025-12-31 00:00:00,27.50218929013705,7.71537176084287,3.203315981025805,6.22797154651808,,,Pond_03,Real_Data,Obs_Pond_03_20251231_00,Unknown,0,1.0,0,-1,0,0,0,0,0,0,0,0
2025-12-31 00:00:00,27.520424071169817,7.97369680953798,3.3108900875444434,6.289243998004074,0.0,1.0,Pond_04,Mock_Data,Obs_Pond_04_20251231_00,Low,2,1.0,0,0,0,0,0,0,0,0,0,0
2025-12-31 00:00:00,27.606486978373944,8.002644747613118,3.3608252486843244,6.306654580484894,0.0,1.0,Pond_05,Mock_Data,Obs_Pond_05_20251231_00,Low,2,1.0,0,0,0,0,0,0,0,0,0,0
2025-12-31 04:00:00,27.47,7.98,3.3,6.34,0.0,2.0,Pond_01,Real_Data,Obs_Pond_01_20251231_04,Medium,2,1.0,0,1,0,0,0,0,0,0,0,1
2025-12-31 04:00:00,27.47,7.98,3.3,6.34,0.0,2.0,Pond_02,Real_Data,Obs_Pond_02_20251231_04,Medium,2,1.0,0,1,0,0,0,0,0,0,0,1
2025-12-31 04:00:00,27.157995487449874,7.7799453342429405,3.4408545313052525,6.28355786908439,,,Pond_03,Real_Data,Obs_Pond_03_20251231_04,Low,1,1.0,0,0,0,0,0,0,0,0,0,0
2025-12-31 04:00:00,27.39370758901338,7.978464780734755,3.3596972882656577,6.443518288576487,0.0,1.0,Pond_04,Mock_Data,Obs_Pond_04_20251231_04,Low,2,1.0,0,0,0,0,0,0,0,0,0,0
2025-12-31 04:00:00,27.447928419436984,7.996902418761291,3.2866461049828795,6.425452972796593,0.0,1.0,Pond_05,Mock_Data,Obs_Pond_05_20251231_04,Low,1,1.0,0,0,0,0,0,0,0,0,0,0
2025-12-31 08:00:00,27.47,7.98,3.3,6.34,0.0,2.0,Pond_01,Real_Data,Obs_Pond_01_20251231_08,Medium,2,1.0,0,1,0,0,0,0,0,0,0,1
2025-12-31 08:00:00,27.47,7.9799999999999995,3.3,6.34,0.0,2.0,Pond_02,Real_Data,Obs_Pond_02_20251231_08,Medium,2,1.0,0,1,0,0,0,0,0,0,0,1
2025-12-31 08:00:00,27.736541524020875,7.78383482142001,3.50109529704933,6.20790454440913,,,Pond_03,Real_Data,Obs_Pond_03_20251231_08,Low,1,1.0,0,0,0,0,0,0,0,0,0,0
2025-12-31 08:00:00,27.48409860256903,7.947454003252232,3.3191526340162927,6.445955058504523,0.0,1.0,Pond_04,Mock_Data,Obs_Pond_04_20251231_08,Low,2,1.0,0,0,0,0,0,0,0,0,0,0
2025-12-31 08:00:00,27.476791552820355,7.999599490721215,3.275229682463744,6.136576973928236,0.0,1.0,Pond_05,Mock_Data,Obs_Pond_05_20251231_08,Low,1,1.0,0,0,0,0,0,0,0,0,0,0
2025-12-31 12:00:00,27.47,7.98,3.3,6.34,1.0,2.0,Pond_01,Real_Data,Obs_Pond_01_20251231_12,Unknown,0,1.0,0,-1,0,0,0,0,0,0,0,0
2025-12-31 12:00:00,27.47,7.98,3.3,6.34,0.0,2.0,Pond_02,Real_Data,Obs_Pond_02_20251231_12,Medium,2,1.0,0,1,0,0,0,0,0,0,0,1
2025-12-31 12:00:00,26.9620391554571,7.715126758330072,3.4491985570671875,6.40587901762449,,,Pond_03,Real_Data,Obs_Pond_03_20251231_12,Low,1,1.0,0,0,0,0,0,0,0,0,0,0
2025-12-31 12:00:00,27.551020361786758,7.972344639181144,3.3474860760325447,6.3050381796054165,0.0,2.0,Pond_04,Mock_Data,Obs_Pond_04_20251231_12,Low,3,1.0,0,0,0,0,0,0,0,0,0,0
2025-12-31 12:00:00,27.551020361786758,7.972344639181144,3.3474860760325447,6.3050381796054165,0.0,2.0,Pond_04,Mock_Data,Obs_Pond_04_20251231_12,Medium,3,1.0,0,1,0,0,0,0,0,0,0,1
2025-12-31 12:00:00,27.4441879818305,7.958835919785947,3.3375854647964602,6.36498401224458,0.0,1.0,Pond_05,Mock_Data,Obs_Pond_05_20251231_12,Low,2,1.0,0,0,0,0,0,0,0,0,0,0
2025-12-31 16:00:00,27.47,7.98,3.3,6.34,1.0,2.0,Pond_01,Real_Data,Obs_Pond_01_20251231_16,Unknown,0,1.0,0,-1,0,0,0,0,0,0,0,0
2025-12-31 16:00:00,27.47,7.98,3.3,6.34,0.0,2.0,Pond_02,Real_Data,Obs_Pond_02_20251231_16,Medium,2,1.0,0,1,0,0,0,0,0,0,0,1
2025-12-31 16:00:00,27.22088254295965,7.93946061546601,3.713294707494335,6.13684859933237,,,Pond_03,Real_Data,Obs_Pond_03_20251231_16,Medium,1,1.0,0,1,0,0,0,0,0,0,0,1
2025-12-31 16:00:00,27.370363695699172,7.999091447893839,3.3201161757107975,6.375934080103756,0.0,1.0,Pond_04,Mock_Data,Obs_Pond_04_20251231_16,Low,2,1.0,0,0,0,0,0,0,0,0,0,0
2025-12-31 16:00:00,27.47012253036387,8.014647269526423,3.3219688508865013,6.342164433639284,0.0,1.0,Pond_05,Mock_Data,Obs_Pond_05_20251231_16,Low,2,1.0,0,0,0,0,0,0,0,0,0,0
2025-12-31 20:00:00,27.47,7.98,3.3,6.34,1.0,2.0,Pond_01,Real_Data,Obs_Pond_01_20251231_20,Unknown,0,1.0,0,-1,0,0,0,0,0,0,0,0
2025-12-31 20:00:00,27.47,7.98,3.3,6.34,0.0,2.0,Pond_02,Real_Data,Obs_Pond_02_20251231_20,Medium,2,1.0,0,1,0,0,0,0,0,0,0,1
2025-12-31 20:00:00,27.10891456756965,7.808210304532052,3.2472246745031272,6.67461980054068,,,Pond_03,Real_Data,Obs_Pond_03_20251231_20,Unknown,0,1.0,0,-1,0,0,0,0,0,0,0,0
2025-12-31 20:00:00,27.48144412266171,7.992333450410116,3.3580456242803134,6.442841256333974,0.0,1.0,Pond_04,Mock_Data,Obs_Pond_04_20251231_20,Low,2,1.0,0,0,0,0,0,0,0,0,0,0
2025-12-31 20:00:00,27.565011775446912,7.959310918132368,3.291922822208607,6.233844762813005,0.0,1.0,Pond_05,Mock_Data,Obs_Pond_05_20251231_20,Low,1,1.0,0,0,0,0,0,0,0,0,0,0
2026-01-01 00:00:00,27.47,7.98,3.3,6.34,1.0,2.0,Pond_01,Real_Data,Obs_Pond_01_20260101_00,Unknown,0,1.0,0,-1,0,0,0,0,0,0,0,0
2026-01-01 00:00:00,27.47,7.98,3.3,6.34,0.0,2.0,Pond_02,Real_Data,Obs_Pond_02_20260101_00,Medium,2,1.0,0,1,0,0,0,0,0,0,0,1
2026-01-01 00:00:00,27.4007471324134,7.7869685512138425,3.29843654812252,7.08314587591881,,,Pond_03,Real_Data,Obs_Pond_03_20260101_00,Unknown,0,1.0,0,-1,0,0,0,0,0,0,0,0
2026-01-01 00:00:00,27.486108262041906,7.99073519123407,3.322518039087255,6.316056218343596,0.0,1.0,Pond_04,Mock_Data,Obs_Pond_04_20260101_00,Low,2,1.0,0,0,0,0,0,0,0,0,0,0
2026-01-01 00:00:00,27.38663224254621,7.984563345404784,3.359995915231627,6.359560769553442,0.0,1.0,Pond_05,Mock_Data,Obs_Pond_05_20260101_00,Low,2,1.0,0,0,0,0,0,0,0,0,0,0
2026-01-01 04:00:00,27.47,7.98,3.3,6.34,1.0,2.0,Pond_01,Real_Data,Obs_Pond_01_20260101_04,Unknown,0,1.0,0,-1,0,0,0,0,0,0,0,0
2026-01-01 04:00:00,27.47,7.98,3.3,6.34,0.0,2.0,Pond_02,Real_Data,Obs_Pond_02_20260101_04,Medium,2,1.0,0,1,0,0,0,0,0,0,0,1
2026-01-01 04:00:00,27.72400248262565,7.977324818252246,3.033931045748795,6.12566314683227,,,Pond_03,Real_Data,Obs_Pond_03_20260101_04,Unknown,0,1.0,0,-1,0,0,0,0,0,0,0,0
2026-01-01 04:00:00,27.51845956703431,7.981067239132806,3.295778158618529,6.327142898910202,0.0,1.0,Pond_04,Mock_Data,Obs_Pond_04_20260101_04,Low,1,1.0,0,0,0,0,0,0,0,0,0,0
2026-01-01 04:00:00,27.416629734413725,7.97977802791938,3.29084859771265,6.370046078362251,0.0,1.0,Pond_05,Mock_Data,Obs_Pond_05_20260101_04,Low,1,1.0,0,0,0,0,0,0,0,0,0,0
2026-01-01 08:00:00,27.47,7.98,3.3,6.34,0.0,2.0,Pond_01,Real_Data,Obs_Pond_01_20260101_08,Medium,2,1.0,0,1,0,0,0,0,0,0,0,1
2026-01-01 08:00:00,27.47,7.980000000000001,3.3,6.34,0.0,2.0,Pond_02,Real_Data,Obs_Pond_02_20260101_08,Medium,2,1.0,0,1,0,0,0,0,0,0,0,1
2026-01-01 08:00:00,27.168132235853076,7.696382050452042,3.476841451208165,5.58524768930083,,,Pond_03,Real_Data,Obs_Pond_03_20260101_08,Low,1,1.0,0,0,0,0,0,0,0,0,0,0
2026-01-01 08:00:00,27.393330337272342,7.9801514470740695,3.397981257138222,6.303263989174184,0.0,1.0,Pond_04,Mock_Data,Obs_Pond_04_20260101_08,Low,2,1.0,0,0,0,0,0,0,0,0,0,0
2026-01-01 08:00:00,27.555361524099702,7.9762718264263714,3.3014131108717066,6.377238617714701,0.0,1.0,Pond_05,Mock_Data,Obs_Pond_05_20260101_08,Low,2,1.0,0,0,0,0,0,0,0,0,0,0
2026-01-01 12:00:00,27.47,7.98,3.3,6.34,1.0,2.0,Pond_01,Real_Data,Obs_Pond_01_20260101_12,Unknown,0,1.0,0,-1,0,0,0,0,0,0,0,0
2026-01-01 12:00:00,27.47,7.98,3.3,6.34,0.0,2.0,Pond_02,Real_Data,Obs_Pond_02_20260101_12,Medium,2,1.0,0,1,0,0,0,0,0,0,0,1
2026-01-01 12:00:00,27.23522411716345,7.855214439405608,3.40700527424666,6.62414123050171,,,Pond_03,Real_Data,Obs_Pond_03_20260101_12,Low,1,1.0,0,0,0,0,0,0,0,0,0,0
2026-01-01 12:00:00,27.388154408028264,7.965841503810986,3.3383328832726162,6.275913121179708,0.0,1.0,Pond_04,Mock_Data,Obs_Pond_04_20260101_12,Low,2,1.0,0,0,0,0,0,0,0,0,0,0
2026-01-01 12:00:00,27.533224714021596,8.008701870280598,3.3009150634734787,6.172524014290034,0.0,1.0,Pond_05,Mock_Data,Obs_Pond_05_20260101_12,Low,2,1.0,0,0,0,0,0,0,0,0,0,0
2026-01-01 16:00:00,27.47,7.98,3.3,6.34,1.0,2.0,Pond_01,Real_Data,Obs_Pond_01_20260101_16,Unknown,0,1.0,0,-1,0,0,0,0,0,0,0,0
2026-01-01 16:00:00,27.47,7.98,3.3,6.34,0.0,2.0,Pond_02,Real_Data,Obs_Pond_02_20260101_16,Medium,2,1.0,0,1,0,0,0,0,0,0,0,1
2026-01-01 16:00:00,27.501024821465474,7.700577145838415,3.2359840865142377,6.0599575660902,,,Pond_03,Real_Data,Obs_Pond_03_20260101_16,Unknown,0,1.0,0,-1,0,0,0,0,0,0,0,0
2026-01-01 16:00:00,27.502351397228257,7.994984162906102,3.3247383122341128,6.298994929432032,0.0,1.0,Pond_04,Mock_Data,Obs_Pond_04_20260101_16,Low,2,1.0,0,0,0,0,0,0,0,0,0,0
2026-01-01 16:00:00,27.447492085462773,7.96488113734998,3.2597028315436707,6.426294212208925,0.0,1.0,Pond_05,Mock_Data,Obs_Pond_05_20260101_16,Low,1,1.0,0,0,0,0,0,0,0,0,0,0
2026-01-01 20:00:00,27.47,7.98,3.3,6.34,1.0,2.0,Pond_01,Real_Data,Obs_Pond_01_20260101_20,Unknown,0,1.0,0,-1,0,0,0,0,0,0,0,0
2026-01-01 20:00:00,27.47,7.98,3.3,6.34,0.0,2.0,Pond_02,Real_Data,Obs_Pond_02_20260101_20,Medium,2,1.0,0,1,0,0,0,0,0,0,0,1
2026-01-01 20:00:00,27.10265528728395,7.920930174937245,3.0009660669607676,6.46309685941811,,,Pond_03,Real_Data,Obs_Pond_03_20260101_20,Unknown,0,1.0,0,-1,0,0,0,0,0,0,0,0
2026-01-01 20:00:00,27.488407940212838,7.989026431947292,3.2449691953312088,6.2627021519672885,0.0,1.0,Pond_04,Mock_Data,Obs_Pond_04_20260101_20,Low,1,1.0,0,0,0,0,0,0,0,0,0,0
2026-01-01 20:00:00,27.522958224352575,7.951061988285112,3.3033452727724297,6.293408298398635,0.0,1.0,Pond_05,Mock_Data,Obs_Pond_05_20260101_20,Low,2,1.0,0,0,0,0,0,0,0,0,0,0
2026-01-02 00:00:00,27.47,7.98,3.3,6.34,1.0,2.0,Pond_01,Real_Data,Obs_Pond_01_20260102_00,Unknown,0,1.0,0,-1,0,0,0,0,0,0,0,0
2026-01-02 00:00:00,27.47,7.9799999999999995,3.3,6.34,0.0,2.0,Pond_02,Real_Data,Obs_Pond_02_20260102_00,Medium,2,1.0,0,1,0,0,0,0,0,0,0,1
2026-01-02 00:00:00,27.60901006070675,7.75147245387811,3.31351982963617,6.09923363585386,,,Pond_03,Real_Data,Obs_Pond_03_20260102_00,Low,1,1.0,0,0,0,0,0,0,0,0,0,0
2026-01-02 00:00:00,27.485526247070972,15.097375352295119,3.2444516496759905,6.342152538666694,0.0,1.0,Pond_04,Mock_Data,Obs_Pond_04_20260102_00,Low,1,0.5,1,0,1,0,0,0,1,1,0,0
2026-01-02 00:00:00,27.49114951172357,7.98042873989386,3.360224532247596,6.383360130223574,0.0,1.0,Pond_05,Mock_Data,Obs_Pond_05_20260102_00,Low,2,1.0,0,0,0,0,0,0,0,0,0,0
2026-01-02 04:00:00,27.47,7.98,3.3,6.34,1.0,2.0,Pond_01,Real_Data,Obs_Pond_01_20260102_04,Unknown,0,1.0,0,-1,0,0,0,0,0,0,0,0
2026-01-02 04:00:00,27.47,7.98,3.3,6.34,0.0,2.0,Pond_02,Real_Data,Obs_Pond_02_20260102_04,Medium,2,1.0,0,1,0,0,0,0,0,0,0,1
2026-01-02 04:00:00,27.340768022005026,7.8031402528301355,3.084373647966245,7.04412350636773,,,Pond_03,Real_Data,Obs_Pond_03_20260102_04,Unknown,0,1.0,0,-1,0,0,0,0,0,0,0,0
2026-01-02 04:00:00,27.491473828456655,7.968720848281282,3.31262110223278,6.291372403196546,0.0,1.0,Pond_04,Mock_Data,Obs_Pond_04_20260102_04,Low,2,1.0,0,0,0,0,0,0,0,0,0,0
2026-01-02 04:00:00,27.562991214006672,7.9714269815772125,3.3191858338261353,6.386802454364656,0.0,1.0,Pond_05,Mock_Data,Obs_Pond_05_20260102_04,Low,2,1.0,0,0,0,0,0,0,0,0,0,0
2026-01-02 08:00:00,27.47,7.98,3.3,6.34,1.0,2.0,Pond_01,Real_Data,Obs_Pond_01_20260102_08,Unknown,0,1.0,0,-1,0,0,0,0,0,0,0,0
2026-01-02 08:00:00,27.469999999999995,7.98,3.3,6.34,0.0,2.0,Pond_02,Real_Data,Obs_Pond_02_20260102_08,Medium,2,1.0,0,1,0,0,0,0,0,0,0,1
2026-01-02 08:00:00,27.34741575720425,7.8475900870481725,3.2593194170175277,6.06642076187341,,,Pond_03,Real_Data,Obs_Pond_03_20260102_08,Unknown,0,1.0,0,-1,0,0,0,0,0,0,0,0
2026-01-02 08:00:00,27.427850166872954,7.9338283787961865,3.3062744816250595,6.3547647302507615,0.0,2.0,Pond_04,Mock_Data,Obs_Pond_04_20260102_08,Low,3,1.0,0,0,0,0,0,0,0,0,0,0
2026-01-02 08:00:00,27.427850166872954,7.9338283787961865,3.3062744816250595,6.3547647302507615,0.0,2.0,Pond_04,Mock_Data,Obs_Pond_04_20260102_08,Medium,3,1.0,0,1,0,0,0,0,0,0,0,1
2026-01-02 08:00:00,27.4746183129032,8.052417283546013,3.301339371178499,6.284632266839143,0.0,1.0,Pond_05,Mock_Data,Obs_Pond_05_20260102_08,Low,2,1.0,0,0,0,0,0,0,0,0,0,0
2026-01-02 12:00:00,27.47,7.98,3.3,6.34,0.0,2.0,Pond_01,Real_Data,Obs_Pond_01_20260102_12,Medium,2,1.0,0,1,0,0,0,0,0,0,0,1
2026-01-02 12:00:00,27.47,7.98,3.3,6.34,0.0,2.0,Pond_02,Real_Data,Obs_Pond_02_20260102_12,Medium,2,1.0,0,1,0,0,0,0,0,0,0,1
2026-01-02 12:00:00,27.559417911092027,7.866669510529472,3.05469844005914,6.70875101085232,,,Pond_03,Real_Data,Obs_Pond_03_20260102_12,Unknown,0,1.0,0,-1,0,0,0,0,0,0,0,0
2026-01-02 12:00:00,27.484395733372384,8.003524966201324,3.2735206910829846,6.2417375369688965,0.0,1.0,Pond_04,Mock_Data,Obs_Pond_04_20260102_12,Low,1,1.0,0,0,0,0,0,0,0,0,0,0
2026-01-02 12:00:00,27.533571545383115,7.994505560937597,3.293025031069175,6.381711294590881,0.0,1.0,Pond_05,Mock_Data,Obs_Pond_05_20260102_12,Low,1,1.0,0,0,0,0,0,0,0,0,0,0
2026-01-02 16:00:00,27.47,7.98,3.3,6.34,0.0,2.0,Pond_01,Real_Data,Obs_Pond_01_20260102_16,Medium,2,1.0,0,1,0,0,0,0,0,0,0,1
2026-01-02 16:00:00,27.47,7.980000000000001,3.3,6.34,0.0,2.0,Pond_02,Real_Data,Obs_Pond_02_20260102_16,Medium,2,1.0,0,1,0,0,0,0,0,0,0,1
2026-01-02 16:00:00,27.5310082011779,7.958918072500015,3.6688967181777823,6.28211289087489,,,Pond_03,Real_Data,Obs_Pond_03_20260102_16,Low,1,1.0,0,0,0,0,0,0,0,0,0,0
2026-01-02 16:00:00,27.488165451125063,7.96973284680624,3.306078793823399,6.360896714162693,0.0,1.0,Pond_04,Mock_Data,Obs_Pond_04_20260102_16,Low,2,1.0,0,0,0,0,0,0,0,0,0,0
2026-01-02 16:00:00,27.633759283469043,7.971222987380257,3.3142660940255597,6.3156542057133995,0.0,1.0,Pond_05,Mock_Data,Obs_Pond_05_20260102_16,Low,2,1.0,0,0,0,0,0,0,0,0,0,0
2026-01-02 20:00:00,27.47,7.98,3.3,6.34,0.0,2.0,Pond_01,Real_Data,Obs_Pond_01_20260102_20,Medium,2,1.0,0,1,0,0,0,0,0,0,0,1
2026-01-02 20:00:00,27.47,7.98,3.3,6.34,0.0,2.0,Pond_02,Real_Data,Obs_Pond_02_20260102_20,Medium,2,1.0,0,1,0,0,0,0,0,0,0,1
2026-01-02 20:00:00,27.736265766648103,7.9330250194063625,3.6386174124844146,6.33632205480841,,,Pond_03,Real_Data,Obs_Pond_03_20260102_20,Low,1,1.0,0,0,0,0,0,0,0,0,0,0
2026-01-02 20:00:00,27.42572250227317,7.961500505379974,3.3684973091340256,6.392641453798844,0.0,1.0,Pond_04,Mock_Data,Obs_Pond_04_20260102_20,Low,2,1.0,0,0,0,0,0,0,0,0,0,0
2026-01-02 20:00:00,27.50707185750565,7.957355031160394,3.3323279151469793,6.209182342655937,0.0,1.0,Pond_05,Mock_Data,Obs_Pond_05_20260102_20,Low,2,1.0,0,0,0,0,0,0,0,0,0,0
2026-01-03 00:00:00,27.47,7.98,3.3,6.34,0.0,2.0,Pond_01,Real_Data,Obs_Pond_01_20260103_00,Medium,2,1.0,0,1,0,0,0,0,0,0,0,1
2026-01-03 00:00:00,27.47,7.9799999999999995,3.3,6.34,0.0,2.0,Pond_02,Real_Data,Obs_Pond_02_20260103_00,Medium,2,1.0,0,1,0,0,0,0,0,0,0,1
2026-01-03 00:00:00,27.2949868814775,7.67521644923054,3.71672097565441,6.29493076047159,,,Pond_03,Real_Data,Obs_Pond_03_20260103_00,Medium,1,1.0,0,1,0,0,0,0,0,0,0,1
2026-01-03 00:00:00,27.585645919629066,7.994869459637966,3.3299838794313392,6.214085787597653,0.0,1.0,Pond_04,Mock_Data,Obs_Pond_04_20260103_00,Low,2,1.0,0,0,0,0,0,0,0,0,0,0
2026-01-03 00:00:00,27.473057497603747,7.939683168228545,3.326268735471644,6.413748646361355,0.0,1.0,Pond_05,Mock_Data,Obs_Pond_05_20260103_00,Low,2,1.0,0,0,0,0,0,0,0,0,0,0
2026-01-03 04:00:00,27.47,7.98,3.3,6.34,1.0,2.0,Pond_01,Real_Data,Obs_Pond_01_20260103_04,Unknown,0,1.0,0,-1,0,0,0,0,0,0,0,0
2026-01-03 04:00:00,27.47,7.980000000000001,3.3,6.34,0.0,2.0,Pond_02,Real_Data,Obs_Pond_02_20260103_04,Medium,2,1.0,0,1,0,0,0,0,0,0,0,1
2026-01-03 04:00:00,27.448050318075826,7.703104373224925,3.2571662717550525,5.64846127336,,,Pond_03,Real_Data,Obs_Pond_03_20260103_04,Unknown,0,1.0,0,-1,0,0,0,0,0,0,0,0
2026-01-03 04:00:00,27.499369488950595,7.971594530090667,3.2508027899833367,6.363623512255383,0.0,1.0,Pond_04,Mock_Data,Obs_Pond_04_20260103_04,Low,1,1.0,0,0,0,0,0,0,0,0,0,0
2026-01-03 04:00:00,27.514779283611215,7.958017422659082,3.285690882088386,6.29105209837713,0.0,1.0,Pond_05,Mock_Data,Obs_Pond_05_20260103_04,Low,1,1.0,0,0,0,0,0,0,0,0,0,0
2026-01-03 08:00:00,27.47,7.98,3.3,6.34,0.0,2.0,Pond_01,Real_Data,Obs_Pond_01_20260103_08,Medium,2,1.0,0,1,0,0,0,0,0,0,0,1
2026-01-03 08:00:00,27.47,7.98,3.3,6.34,0.0,2.0,Pond_02,Real_Data,Obs_Pond_02_20260103_08,Medium,2,1.0,0,1,0,0,0,0,0,0,0,1
2026-01-03 08:00:00,26.81222249765215,7.693416061904465,3.8365328494726776,5.56774739463893,,,Pond_03,Real_Data,Obs_Pond_03_20260103_08,Medium,1,1.0,0,1,0,0,0,0,0,0,0,1
2026-01-03 08:00:00,27.396159679174307,8.002726979884498,3.2951920400761496,6.417533335401821,0.0,2.0,Pond_04,Mock_Data,Obs_Pond_04_20260103_08,Medium,2,1.0,0,1,0,0,0,0,0,0,0,1
2026-01-03 08:00:00,27.447358871333297,7.982464562377494,3.3140037065091166,6.286034534836902,0.0,1.0,Pond_05,Mock_Data,Obs_Pond_05_20260103_08,Low,2,1.0,0,0,0,0,0,0,0,0,0,0
2026-01-03 12:00:00,27.47,7.98,3.3,6.34,1.0,2.0,Pond_01,Real_Data,Obs_Pond_01_20260103_12,Unknown,0,1.0,0,-1,0,0,0,0,0,0,0,0
2026-01-03 12:00:00,27.47,7.98,3.3,6.34,0.0,2.0,Pond_02,Real_Data,Obs_Pond_02_20260103_12,Medium,2,1.0,0,1,0,0,0,0,0,0,0,1
2026-01-03 12:00:00,27.04671733190185,7.88822898613252,3.55730142169538,6.81167683278864,,,Pond_03,Real_Data,Obs_Pond_03_20260103_12,Low,1,1.0,0,0,0,0,0,0,0,0,0,0
2026-01-03 12:00:00,27.51069502793757,7.99322973908218,3.2652920160749197,6.26360521981659,0.0,1.0,Pond_04,Mock_Data,Obs_Pond_04_20260103_12,Low,1,1.0,0,0,0,0,0,0,0,0,0,0
2026-01-03 12:00:00,27.618012913511443,8.010604543859055,3.3206937073990197,6.314544407876134,0.0,1.0,Pond_05,Mock_Data,Obs_Pond_05_20260103_12,Low,2,1.0,0,0,0,0,0,0,0,0,0,0
2026-01-03 16:00:00,27.47,7.98,3.3,6.34,1.0,2.0,Pond_01,Real_Data,Obs_Pond_01_20260103_16,Unknown,0,1.0,0,-1,0,0,0,0,0,0,0,0
2026-01-03 16:00:00,27.47,7.98,3.3,6.34,0.0,2.0,Pond_02,Real_Data,Obs_Pond_02_20260103_16,Medium,2,1.0,0,1,0,0,0,0,0,0,0,1
2026-01-03 16:00:00,27.2355753782276,7.903405362911835,3.525737026158445,6.76737452187777,,,Pond_03,Real_Data,Obs_Pond_03_20260103_16,Low,1,1.0,0,0,0,0,0,0,0,0,0,0
2026-01-03 16:00:00,27.409586505536577,7.9946569798828175,3.2832834251033516,6.445631173099236,0.0,2.0,Pond_04,Mock_Data,Obs_Pond_04_20260103_16,Medium,2,1.0,0,1,0,0,0,0,0,0,0,1
2026-01-03 16:00:00,27.48116130627175,8.004051072271324,3.256572468210747,6.357193088253355,0.0,1.0,Pond_05,Mock_Data,Obs_Pond_05_20260103_16,Low,1,1.0,0,0,0,0,0,0,0,0,0,0
2026-01-03 20:00:00,27.47,7.98,3.3,6.34,0.0,2.0,Pond_01,Real_Data,Obs_Pond_01_20260103_20,Medium,2,1.0,0,1,0,0,0,0,0,0,0,1
2026-01-03 20:00:00,27.469999999999995,7.98,3.3,6.34,0.0,2.0,Pond_02,Real_Data,Obs_Pond_02_20260103_20,Medium,2,1.0,0,1,0,0,0,0,0,0,0,1
2026-01-03 20:00:00,26.809552778506053,7.90882333783928,3.09448688831417,5.64038624134859,,,Pond_03,Real_Data,Obs_Pond_03_20260103_20,Unknown,0,1.0,0,-1,0,0,0,0,0,0,0,0
2026-01-03 20:00:00,27.51878570388971,7.950711404534441,3.2821660078831725,-1.5,0.0,1.0,Pond_04,Mock_Data,Obs_Pond_04_20260103_20,Low,1,0.5,1,0,0,1,0,0,1,1,0,0
2026-01-03 20:00:00,27.453082829877694,7.984912213326042,3.30725364727352,6.336383091861004,0.0,2.0,Pond_05,Mock_Data,Obs_Pond_05_20260103_20,Low,3,1.0,0,0,0,0,0,0,0,0,0,0
2026-01-03 20:00:00,27.453082829877694,7.984912213326042,3.30725364727352,6.336383091861004,0.0,2.0,Pond_05,Mock_Data,Obs_Pond_05_20260103_20,Medium,3,1.0,0,1,0,0,0,0,0,0,0,1
2026-01-04 00:00:00,27.47,7.98,3.3,6.34,0.0,2.0,Pond_01,Real_Data,Obs_Pond_01_20260104_00,Medium,2,1.0,0,1,0,0,0,0,0,0,0,1
2026-01-04 00:00:00,27.47,7.9799999999999995,3.3,6.34,0.0,2.0,Pond_02,Real_Data,Obs_Pond_02_20260104_00,Medium,2,1.0,0,1,0,0,0,0,0,0,0,1
2026-01-04 00:00:00,27.8161189438647,7.78784185860634,3.733592303623605,6.50557646760317,,,Pond_03,Real_Data,Obs_Pond_03_20260104_00,Medium,1,1.0,0,1,0,0,0,0,0,0,0,1
2026-01-04 00:00:00,27.541812992627,8.00598630162299,3.2794052105308196,6.295475033571831,0.0,1.0,Pond_04,Mock_Data,Obs_Pond_04_20260104_00,Low,1,1.0,0,0,0,0,0,0,0,0,0,0
2026-01-04 00:00:00,27.41820165945447,7.973070692592229,3.2068104047468586,6.374613122068316,0.0,2.0,Pond_05,Mock_Data,Obs_Pond_05_20260104_00,Medium,2,1.0,0,1,0,0,0,0,0,0,0,1
2026-01-04 04:00:00,27.462005494505497,7.974725274725275,3.2957967032967024,6.34,1.0,2.0,Pond_01,Real_Data,Obs_Pond_01_20260104_04,Unknown,0,1.0,0,-1,0,0,0,0,0,0,0,0
2026-01-04 04:00:00,27.47,7.9799999999999995,3.3,6.34,0.0,2.0,Pond_02,Real_Data,Obs_Pond_02_20260104_04,Medium,2,1.0,0,1,0,0,0,0,0,0,0,1
2026-01-04 04:00:00,27.488574545695176,7.919828793495418,3.6533104206929004,6.3911606411817,,,Pond_03,Real_Data,Obs_Pond_03_20260104_04,Low,1,1.0,0,0,0,0,0,0,0,0,0,0
2026-01-04 04:00:00,27.411137310348096,7.980326965220603,3.2416786507436157,6.336477908434932,0.0,2.0,Pond_04,Mock_Data,Obs_Pond_04_20260104_04,Medium,2,1.0,0,1,0,0,0,0,0,0,0,1
2026-01-04 04:00:00,27.53001426905782,7.980489104620008,3.3166022556298196,6.255404657966468,0.0,2.0,Pond_05,Mock_Data,Obs_Pond_05_20260104_04,Low,3,1.0,0,0,0,0,0,0,0,0,0,0
2026-01-04 04:00:00,27.53001426905782,7.980489104620008,3.3166022556298196,6.255404657966468,0.0,2.0,Pond_05,Mock_Data,Obs_Pond_05_20260104_04,Medium,3,1.0,0,1,0,0,0,0,0,0,0,1
2026-01-04 08:00:00,27.422032967032976,7.94835164835165,3.27478021978022,6.34428571428571,1.0,1.0,Pond_01,Real_Data,Obs_Pond_01_20260104_08,Low,1,1.0,0,0,0,0,0,0,0,0,0,0
2026-01-04 08:00:00,27.470000000000002,7.98,3.3,6.34,0.0,2.0,Pond_02,Real_Data,Obs_Pond_02_20260104_08,Medium,2,1.0,0,1,0,0,0,0,0,0,0,1
2026-01-04 08:00:00,27.306529283047027,7.901295400363075,3.278799957535195,5.82261409642199,,,Pond_03,Real_Data,Obs_Pond_03_20260104_08,Unknown,0,1.0,0,-1,0,0,0,0,0,0,0,0
2026-01-04 08:00:00,27.481745712463717,7.940433669271234,3.2692760941557566,6.379546805050248,0.0,1.0,Pond_04,Mock_Data,Obs_Pond_04_20260104_08,Low,1,1.0,0,0,0,0,0,0,0,0,0,0
2026-01-04 08:00:00,27.475783666942412,7.937231098558683,3.3032524315653937,6.297400363422213,0.0,1.0,Pond_05,Mock_Data,Obs_Pond_05_20260104_08,Low,2,1.0,0,0,0,0,0,0,0,0,0,0
2026-01-04 12:00:00,27.3793956043956,7.92021978021978,3.2523626373626375,6.35,0.0,1.0,Pond_01,Real_Data,Obs_Pond_01_20260104_12,Low,1,1.0,0,0,0,0,0,0,0,0,0,0
2026-01-04 12:00:00,27.47,7.9799999999999995,3.3,6.34,0.0,2.0,Pond_02,Real_Data,Obs_Pond_02_20260104_12,Medium,2,1.0,0,1,0,0,0,0,0,0,0,1
2026-01-04 12:00:00,27.045495151579452,7.828202236668045,3.41342559548839,6.13546072855392,,,Pond_03,Real_Data,Obs_Pond_03_20260104_12,Low,1,1.0,0,0,0,0,0,0,0,0,0,0
2026-01-04 12:00:00,27.404980920100027,7.923294291918789,3.2281907478358023,6.354800114314896,0.0,2.0,Pond_04,Mock_Data,Obs_Pond_04_20260104_12,Medium,2,1.0,0,1,0,0,0,0,0,0,0,1
2026-01-04 12:00:00,27.348568190192996,15.690017241791464,3.2845948104210394,6.342674214328883,0.0,1.0,Pond_05,Mock_Data,Obs_Pond_05_20260104_12,Low,1,0.5,1,0,1,0,0,0,1,1,0,0
2026-01-04 16:00:00,27.33675824175825,7.892087912087913,3.229945054945055,6.35571428571429,1.0,1.0,Pond_01,Real_Data,Obs_Pond_01_20260104_16,Low,1,1.0,0,0,0,0,0,0,0,0,0,0
2026-01-04 16:00:00,27.47,7.98,3.3,6.34,0.0,2.0,Pond_02,Real_Data,Obs_Pond_02_20260104_16,Medium,2,1.0,0,1,0,0,0,0,0,0,0,1
2026-01-04 16:00:00,27.396390032426474,7.815778747703067,3.0231176475729975,6.81508221759729,,,Pond_03,Real_Data,Obs_Pond_03_20260104_16,Unknown,0,1.0,0,-1,0,0,0,0,0,0,0,0
2026-01-04 16:00:00,27.387711828392174,7.854002171268168,3.103635127189729,6.389739376612718,0.0,1.0,Pond_04,Mock_Data,Obs_Pond_04_20260104_16,Low,1,1.0,0,0,0,0,0,0,0,0,0,0
2026-01-04 16:00:00,27.37248830749229,7.888031327646715,3.212911699990656,6.47557520337102,0.0,1.0,Pond_05,Mock_Data,Obs_Pond_05_20260104_16,Low,1,1.0,0,0,0,0,0,0,0,0,0,0
2026-01-04 20:00:00,27.2941208791209,7.863956043956042,3.207527472527475,6.36142857142857,0.0,1.0,Pond_01,Real_Data,Obs_Pond_01_20260104_20,Low,1,1.0,0,0,0,0,0,0,0,0,0,0
2026-01-04 20:00:00,27.47,7.98,3.3,6.34,0.0,2.0,Pond_02,Real_Data,Obs_Pond_02_20260104_20,Medium,2,1.0,0,1,0,0,0,0,0,0,0,1
2026-01-04 20:00:00,26.94198480054285,7.974465482526062,3.250842946465937,5.63715029656859,,,Pond_03,Real_Data,Obs_Pond_03_20260104_20,Unknown,0,1.0,0,-1,0,0,0,0,0,0,0,0
2026-01-04 20:00:00,27.41168941032052,7.872718309659959,3.2960460900350954,6.303283505514662,0.0,2.0,Pond_04,Mock_Data,Obs_Pond_04_20260104_20,Medium,2,1.0,0,1,0,0,0,0,0,0,0,1
2026-01-04 20:00:00,27.200616363321263,7.862104801940788,3.220852738656259,6.354240749818782,0.0,1.0,Pond_05,Mock_Data,Obs_Pond_05_20260104_20,Low,1,1.0,0,0,0,0,0,0,0,0,0,0
2026-01-05 00:00:00,27.251483516483525,7.835824175824178,3.18510989010989,6.36714285714286,0.0,1.0,Pond_01,Real_Data,Obs_Pond_01_20260105_00,Low,1,1.0,0,0,0,0,0,0,0,0,0,0
2026-01-05 00:00:00,27.47,7.98,3.3,6.34,0.0,0.0,Pond_02,Real_Data,Obs_Pond_02_20260105_00,Unknown,0,1.0,0,-1,0,0,0,0,0,0,0,0
2026-01-05 00:00:00,26.865081473642274,7.8153134432012,3.222023904518095,6.86525535007386,,,Pond_03,Real_Data,Obs_Pond_03_20260105_00,Unknown,0,1.0,0,-1,0,0,0,0,0,0,0,0
2026-01-05 00:00:00,27.236273675116475,7.8137525629309454,3.2320547015468133,6.377838826214673,0.0,1.0,Pond_04,Mock_Data,Obs_Pond_04_20260105_00,Low,1,1.0,0,0,0,0,0,0,0,0,0,0
2026-01-05 00:00:00,27.262948509777665,7.788312879449197,3.246506939995438,6.435679980968468,0.0,1.0,Pond_05,Mock_Data,Obs_Pond_05_20260105_00,Low,1,1.0,0,0,0,0,0,0,0,0,0,0
2026-01-05 04:00:00,27.20884615384615,7.8076923076923075,3.1626923076923075,6.37285714285714,1.0,1.0,Pond_01,Real_Data,Obs_Pond_01_20260105_04,Low,1,1.0,0,0,0,0,0,0,0,0,0,0
2026-01-05 04:00:00,27.47,7.98,3.3,6.34,0.0,0.0,Pond_02,Real_Data,Obs_Pond_02_20260105_04,Unknown,0,1.0,0,-1,0,0,0,0,0,0,0,0
2026-01-05 04:00:00,27.727339212914924,7.953740349190207,3.1858857611066,5.94036314268341,,,Pond_03,Real_Data,Obs_Pond_03_20260105_04,Unknown,0,1.0,0,-1,0,0,0,0,0,0,0,0
2026-01-05 04:00:00,27.162127479448927,7.778688576110458,3.146467235192568,6.2835741187497,0.0,1.0,Pond_04,Mock_Data,Obs_Pond_04_20260105_04,Low,1,1.0,0,0,0,0,0,0,0,0,0,0
2026-01-05 04:00:00,27.23690925814469,7.803501826176148,3.223650242455863,6.375292091406917,0.0,1.0,Pond_05,Mock_Data,Obs_Pond_05_20260105_04,Low,1,1.0,0,0,0,0,0,0,0,0,0,0
2026-01-05 08:00:00,27.1662087912088,7.77956043956044,3.140274725274725,6.37857142857143,1.0,1.0,Pond_01,Real_Data,Obs_Pond_01_20260105_08,Low,1,1.0,0,0,0,0,0,0,0,0,0,0
2026-01-05 08:00:00,27.47,7.98,3.3,6.34,0.0,0.0,Pond_02,Real_Data,Obs_Pond_02_20260105_08,Unknown,0,1.0,0,-1,0,0,0,0,0,0,0,0
2026-01-05 08:00:00,27.233621188166126,7.734732495580265,3.261939828726635,6.15929280094656,,,Pond_03,Real_Data,Obs_Pond_03_20260105_08,Unknown,0,1.0,0,-1,0,0,0,0,0,0,0,0
2026-01-05 08:00:00,27.111074200387183,7.746918266763178,3.1410861519507653,6.371546955710387,0.0,1.0,Pond_04,Mock_Data,Obs_Pond_04_20260105_08,Low,1,1.0,0,0,0,0,0,0,0,0,0,0
2026-01-05 08:00:00,27.272033865330673,7.797496193501305,3.1390168771532303,6.3480260066487935,0.0,2.0,Pond_05,Mock_Data,Obs_Pond_05_20260105_08,Medium,2,1.0,0,1,0,0,0,0,0,0,0,1
2026-01-05 12:00:00,27.123571428571424,7.751428571428573,3.117857142857145,6.38428571428571,0.0,1.0,Pond_01,Real_Data,Obs_Pond_01_20260105_12,Low,1,1.0,0,0,0,0,0,0,0,0,0,0
2026-01-05 12:00:00,27.47,7.98,3.3,6.34,0.0,0.0,Pond_02,Real_Data,Obs_Pond_02_20260105_12,Unknown,0,1.0,0,-1,0,0,0,0,0,0,0,0
2026-01-05 12:00:00,27.131358662335874,7.68939813969499,3.1554334255556453,6.15831852238172,,,Pond_03,Real_Data,Obs_Pond_03_20260105_12,Unknown,0,1.0,0,-1,0,0,0,0,0,0,0,0
2026-01-05 12:00:00,27.073005226662172,7.7752866507404335,3.0673385669664097,6.327199500682833,0.0,1.0,Pond_04,Mock_Data,Obs_Pond_04_20260105_12,Low,1,1.0,0,0,0,0,0,0,0,0,0,0
2026-01-05 12:00:00,27.07579392449659,7.728534641287278,3.123864229635079,6.368703853341135,0.0,1.0,Pond_05,Mock_Data,Obs_Pond_05_20260105_12,Low,1,1.0,0,0,0,0,0,0,0,0,0,0
2026-01-05 16:00:00,27.080934065934073,7.723296703296702,3.09543956043956,6.39,0.0,1.0,Pond_01,Real_Data,Obs_Pond_01_20260105_16,Low,1,1.0,0,0,0,0,0,0,0,0,0,0
2026-01-05 16:00:00,27.47,7.98,3.3,6.34,0.0,0.0,Pond_02,Real_Data,Obs_Pond_02_20260105_16,Unknown,0,1.0,0,-1,0,0,0,0,0,0,0,0
2026-01-05 16:00:00,27.593038037585224,7.761104419198302,3.62311630745164,7.22306097432987,,,Pond_03,Real_Data,Obs_Pond_03_20260105_16,Low,1,1.0,0,0,0,0,0,0,0,0,0,0
2026-01-05 16:00:00,27.07615508646099,7.709804142133826,3.1685545581250727,6.343547666279324,0.0,1.0,Pond_04,Mock_Data,Obs_Pond_04_20260105_16,Low,1,1.0,0,0,0,0,0,0,0,0,0,0
2026-01-05 16:00:00,27.001698196602053,7.707199882583968,3.1433390532393073,6.379363466780482,0.0,1.0,Pond_05,Mock_Data,Obs_Pond_05_20260105_16,Low,1,1.0,0,0,0,0,0,0,0,0,0,0
2026-01-05 20:00:00,27.0382967032967,7.695164835164838,3.07302197802198,6.39571428571429,0.0,1.0,Pond_01,Real_Data,Obs_Pond_01_20260105_20,Low,1,1.0,0,0,0,0,0,0,0,0,0,0
2026-01-05 20:00:00,27.47,7.98,3.3,6.34,0.0,0.0,Pond_02,Real_Data,Obs_Pond_02_20260105_20,Unknown,0,1.0,0,-1,0,0,0,0,0,0,0,0
2026-01-05 20:00:00,27.272764064699825,7.692400532963798,3.4519539529884176,6.48797079419802,,,Pond_03,Real_Data,Obs_Pond_03_20260105_20,Low,1,1.0,0,0,0,0,0,0,0,0,0,0
2026-01-05 20:00:00,27.059442256323223,7.728050769958861,3.1548279501783325,6.473779649691933,0.0,1.0,Pond_04,Mock_Data,Obs_Pond_04_20260105_20,Low,1,1.0,0,0,0,0,0,0,0,0,0,0
2026-01-05 20:00:00,26.982795575274956,7.7121620131327004,3.0083114422922463,6.4338374832778555,0.0,1.0,Pond_05,Mock_Data,Obs_Pond_05_20260105_20,Low,1,1.0,0,0,0,0,0,0,0,0,0,0
2026-01-06 00:00:00,26.99565934065935,7.667032967032967,3.050604395604395,6.40142857142857,1.0,1.0,Pond_01,Real_Data,Obs_Pond_01_20260106_00,Low,1,1.0,0,0,0,0,0,0,0,0,0,0
2026-01-06 00:00:00,27.47,7.98,3.3,6.34,0.0,0.0,Pond_02,Real_Data,Obs_Pond_02_20260106_00,Unknown,0,1.0,0,-1,0,0,0,0,0,0,0,0
2026-01-06 00:00:00,27.272121649293098,7.976279886565725,3.4355774481692074,5.884637501014,,,Pond_03,Real_Data,Obs_Pond_03_20260106_00,Low,1,1.0,0,0,0,0,0,0,0,0,0,0
2026-01-06 00:00:00,27.012809409839893,7.655544401062258,3.0573606066150463,6.470350173363774,0.0,1.0,Pond_04,Mock_Data,Obs_Pond_04_20260106_00,Low,1,1.0,0,0,0,0,0,0,0,0,0,0
2026-01-06 00:00:00,26.912815088879253,7.635370728128526,3.0366742408089538,6.488242034267133,0.0,1.0,Pond_05,Mock_Data,Obs_Pond_05_20260106_00,Low,1,1.0,0,0,0,0,0,0,0,0,0,0
2026-01-06 04:00:00,26.953021978022,7.6389010989010995,3.028186813186815,6.40714285714286,0.0,1.0,Pond_01,Real_Data,Obs_Pond_01_20260106_04,Low,1,1.0,0,0,0,0,0,0,0,0,0,0
2026-01-06 04:00:00,27.47,7.98,3.3,6.34,0.0,0.0,Pond_02,Real_Data,Obs_Pond_02_20260106_04,Unknown,0,1.0,0,-1,0,0,0,0,0,0,0,0
2026-01-06 04:00:00,27.06202218276175,7.890131126368528,3.5836005561317847,5.65530818939021,,,Pond_03,Real_Data,Obs_Pond_03_20260106_04,Low,1,1.0,0,0,0,0,0,0,0,0,0,0
2026-01-06 04:00:00,27.00429310803537,7.6022922131774955,3.072318694439295,6.445612925641685,0.0,1.0,Pond_04,Mock_Data,Obs_Pond_04_20260106_04,Low,1,1.0,0,0,0,0,0,0,0,0,0,0
2026-01-06 04:00:00,27.035871737434867,7.661582292397283,3.085773009636245,6.4298584718339935,0.0,1.0,Pond_05,Mock_Data,Obs_Pond_05_20260106_04,Low,1,1.0,0,0,0,0,0,0,0,0,0,0
2026-01-06 08:00:00,26.910384615384626,7.6107692307692325,3.00576923076923,6.41285714285714,1.0,1.0,Pond_01,Real_Data,Obs_Pond_01_20260106_08,Low,1,1.0,0,0,0,0,0,0,0,0,0,0
2026-01-06 08:00:00,27.47,7.98,3.3,6.34,0.0,0.0,Pond_02,Real_Data,Obs_Pond_02_20260106_08,Unknown,0,1.0,0,-1,0,0,0,0,0,0,0,0
2026-01-06 08:00:00,27.228561841096475,7.884262969994678,2.91608558247492,6.78799262261193,,,Pond_03,Real_Data,Obs_Pond_03_20260106_08,Unknown,0,1.0,0,-1,0,0,0,0,0,0,0,0
2026-01-06 08:00:00,26.91119050898761,7.5868288991897215,3.0133271239861923,6.343872219016692,0.0,1.0,Pond_04,Mock_Data,Obs_Pond_04_20260106_08,Low,1,1.0,0,0,0,0,0,0,0,0,0,0
2026-01-06 08:00:00,27.006373607825562,7.599359089868653,3.0478172483322417,6.487826937140595,0.0,1.0,Pond_05,Mock_Data,Obs_Pond_05_20260106_08,Low,1,1.0,0,0,0,0,0,0,0,0,0,0
2026-01-06 12:00:00,26.86774725274725,7.582637362637362,2.98335164835165,6.41857142857143,0.0,1.0,Pond_01,Real_Data,Obs_Pond_01_20260106_12,Low,1,1.0,0,0,0,0,0,0,0,0,0,0
2026-01-06 12:00:00,27.47,7.98,3.3,6.34,0.0,0.0,Pond_02,Real_Data,Obs_Pond_02_20260106_12,Unknown,0,1.0,0,-1,0,0,0,0,0,0,0,0
2026-01-06 12:00:00,27.2593246973608,7.852511721581712,2.80539950895992,6.17005151751858,,,Pond_03,Real_Data,Obs_Pond_03_20260106_12,Unknown,0,1.0,0,-1,0,0,0,0,0,0,0,0
2026-01-06 12:00:00,26.957841357935724,7.609135430117317,2.9257156521352443,6.398588678657111,0.0,1.0,Pond_04,Mock_Data,Obs_Pond_04_20260106_12,Low,1,1.0,0,0,0,0,0,0,0,0,0,0
2026-01-06 12:00:00,26.887595171354867,7.574305747397262,2.9992733066612147,6.357640211135387,0.0,1.0,Pond_05,Mock_Data,Obs_Pond_05_20260106_12,Low,1,1.0,0,0,0,0,0,0,0,0,0,0
2026-01-06 16:00:00,26.8251098901099,7.554505494505495,2.960934065934065,6.42428571428571,0.0,1.0,Pond_01,Real_Data,Obs_Pond_01_20260106_16,Low,1,1.0,0,0,0,0,0,0,0,0,0,0
2026-01-06 16:00:00,27.47,7.98,3.3,6.34,0.0,0.0,Pond_02,Real_Data,Obs_Pond_02_20260106_16,Unknown,0,1.0,0,-1,0,0,0,0,0,0,0,0
2026-01-06 16:00:00,27.4379826310702,7.863308020176845,3.6673146281717903,6.64566597460659,,,Pond_03,Real_Data,Obs_Pond_03_20260106_16,Low,1,1.0,0,0,0,0,0,0,0,0,0,0
2026-01-06 16:00:00,26.808705719786477,7.551162751669864,2.943177352816241,6.50089880089481,0.0,1.0,Pond_04,Mock_Data,Obs_Pond_04_20260106_16,Low,1,1.0,0,0,0,0,0,0,0,0,0,0
2026-01-06 16:00:00,26.900809164748097,7.530407480426201,2.896006633349884,6.398099758213838,0.0,1.0,Pond_05,Mock_Data,Obs_Pond_05_20260106_16,Low,1,1.0,0,0,0,0,0,0,0,0,0,0
2026-01-06 20:00:00,26.782472527472525,7.526373626373628,2.938516483516485,6.43,0.0,1.0,Pond_01,Real_Data,Obs_Pond_01_20260106_20,Low,1,1.0,0,0,0,0,0,0,0,0,0,0
2026-01-06 20:00:00,27.47,7.98,3.3,6.34,0.0,0.0,Pond_02,Real_Data,Obs_Pond_02_20260106_20,Unknown,0,1.0,0,-1,0,0,0,0,0,0,0,0
2026-01-06 20:00:00,27.27659573612835,7.795448309543582,3.264559881806215,6.09536117201906,,,Pond_03,Real_Data,Obs_Pond_03_20260106_20,Unknown,0,1.0,0,-1,0,0,0,0,0,0,0,0
2026-01-06 20:00:00,26.951076216148646,7.514617341236312,2.944204861677449,6.43895012015838,0.0,1.0,Pond_04,Mock_Data,Obs_Pond_04_20260106_20,Low,1,1.0,0,0,0,0,0,0,0,0,0,0
2026-01-06 20:00:00,26.79077564235682,7.534479631493815,2.936364488859198,6.384256732342831,0.0,2.0,Pond_05,Mock_Data,Obs_Pond_05_20260106_20,Medium,2,1.0,0,1,0,0,0,0,0,0,0,1
2026-01-07 00:00:00,26.739835164835174,7.4982417582417575,2.9160989010989,6.43571428571429,1.0,1.0,Pond_01,Real_Data,Obs_Pond_01_20260107_00,Low,1,1.0,0,0,0,0,0,0,0,0,0,0
2026-01-07 00:00:00,27.47,7.98,3.3,6.34,0.0,0.0,Pond_02,Real_Data,Obs_Pond_02_20260107_00,Unknown,0,1.0,0,-1,0,0,0,0,0,0,0,0
2026-01-07 00:00:00,26.998906807222852,7.788618906910123,3.3178493560986575,6.77707400168117,,,Pond_03,Real_Data,Obs_Pond_03_20260107_00,Low,1,1.0,0,0,0,0,0,0,0,0,0,0
2026-01-07 00:00:00,26.77861577598725,7.501672842460439,2.8965000292320613,6.582191354234585,0.0,1.0,Pond_04,Mock_Data,Obs_Pond_04_20260107_00,Low,1,1.0,0,0,0,0,0,0,0,0,0,0
2026-01-07 00:00:00,26.73393987904362,7.550985924744249,2.8906633400199904,6.45557300828451,0.0,1.0,Pond_05,Mock_Data,Obs_Pond_05_20260107_00,Low,1,1.0,0,0,0,0,0,0,0,0,0,0
2026-01-07 04:00:00,26.6971978021978,7.470109890109891,2.89368131868132,6.44142857142857,1.0,1.0,Pond_01,Real_Data,Obs_Pond_01_20260107_04,Low,1,1.0,0,0,0,0,0,0,0,0,0,0
2026-01-07 04:00:00,27.47,7.98,3.3,6.34,0.0,0.0,Pond_02,Real_Data,Obs_Pond_02_20260107_04,Unknown,0,1.0,0,-1,0,0,0,0,0,0,0,0
2026-01-07 04:00:00,27.35293466103035,7.8300572562604955,3.501413774354918,6.19264590522101,,,Pond_03,Real_Data,Obs_Pond_03_20260107_04,Low,1,1.0,0,0,0,0,0,0,0,0,0,0
2026-01-07 04:00:00,26.644068780825357,7.4808690321894655,2.8842535789941426,6.466268527596109,0.0,1.0,Pond_04,Mock_Data,Obs_Pond_04_20260107_04,Low,1,1.0,0,0,0,0,0,0,0,0,0,0
2026-01-07 04:00:00,26.676555199623646,7.486866624106703,2.9079548234679877,6.41875858379832,0.0,1.0,Pond_05,Mock_Data,Obs_Pond_05_20260107_04,Low,1,1.0,0,0,0,0,0,0,0,0,0,0
2026-01-07 08:00:00,26.65456043956045,7.441978021978023,2.871263736263735,6.44714285714286,0.0,1.0,Pond_01,Real_Data,Obs_Pond_01_20260107_08,Low,1,1.0,0,0,0,0,0,0,0,0,0,0
2026-01-07 08:00:00,27.47,7.98,3.3,6.34,0.0,0.0,Pond_02,Real_Data,Obs_Pond_02_20260107_08,Unknown,0,1.0,0,-1,0,0,0,0,0,0,0,0
2026-01-07 08:00:00,26.984911210765652,7.852588183157493,3.0823729721668798,5.96677575969526,,,Pond_03,Real_Data,Obs_Pond_03_20260107_08,Unknown,0,1.0,0,-1,0,0,0,0,0,0,0,0
2026-01-07 08:00:00,26.588183529048276,7.4659371017814955,2.8673228338184233,6.4592717034798905,0.0,1.0,Pond_04,Mock_Data,Obs_Pond_04_20260107_08,Low,1,1.0,0,0,0,0,0,0,0,0,0,0
2026-01-07 08:00:00,26.635321538274134,7.423446160954818,2.8363668897566288,6.493231607645757,0.0,1.0,Pond_05,Mock_Data,Obs_Pond_05_20260107_08,Low,1,1.0,0,0,0,0,0,0,0,0,0,0
2026-01-07 12:00:00,26.611923076923098,7.413846153846152,2.848846153846155,6.45285714285714,0.0,1.0,Pond_01,Real_Data,Obs_Pond_01_20260107_12,Low,1,1.0,0,0,0,0,0,0,0,0,0,0
2026-01-07 12:00:00,27.47,7.98,3.3,6.34,0.0,0.0,Pond_02,Real_Data,Obs_Pond_02_20260107_12,Unknown,0,1.0,0,-1,0,0,0,0,0,0,0,0
2026-01-07 12:00:00,27.3311133406823,7.898193121646547,3.0612622713132422,6.30384629064358,,,Pond_03,Real_Data,Obs_Pond_03_20260107_12,Unknown,0,1.0,0,-1,0,0,0,0,0,0,0,0
2026-01-07 12:00:00,26.641828065882468,7.444904633728507,2.8453588911208474,6.4333349176937,0.0,2.0,Pond_04,Mock_Data,Obs_Pond_04_20260107_12,Medium,2,1.0,0,1,0,0,0,0,0,0,0,1
2026-01-07 12:00:00,26.51598600986946,7.438195941806399,2.804619727092768,6.394059805455758,0.0,2.0,Pond_05,Mock_Data,Obs_Pond_05_20260107_12,Medium,2,1.0,0,1,0,0,0,0,0,0,0,1
2026-01-07 16:00:00,26.569285714285698,7.385714285714288,2.8264285714285724,6.45857142857143,1.0,1.0,Pond_01,Real_Data,Obs_Pond_01_20260107_16,Low,1,1.0,0,0,0,0,0,0,0,0,0,0
2026-01-07 16:00:00,27.47,7.98,3.3,6.34,0.0,0.0,Pond_02,Real_Data,Obs_Pond_02_20260107_16,Unknown,0,1.0,0,-1,0,0,0,0,0,0,0,0
2026-01-07 16:00:00,27.887784784161028,7.749015426545208,3.12552530863607,6.25844730374695,,,Pond_03,Real_Data,Obs_Pond_03_20260107_16,Unknown,0,1.0,0,-1,0,0,0,0,0,0,0,0
2026-01-07 16:00:00,26.555434866202226,7.378000186171157,2.8286818166148993,6.467005193555172,0.0,1.0,Pond_04,Mock_Data,Obs_Pond_04_20260107_16,Low,1,1.0,0,0,0,0,0,0,0,0,0,0
2026-01-07 16:00:00,26.585664963209503,7.378924095492869,2.737397148915929,6.461289046192825,0.0,1.0,Pond_05,Mock_Data,Obs_Pond_05_20260107_16,Low,1,1.0,0,0,0,0,0,0,0,0,0,0
2026-01-07 20:00:00,26.526648351648348,7.357582417582417,2.80401098901099,6.46428571428571,1.0,1.0,Pond_01,Real_Data,Obs_Pond_01_20260107_20,Low,1,1.0,0,0,0,0,0,0,0,0,0,0
2026-01-07 20:00:00,27.47,7.98,3.3,6.34,0.0,0.0,Pond_02,Real_Data,Obs_Pond_02_20260107_20,Unknown,0,1.0,0,-1,0,0,0,0,0,0,0,0
2026-01-07 20:00:00,26.742123191167174,7.783483045594045,3.07097980172204,6.8897963553097,,,Pond_03,Real_Data,Obs_Pond_03_20260107_20,Unknown,0,1.0,0,-1,0,0,0,0,0,0,0,0
2026-01-07 20:00:00,26.57090409812879,7.329149523362469,2.7582805586502577,6.45465649416593,0.0,1.0,Pond_04,Mock_Data,Obs_Pond_04_20260107_20,Low,1,1.0,0,0,0,0,0,0,0,0,0,0
2026-01-07 20:00:00,26.524148343147278,7.387053896243419,2.856691912222656,6.507664169809474,0.0,1.0,Pond_05,Mock_Data,Obs_Pond_05_20260107_20,Low,1,1.0,0,0,0,0,0,0,0,0,0,0
2026-01-08 00:00:00,26.5,7.34,2.79,6.47,1.0,1.0,Pond_01,Real_Data,Obs_Pond_01_20260108_00,Low,1,1.0,0,0,0,0,0,0,0,0,0,0
2026-01-08 00:00:00,26.5,7.34,2.79,6.47,0.0,1.0,Pond_02,Real_Data,Obs_Pond_02_20260108_00,Low,1,1.0,0,0,0,0,0,0,0,0,0,0
2026-01-08 00:00:00,27.183494855915924,7.836752458826248,3.4626144393669724,5.80754383331879,,,Pond_03,Real_Data,Obs_Pond_03_20260108_00,Low,1,1.0,0,0,0,0,0,0,0,0,0,0
2026-01-08 00:00:00,26.52933259081951,7.331134548694409,2.7590841972058295,6.514720545902222,0.0,1.0,Pond_04,Mock_Data,Obs_Pond_04_20260108_00,Low,1,1.0,0,0,0,0,0,0,0,0,0,0
2026-01-08 00:00:00,26.546199541196692,7.357296621421085,2.7727629735958805,6.339565971165458,0.0,1.0,Pond_05,Mock_Data,Obs_Pond_05_20260108_00,Low,1,1.0,0,0,0,0,0,0,0,0,0,0
2026-01-08 04:00:00,26.5,7.34,2.79,6.47,0.0,1.0,Pond_01,Real_Data,Obs_Pond_01_20260108_04,Low,1,1.0,0,0,0,0,0,0,0,0,0,0
2026-01-08 04:00:00,26.5,7.34,2.79,6.47,0.0,1.0,Pond_02,Real_Data,Obs_Pond_02_20260108_04,Low,1,1.0,0,0,0,0,0,0,0,0,0,0
2026-01-08 04:00:00,26.6560354872649,7.762458891313543,3.09374204107197,6.6924484025717,,,Pond_03,Real_Data,Obs_Pond_03_20260108_04,Unknown,0,1.0,0,-1,0,0,0,0,0,0,0,0
2026-01-08 04:00:00,26.49548586041374,7.345580891387889,2.7346121905633836,6.530420457030764,0.0,1.0,Pond_04,Mock_Data,Obs_Pond_04_20260108_04,Low,1,1.0,0,0,0,0,0,0,0,0,0,0
2026-01-08 04:00:00,26.50579684773694,7.27689364742784,2.79677570242287,6.603991452711399,0.0,2.0,Pond_05,Mock_Data,Obs_Pond_05_20260108_04,Medium,2,1.0,0,1,0,0,0,0,0,0,0,1
2026-01-08 08:00:00,26.5,7.34,2.79,6.47,0.0,1.0,Pond_01,Real_Data,Obs_Pond_01_20260108_08,Low,1,1.0,0,0,0,0,0,0,0,0,0,0
2026-01-08 08:00:00,26.5,7.34,2.7900000000000005,6.47,0.0,1.0,Pond_02,Real_Data,Obs_Pond_02_20260108_08,Low,1,1.0,0,0,0,0,0,0,0,0,0,0
2026-01-08 08:00:00,27.564112757945374,7.767113878847318,3.221024539610505,6.22694933828647,,,Pond_03,Real_Data,Obs_Pond_03_20260108_08,Unknown,0,1.0,0,-1,0,0,0,0,0,0,0,0
2026-01-08 08:00:00,26.447513358298558,7.319335241190729,2.832160769656219,6.420360899527903,0.0,1.0,Pond_04,Mock_Data,Obs_Pond_04_20260108_08,Low,1,1.0,0,0,0,0,0,0,0,0,0,0
2026-01-08 08:00:00,26.489915169768576,7.318470691294243,2.789903498453096,6.452117565732583,0.0,1.0,Pond_05,Mock_Data,Obs_Pond_05_20260108_08,Low,1,1.0,0,0,0,0,0,0,0,0,0,0
2026-01-08 12:00:00,26.5,7.34,2.79,6.47,1.0,1.0,Pond_01,Real_Data,Obs_Pond_01_20260108_12,Low,1,1.0,0,0,0,0,0,0,0,0,0,0
2026-01-08 12:00:00,26.5,7.34,2.79,6.47,0.0,1.0,Pond_02,Real_Data,Obs_Pond_02_20260108_12,Low,1,1.0,0,0,0,0,0,0,0,0,0,0
2026-01-08 12:00:00,27.378015918570526,7.7777928911742045,3.3913253705880972,6.94687064114161,,,Pond_03,Real_Data,Obs_Pond_03_20260108_12,Low,1,1.0,0,0,0,0,0,0,0,0,0,0
2026-01-08 12:00:00,26.40610553453812,7.319476929071724,2.699210182103627,6.385926091056342,0.0,1.0,Pond_04,Mock_Data,Obs_Pond_04_20260108_12,Low,1,1.0,0,0,0,0,0,0,0,0,0,0
2026-01-08 12:00:00,26.44600102074079,7.360249351079595,2.743975127328235,6.3421087689012845,0.0,1.0,Pond_05,Mock_Data,Obs_Pond_05_20260108_12,Low,1,1.0,0,0,0,0,0,0,0,0,0,0
2026-01-08 16:00:00,26.5,7.34,2.79,6.47,0.0,1.0,Pond_01,Real_Data,Obs_Pond_01_20260108_16,Low,1,1.0,0,0,0,0,0,0,0,0,0,0
2026-01-08 16:00:00,26.5,7.34,2.79,6.47,0.0,1.0,Pond_02,Real_Data,Obs_Pond_02_20260108_16,Low,1,1.0,0,0,0,0,0,0,0,0,0,0
2026-01-08 16:00:00,27.60155949404275,7.821936504516875,3.5553794769549425,6.25578680464935,,,Pond_03,Real_Data,Obs_Pond_03_20260108_16,Low,1,1.0,0,0,0,0,0,0,0,0,0,0
2026-01-08 16:00:00,26.47232375512074,7.347371442650821,2.839739704750893,6.354034598957633,0.0,1.0,Pond_04,Mock_Data,Obs_Pond_04_20260108_16,Low,1,1.0,0,0,0,0,0,0,0,0,0,0
2026-01-08 16:00:00,26.50447225930927,7.343251810038088,2.735712516301433,6.479984407310509,0.0,1.0,Pond_05,Mock_Data,Obs_Pond_05_20260108_16,Low,1,1.0,0,0,0,0,0,0,0,0,0,0
2026-01-08 20:00:00,26.5,7.34,2.79,6.47,1.0,1.0,Pond_01,Real_Data,Obs_Pond_01_20260108_20,Low,1,1.0,0,0,0,0,0,0,0,0,0,0
2026-01-08 20:00:00,26.5,7.34,2.79,6.47,0.0,1.0,Pond_02,Real_Data,Obs_Pond_02_20260108_20,Low,1,1.0,0,0,0,0,0,0,0,0,0,0
2026-01-08 20:00:00,27.62728635694475,7.8761595209079225,3.1177411268330926,6.61161123510706,,,Pond_03,Real_Data,Obs_Pond_03_20260108_20,Unknown,0,1.0,0,-1,0,0,0,0,0,0,0,0
2026-01-08 20:00:00,26.55308199117695,7.338956804359094,2.8497756474825895,6.502082150948016,0.0,1.0,Pond_04,Mock_Data,Obs_Pond_04_20260108_20,Low,1,1.0,0,0,0,0,0,0,0,0,0,0
2026-01-08 20:00:00,26.545758007171923,7.318048795021675,2.7466535227705426,-1.5,0.0,1.0,Pond_05,Mock_Data,Obs_Pond_05_20260108_20,Low,1,0.5,1,0,0,1,0,0,1,1,0,0
2026-01-09 00:00:00,26.5,7.34,2.79,6.47,1.0,1.0,Pond_01,Real_Data,Obs_Pond_01_20260109_00,Low,1,1.0,0,0,0,0,0,0,0,0,0,0
2026-01-09 00:00:00,26.5,7.339999999999999,2.79,6.47,0.0,1.0,Pond_02,Real_Data,Obs_Pond_02_20260109_00,Low,1,1.0,0,0,0,0,0,0,0,0,0,0
2026-01-09 00:00:00,27.499614998965548,7.892195635104165,3.2497835812793876,6.05745626024305,,,Pond_03,Real_Data,Obs_Pond_03_20260109_00,Unknown,0,1.0,0,-1,0,0,0,0,0,0,0,0
2026-01-09 00:00:00,26.51327012872074,7.340703227727824,2.776970787970754,6.40031697169829,0.0,1.0,Pond_04,Mock_Data,Obs_Pond_04_20260109_00,Low,1,1.0,0,0,0,0,0,0,0,0,0,0
2026-01-09 00:00:00,26.429132653339476,7.326414678852062,2.7588189270646,6.464827967116668,0.0,1.0,Pond_05,Mock_Data,Obs_Pond_05_20260109_00,Low,1,1.0,0,0,0,0,0,0,0,0,0,0
2026-01-09 04:00:00,26.5,7.34,2.79,6.47,1.0,1.0,Pond_01,Real_Data,Obs_Pond_01_20260109_04,Low,1,1.0,0,0,0,0,0,0,0,0,0,0
2026-01-09 04:00:00,26.5,7.340000000000001,2.79,6.47,0.0,1.0,Pond_02,Real_Data,Obs_Pond_02_20260109_04,Low,1,1.0,0,0,0,0,0,0,0,0,0,0
2026-01-09 04:00:00,27.398482114651323,7.801122937983017,3.693038439399015,5.95054321558582,,,Pond_03,Real_Data,Obs_Pond_03_20260109_04,Low,1,1.0,0,0,0,0,0,0,0,0,0,0
2026-01-09 04:00:00,26.422785628262577,7.3237364690243,2.67775974857562,6.334034369646718,0.0,1.0,Pond_04,Mock_Data,Obs_Pond_04_20260109_04,Low,1,1.0,0,0,0,0,0,0,0,0,0,0
2026-01-09 04:00:00,26.50542186776987,7.299126791030169,2.8058070727550204,6.532598594146312,0.0,1.0,Pond_05,Mock_Data,Obs_Pond_05_20260109_04,Low,1,1.0,0,0,0,0,0,0,0,0,0,0
2026-01-09 08:00:00,26.5,7.34,2.79,6.47,1.0,1.0,Pond_01,Real_Data,Obs_Pond_01_20260109_08,Low,1,1.0,0,0,0,0,0,0,0,0,0,0
2026-01-09 08:00:00,26.5,7.34,2.79,6.47,0.0,1.0,Pond_02,Real_Data,Obs_Pond_02_20260109_08,Low,1,1.0,0,0,0,0,0,0,0,0,0,0
2026-01-09 08:00:00,27.23573742856115,7.7667316928576255,3.2873281626705926,6.63830673509551,,,Pond_03,Real_Data,Obs_Pond_03_20260109_08,Unknown,0,1.0,0,-1,0,0,0,0,0,0,0,0
2026-01-09 08:00:00,26.510734237879575,7.335059786157036,2.774421262903468,6.494540650175072,0.0,2.0,Pond_04,Mock_Data,Obs_Pond_04_20260109_08,Medium,2,1.0,0,1,0,0,0,0,0,0,0,1
2026-01-09 08:00:00,26.51444465356436,7.338105114648228,2.7556908001372618,6.517204826398121,0.0,1.0,Pond_05,Mock_Data,Obs_Pond_05_20260109_08,Low,1,1.0,0,0,0,0,0,0,0,0,0,0
2026-01-09 12:00:00,26.5,7.34,2.79,6.47,1.0,1.0,Pond_01,Real_Data,Obs_Pond_01_20260109_12,Low,1,1.0,0,0,0,0,0,0,0,0,0,0
2026-01-09 12:00:00,26.5,7.34,2.79,6.47,0.0,1.0,Pond_02,Real_Data,Obs_Pond_02_20260109_12,Low,1,1.0,0,0,0,0,0,0,0,0,0,0
2026-01-09 12:00:00,27.27497103577695,7.810183501211157,3.1696894504654374,6.48981943062817,,,Pond_03,Real_Data,Obs_Pond_03_20260109_12,Unknown,0,1.0,0,-1,0,0,0,0,0,0,0,0
2026-01-09 12:00:00,26.523883048279217,7.32018274644165,2.787232552048754,6.627445181825669,0.0,1.0,Pond_04,Mock_Data,Obs_Pond_04_20260109_12,Low,1,1.0,0,0,0,0,0,0,0,0,0,0
2026-01-09 12:00:00,26.455492337493755,7.387401241895492,2.8653039663247695,6.488812346624752,0.0,2.0,Pond_05,Mock_Data,Obs_Pond_05_20260109_12,Medium,2,1.0,0,1,0,0,0,0,0,0,0,1
2026-01-09 16:00:00,26.5,7.34,2.79,6.47,0.0,1.0,Pond_01,Real_Data,Obs_Pond_01_20260109_16,Low,1,1.0,0,0,0,0,0,0,0,0,0,0
2026-01-09 16:00:00,26.5,7.340000000000001,2.79,6.47,0.0,1.0,Pond_02,Real_Data,Obs_Pond_02_20260109_16,Low,1,1.0,0,0,0,0,0,0,0,0,0,0
2026-01-09 16:00:00,27.74005101108945,7.817781560171067,3.5352237071524124,6.95869630482475,,,Pond_03,Real_Data,Obs_Pond_03_20260109_16,Low,1,1.0,0,0,0,0,0,0,0,0,0,0
2026-01-09 16:00:00,26.445216045443907,7.3590874864636735,2.7464257300069717,6.469616592075304,0.0,1.0,Pond_04,Mock_Data,Obs_Pond_04_20260109_16,Low,1,1.0,0,0,0,0,0,0,0,0,0,0
2026-01-09 16:00:00,26.46356302297799,7.357259248059485,2.8342879827799172,6.498429542461189,0.0,1.0,Pond_05,Mock_Data,Obs_Pond_05_20260109_16,Low,1,1.0,0,0,0,0,0,0,0,0,0,0
2026-01-09 20:00:00,26.5,7.34,2.79,6.47,0.0,1.0,Pond_01,Real_Data,Obs_Pond_01_20260109_20,Low,1,1.0,0,0,0,0,0,0,0,0,0,0
2026-01-09 20:00:00,26.5,7.34,2.79,6.47,0.0,1.0,Pond_02,Real_Data,Obs_Pond_02_20260109_20,Low,1,1.0,0,0,0,0,0,0,0,0,0,0
2026-01-09 20:00:00,27.135926889198174,7.898945560680662,3.876312497729055,5.95066609995211,,,Pond_03,Real_Data,Obs_Pond_03_20260109_20,Medium,1,1.0,0,1,0,0,0,0,0,0,0,1
2026-01-09 20:00:00,29.95883089745308,7.362197644273595,2.767785172233181,3.226240777739667,0.0,2.0,Pond_04,Mock_Data,Obs_Pond_04_20260109_20,High,4,1.0,0,2,0,0,0,0,0,0,1,0
2026-01-09 20:00:00,29.95883089745308,7.362197644273595,2.767785172233181,3.226240777739667,0.0,2.0,Pond_04,Mock_Data,Obs_Pond_04_20260109_20,Medium,4,1.0,0,1,0,0,0,0,0,0,0,1
2026-01-09 20:00:00,26.5142939050366,14.888647308073168,2.8248542839023147,6.4634092506107885,0.0,2.0,Pond_05,Mock_Data,Obs_Pond_05_20260109_20,Medium,2,0.5,1,1,1,0,0,0,1,1,0,1
2026-01-10 00:00:00,26.5,7.34,2.79,6.47,1.0,1.0,Pond_01,Real_Data,Obs_Pond_01_20260110_00,Low,1,1.0,0,0,0,0,0,0,0,0,0,0
2026-01-10 00:00:00,26.5,7.34,2.79,6.47,0.0,1.0,Pond_02,Real_Data,Obs_Pond_02_20260110_00,Low,1,1.0,0,0,0,0,0,0,0,0,0,0
2026-01-10 00:00:00,27.145038986144925,7.760130196868762,3.2136362420155424,6.48458953545972,,,Pond_03,Real_Data,Obs_Pond_03_20260110_00,Unknown,0,1.0,0,-1,0,0,0,0,0,0,0,0
2026-01-10 00:00:00,29.619434871856626,7.300414346521531,2.855977890542888,4.243823290068632,0.0,2.0,Pond_04,Mock_Data,Obs_Pond_04_20260110_00,High,4,1.0,0,2,0,0,0,0,0,0,1,0
2026-01-10 00:00:00,29.619434871856626,7.300414346521531,2.855977890542888,4.243823290068632,0.0,2.0,Pond_04,Mock_Data,Obs_Pond_04_20260110_00,Medium,4,1.0,0,1,0,0,0,0,0,0,0,1
2026-01-10 00:00:00,26.42974739701694,7.358920211827463,2.784840630805978,6.582130980224286,0.0,1.0,Pond_05,Mock_Data,Obs_Pond_05_20260110_00,Low,1,1.0,0,0,0,0,0,0,0,0,0,0
2026-01-10 04:00:00,26.5,7.34,2.79,6.47,1.0,1.0,Pond_01,Real_Data,Obs_Pond_01_20260110_04,Low,1,1.0,0,0,0,0,0,0,0,0,0,0
2026-01-10 04:00:00,26.5,7.34,2.79,6.47,0.0,1.0,Pond_02,Real_Data,Obs_Pond_02_20260110_04,Low,1,1.0,0,0,0,0,0,0,0,0,0,0
2026-01-10 04:00:00,27.40500300887135,7.87314196224152,3.3226060163732622,6.65552393562504,,,Pond_03,Real_Data,Obs_Pond_03_20260110_04,Low,1,1.0,0,0,0,0,0,0,0,0,0,0
2026-01-10 04:00:00,29.21800153615853,7.320069582533468,2.818669866149054,3.657700074810477,0.0,2.0,Pond_04,Mock_Data,Obs_Pond_04_20260110_04,High,4,1.0,0,2,0,0,0,0,0,0,1,0
2026-01-10 04:00:00,29.21800153615853,7.320069582533468,2.818669866149054,3.657700074810477,0.0,2.0,Pond_04,Mock_Data,Obs_Pond_04_20260110_04,Medium,4,1.0,0,1,0,0,0,0,0,0,0,1
2026-01-10 04:00:00,26.521689250018326,7.362031041409262,2.8552917018082296,6.376581495729301,0.0,1.0,Pond_05,Mock_Data,Obs_Pond_05_20260110_04,Low,1,1.0,0,0,0,0,0,0,0,0,0,0
2026-01-10 08:00:00,26.5,7.34,2.79,6.47,1.0,1.0,Pond_01,Real_Data,Obs_Pond_01_20260110_08,Low,1,1.0,0,0,0,0,0,0,0,0,0,0
2026-01-10 08:00:00,26.5,7.34,2.79,6.47,0.0,1.0,Pond_02,Real_Data,Obs_Pond_02_20260110_08,Low,1,1.0,0,0,0,0,0,0,0,0,0,0
2026-01-10 08:00:00,27.3084126848992,7.836515315330883,3.55910587695036,6.77316946210922,,,Pond_03,Real_Data,Obs_Pond_03_20260110_08,Low,1,1.0,0,0,0,0,0,0,0,0,0,0
2026-01-10 08:00:00,30.116715644996148,7.307911668295463,2.750135288632697,4.810965889995112,0.0,2.0,Pond_04,Mock_Data,Obs_Pond_04_20260110_08,High,4,1.0,0,2,0,0,0,0,0,0,1,0
2026-01-10 08:00:00,30.116715644996148,7.307911668295463,2.750135288632697,4.810965889995112,0.0,2.0,Pond_04,Mock_Data,Obs_Pond_04_20260110_08,Medium,4,1.0,0,1,0,0,0,0,0,0,0,1
2026-01-10 08:00:00,26.44450343312269,7.382327867315501,2.78060018507539,6.478819690130475,0.0,1.0,Pond_05,Mock_Data,Obs_Pond_05_20260110_08,Low,1,1.0,0,0,0,0,0,0,0,0,0,0
2026-01-10 12:00:00,26.5,7.34,2.79,6.47,1.0,1.0,Pond_01,Real_Data,Obs_Pond_01_20260110_12,Low,1,1.0,0,0,0,0,0,0,0,0,0,0
2026-01-10 12:00:00,26.5,7.340000000000001,2.79,6.47,0.0,1.0,Pond_02,Real_Data,Obs_Pond_02_20260110_12,Low,1,1.0,0,0,0,0,0,0,0,0,0,0
2026-01-10 12:00:00,27.149957519860376,7.8213058052132745,3.5515633648080276,6.38866521420161,,,Pond_03,Real_Data,Obs_Pond_03_20260110_12,Low,1,1.0,0,0,0,0,0,0,0,0,0,0
2026-01-10 12:00:00,29.276116948521913,7.3260622947715905,2.7211158320054376,3.4738887713423514,1.0,2.0,Pond_04,Mock_Data,Obs_Pond_04_20260110_12,High,2,1.0,0,2,0,0,0,0,0,0,1,0
2026-01-10 12:00:00,26.56587864290555,7.34808921614097,2.788652092123399,6.474106625295783,0.0,1.0,Pond_05,Mock_Data,Obs_Pond_05_20260110_12,Low,1,1.0,0,0,0,0,0,0,0,0,0,0
2026-01-10 16:00:00,26.5,7.34,2.79,6.47,1.0,1.0,Pond_01,Real_Data,Obs_Pond_01_20260110_16,Low,1,1.0,0,0,0,0,0,0,0,0,0,0
2026-01-10 16:00:00,26.5,7.340000000000001,2.79,6.47,0.0,1.0,Pond_02,Real_Data,Obs_Pond_02_20260110_16,Low,1,1.0,0,0,0,0,0,0,0,0,0,0
2026-01-10 16:00:00,27.260181918137775,7.976263513851535,3.46068832804291,6.37842780780681,,,Pond_03,Real_Data,Obs_Pond_03_20260110_16,Low,1,1.0,0,0,0,0,0,0,0,0,0,0
2026-01-10 16:00:00,30.091930179201213,7.338210936911337,2.7758998951225875,5.230594788845266,1.0,2.0,Pond_04,Mock_Data,Obs_Pond_04_20260110_16,High,2,1.0,0,2,0,0,0,0,0,0,1,0
2026-01-10 16:00:00,26.64490509862518,7.335985502871908,2.7973288437886783,6.521362657919787,0.0,1.0,Pond_05,Mock_Data,Obs_Pond_05_20260110_16,Low,1,1.0,0,0,0,0,0,0,0,0,0,0
2026-01-10 20:00:00,26.5,7.34,2.79,6.47,1.0,1.0,Pond_01,Real_Data,Obs_Pond_01_20260110_20,Low,1,1.0,0,0,0,0,0,0,0,0,0,0
2026-01-10 20:00:00,26.5,7.34,2.79,6.47,0.0,1.0,Pond_02,Real_Data,Obs_Pond_02_20260110_20,Low,1,1.0,0,0,0,0,0,0,0,0,0,0
2026-01-10 20:00:00,27.478472524094524,7.93445265459533,3.5073942187842673,6.22189276230919,,,Pond_03,Real_Data,Obs_Pond_03_20260110_20,Low,1,1.0,0,0,0,0,0,0,0,0,0,0
2026-01-10 20:00:00,29.11151225502475,7.3089169479945895,2.7807963192969876,4.077353341295817,1.0,2.0,Pond_04,Mock_Data,Obs_Pond_04_20260110_20,High,2,1.0,0,2,0,0,0,0,0,0,1,0
2026-01-10 20:00:00,26.446647887343737,7.362142070940374,2.8202607169228093,6.4167064769822835,0.0,1.0,Pond_05,Mock_Data,Obs_Pond_05_20260110_20,Low,1,1.0,0,0,0,0,0,0,0,0,0,0
2026-01-11 00:00:00,26.5,7.34,2.79,6.47,1.0,1.0,Pond_01,Real_Data,Obs_Pond_01_20260111_00,Low,1,1.0,0,0,0,0,0,0,0,0,0,0
2026-01-11 00:00:00,26.5,7.34,2.79,6.47,0.0,1.0,Pond_02,Real_Data,Obs_Pond_02_20260111_00,Low,1,1.0,0,0,0,0,0,0,0,0,0,0
2026-01-11 00:00:00,27.64566681387505,7.884158781053265,3.3585365468374375,5.65521597747218,,,Pond_03,Real_Data,Obs_Pond_03_20260111_00,Low,1,1.0,0,0,0,0,0,0,0,0,0,0
2026-01-11 00:00:00,28.6456905950904,7.320233635013793,2.811394770873445,3.495007575768884,1.0,2.0,Pond_04,Mock_Data,Obs_Pond_04_20260111_00,Unknown,0,1.0,0,-1,0,0,0,0,0,0,0,0
2026-01-11 00:00:00,26.533111696589472,7.371173000872182,2.8174617588354445,6.359878498568076,0.0,1.0,Pond_05,Mock_Data,Obs_Pond_05_20260111_00,Low,1,1.0,0,0,0,0,0,0,0,0,0,0
2026-01-11 04:00:00,26.5,7.34,2.79,6.47,0.0,1.0,Pond_01,Real_Data,Obs_Pond_01_20260111_04,Low,1,1.0,0,0,0,0,0,0,0,0,0,0
2026-01-11 04:00:00,26.5,7.34,2.79,6.47,0.0,1.0,Pond_02,Real_Data,Obs_Pond_02_20260111_04,Low,1,1.0,0,0,0,0,0,0,0,0,0,0
2026-01-11 04:00:00,27.72421778298975,7.6892330261222,3.1988834071809924,6.4403275016336,,,Pond_03,Real_Data,Obs_Pond_03_20260111_04,Unknown,0,1.0,0,-1,0,0,0,0,0,0,0,0
2026-01-11 04:00:00,30.36527938759986,7.318473312791585,2.766918586926816,4.095054490875823,1.0,2.0,Pond_04,Mock_Data,Obs_Pond_04_20260111_04,High,2,1.0,0,2,0,0,0,0,0,0,1,0
2026-01-11 04:00:00,26.45495450526254,7.3297086778561695,2.7695138792497436,6.479904144830904,0.0,1.0,Pond_05,Mock_Data,Obs_Pond_05_20260111_04,Low,1,1.0,0,0,0,0,0,0,0,0,0,0
2026-01-11 08:00:00,26.5,7.34,2.79,6.47,1.0,1.0,Pond_01,Real_Data,Obs_Pond_01_20260111_08,Low,1,1.0,0,0,0,0,0,0,0,0,0,0
2026-01-11 08:00:00,26.5,7.34,2.79,6.47,0.0,1.0,Pond_02,Real_Data,Obs_Pond_02_20260111_08,Low,1,1.0,0,0,0,0,0,0,0,0,0,0
2026-01-11 08:00:00,27.609689111144124,7.929705546790138,3.5263336533667724,6.13584867084204,,,Pond_03,Real_Data,Obs_Pond_03_20260111_08,Low,1,1.0,0,0,0,0,0,0,0,0,0,0
2026-01-11 08:00:00,29.289102258562746,7.34444419164854,2.812054482343839,4.02185940702132,1.0,2.0,Pond_04,Mock_Data,Obs_Pond_04_20260111_08,High,2,1.0,0,2,0,0,0,0,0,0,1,0
2026-01-11 08:00:00,26.56452124948727,7.324528235593716,2.76701874812674,6.487761088870116,0.0,1.0,Pond_05,Mock_Data,Obs_Pond_05_20260111_08,Low,1,1.0,0,0,0,0,0,0,0,0,0,0
2026-01-11 12:00:00,26.5,7.34,2.79,6.47,1.0,1.0,Pond_01,Real_Data,Obs_Pond_01_20260111_12,Low,1,1.0,0,0,0,0,0,0,0,0,0,0
2026-01-11 12:00:00,26.5,7.34,2.79,6.47,0.0,1.0,Pond_02,Real_Data,Obs_Pond_02_20260111_12,Low,1,1.0,0,0,0,0,0,0,0,0,0,0
2026-01-11 12:00:00,26.855238917478776,7.956351421158373,3.634688118501175,6.119047210318,,,Pond_03,Real_Data,Obs_Pond_03_20260111_12,Low,1,1.0,0,0,0,0,0,0,0,0,0,0
2026-01-11 12:00:00,30.085385145698755,7.341486869756192,2.873438623734777,4.072297398734276,1.0,2.0,Pond_04,Mock_Data,Obs_Pond_04_20260111_12,High,2,1.0,0,2,0,0,0,0,0,0,1,0
2026-01-11 12:00:00,26.42157574700852,7.3429773279825055,2.817590889905034,6.564075529589114,0.0,1.0,Pond_05,Mock_Data,Obs_Pond_05_20260111_12,Low,1,1.0,0,0,0,0,0,0,0,0,0,0
2026-01-11 16:00:00,26.5,7.34,2.79,6.47,0.0,1.0,Pond_01,Real_Data,Obs_Pond_01_20260111_16,Low,1,1.0,0,0,0,0,0,0,0,0,0,0
2026-01-11 16:00:00,26.5,7.34,2.79,6.47,0.0,1.0,Pond_02,Real_Data,Obs_Pond_02_20260111_16,Low,1,1.0,0,0,0,0,0,0,0,0,0,0
2026-01-11 16:00:00,27.064138726994024,7.902650800091481,3.385627376129885,5.78818891026146,,,Pond_03,Real_Data,Obs_Pond_03_20260111_16,Low,1,1.0,0,0,0,0,0,0,0,0,0,0
2026-01-11 16:00:00,29.05828826644461,7.324524623266577,2.825162204950328,4.4639032337436175,1.0,2.0,Pond_04,Mock_Data,Obs_Pond_04_20260111_16,High,2,1.0,0,2,0,0,0,0,0,0,1,0
2026-01-11 16:00:00,26.52978811067894,7.357828860587455,2.820839072740065,6.389770388253404,0.0,1.0,Pond_05,Mock_Data,Obs_Pond_05_20260111_16,Low,1,1.0,0,0,0,0,0,0,0,0,0,0
2026-01-11 20:00:00,26.5,7.34,2.79,6.47,1.0,1.0,Pond_01,Real_Data,Obs_Pond_01_20260111_20,Low,1,1.0,0,0,0,0,0,0,0,0,0,0
2026-01-11 20:00:00,26.5,7.34,2.79,6.47,0.0,1.0,Pond_02,Real_Data,Obs_Pond_02_20260111_20,Low,1,1.0,0,0,0,0,0,0,0,0,0,0
2026-01-11 20:00:00,27.498372000948976,7.792014777791247,3.479210338508955,6.63220769085939,,,Pond_03,Real_Data,Obs_Pond_03_20260111_20,Low,1,1.0,0,0,0,0,0,0,0,0,0,0
2026-01-11 20:00:00,29.79273022424731,7.343791363769332,2.7879265532427513,4.302934312283844,1.0,2.0,Pond_04,Mock_Data,Obs_Pond_04_20260111_20,High,2,1.0,0,2,0,0,0,0,0,0,1,0
2026-01-11 20:00:00,26.445889703552652,7.357112535697361,2.773039760235973,6.542924590952546,0.0,2.0,Pond_05,Mock_Data,Obs_Pond_05_20260111_20,Medium,2,1.0,0,1,0,0,0,0,0,0,0,1
2026-01-12 00:00:00,26.5,7.34,2.79,6.47,1.0,1.0,Pond_01,Real_Data,Obs_Pond_01_20260112_00,Low,1,1.0,0,0,0,0,0,0,0,0,0,0
2026-01-12 00:00:00,26.5,7.34,2.79,6.47,0.0,1.0,Pond_02,Real_Data,Obs_Pond_02_20260112_00,Low,1,1.0,0,0,0,0,0,0,0,0,0,0
2026-01-12 00:00:00,27.282756526070376,7.825745021797875,3.069845662496125,5.72697073780903,,,Pond_03,Real_Data,Obs_Pond_03_20260112_00,Unknown,0,1.0,0,-1,0,0,0,0,0,0,0,0
2026-01-12 00:00:00,30.246621746515455,7.328278176433347,2.7821030455846363,3.374442829202257,1.0,2.0,Pond_04,Mock_Data,Obs_Pond_04_20260112_00,High,2,1.0,0,2,0,0,0,0,0,0,1,0
2026-01-12 00:00:00,26.487170516580463,7.309463234880147,2.7215647305585526,6.61951386167326,0.0,1.0,Pond_05,Mock_Data,Obs_Pond_05_20260112_00,Low,1,1.0,0,0,0,0,0,0,0,0,0,0
2026-01-12 04:00:00,26.5,7.34,2.79,6.47,1.0,1.0,Pond_01,Real_Data,Obs_Pond_01_20260112_04,Low,1,1.0,0,0,0,0,0,0,0,0,0,0
2026-01-12 04:00:00,26.5,7.34,2.79,6.47,0.0,1.0,Pond_02,Real_Data,Obs_Pond_02_20260112_04,Low,1,1.0,0,0,0,0,0,0,0,0,0,0
2026-01-12 04:00:00,27.810505838405973,7.8600686537317275,3.1182684627832398,6.51875407186276,,,Pond_03,Real_Data,Obs_Pond_03_20260112_04,Unknown,0,1.0,0,-1,0,0,0,0,0,0,0,0
2026-01-12 04:00:00,28.58328804467996,7.3341752162480445,2.7746212162840473,3.163947681616591,1.0,2.0,Pond_04,Mock_Data,Obs_Pond_04_20260112_04,Unknown,0,1.0,0,-1,0,0,0,0,0,0,0,0
2026-01-12 04:00:00,26.43609417140549,7.380988339759947,2.781061089003304,6.44614228924337,0.0,1.0,Pond_05,Mock_Data,Obs_Pond_05_20260112_04,Low,1,1.0,0,0,0,0,0,0,0,0,0,0
2026-01-12 08:00:00,26.5,7.34,2.79,6.47,1.0,1.0,Pond_01,Real_Data,Obs_Pond_01_20260112_08,Low,1,1.0,0,0,0,0,0,0,0,0,0,0
2026-01-12 08:00:00,26.5,7.34,2.79,6.47,0.0,1.0,Pond_02,Real_Data,Obs_Pond_02_20260112_08,Low,1,1.0,0,0,0,0,0,0,0,0,0,0
2026-01-12 08:00:00,26.947896812274276,7.73359657230493,3.6180132376147927,5.79205617131735,,,Pond_03,Real_Data,Obs_Pond_03_20260112_08,Low,1,1.0,0,0,0,0,0,0,0,0,0,0
2026-01-12 08:00:00,26.559131696037177,7.375881881749059,2.8409060523455345,6.5385796461694055,0.0,1.0,Pond_04,Mock_Data,Obs_Pond_04_20260112_08,Low,1,1.0,0,0,0,0,0,0,0,0,0,0
2026-01-12 08:00:00,26.550971580915096,7.326252248085479,2.8168847510018056,6.388470649090278,0.0,2.0,Pond_05,Mock_Data,Obs_Pond_05_20260112_08,Medium,2,1.0,0,1,0,0,0,0,0,0,0,1
2026-01-12 12:00:00,26.5,7.34,2.79,6.47,0.0,1.0,Pond_01,Real_Data,Obs_Pond_01_20260112_12,Low,1,1.0,0,0,0,0,0,0,0,0,0,0
2026-01-12 12:00:00,26.5,7.340000000000001,2.79,6.47,0.0,1.0,Pond_02,Real_Data,Obs_Pond_02_20260112_12,Low,1,1.0,0,0,0,0,0,0,0,0,0,0
2026-01-12 12:00:00,27.5102081037062,7.908600473530212,3.2023561557083573,6.39213941912461,,,Pond_03,Real_Data,Obs_Pond_03_20260112_12,Unknown,0,1.0,0,-1,0,0,0,0,0,0,0,0
2026-01-12 12:00:00,26.540375050599962,7.368741943213313,2.7629519358681813,6.499979528301342,0.0,1.0,Pond_04,Mock_Data,Obs_Pond_04_20260112_12,Low,1,1.0,0,0,0,0,0,0,0,0,0,0
2026-01-12 12:00:00,26.44812161800772,7.334316520365711,2.8678447058034506,6.44429756698147,0.0,2.0,Pond_05,Mock_Data,Obs_Pond_05_20260112_12,Medium,2,1.0,0,1,0,0,0,0,0,0,0,1
2026-01-12 16:00:00,26.5,7.34,2.79,6.47,0.0,1.0,Pond_01,Real_Data,Obs_Pond_01_20260112_16,Low,1,1.0,0,0,0,0,0,0,0,0,0,0
2026-01-12 16:00:00,26.5,7.34,2.79,6.47,0.0,1.0,Pond_02,Real_Data,Obs_Pond_02_20260112_16,Low,1,1.0,0,0,0,0,0,0,0,0,0,0
2026-01-12 16:00:00,27.257965313513502,7.763654045760132,3.44377464554518,6.59390351180987,,,Pond_03,Real_Data,Obs_Pond_03_20260112_16,Low,1,1.0,0,0,0,0,0,0,0,0,0,0
2026-01-12 16:00:00,26.4804587309402,7.312134594986574,2.7919498812613384,6.468419424455312,0.0,1.0,Pond_04,Mock_Data,Obs_Pond_04_20260112_16,Low,1,1.0,0,0,0,0,0,0,0,0,0,0
2026-01-12 16:00:00,26.534212287707607,7.320645435149818,2.738347283161649,6.470884482575641,0.0,1.0,Pond_05,Mock_Data,Obs_Pond_05_20260112_16,Low,1,1.0,0,0,0,0,0,0,0,0,0,0
2026-01-12 20:00:00,26.5,7.34,2.79,6.47,0.0,1.0,Pond_01,Real_Data,Obs_Pond_01_20260112_20,Low,1,1.0,0,0,0,0,0,0,0,0,0,0
2026-01-12 20:00:00,26.5,7.34,2.79,6.47,0.0,1.0,Pond_02,Real_Data,Obs_Pond_02_20260112_20,Low,1,1.0,0,0,0,0,0,0,0,0,0,0
2026-01-12 20:00:00,27.60458426704195,7.870022989491503,3.3615866281370925,6.28447913641831,,,Pond_03,Real_Data,Obs_Pond_03_20260112_20,Low,1,1.0,0,0,0,0,0,0,0,0,0,0
2026-01-12 20:00:00,26.54704303384456,7.357790984680291,2.792207515465246,6.521645964136038,0.0,2.0,Pond_04,Mock_Data,Obs_Pond_04_20260112_20,Medium,2,1.0,0,1,0,0,0,0,0,0,0,1
2026-01-12 20:00:00,26.478671842345765,7.3978571186904425,2.771607397900017,6.505605977406277,0.0,1.0,Pond_05,Mock_Data,Obs_Pond_05_20260112_20,Low,1,1.0,0,0,0,0,0,0,0,0,0,0
2026-01-13 00:00:00,26.5,7.34,2.79,6.47,1.0,1.0,Pond_01,Real_Data,Obs_Pond_01_20260113_00,Low,1,1.0,0,0,0,0,0,0,0,0,0,0
2026-01-13 00:00:00,26.5,7.34,2.79,6.47,0.0,1.0,Pond_02,Real_Data,Obs_Pond_02_20260113_00,Low,1,1.0,0,0,0,0,0,0,0,0,0,0
2026-01-13 00:00:00,27.242974789543723,7.8740811907743105,3.16037167487216,6.25289235518124,,,Pond_03,Real_Data,Obs_Pond_03_20260113_00,Unknown,0,1.0,0,-1,0,0,0,0,0,0,0,0
2026-01-13 00:00:00,26.4520981329127,7.357397830143238,2.768364418752547,6.557798444724869,0.0,2.0,Pond_04,Mock_Data,Obs_Pond_04_20260113_00,Medium,2,1.0,0,1,0,0,0,0,0,0,0,1
2026-01-13 00:00:00,26.492904682409517,7.345190439102824,2.773209968520084,6.432650513921487,0.0,1.0,Pond_05,Mock_Data,Obs_Pond_05_20260113_00,Low,1,1.0,0,0,0,0,0,0,0,0,0,0
2026-01-13 04:00:00,26.5,7.34,2.79,6.47,0.0,1.0,Pond_01,Real_Data,Obs_Pond_01_20260113_04,Low,1,1.0,0,0,0,0,0,0,0,0,0,0
2026-01-13 04:00:00,26.5,7.34,2.7900000000000005,6.47,0.0,1.0,Pond_02,Real_Data,Obs_Pond_02_20260113_04,Low,1,1.0,0,0,0,0,0,0,0,0,0,0
2026-01-13 04:00:00,27.554025650911,7.7233768269098775,2.8248900860529975,7.07457883808247,,,Pond_03,Real_Data,Obs_Pond_03_20260113_04,Unknown,0,1.0,0,-1,0,0,0,0,0,0,0,0
2026-01-13 04:00:00,26.485321320771543,7.315379129296461,2.730822986662456,6.505228464543884,0.0,1.0,Pond_04,Mock_Data,Obs_Pond_04_20260113_04,Low,1,1.0,0,0,0,0,0,0,0,0,0,0
2026-01-13 04:00:00,26.509158324165032,7.321753533672443,2.848458670076159,6.568218436975868,0.0,1.0,Pond_05,Mock_Data,Obs_Pond_05_20260113_04,Low,1,1.0,0,0,0,0,0,0,0,0,0,0
2026-01-13 08:00:00,26.5,7.34,2.79,6.47,1.0,1.0,Pond_01,Real_Data,Obs_Pond_01_20260113_08,Low,1,1.0,0,0,0,0,0,0,0,0,0,0
2026-01-13 08:00:00,26.5,7.340000000000001,2.79,6.47,0.0,1.0,Pond_02,Real_Data,Obs_Pond_02_20260113_08,Low,1,1.0,0,0,0,0,0,0,0,0,0,0
2026-01-13 08:00:00,27.24767724340315,7.96310133184136,3.240788436830455,6.18062916120368,,,Pond_03,Real_Data,Obs_Pond_03_20260113_08,Unknown,0,1.0,0,-1,0,0,0,0,0,0,0,0
2026-01-13 08:00:00,26.46991581056133,7.357556094233175,2.8039257896402097,6.47065381886447,0.0,2.0,Pond_04,Mock_Data,Obs_Pond_04_20260113_08,Medium,2,1.0,0,1,0,0,0,0,0,0,0,1
2026-01-13 08:00:00,26.45277997731031,7.358524105255054,2.7884934167259336,6.399611802264715,0.0,1.0,Pond_05,Mock_Data,Obs_Pond_05_20260113_08,Low,1,1.0,0,0,0,0,0,0,0,0,0,0
2026-01-13 12:00:00,26.5,7.34,2.79,6.47,1.0,1.0,Pond_01,Real_Data,Obs_Pond_01_20260113_12,Low,1,1.0,0,0,0,0,0,0,0,0,0,0
2026-01-13 12:00:00,26.5,7.34,2.79,6.47,0.0,1.0,Pond_02,Real_Data,Obs_Pond_02_20260113_12,Low,1,1.0,0,0,0,0,0,0,0,0,0,0
2026-01-13 12:00:00,27.431722054496724,7.898567088169617,3.4370820730014002,6.34272475112853,,,Pond_03,Real_Data,Obs_Pond_03_20260113_12,Low,1,1.0,0,0,0,0,0,0,0,0,0,0
2026-01-13 12:00:00,26.50507478802321,7.372976080734249,2.787369673241201,6.387151089407124,0.0,1.0,Pond_04,Mock_Data,Obs_Pond_04_20260113_12,Low,1,1.0,0,0,0,0,0,0,0,0,0,0
2026-01-13 12:00:00,26.513039141739707,7.3564916816215815,2.750878525520544,6.360160640023722,0.0,1.0,Pond_05,Mock_Data,Obs_Pond_05_20260113_12,Low,1,1.0,0,0,0,0,0,0,0,0,0,0
2026-01-13 16:00:00,26.5,7.34,2.79,6.47,1.0,1.0,Pond_01,Real_Data,Obs_Pond_01_20260113_16,Low,1,1.0,0,0,0,0,0,0,0,0,0,0
2026-01-13 16:00:00,26.5,7.34,2.79,6.47,0.0,1.0,Pond_02,Real_Data,Obs_Pond_02_20260113_16,Low,1,1.0,0,0,0,0,0,0,0,0,0,0
2026-01-13 16:00:00,27.682617763125627,7.610981208828767,2.88202039998733,6.25600318066626,,,Pond_03,Real_Data,Obs_Pond_03_20260113_16,Unknown,0,1.0,0,-1,0,0,0,0,0,0,0,0
2026-01-13 16:00:00,26.643469008163276,7.315930580726397,2.811569020058438,6.402732833209452,0.0,1.0,Pond_04,Mock_Data,Obs_Pond_04_20260113_16,Low,1,1.0,0,0,0,0,0,0,0,0,0,0
2026-01-13 16:00:00,26.594854414066535,7.335974788343062,2.8140894339825566,6.5398942068627886,0.0,1.0,Pond_05,Mock_Data,Obs_Pond_05_20260113_16,Low,1,1.0,0,0,0,0,0,0,0,0,0,0
2026-01-13 20:00:00,26.5,7.34,2.79,6.47,0.0,1.0,Pond_01,Real_Data,Obs_Pond_01_20260113_20,Low,1,1.0,0,0,0,0,0,0,0,0,0,0
2026-01-13 20:00:00,26.5,7.34,2.79,6.47,0.0,1.0,Pond_02,Real_Data,Obs_Pond_02_20260113_20,Low,1,1.0,0,0,0,0,0,0,0,0,0,0
2026-01-13 20:00:00,27.712985236485203,7.7618765271231975,3.6565990797764325,6.26638152002,,,Pond_03,Real_Data,Obs_Pond_03_20260113_20,Low,1,1.0,0,0,0,0,0,0,0,0,0,0
2026-01-13 20:00:00,26.38426168376792,7.3203270569149135,2.766992593730495,6.450723558613323,0.0,1.0,Pond_04,Mock_Data,Obs_Pond_04_20260113_20,Low,1,1.0,0,0,0,0,0,0,0,0,0,0
2026-01-13 20:00:00,26.451771510153712,7.3580241495053365,2.7725530781925545,6.326346493716316,0.0,1.0,Pond_05,Mock_Data,Obs_Pond_05_20260113_20,Low,1,1.0,0,0,0,0,0,0,0,0,0,0
2026-01-14 00:00:00,26.5,7.34,2.79,6.47,1.0,1.0,Pond_01,Real_Data,Obs_Pond_01_20260114_00,Low,1,1.0,0,0,0,0,0,0,0,0,0,0
2026-01-14 00:00:00,26.5,7.34,2.79,6.47,0.0,1.0,Pond_02,Real_Data,Obs_Pond_02_20260114_00,Low,1,1.0,0,0,0,0,0,0,0,0,0,0
2026-01-14 00:00:00,27.754067193536997,7.758418337097512,3.4437378342529152,6.06131671294542,,,Pond_03,Real_Data,Obs_Pond_03_20260114_00,Low,1,1.0,0,0,0,0,0,0,0,0,0,0
2026-01-14 00:00:00,26.542536324913126,7.361820528131964,2.842638522252158,6.431506306430113,0.0,1.0,Pond_04,Mock_Data,Obs_Pond_04_20260114_00,Low,1,1.0,0,0,0,0,0,0,0,0,0,0
2026-01-14 00:00:00,26.57263206825911,7.32230422686215,2.737207722541724,6.45710820104398,0.0,1.0,Pond_05,Mock_Data,Obs_Pond_05_20260114_00,Low,1,1.0,0,0,0,0,0,0,0,0,0,0
2026-01-14 04:00:00,26.5,7.34,2.79,6.47,1.0,1.0,Pond_01,Real_Data,Obs_Pond_01_20260114_04,Low,1,1.0,0,0,0,0,0,0,0,0,0,0
2026-01-14 04:00:00,26.5,7.34,2.79,6.47,0.0,1.0,Pond_02,Real_Data,Obs_Pond_02_20260114_04,Low,1,1.0,0,0,0,0,0,0,0,0,0,0
2026-01-14 04:00:00,27.9400258737993,7.7413723140652575,3.24118676659659,6.83880317001844,,,Pond_03,Real_Data,Obs_Pond_03_20260114_04,Unknown,0,1.0,0,-1,0,0,0,0,0,0,0,0
2026-01-14 04:00:00,26.400039362254073,7.345821357357612,2.752195878924049,6.458191842561991,0.0,2.0,Pond_04,Mock_Data,Obs_Pond_04_20260114_04,Medium,2,1.0,0,1,0,0,0,0,0,0,0,1
2026-01-14 04:00:00,26.59285627897903,7.329430928225424,2.7515060225056045,6.666896898226477,0.0,1.0,Pond_05,Mock_Data,Obs_Pond_05_20260114_04,Low,1,1.0,0,0,0,0,0,0,0,0,0,0
2026-01-14 08:00:00,26.5,7.34,2.79,6.47,1.0,1.0,Pond_01,Real_Data,Obs_Pond_01_20260114_08,Low,1,1.0,0,0,0,0,0,0,0,0,0,0
2026-01-14 08:00:00,26.5,7.340000000000001,2.79,6.47,0.0,1.0,Pond_02,Real_Data,Obs_Pond_02_20260114_08,Low,1,1.0,0,0,0,0,0,0,0,0,0,0
2026-01-14 08:00:00,27.35537533524565,7.8157215818782255,3.027115648849695,6.39454042192421,,,Pond_03,Real_Data,Obs_Pond_03_20260114_08,Unknown,0,1.0,0,-1,0,0,0,0,0,0,0,0
2026-01-14 08:00:00,26.470748343759936,7.351824662689941,2.863818560238493,6.4735777214008525,0.0,1.0,Pond_04,Mock_Data,Obs_Pond_04_20260114_08,Low,1,1.0,0,0,0,0,0,0,0,0,0,0
2026-01-14 08:00:00,26.449412432369392,7.296897268402669,2.864767212935092,6.469239390392038,0.0,1.0,Pond_05,Mock_Data,Obs_Pond_05_20260114_08,Low,1,1.0,0,0,0,0,0,0,0,0,0,0
2026-01-14 12:00:00,26.5,7.34,2.79,6.47,1.0,1.0,Pond_01,Real_Data,Obs_Pond_01_20260114_12,Low,1,1.0,0,0,0,0,0,0,0,0,0,0
2026-01-14 12:00:00,26.5,7.34,2.79,6.47,0.0,1.0,Pond_02,Real_Data,Obs_Pond_02_20260114_12,Low,1,1.0,0,0,0,0,0,0,0,0,0,0
2026-01-14 12:00:00,27.49237967731315,7.985065167768475,3.2011925910339327,5.9647278029857,,,Pond_03,Real_Data,Obs_Pond_03_20260114_12,Unknown,0,1.0,0,-1,0,0,0,0,0,0,0,0
2026-01-14 12:00:00,26.567496201960466,7.3473028574040065,2.714646626495852,6.503452702833779,0.0,1.0,Pond_04,Mock_Data,Obs_Pond_04_20260114_12,Low,1,1.0,0,0,0,0,0,0,0,0,0,0
2026-01-14 12:00:00,26.40981164823987,7.311612060768928,2.8065660655518894,6.399218010146303,0.0,1.0,Pond_05,Mock_Data,Obs_Pond_05_20260114_12,Low,1,1.0,0,0,0,0,0,0,0,0,0,0
2026-01-14 16:00:00,26.5,7.34,2.79,6.47,0.0,1.0,Pond_01,Real_Data,Obs_Pond_01_20260114_16,Low,1,1.0,0,0,0,0,0,0,0,0,0,0
2026-01-14 16:00:00,26.5,7.34,2.79,6.47,0.0,1.0,Pond_02,Real_Data,Obs_Pond_02_20260114_16,Low,1,1.0,0,0,0,0,0,0,0,0,0,0
2026-01-14 16:00:00,27.2435899561835,7.758667259505763,2.98795624400522,6.32053042028162,,,Pond_03,Real_Data,Obs_Pond_03_20260114_16,Unknown,0,1.0,0,-1,0,0,0,0,0,0,0,0
2026-01-14 16:00:00,26.503984255266467,7.348377237039443,2.808746112752129,6.465547655403707,0.0,1.0,Pond_04,Mock_Data,Obs_Pond_04_20260114_16,Low,1,1.0,0,0,0,0,0,0,0,0,0,0
2026-01-14 16:00:00,26.518716380668614,7.378758919476124,2.7946463229977616,6.466375067841349,0.0,1.0,Pond_05,Mock_Data,Obs_Pond_05_20260114_16,Low,1,1.0,0,0,0,0,0,0,0,0,0,0
2026-01-14 20:00:00,26.5,7.34,2.79,6.47,0.0,1.0,Pond_01,Real_Data,Obs_Pond_01_20260114_20,Low,1,1.0,0,0,0,0,0,0,0,0,0,0
2026-01-14 20:00:00,26.5,7.34,2.79,6.47,0.0,1.0,Pond_02,Real_Data,Obs_Pond_02_20260114_20,Low,1,1.0,0,0,0,0,0,0,0,0,0,0
2026-01-14 20:00:00,27.70801664957365,7.79413173476885,3.5513440705074926,6.01020934081055,,,Pond_03,Real_Data,Obs_Pond_03_20260114_20,Low,1,1.0,0,0,0,0,0,0,0,0,0,0
2026-01-14 20:00:00,26.433198366027312,7.311558004960279,2.810499288950699,6.500724971759954,0.0,1.0,Pond_04,Mock_Data,Obs_Pond_04_20260114_20,Low,1,1.0,0,0,0,0,0,0,0,0,0,0
2026-01-14 20:00:00,26.466070151562203,7.375195239983802,2.7792252559928254,6.466791680325183,0.0,1.0,Pond_05,Mock_Data,Obs_Pond_05_20260114_20,Low,1,1.0,0,0,0,0,0,0,0,0,0,0
2026-01-15 00:00:00,26.5,7.34,2.79,6.47,1.0,1.0,Pond_01,Real_Data,Obs_Pond_01_20260115_00,Low,1,1.0,0,0,0,0,0,0,0,0,0,0
2026-01-15 00:00:00,26.5,7.34,2.79,6.47,0.0,1.0,Pond_02,Real_Data,Obs_Pond_02_20260115_00,Low,1,1.0,0,0,0,0,0,0,0,0,0,0
2026-01-15 00:00:00,27.60158444352865,7.945100774778892,3.6722760357376103,5.92379704747995,,,Pond_03,Real_Data,Obs_Pond_03_20260115_00,Low,1,1.0,0,0,0,0,0,0,0,0,0,0
2026-01-15 00:00:00,26.455663476600556,7.362456412299191,2.7556977245855863,6.474071876425125,0.0,1.0,Pond_04,Mock_Data,Obs_Pond_04_20260115_00,Low,1,1.0,0,0,0,0,0,0,0,0,0,0
2026-01-15 00:00:00,26.61582125085917,7.341410629276415,2.8025966702430276,6.480145833921069,0.0,1.0,Pond_05,Mock_Data,Obs_Pond_05_20260115_00,Low,1,1.0,0,0,0,0,0,0,0,0,0,0
2026-01-15 04:00:00,26.5,7.34,2.79,6.47,1.0,1.0,Pond_01,Real_Data,Obs_Pond_01_20260115_04,Low,1,1.0,0,0,0,0,0,0,0,0,0,0
2026-01-15 04:00:00,26.5,7.34,2.79,6.47,0.0,1.0,Pond_02,Real_Data,Obs_Pond_02_20260115_04,Low,1,1.0,0,0,0,0,0,0,0,0,0,0
2026-01-15 04:00:00,27.3813243016831,7.657002702262197,3.67364883988175,6.43258834708801,,,Pond_03,Real_Data,Obs_Pond_03_20260115_04,Low,1,1.0,0,0,0,0,0,0,0,0,0,0
2026-01-15 04:00:00,26.542123368169058,7.365078154341239,2.8082987221499964,6.345239569620775,0.0,1.0,Pond_04,Mock_Data,Obs_Pond_04_20260115_04,Low,1,1.0,0,0,0,0,0,0,0,0,0,0
2026-01-15 04:00:00,26.502157468658236,7.375656299867068,2.802083018287647,6.51182516479181,0.0,1.0,Pond_05,Mock_Data,Obs_Pond_05_20260115_04,Low,1,1.0,0,0,0,0,0,0,0,0,0,0
2026-01-15 08:00:00,26.5,7.34,2.79,6.47,1.0,1.0,Pond_01,Real_Data,Obs_Pond_01_20260115_08,Low,1,1.0,0,0,0,0,0,0,0,0,0,0
2026-01-15 08:00:00,26.5,7.34,2.79,6.47,0.0,1.0,Pond_02,Real_Data,Obs_Pond_02_20260115_08,Low,1,1.0,0,0,0,0,0,0,0,0,0,0
2026-01-15 08:00:00,27.221994796448474,7.74553621513132,3.4392085650258677,6.09848255749883,,,Pond_03,Real_Data,Obs_Pond_03_20260115_08,Low,1,1.0,0,0,0,0,0,0,0,0,0,0
2026-01-15 08:00:00,26.454729834561043,7.335081441768967,2.8451693945999343,6.4106763495777255,0.0,1.0,Pond_04,Mock_Data,Obs_Pond_04_20260115_08,Low,1,1.0,0,0,0,0,0,0,0,0,0,0
2026-01-15 08:00:00,26.450277438289582,7.336567709447543,2.802597531989269,6.404375018648533,0.0,1.0,Pond_05,Mock_Data,Obs_Pond_05_20260115_08,Low,1,1.0,0,0,0,0,0,0,0,0,0,0
2026-01-15 12:00:00,26.5,7.34,2.79,6.47,1.0,1.0,Pond_01,Real_Data,Obs_Pond_01_20260115_12,Low,1,1.0,0,0,0,0,0,0,0,0,0,0
2026-01-15 12:00:00,26.5,7.34,2.79,6.47,0.0,1.0,Pond_02,Real_Data,Obs_Pond_02_20260115_12,Low,1,1.0,0,0,0,0,0,0,0,0,0,0
2026-01-15 12:00:00,27.2235224627901,7.819502124784507,3.3261255786076376,6.18016484094587,,,Pond_03,Real_Data,Obs_Pond_03_20260115_12,Low,1,1.0,0,0,0,0,0,0,0,0,0,0
2026-01-15 12:00:00,26.51341670845233,7.339067774463891,2.6944167496768,6.460900162133698,0.0,1.0,Pond_04,Mock_Data,Obs_Pond_04_20260115_12,Low,1,1.0,0,0,0,0,0,0,0,0,0,0
2026-01-15 12:00:00,26.42889584683479,7.3347808367243506,2.794951810593421,6.576576960219358,0.0,1.0,Pond_05,Mock_Data,Obs_Pond_05_20260115_12,Low,1,1.0,0,0,0,0,0,0,0,0,0,0
2026-01-15 16:00:00,26.5,7.34,2.79,6.47,1.0,1.0,Pond_01,Real_Data,Obs_Pond_01_20260115_16,Low,1,1.0,0,0,0,0,0,0,0,0,0,0
2026-01-15 16:00:00,26.5,7.340000000000001,2.79,6.47,0.0,1.0,Pond_02,Real_Data,Obs_Pond_02_20260115_16,Low,1,1.0,0,0,0,0,0,0,0,0,0,0
2026-01-15 16:00:00,27.723859696636325,7.842166563462658,3.4263148961488326,6.01770626926125,,,Pond_03,Real_Data,Obs_Pond_03_20260115_16,Low,1,1.0,0,0,0,0,0,0,0,0,0,0
2026-01-15 16:00:00,26.502824670024907,7.307170247256973,2.8116770003619624,6.393601826872271,0.0,1.0,Pond_04,Mock_Data,Obs_Pond_04_20260115_16,Low,1,1.0,0,0,0,0,0,0,0,0,0,0
2026-01-15 16:00:00,26.56755535599262,7.341211691937617,2.8274602414849723,6.485480172700096,0.0,1.0,Pond_05,Mock_Data,Obs_Pond_05_20260115_16,Low,1,1.0,0,0,0,0,0,0,0,0,0,0
2026-01-15 20:00:00,26.5,7.34,2.79,6.47,1.0,1.0,Pond_01,Real_Data,Obs_Pond_01_20260115_20,Low,1,1.0,0,0,0,0,0,0,0,0,0,0
2026-01-15 20:00:00,26.5,7.34,2.79,6.47,0.0,1.0,Pond_02,Real_Data,Obs_Pond_02_20260115_20,Low,1,1.0,0,0,0,0,0,0,0,0,0,0
2026-01-15 20:00:00,26.743671055299675,7.78627423513297,3.14747712236735,6.14233813458086,,,Pond_03,Real_Data,Obs_Pond_03_20260115_20,Unknown,0,1.0,0,-1,0,0,0,0,0,0,0,0
2026-01-15 20:00:00,26.45961198902687,7.351026565057522,2.6824968857569886,6.507888450164629,0.0,1.0,Pond_04,Mock_Data,Obs_Pond_04_20260115_20,Low,1,1.0,0,0,0,0,0,0,0,0,0,0
2026-01-15 20:00:00,26.464596420646874,7.33732145190335,2.7909961970947457,6.515900618907212,0.0,1.0,Pond_05,Mock_Data,Obs_Pond_05_20260115_20,Low,1,1.0,0,0,0,0,0,0,0,0,0,0
2026-01-16 00:00:00,26.5,7.34,2.79,6.47,0.0,1.0,Pond_01,Real_Data,Obs_Pond_01_20260116_00,Low,1,1.0,0,0,0,0,0,0,0,0,0,0
2026-01-16 00:00:00,26.5,7.339999999999999,2.79,6.47,0.0,1.0,Pond_02,Real_Data,Obs_Pond_02_20260116_00,Low,1,1.0,0,0,0,0,0,0,0,0,0,0
2026-01-16 00:00:00,27.205026856980474,8.027583247165632,3.3641007428944123,7.25974652474721,,,Pond_03,Real_Data,Obs_Pond_03_20260116_00,Low,1,1.0,0,0,0,0,0,0,0,0,0,0
2026-01-16 00:00:00,26.63288764765642,7.352265960642826,2.7483631377517717,6.566674444356223,0.0,1.0,Pond_04,Mock_Data,Obs_Pond_04_20260116_00,Low,1,1.0,0,0,0,0,0,0,0,0,0,0
2026-01-16 00:00:00,26.502716631505876,7.335385796175712,2.7478339145896817,6.430329275731246,0.0,1.0,Pond_05,Mock_Data,Obs_Pond_05_20260116_00,Low,1,1.0,0,0,0,0,0,0,0,0,0,0
2026-01-16 04:00:00,26.5,7.34,2.79,6.47,1.0,1.0,Pond_01,Real_Data,Obs_Pond_01_20260116_04,Low,1,1.0,0,0,0,0,0,0,0,0,0,0
2026-01-16 04:00:00,26.5,7.34,2.79,6.47,0.0,1.0,Pond_02,Real_Data,Obs_Pond_02_20260116_04,Low,1,1.0,0,0,0,0,0,0,0,0,0,0
2026-01-16 04:00:00,27.3214767365683,7.878136957475725,3.3710015402440523,6.1698619737959,,,Pond_03,Real_Data,Obs_Pond_03_20260116_04,Low,1,1.0,0,0,0,0,0,0,0,0,0,0
2026-01-16 04:00:00,26.53929207300691,7.338666510543828,2.860245260329815,6.546970805650325,0.0,1.0,Pond_04,Mock_Data,Obs_Pond_04_20260116_04,Low,1,1.0,0,0,0,0,0,0,0,0,0,0
2026-01-16 04:00:00,26.559243325912252,7.364516552287744,2.763593976447037,6.551241359270345,0.0,1.0,Pond_05,Mock_Data,Obs_Pond_05_20260116_04,Low,1,1.0,0,0,0,0,0,0,0,0,0,0
2026-01-16 08:00:00,26.5,7.34,2.79,6.47,0.0,1.0,Pond_01,Real_Data,Obs_Pond_01_20260116_08,Low,1,1.0,0,0,0,0,0,0,0,0,0,0
2026-01-16 08:00:00,26.5,7.34,2.79,6.47,0.0,1.0,Pond_02,Real_Data,Obs_Pond_02_20260116_08,Low,1,1.0,0,0,0,0,0,0,0,0,0,0
2026-01-16 08:00:00,27.08386784833735,7.827150262915998,3.4583063266921825,6.00230471210121,,,Pond_03,Real_Data,Obs_Pond_03_20260116_08,Low,1,1.0,0,0,0,0,0,0,0,0,0,0
2026-01-16 08:00:00,26.374476001566602,7.364108197980041,2.7649151275945236,6.456520032840758,0.0,1.0,Pond_04,Mock_Data,Obs_Pond_04_20260116_08,Low,1,1.0,0,0,0,0,0,0,0,0,0,0
2026-01-16 08:00:00,26.469984313692475,7.343219183753634,2.7046700506978563,6.453765876021518,0.0,1.0,Pond_05,Mock_Data,Obs_Pond_05_20260116_08,Low,1,1.0,0,0,0,0,0,0,0,0,0,0
2026-01-16 12:00:00,26.5,7.34,2.79,6.47,0.0,1.0,Pond_01,Real_Data,Obs_Pond_01_20260116_12,Low,1,1.0,0,0,0,0,0,0,0,0,0,0
2026-01-16 12:00:00,26.5,7.34,2.79,6.47,0.0,1.0,Pond_02,Real_Data,Obs_Pond_02_20260116_12,Low,1,1.0,0,0,0,0,0,0,0,0,0,0
2026-01-16 12:00:00,27.346285915743774,7.715608392988398,3.2898215872581726,6.34907270009413,,,Pond_03,Real_Data,Obs_Pond_03_20260116_12,Unknown,0,1.0,0,-1,0,0,0,0,0,0,0,0
2026-01-16 12:00:00,26.511556959628034,7.332836771505698,2.7393854615020388,6.564146687966596,0.0,1.0,Pond_04,Mock_Data,Obs_Pond_04_20260116_12,Low,1,1.0,0,0,0,0,0,0,0,0,0,0
2026-01-16 12:00:00,26.49715320280912,7.3552769156452005,2.877390888386024,6.4875288064227785,0.0,1.0,Pond_05,Mock_Data,Obs_Pond_05_20260116_12,Low,1,1.0,0,0,0,0,0,0,0,0,0,0
2026-01-16 16:00:00,26.5,7.34,2.79,6.47,0.0,1.0,Pond_01,Real_Data,Obs_Pond_01_20260116_16,Low,1,1.0,0,0,0,0,0,0,0,0,0,0
2026-01-16 16:00:00,26.5,7.34,2.79,6.47,0.0,1.0,Pond_02,Real_Data,Obs_Pond_02_20260116_16,Low,1,1.0,0,0,0,0,0,0,0,0,0,0
2026-01-16 16:00:00,27.484105474961776,7.820476451475435,3.0466202305860577,6.77479897726772,,,Pond_03,Real_Data,Obs_Pond_03_20260116_16,Unknown,0,1.0,0,-1,0,0,0,0,0,0,0,0
2026-01-16 16:00:00,26.458980625011726,7.352106186478346,2.7814654588989955,6.479389081171925,0.0,1.0,Pond_04,Mock_Data,Obs_Pond_04_20260116_16,Low,1,1.0,0,0,0,0,0,0,0,0,0,0
2026-01-16 16:00:00,26.498973043645268,7.362114689904078,2.827199651440229,6.411069761563112,0.0,1.0,Pond_05,Mock_Data,Obs_Pond_05_20260116_16,Low,1,1.0,0,0,0,0,0,0,0,0,0,0
2026-01-16 20:00:00,26.5,7.34,2.79,6.47,0.0,1.0,Pond_01,Real_Data,Obs_Pond_01_20260116_20,Low,1,1.0,0,0,0,0,0,0,0,0,0,0
2026-01-16 20:00:00,26.5,7.34,2.79,6.47,0.0,1.0,Pond_02,Real_Data,Obs_Pond_02_20260116_20,Low,1,1.0,0,0,0,0,0,0,0,0,0,0
2026-01-16 20:00:00,27.57254316086715,7.882659511858902,3.0649973656614753,6.71239893256059,,,Pond_03,Real_Data,Obs_Pond_03_20260116_20,Unknown,0,1.0,0,-1,0,0,0,0,0,0,0,0
2026-01-16 20:00:00,26.55283620091074,7.318136526622548,2.8791625448397995,6.448711362901419,0.0,2.0,Pond_04,Mock_Data,Obs_Pond_04_20260116_20,Medium,2,1.0,0,1,0,0,0,0,0,0,0,1
2026-01-16 20:00:00,26.54235436333133,7.348323415350279,2.754209598676562,6.407038864191888,0.0,2.0,Pond_05,Mock_Data,Obs_Pond_05_20260116_20,Medium,2,1.0,0,1,0,0,0,0,0,0,0,1
2026-01-17 00:00:00,26.5,7.34,2.79,6.47,0.0,1.0,Pond_01,Real_Data,Obs_Pond_01_20260117_00,Low,1,1.0,0,0,0,0,0,0,0,0,0,0
2026-01-17 00:00:00,26.5,7.339999999999999,2.79,6.47,0.0,1.0,Pond_02,Real_Data,Obs_Pond_02_20260117_00,Low,1,1.0,0,0,0,0,0,0,0,0,0,0
2026-01-17 00:00:00,27.7316100325935,8.014364526059342,3.400333659932585,6.38900269539936,,,Pond_03,Real_Data,Obs_Pond_03_20260117_00,Low,3,1.0,0,0,0,0,0,0,0,0,0,0
2026-01-17 00:00:00,26.450877349286475,7.339494998693118,2.711022800943775,6.431260604657876,0.0,1.0,Pond_04,Mock_Data,Obs_Pond_04_20260117_00,Low,1,1.0,0,0,0,0,0,0,0,0,0,0
2026-01-17 00:00:00,26.5366159852317,7.319195603398164,2.77784761013666,6.513463550173264,0.0,1.0,Pond_05,Mock_Data,Obs_Pond_05_20260117_00,Low,1,1.0,0,0,0,0,0,0,0,0,0,0
2026-01-17 04:00:00,26.5,7.34,2.79,6.47,1.0,1.0,Pond_01,Real_Data,Obs_Pond_01_20260117_04,Low,1,1.0,0,0,0,0,0,0,0,0,0,0
2026-01-17 04:00:00,26.5,7.34,2.79,6.47,0.0,1.0,Pond_02,Real_Data,Obs_Pond_02_20260117_04,Low,1,1.0,0,0,0,0,0,0,0,0,0,0
2026-01-17 04:00:00,27.671239447802073,7.85573837423336,3.5150559372063626,6.31275549821414,,,Pond_03,Real_Data,Obs_Pond_03_20260117_04,Low,1,1.0,0,0,0,0,0,0,0,0,0,0
2026-01-17 04:00:00,26.492888314633333,7.336261524963407,2.7446703516464317,6.450897551542683,0.0,1.0,Pond_04,Mock_Data,Obs_Pond_04_20260117_04,Low,1,1.0,0,0,0,0,0,0,0,0,0,0
2026-01-17 04:00:00,26.48635673564951,7.3109920743285315,2.7625396038781553,6.4419840467065015,0.0,1.0,Pond_05,Mock_Data,Obs_Pond_05_20260117_04,Low,1,1.0,0,0,0,0,0,0,0,0,0,0
2026-01-17 08:00:00,26.5,7.34,2.79,6.47,0.0,1.0,Pond_01,Real_Data,Obs_Pond_01_20260117_08,Low,1,1.0,0,0,0,0,0,0,0,0,0,0
2026-01-17 08:00:00,26.5,7.34,2.79,6.47,0.0,1.0,Pond_02,Real_Data,Obs_Pond_02_20260117_08,Low,1,1.0,0,0,0,0,0,0,0,0,0,0
2026-01-17 08:00:00,26.996417955701048,7.917643740515667,3.6011134498507427,5.99397527280885,,,Pond_03,Real_Data,Obs_Pond_03_20260117_08,Low,1,1.0,0,0,0,0,0,0,0,0,0,0
2026-01-17 08:00:00,26.53130052314995,7.344831015039311,2.854565216099009,6.445484724586441,0.0,2.0,Pond_04,Mock_Data,Obs_Pond_04_20260117_08,Medium,2,1.0,0,1,0,0,0,0,0,0,0,1
2026-01-17 08:00:00,26.50394514675076,7.343190129658121,2.856510476013046,6.416076872330279,0.0,2.0,Pond_05,Mock_Data,Obs_Pond_05_20260117_08,Medium,2,1.0,0,1,0,0,0,0,0,0,0,1
2026-01-17 12:00:00,26.5,7.34,2.79,6.47,0.0,1.0,Pond_01,Real_Data,Obs_Pond_01_20260117_12,Low,1,1.0,0,0,0,0,0,0,0,0,0,0
2026-01-17 12:00:00,26.5,7.34,2.79,6.47,0.0,1.0,Pond_02,Real_Data,Obs_Pond_02_20260117_12,Low,1,1.0,0,0,0,0,0,0,0,0,0,0
2026-01-17 12:00:00,26.9778443108289,7.859633199268218,3.228105026331362,6.76767706250608,,,Pond_03,Real_Data,Obs_Pond_03_20260117_12,Unknown,0,1.0,0,-1,0,0,0,0,0,0,0,0
2026-01-17 12:00:00,26.553661926993534,7.332076664972747,2.8700991154424242,6.480762622668127,0.0,1.0,Pond_04,Mock_Data,Obs_Pond_04_20260117_12,Low,1,1.0,0,0,0,0,0,0,0,0,0,0
2026-01-17 12:00:00,26.47695609762616,7.336327950758714,2.728778725617359,6.429379808329458,0.0,2.0,Pond_05,Mock_Data,Obs_Pond_05_20260117_12,Medium,2,1.0,0,1,0,0,0,0,0,0,0,1
2026-01-17 16:00:00,26.5,7.34,2.79,6.47,1.0,1.0,Pond_01,Real_Data,Obs_Pond_01_20260117_16,Low,1,1.0,0,0,0,0,0,0,0,0,0,0
2026-01-17 16:00:00,26.5,7.34,2.79,6.47,0.0,1.0,Pond_02,Real_Data,Obs_Pond_02_20260117_16,Low,1,1.0,0,0,0,0,0,0,0,0,0,0
2026-01-17 16:00:00,26.7450489280171,7.76950309589701,3.2327310193195475,6.18096472502877,,,Pond_03,Real_Data,Obs_Pond_03_20260117_16,Unknown,0,1.0,0,-1,0,0,0,0,0,0,0,0
2026-01-17 16:00:00,26.42560227348359,7.337180986442049,2.785540324528524,6.480141036717448,0.0,1.0,Pond_04,Mock_Data,Obs_Pond_04_20260117_16,Low,1,1.0,0,0,0,0,0,0,0,0,0,0
2026-01-17 16:00:00,26.408413452626345,7.341873832502628,2.7949358989520663,6.51414232441468,0.0,1.0,Pond_05,Mock_Data,Obs_Pond_05_20260117_16,Low,1,1.0,0,0,0,0,0,0,0,0,0,0
2026-01-17 20:00:00,26.5,7.34,2.79,6.47,0.0,1.0,Pond_01,Real_Data,Obs_Pond_01_20260117_20,Low,1,1.0,0,0,0,0,0,0,0,0,0,0
2026-01-17 20:00:00,26.5,7.34,2.79,6.47,0.0,1.0,Pond_02,Real_Data,Obs_Pond_02_20260117_20,Low,1,1.0,0,0,0,0,0,0,0,0,0,0
2026-01-17 20:00:00,27.3294855331747,7.72222267794301,3.40608269704092,6.58934553166667,,,Pond_03,Real_Data,Obs_Pond_03_20260117_20,Low,1,1.0,0,0,0,0,0,0,0,0,0,0
2026-01-17 20:00:00,26.479266678366105,7.357711966238317,2.7365753887837987,6.470192371155126,0.0,1.0,Pond_04,Mock_Data,Obs_Pond_04_20260117_20,Low,1,1.0,0,0,0,0,0,0,0,0,0,0
2026-01-17 20:00:00,26.51596682121719,7.33965577195711,2.7853205720924246,-1.5,0.0,1.0,Pond_05,Mock_Data,Obs_Pond_05_20260117_20,Low,1,0.5,1,0,0,1,0,0,1,1,0,0
2026-01-18 00:00:00,26.5,7.34,2.79,6.47,0.0,1.0,Pond_01,Real_Data,Obs_Pond_01_20260118_00,Low,1,1.0,0,0,0,0,0,0,0,0,0,0
2026-01-18 00:00:00,26.5,7.34,2.7899999999999996,6.47,0.0,1.0,Pond_02,Real_Data,Obs_Pond_02_20260118_00,Low,1,1.0,0,0,0,0,0,0,0,0,0,0
2026-01-18 00:00:00,27.482819004608977,7.970349343341632,3.067587994690258,5.85186258519267,,,Pond_03,Real_Data,Obs_Pond_03_20260118_00,Unknown,0,1.0,0,-1,0,0,0,0,0,0,0,0
2026-01-18 00:00:00,26.470561561992277,7.330634973774478,2.880367119998876,6.4975947945842885,0.0,2.0,Pond_04,Mock_Data,Obs_Pond_04_20260118_00,Medium,2,1.0,0,1,0,0,0,0,0,0,0,1
2026-01-18 00:00:00,26.617283334609297,7.395396557273141,2.8256510520449156,6.46256951236081,0.0,1.0,Pond_05,Mock_Data,Obs_Pond_05_20260118_00,Low,1,1.0,0,0,0,0,0,0,0,0,0,0
2026-01-18 04:00:00,26.5,7.34,2.79,6.47,1.0,1.0,Pond_01,Real_Data,Obs_Pond_01_20260118_04,Low,1,1.0,0,0,0,0,0,0,0,0,0,0
2026-01-18 04:00:00,26.5,7.34,2.79,6.47,0.0,1.0,Pond_02,Real_Data,Obs_Pond_02_20260118_04,Low,1,1.0,0,0,0,0,0,0,0,0,0,0
2026-01-18 04:00:00,26.9958854407032,7.750976025506278,3.3609639693000277,6.43695551124193,,,Pond_03,Real_Data,Obs_Pond_03_20260118_04,Low,1,1.0,0,0,0,0,0,0,0,0,0,0
2026-01-18 04:00:00,26.459504827903785,7.305552040668719,2.8587480562466223,6.5451951686765,0.0,2.0,Pond_04,Mock_Data,Obs_Pond_04_20260118_04,Medium,2,1.0,0,1,0,0,0,0,0,0,0,1
2026-01-18 04:00:00,26.445224617386202,7.311477509585648,2.785515402579117,6.470949076347523,0.0,1.0,Pond_05,Mock_Data,Obs_Pond_05_20260118_04,Low,1,1.0,0,0,0,0,0,0,0,0,0,0
2026-01-18 08:00:00,26.5,7.34,2.79,6.47,0.0,1.0,Pond_01,Real_Data,Obs_Pond_01_20260118_08,Low,1,1.0,0,0,0,0,0,0,0,0,0,0
2026-01-18 08:00:00,26.5,7.34,2.79,6.47,0.0,1.0,Pond_02,Real_Data,Obs_Pond_02_20260118_08,Low,1,1.0,0,0,0,0,0,0,0,0,0,0
2026-01-18 08:00:00,26.9682177100051,7.852272693903408,3.58628571883104,6.26769870278139,,,Pond_03,Real_Data,Obs_Pond_03_20260118_08,Low,1,1.0,0,0,0,0,0,0,0,0,0,0
2026-01-18 08:00:00,26.609427788814134,7.377514287456868,2.819274363216062,6.529969014218594,0.0,1.0,Pond_04,Mock_Data,Obs_Pond_04_20260118_08,Low,1,1.0,0,0,0,0,0,0,0,0,0,0
2026-01-18 08:00:00,26.452085457736935,7.29733190262533,2.7141907745484533,6.34890998699751,0.0,1.0,Pond_05,Mock_Data,Obs_Pond_05_20260118_08,Low,1,1.0,0,0,0,0,0,0,0,0,0,0
2026-01-18 12:00:00,26.5,7.34,2.79,6.47,1.0,1.0,Pond_01,Real_Data,Obs_Pond_01_20260118_12,Low,1,1.0,0,0,0,0,0,0,0,0,0,0
2026-01-18 12:00:00,26.5,7.34,2.7900000000000005,6.47,0.0,1.0,Pond_02,Real_Data,Obs_Pond_02_20260118_12,Low,1,1.0,0,0,0,0,0,0,0,0,0,0
2026-01-18 12:00:00,27.665989976953476,7.665599868728237,3.240166647698345,5.878858661989,,,Pond_03,Real_Data,Obs_Pond_03_20260118_12,Unknown,0,1.0,0,-1,0,0,0,0,0,0,0,0
2026-01-18 12:00:00,26.52510189849699,7.369620908886901,2.7549714014951863,6.376221389534839,0.0,1.0,Pond_04,Mock_Data,Obs_Pond_04_20260118_12,Low,1,1.0,0,0,0,0,0,0,0,0,0,0
2026-01-18 12:00:00,26.446029858754727,7.347126768854404,2.7791724761522496,6.377091131481207,0.0,1.0,Pond_05,Mock_Data,Obs_Pond_05_20260118_12,Low,1,1.0,0,0,0,0,0,0,0,0,0,0
2026-01-18 16:00:00,26.5,7.34,2.79,6.47,1.0,1.0,Pond_01,Real_Data,Obs_Pond_01_20260118_16,Low,1,1.0,0,0,0,0,0,0,0,0,0,0
2026-01-18 16:00:00,26.5,7.34,2.79,6.47,0.0,1.0,Pond_02,Real_Data,Obs_Pond_02_20260118_16,Low,1,1.0,0,0,0,0,0,0,0,0,0,0
2026-01-18 16:00:00,27.560502406757024,7.960484196383547,3.393355199972715,5.57925391592945,,,Pond_03,Real_Data,Obs_Pond_03_20260118_16,Low,1,1.0,0,0,0,0,0,0,0,0,0,0
2026-01-18 16:00:00,26.421846887941918,7.312291517944664,2.787885987039036,6.308707318376407,0.0,1.0,Pond_04,Mock_Data,Obs_Pond_04_20260118_16,Low,1,1.0,0,0,0,0,0,0,0,0,0,0
2026-01-18 16:00:00,26.544912223907854,7.331928810110719,2.7480829867633614,6.491237602753753,0.0,1.0,Pond_05,Mock_Data,Obs_Pond_05_20260118_16,Low,1,1.0,0,0,0,0,0,0,0,0,0,0
2026-01-18 20:00:00,26.5,7.34,2.79,6.47,0.0,1.0,Pond_01,Real_Data,Obs_Pond_01_20260118_20,Low,1,1.0,0,0,0,0,0,0,0,0,0,0
2026-01-18 20:00:00,26.5,7.339999999999999,2.79,6.47,0.0,1.0,Pond_02,Real_Data,Obs_Pond_02_20260118_20,Low,1,1.0,0,0,0,0,0,0,0,0,0,0
2026-01-18 20:00:00,27.693311058111775,7.8148324994516924,3.350894019870065,6.92041775180801,,,Pond_03,Real_Data,Obs_Pond_03_20260118_20,Low,1,1.0,0,0,0,0,0,0,0,0,0,0
2026-01-18 20:00:00,26.556891649192135,7.354788600195179,2.783085705743631,6.52900689802776,0.0,2.0,Pond_04,Mock_Data,Obs_Pond_04_20260118_20,Medium,2,1.0,0,1,0,0,0,0,0,0,0,1
2026-01-18 20:00:00,26.527798382109413,7.3467770747618495,2.7934312554477114,6.423452970621896,0.0,1.0,Pond_05,Mock_Data,Obs_Pond_05_20260118_20,Low,1,1.0,0,0,0,0,0,0,0,0,0,0
2026-01-19 00:00:00,26.5,7.34,2.79,6.47,1.0,1.0,Pond_01,Real_Data,Obs_Pond_01_20260119_00,Low,1,1.0,0,0,0,0,0,0,0,0,0,0
2026-01-19 00:00:00,26.5,7.339999999999999,2.79,6.47,0.0,1.0,Pond_02,Real_Data,Obs_Pond_02_20260119_00,Low,1,1.0,0,0,0,0,0,0,0,0,0,0
2026-01-19 00:00:00,27.604396676112824,7.8255376082837,3.1221858349888927,5.92079106898415,,,Pond_03,Real_Data,Obs_Pond_03_20260119_00,Unknown,0,1.0,0,-1,0,0,0,0,0,0,0,0
2026-01-19 00:00:00,26.631537173186846,7.329215298517172,2.8042654160581035,6.383674886938099,0.0,2.0,Pond_04,Mock_Data,Obs_Pond_04_20260119_00,Medium,2,1.0,0,1,0,0,0,0,0,0,0,1
2026-01-19 00:00:00,26.490173390661166,7.3525195227771,2.851837846311993,6.536737375853,0.0,1.0,Pond_05,Mock_Data,Obs_Pond_05_20260119_00,Low,1,1.0,0,0,0,0,0,0,0,0,0,0
2026-01-19 04:00:00,26.5,7.34,2.79,6.47,1.0,1.0,Pond_01,Real_Data,Obs_Pond_01_20260119_04,Low,1,1.0,0,0,0,0,0,0,0,0,0,0
2026-01-19 04:00:00,26.5,7.34,2.79,6.47,0.0,1.0,Pond_02,Real_Data,Obs_Pond_02_20260119_04,Low,1,1.0,0,0,0,0,0,0,0,0,0,0
2026-01-19 04:00:00,27.797992146174575,7.8471709791227795,3.148405777316555,5.81577516304091,,,Pond_03,Real_Data,Obs_Pond_03_20260119_04,Unknown,0,1.0,0,-1,0,0,0,0,0,0,0,0
2026-01-19 04:00:00,26.563995082915053,7.345649649104213,2.852563269139594,6.455804959318422,0.0,1.0,Pond_04,Mock_Data,Obs_Pond_04_20260119_04,Low,1,1.0,0,0,0,0,0,0,0,0,0,0
2026-01-19 04:00:00,26.44309861240675,7.367533559576002,2.715000674125274,6.5310586240609565,0.0,2.0,Pond_05,Mock_Data,Obs_Pond_05_20260119_04,Medium,2,1.0,0,1,0,0,0,0,0,0,0,1
2026-01-19 08:00:00,26.5,7.34,2.79,6.47,0.0,1.0,Pond_01,Real_Data,Obs_Pond_01_20260119_08,Low,1,1.0,0,0,0,0,0,0,0,0,0,0
2026-01-19 08:00:00,26.5,7.34,2.79,6.47,0.0,1.0,Pond_02,Real_Data,Obs_Pond_02_20260119_08,Low,1,1.0,0,0,0,0,0,0,0,0,0,0
2026-01-19 08:00:00,27.145277220080825,7.836851391756082,3.0227217133887603,6.34346800151296,,,Pond_03,Real_Data,Obs_Pond_03_20260119_08,Unknown,0,1.0,0,-1,0,0,0,0,0,0,0,0
2026-01-19 08:00:00,26.40582520239183,7.3463087049017926,2.8279180913159405,6.39610160697736,0.0,1.0,Pond_04,Mock_Data,Obs_Pond_04_20260119_08,Low,1,1.0,0,0,0,0,0,0,0,0,0,0
2026-01-19 08:00:00,26.505725771768116,7.3076823143192,2.7554965535865206,6.5154190386503785,0.0,1.0,Pond_05,Mock_Data,Obs_Pond_05_20260119_08,Low,1,1.0,0,0,0,0,0,0,0,0,0,0
2026-01-19 12:00:00,26.5,7.34,2.79,6.47,0.0,1.0,Pond_01,Real_Data,Obs_Pond_01_20260119_12,Low,1,1.0,0,0,0,0,0,0,0,0,0,0
2026-01-19 12:00:00,26.5,7.34,2.79,6.47,0.0,1.0,Pond_02,Real_Data,Obs_Pond_02_20260119_12,Low,1,1.0,0,0,0,0,0,0,0,0,0,0
2026-01-19 12:00:00,27.610057687567174,7.725803046308612,3.726521970140327,6.00153199883655,,,Pond_03,Real_Data,Obs_Pond_03_20260119_12,Medium,1,1.0,0,1,0,0,0,0,0,0,0,1
2026-01-19 12:00:00,26.469985818576763,7.3349738668822555,2.743546448888594,6.3561960719778865,0.0,1.0,Pond_04,Mock_Data,Obs_Pond_04_20260119_12,Low,1,1.0,0,0,0,0,0,0,0,0,0,0
2026-01-19 12:00:00,26.40302034693532,7.328062947308559,2.766169370263585,6.584927539267917,0.0,1.0,Pond_05,Mock_Data,Obs_Pond_05_20260119_12,Low,1,1.0,0,0,0,0,0,0,0,0,0,0
2026-01-19 16:00:00,26.5,7.34,2.79,6.47,1.0,1.0,Pond_01,Real_Data,Obs_Pond_01_20260119_16,Low,1,1.0,0,0,0,0,0,0,0,0,0,0
2026-01-19 16:00:00,26.5,7.34,2.79,6.47,0.0,1.0,Pond_02,Real_Data,Obs_Pond_02_20260119_16,Low,1,1.0,0,0,0,0,0,0,0,0,0,0
2026-01-19 16:00:00,27.648285246699174,7.8080352214773,3.14726907341408,6.15465207987046,,,Pond_03,Real_Data,Obs_Pond_03_20260119_16,Unknown,0,1.0,0,-1,0,0,0,0,0,0,0,0
2026-01-19 16:00:00,26.578526694442896,7.323194626786998,2.8493508149676092,6.504196034575174,0.0,1.0,Pond_04,Mock_Data,Obs_Pond_04_20260119_16,Low,1,1.0,0,0,0,0,0,0,0,0,0,0
2026-01-19 16:00:00,26.508889979536324,7.349193427692927,2.773545096299061,6.464752500262106,0.0,1.0,Pond_05,Mock_Data,Obs_Pond_05_20260119_16,Low,1,1.0,0,0,0,0,0,0,0,0,0,0
2026-01-19 20:00:00,26.5,7.34,2.79,6.47,1.0,1.0,Pond_01,Real_Data,Obs_Pond_01_20260119_20,Low,1,1.0,0,0,0,0,0,0,0,0,0,0
2026-01-19 20:00:00,26.5,7.34,2.79,6.47,0.0,1.0,Pond_02,Real_Data,Obs_Pond_02_20260119_20,Low,1,1.0,0,0,0,0,0,0,0,0,0,0
2026-01-19 20:00:00,26.949714719434702,7.8244746130575376,3.3586584078942776,6.85927717098031,,,Pond_03,Real_Data,Obs_Pond_03_20260119_20,Low,1,1.0,0,0,0,0,0,0,0,0,0,0
2026-01-19 20:00:00,26.45613666836156,7.325193533459531,2.8035014134631937,6.517944382424441,0.0,1.0,Pond_04,Mock_Data,Obs_Pond_04_20260119_20,Low,1,1.0,0,0,0,0,0,0,0,0,0,0
2026-01-19 20:00:00,26.55401951763531,7.356520152439782,2.821912222761247,6.510980085271948,0.0,1.0,Pond_05,Mock_Data,Obs_Pond_05_20260119_20,Low,1,1.0,0,0,0,0,0,0,0,0,0,0
2026-01-20 00:00:00,26.5,7.34,2.79,6.47,1.0,1.0,Pond_01,Real_Data,Obs_Pond_01_20260120_00,Low,1,1.0,0,0,0,0,0,0,0,0,0,0
2026-01-20 00:00:00,26.5,7.34,2.79,6.47,0.0,1.0,Pond_02,Real_Data,Obs_Pond_02_20260120_00,Low,1,1.0,0,0,0,0,0,0,0,0,0,0
2026-01-20 00:00:00,27.6205829044948,7.78153630538695,2.9916239796496176,5.55034052747954,,,Pond_03,Real_Data,Obs_Pond_03_20260120_00,Unknown,0,1.0,0,-1,0,0,0,0,0,0,0,0
2026-01-20 00:00:00,26.527509168771807,7.320355165133603,2.8196244243274418,6.433590532516316,0.0,1.0,Pond_04,Mock_Data,Obs_Pond_04_20260120_00,Low,1,1.0,0,0,0,0,0,0,0,0,0,0
2026-01-20 00:00:00,26.42244718001517,7.387031580911249,2.782517232706847,6.433092203838847,0.0,1.0,Pond_05,Mock_Data,Obs_Pond_05_20260120_00,Low,1,1.0,0,0,0,0,0,0,0,0,0,0
2026-01-20 04:00:00,26.5,7.34,2.79,6.47,0.0,1.0,Pond_01,Real_Data,Obs_Pond_01_20260120_04,Low,1,1.0,0,0,0,0,0,0,0,0,0,0
2026-01-20 04:00:00,26.5,7.34,2.79,6.47,0.0,1.0,Pond_02,Real_Data,Obs_Pond_02_20260120_04,Low,1,1.0,0,0,0,0,0,0,0,0,0,0
2026-01-20 04:00:00,27.087211436693998,7.753992876695445,3.457472954384825,6.35473819751522,,,Pond_03,Real_Data,Obs_Pond_03_20260120_04,Low,1,1.0,0,0,0,0,0,0,0,0,0,0
2026-01-20 04:00:00,26.548013983978088,7.322164206382125,2.853233287074767,6.30636293470893,0.0,1.0,Pond_04,Mock_Data,Obs_Pond_04_20260120_04,Low,1,1.0,0,0,0,0,0,0,0,0,0,0
2026-01-20 04:00:00,26.40501023333008,7.360492045800066,2.8079282922501627,6.624879222452888,0.0,2.0,Pond_05,Mock_Data,Obs_Pond_05_20260120_04,Medium,2,1.0,0,1,0,0,0,0,0,0,0,1
2026-01-20 08:00:00,26.5,7.34,2.79,6.47,0.0,1.0,Pond_01,Real_Data,Obs_Pond_01_20260120_08,Low,1,1.0,0,0,0,0,0,0,0,0,0,0
2026-01-20 08:00:00,26.5,7.34,2.79,6.47,0.0,1.0,Pond_02,Real_Data,Obs_Pond_02_20260120_08,Low,1,1.0,0,0,0,0,0,0,0,0,0,0
2026-01-20 08:00:00,27.639782368877924,7.824939406055405,3.2092314345215076,5.99248262082068,,,Pond_03,Real_Data,Obs_Pond_03_20260120_08,Unknown,0,1.0,0,-1,0,0,0,0,0,0,0,0
2026-01-20 08:00:00,26.44254625830852,7.338559574263506,2.7420716572065325,6.435501976283999,0.0,1.0,Pond_04,Mock_Data,Obs_Pond_04_20260120_08,Low,1,1.0,0,0,0,0,0,0,0,0,0,0
2026-01-20 08:00:00,26.59789797555439,7.338782348359956,2.7630183538579303,6.595276222036704,0.0,2.0,Pond_05,Mock_Data,Obs_Pond_05_20260120_08,Medium,2,1.0,0,1,0,0,0,0,0,0,0,1
2026-01-20 12:00:00,26.5,7.34,2.79,6.47,0.0,1.0,Pond_01,Real_Data,Obs_Pond_01_20260120_12,Low,1,1.0,0,0,0,0,0,0,0,0,0,0
2026-01-20 12:00:00,26.5,7.34,2.79,6.47,0.0,1.0,Pond_02,Real_Data,Obs_Pond_02_20260120_12,Low,1,1.0,0,0,0,0,0,0,0,0,0,0
2026-01-20 12:00:00,27.268044503846276,7.889634831446758,3.53868650817419,5.59321936068319,,,Pond_03,Real_Data,Obs_Pond_03_20260120_12,Low,1,1.0,0,0,0,0,0,0,0,0,0,0
2026-01-20 12:00:00,26.496310452039143,7.324652793205811,2.788455297655955,6.49474435010487,0.0,2.0,Pond_04,Mock_Data,Obs_Pond_04_20260120_12,Medium,2,1.0,0,1,0,0,0,0,0,0,0,1
2026-01-20 12:00:00,26.462081427482335,7.320907424492491,2.799913717744245,6.470750307876011,0.0,1.0,Pond_05,Mock_Data,Obs_Pond_05_20260120_12,Low,1,1.0,0,0,0,0,0,0,0,0,0,0
2026-01-20 16:00:00,26.5,7.34,2.79,6.47,0.0,1.0,Pond_01,Real_Data,Obs_Pond_01_20260120_16,Low,1,1.0,0,0,0,0,0,0,0,0,0,0
2026-01-20 16:00:00,26.5,7.34,2.79,6.47,0.0,1.0,Pond_02,Real_Data,Obs_Pond_02_20260120_16,Low,1,1.0,0,0,0,0,0,0,0,0,0,0
2026-01-20 16:00:00,27.6940308803702,7.795863638449408,3.2724002909869476,6.05336590136035,,,Pond_03,Real_Data,Obs_Pond_03_20260120_16,Unknown,0,1.0,0,-1,0,0,0,0,0,0,0,0
2026-01-20 16:00:00,26.299097189897847,7.354624447099789,2.7670851129031484,6.376599460119628,0.0,1.0,Pond_04,Mock_Data,Obs_Pond_04_20260120_16,Low,1,1.0,0,0,0,0,0,0,0,0,0,0
2026-01-20 16:00:00,26.57040922282416,7.327900590710161,2.8235365363795983,6.494414821917575,0.0,1.0,Pond_05,Mock_Data,Obs_Pond_05_20260120_16,Low,1,1.0,0,0,0,0,0,0,0,0,0,0
2026-01-20 20:00:00,26.5,7.34,2.79,6.47,1.0,1.0,Pond_01,Real_Data,Obs_Pond_01_20260120_20,Low,1,1.0,0,0,0,0,0,0,0,0,0,0
2026-01-20 20:00:00,26.5,7.34,2.7899999999999996,6.47,0.0,1.0,Pond_02,Real_Data,Obs_Pond_02_20260120_20,Low,1,1.0,0,0,0,0,0,0,0,0,0,0
2026-01-20 20:00:00,27.2299163145485,7.827431512668593,3.0397405708126124,5.76434269344597,,,Pond_03,Real_Data,Obs_Pond_03_20260120_20,Unknown,0,1.0,0,-1,0,0,0,0,0,0,0,0
2026-01-20 20:00:00,26.4365055905035,7.371889285021591,2.722398129578346,6.481580080825245,0.0,1.0,Pond_04,Mock_Data,Obs_Pond_04_20260120_20,Low,1,1.0,0,0,0,0,0,0,0,0,0,0
2026-01-20 20:00:00,26.490454794238985,7.3272913645218924,2.758425218185857,6.555846329367754,0.0,1.0,Pond_05,Mock_Data,Obs_Pond_05_20260120_20,Low,1,1.0,0,0,0,0,0,0,0,0,0,0
2026-01-21 00:00:00,26.5,7.34,2.79,6.47,1.0,1.0,Pond_01,Real_Data,Obs_Pond_01_20260121_00,Low,1,1.0,0,0,0,0,0,0,0,0,0,0
2026-01-21 00:00:00,26.5,7.34,2.79,6.47,0.0,1.0,Pond_02,Real_Data,Obs_Pond_02_20260121_00,Low,1,1.0,0,0,0,0,0,0,0,0,0,0
2026-01-21 00:00:00,27.498024115616424,7.787753055259987,3.0668660792370974,6.38907601213241,,,Pond_03,Real_Data,Obs_Pond_03_20260121_00,Unknown,0,1.0,0,-1,0,0,0,0,0,0,0,0
2026-01-21 00:00:00,26.484345119968996,7.327562594749106,2.80494919927179,6.469033107720274,0.0,1.0,Pond_04,Mock_Data,Obs_Pond_04_20260121_00,Low,1,1.0,0,0,0,0,0,0,0,0,0,0
2026-01-21 00:00:00,26.489961587731173,7.354049410624085,2.823690055060743,6.4607074165369065,0.0,1.0,Pond_05,Mock_Data,Obs_Pond_05_20260121_00,Low,1,1.0,0,0,0,0,0,0,0,0,0,0
2026-01-21 04:00:00,26.5,7.34,2.79,6.47,0.0,1.0,Pond_01,Real_Data,Obs_Pond_01_20260121_04,Low,1,1.0,0,0,0,0,0,0,0,0,0,0
2026-01-21 04:00:00,26.5,7.340000000000001,2.79,6.47,0.0,1.0,Pond_02,Real_Data,Obs_Pond_02_20260121_04,Low,1,1.0,0,0,0,0,0,0,0,0,0,0
2026-01-21 04:00:00,26.89983120174185,7.77328538546819,3.406717683671655,5.98107881085381,,,Pond_03,Real_Data,Obs_Pond_03_20260121_04,Low,1,1.0,0,0,0,0,0,0,0,0,0,0
2026-01-21 04:00:00,26.422658910434212,7.345133271533857,2.8982915456641085,6.506585107556972,0.0,2.0,Pond_04,Mock_Data,Obs_Pond_04_20260121_04,Medium,2,1.0,0,1,0,0,0,0,0,0,0,1
2026-01-21 04:00:00,26.527174044616594,7.345510496539328,2.7922581725554374,6.4285309601966425,0.0,1.0,Pond_05,Mock_Data,Obs_Pond_05_20260121_04,Low,1,1.0,0,0,0,0,0,0,0,0,0,0
2026-01-21 08:00:00,26.5,7.34,2.79,6.47,0.0,1.0,Pond_01,Real_Data,Obs_Pond_01_20260121_08,Low,1,1.0,0,0,0,0,0,0,0,0,0,0
2026-01-21 08:00:00,26.5,7.339999999999999,2.79,6.47,0.0,1.0,Pond_02,Real_Data,Obs_Pond_02_20260121_08,Low,1,1.0,0,0,0,0,0,0,0,0,0,0
2026-01-21 08:00:00,27.05760517134425,7.87551119536575,3.1652194847279826,6.44148792801729,,,Pond_03,Real_Data,Obs_Pond_03_20260121_08,Unknown,0,1.0,0,-1,0,0,0,0,0,0,0,0
2026-01-21 08:00:00,26.60118141572222,7.350714165134215,2.7106608097401,6.477552088444499,0.0,1.0,Pond_04,Mock_Data,Obs_Pond_04_20260121_08,Low,1,1.0,0,0,0,0,0,0,0,0,0,0
2026-01-21 08:00:00,26.445207279803196,7.311618525768682,2.8350774263079095,6.525196751663534,0.0,1.0,Pond_05,Mock_Data,Obs_Pond_05_20260121_08,Low,1,1.0,0,0,0,0,0,0,0,0,0,0
2026-01-21 12:00:00,26.5,7.34,2.79,6.47,1.0,1.0,Pond_01,Real_Data,Obs_Pond_01_20260121_12,Low,1,1.0,0,0,0,0,0,0,0,0,0,0
2026-01-21 12:00:00,26.5,7.340000000000001,2.79,6.47,0.0,1.0,Pond_02,Real_Data,Obs_Pond_02_20260121_12,Low,1,1.0,0,0,0,0,0,0,0,0,0,0
2026-01-21 12:00:00,27.346338439314426,7.674880565592275,3.6256272945904673,6.47434130560291,,,Pond_03,Real_Data,Obs_Pond_03_20260121_12,Low,1,1.0,0,0,0,0,0,0,0,0,0,0
2026-01-21 12:00:00,26.411355839697713,7.3501205942904475,2.7886081471017152,6.408545910155741,0.0,1.0,Pond_04,Mock_Data,Obs_Pond_04_20260121_12,Low,1,1.0,0,0,0,0,0,0,0,0,0,0
2026-01-21 12:00:00,26.508212543325172,7.330653473105792,2.7813153170717637,6.47495382420877,0.0,1.0,Pond_05,Mock_Data,Obs_Pond_05_20260121_12,Low,1,1.0,0,0,0,0,0,0,0,0,0,0
2026-01-21 16:00:00,26.5,7.34,2.79,6.47,0.0,1.0,Pond_01,Real_Data,Obs_Pond_01_20260121_16,Low,1,1.0,0,0,0,0,0,0,0,0,0,0
2026-01-21 16:00:00,26.5,7.339999999999999,2.79,6.47,0.0,1.0,Pond_02,Real_Data,Obs_Pond_02_20260121_16,Low,1,1.0,0,0,0,0,0,0,0,0,0,0
2026-01-21 16:00:00,27.19445098547365,7.84944031296818,3.15874735652786,5.71442202006503,,,Pond_03,Real_Data,Obs_Pond_03_20260121_16,Unknown,0,1.0,0,-1,0,0,0,0,0,0,0,0
2026-01-21 16:00:00,26.472724812651368,7.341628620238,2.817618484027251,6.545569375898228,0.0,1.0,Pond_04,Mock_Data,Obs_Pond_04_20260121_16,Low,1,1.0,0,0,0,0,0,0,0,0,0,0
2026-01-21 16:00:00,26.47635421968595,7.35881622887483,2.806438241439413,6.481556999588654,0.0,1.0,Pond_05,Mock_Data,Obs_Pond_05_20260121_16,Low,1,1.0,0,0,0,0,0,0,0,0,0,0
2026-01-21 20:00:00,26.5,7.34,2.79,6.47,0.0,1.0,Pond_01,Real_Data,Obs_Pond_01_20260121_20,Low,1,1.0,0,0,0,0,0,0,0,0,0,0
2026-01-21 20:00:00,26.5,7.34,2.79,6.47,0.0,1.0,Pond_02,Real_Data,Obs_Pond_02_20260121_20,Low,1,1.0,0,0,0,0,0,0,0,0,0,0
2026-01-21 20:00:00,27.35494267096835,7.8261195783242075,2.9073148594129825,6.18575535859531,,,Pond_03,Real_Data,Obs_Pond_03_20260121_20,Unknown,0,1.0,0,-1,0,0,0,0,0,0,0,0
2026-01-21 20:00:00,26.508103666441347,7.355924473050157,2.795306800154071,6.459988077705013,0.0,1.0,Pond_04,Mock_Data,Obs_Pond_04_20260121_20,Low,1,1.0,0,0,0,0,0,0,0,0,0,0
2026-01-21 20:00:00,26.418152125182033,7.347540285801982,2.788249168791645,6.417311661160471,0.0,1.0,Pond_05,Mock_Data,Obs_Pond_05_20260121_20,Low,1,1.0,0,0,0,0,0,0,0,0,0,0
2026-01-22 00:00:00,26.5,7.34,2.79,6.47,1.0,1.0,Pond_01,Real_Data,Obs_Pond_01_20260122_00,Low,1,1.0,0,0,0,0,0,0,0,0,0,0
2026-01-22 00:00:00,26.5,7.339999999999999,2.79,6.47,0.0,1.0,Pond_02,Real_Data,Obs_Pond_02_20260122_00,Low,1,1.0,0,0,0,0,0,0,0,0,0,0
2026-01-22 00:00:00,27.458580464042576,7.553018947038725,3.49740133943395,6.43727982027043,,,Pond_03,Real_Data,Obs_Pond_03_20260122_00,Low,1,1.0,0,0,0,0,0,0,0,0,0,0
2026-01-22 00:00:00,26.58933414726981,7.350340301938735,2.785122223444592,6.468275584027294,0.0,1.0,Pond_04,Mock_Data,Obs_Pond_04_20260122_00,Low,1,1.0,0,0,0,0,0,0,0,0,0,0
2026-01-22 00:00:00,26.5209180823604,7.352192783401029,2.7858515867135694,6.361520555128525,0.0,2.0,Pond_05,Mock_Data,Obs_Pond_05_20260122_00,Medium,2,1.0,0,1,0,0,0,0,0,0,0,1
2026-01-22 04:00:00,26.5,7.34,2.79,6.47,0.0,1.0,Pond_01,Real_Data,Obs_Pond_01_20260122_04,Low,1,1.0,0,0,0,0,0,0,0,0,0,0
2026-01-22 04:00:00,26.5,7.340000000000001,2.79,6.47,0.0,1.0,Pond_02,Real_Data,Obs_Pond_02_20260122_04,Low,1,1.0,0,0,0,0,0,0,0,0,0,0
2026-01-22 04:00:00,27.612157456872126,7.927185854909492,2.9936702098281422,5.83561823033272,,,Pond_03,Real_Data,Obs_Pond_03_20260122_04,Unknown,0,1.0,0,-1,0,0,0,0,0,0,0,0
2026-01-22 04:00:00,26.411001250182245,7.313462247924122,2.733981293966527,6.411059537925758,0.0,1.0,Pond_04,Mock_Data,Obs_Pond_04_20260122_04,Low,1,1.0,0,0,0,0,0,0,0,0,0,0
2026-01-22 04:00:00,26.483679446101327,7.348210543701296,2.80116438181507,6.4849135546959324,0.0,1.0,Pond_05,Mock_Data,Obs_Pond_05_20260122_04,Low,1,1.0,0,0,0,0,0,0,0,0,0,0
2026-01-22 08:00:00,26.5,7.34,2.79,6.47,1.0,1.0,Pond_01,Real_Data,Obs_Pond_01_20260122_08,Low,1,1.0,0,0,0,0,0,0,0,0,0,0
2026-01-22 08:00:00,26.5,7.34,2.7900000000000005,6.47,0.0,1.0,Pond_02,Real_Data,Obs_Pond_02_20260122_08,Low,1,1.0,0,0,0,0,0,0,0,0,0,0
2026-01-22 08:00:00,27.215367676375575,7.9255126031337895,3.462872998521372,6.53221003723759,,,Pond_03,Real_Data,Obs_Pond_03_20260122_08,Low,1,1.0,0,0,0,0,0,0,0,0,0,0
2026-01-22 08:00:00,26.57209614076817,7.3586362999602395,2.8000371366064605,6.442004545467858,0.0,2.0,Pond_04,Mock_Data,Obs_Pond_04_20260122_08,Medium,2,1.0,0,1,0,0,0,0,0,0,0,1
2026-01-22 08:00:00,26.490267162199068,7.37487365765091,2.813145690480165,6.527152804151004,0.0,1.0,Pond_05,Mock_Data,Obs_Pond_05_20260122_08,Low,1,1.0,0,0,0,0,0,0,0,0,0,0
2026-01-22 12:00:00,26.5,7.34,2.79,6.47,1.0,1.0,Pond_01,Real_Data,Obs_Pond_01_20260122_12,Low,1,1.0,0,0,0,0,0,0,0,0,0,0
2026-01-22 12:00:00,26.5,7.34,2.7900000000000005,6.47,0.0,1.0,Pond_02,Real_Data,Obs_Pond_02_20260122_12,Low,1,1.0,0,0,0,0,0,0,0,0,0,0
2026-01-22 12:00:00,27.514724838982726,7.71816823395881,3.05613825816107,6.53883333483889,,,Pond_03,Real_Data,Obs_Pond_03_20260122_12,Unknown,0,1.0,0,-1,0,0,0,0,0,0,0,0
2026-01-22 12:00:00,26.50063427372663,7.359025142747976,2.75737037805409,6.414120356536103,0.0,1.0,Pond_04,Mock_Data,Obs_Pond_04_20260122_12,Low,1,1.0,0,0,0,0,0,0,0,0,0,0
2026-01-22 12:00:00,26.424990841945608,7.345061196166256,2.7361221306625483,6.455739193121725,0.0,1.0,Pond_05,Mock_Data,Obs_Pond_05_20260122_12,Low,1,1.0,0,0,0,0,0,0,0,0,0,0
2026-01-22 16:00:00,26.5,7.34,2.79,6.47,0.0,1.0,Pond_01,Real_Data,Obs_Pond_01_20260122_16,Low,1,1.0,0,0,0,0,0,0,0,0,0,0
2026-01-22 16:00:00,26.5,7.34,2.79,6.47,0.0,1.0,Pond_02,Real_Data,Obs_Pond_02_20260122_16,Low,1,1.0,0,0,0,0,0,0,0,0,0,0
2026-01-22 16:00:00,27.201487598457675,7.814438135555583,3.4416136475109274,6.38963204822883,,,Pond_03,Real_Data,Obs_Pond_03_20260122_16,Low,1,1.0,0,0,0,0,0,0,0,0,0,0
2026-01-22 16:00:00,26.43916335018175,7.323633746140919,2.695576481578366,6.459077605647225,0.0,1.0,Pond_04,Mock_Data,Obs_Pond_04_20260122_16,Low,1,1.0,0,0,0,0,0,0,0,0,0,0
2026-01-22 16:00:00,26.598639443259973,7.331722963288918,2.8518144151749087,6.560717589516261,0.0,1.0,Pond_05,Mock_Data,Obs_Pond_05_20260122_16,Low,1,1.0,0,0,0,0,0,0,0,0,0,0
2026-01-22 20:00:00,26.5,7.34,2.79,6.47,1.0,1.0,Pond_01,Real_Data,Obs_Pond_01_20260122_20,Low,1,1.0,0,0,0,0,0,0,0,0,0,0
2026-01-22 20:00:00,26.5,7.34,2.79,6.47,0.0,1.0,Pond_02,Real_Data,Obs_Pond_02_20260122_20,Low,1,1.0,0,0,0,0,0,0,0,0,0,0
2026-01-22 20:00:00,27.307580971243723,7.8500638741459,3.067997831050275,6.09013615837126,,,Pond_03,Real_Data,Obs_Pond_03_20260122_20,Unknown,0,1.0,0,-1,0,0,0,0,0,0,0,0
2026-01-22 20:00:00,26.528642465059818,7.340813456765949,2.8415075951270703,6.57810280988986,0.0,1.0,Pond_04,Mock_Data,Obs_Pond_04_20260122_20,Low,1,1.0,0,0,0,0,0,0,0,0,0,0
2026-01-22 20:00:00,26.55434119596492,7.320364532520798,2.709816344589769,6.425544221701561,0.0,1.0,Pond_05,Mock_Data,Obs_Pond_05_20260122_20,Low,1,1.0,0,0,0,0,0,0,0,0,0,0
2026-01-23 00:00:00,26.5,7.34,2.79,6.47,0.0,1.0,Pond_01,Real_Data,Obs_Pond_01_20260123_00,Low,1,1.0,0,0,0,0,0,0,0,0,0,0
2026-01-23 00:00:00,26.5,7.34,2.79,6.47,0.0,1.0,Pond_02,Real_Data,Obs_Pond_02_20260123_00,Low,1,1.0,0,0,0,0,0,0,0,0,0,0
2026-01-23 00:00:00,27.244145284725125,7.881348841032425,3.352111554352825,6.0558339596921,,,Pond_03,Real_Data,Obs_Pond_03_20260123_00,Low,1,1.0,0,0,0,0,0,0,0,0,0,0
2026-01-23 00:00:00,26.512338276366286,7.354651826758528,2.8313230121009165,6.3833576948630535,0.0,1.0,Pond_04,Mock_Data,Obs_Pond_04_20260123_00,Low,1,1.0,0,0,0,0,0,0,0,0,0,0
2026-01-23 00:00:00,26.559761076820816,7.345352084541201,2.760472748540605,6.403390225901265,0.0,1.0,Pond_05,Mock_Data,Obs_Pond_05_20260123_00,Low,1,1.0,0,0,0,0,0,0,0,0,0,0
2026-01-23 04:00:00,26.5,7.34,2.79,6.47,1.0,1.0,Pond_01,Real_Data,Obs_Pond_01_20260123_04,Low,1,1.0,0,0,0,0,0,0,0,0,0,0
2026-01-23 04:00:00,26.5,7.339999999999999,2.79,6.47,0.0,1.0,Pond_02,Real_Data,Obs_Pond_02_20260123_04,Low,1,1.0,0,0,0,0,0,0,0,0,0,0
2026-01-23 04:00:00,27.4975519298381,7.837285370745515,2.8343630093962027,6.23513252504468,,,Pond_03,Real_Data,Obs_Pond_03_20260123_04,Unknown,0,1.0,0,-1,0,0,0,0,0,0,0,0
2026-01-23 04:00:00,26.462796880158187,7.3355119278489465,2.7922274820091917,6.3680956611105985,0.0,1.0,Pond_04,Mock_Data,Obs_Pond_04_20260123_04,Low,1,1.0,0,0,0,0,0,0,0,0,0,0
2026-01-23 04:00:00,26.48106768352837,7.287666829931778,2.7859353718812305,6.465754075415309,0.0,1.0,Pond_05,Mock_Data,Obs_Pond_05_20260123_04,Low,1,1.0,0,0,0,0,0,0,0,0,0,0
2026-01-23 08:00:00,26.5,7.34,2.79,6.47,1.0,1.0,Pond_01,Real_Data,Obs_Pond_01_20260123_08,Low,1,1.0,0,0,0,0,0,0,0,0,0,0
2026-01-23 08:00:00,26.5,7.339999999999999,2.79,6.47,0.0,1.0,Pond_02,Real_Data,Obs_Pond_02_20260123_08,Low,1,1.0,0,0,0,0,0,0,0,0,0,0
2026-01-23 08:00:00,27.5821694289407,7.872056931676207,3.6456946019750425,6.27821445157574,,,Pond_03,Real_Data,Obs_Pond_03_20260123_08,Low,1,1.0,0,0,0,0,0,0,0,0,0,0
2026-01-23 08:00:00,26.504326528346528,7.363006617071665,2.799877082816499,6.562911642416716,0.0,1.0,Pond_04,Mock_Data,Obs_Pond_04_20260123_08,Low,1,1.0,0,0,0,0,0,0,0,0,0,0
2026-01-23 08:00:00,26.39282041089693,7.336048505834287,2.80777967739885,6.4647838726190265,0.0,1.0,Pond_05,Mock_Data,Obs_Pond_05_20260123_08,Low,1,1.0,0,0,0,0,0,0,0,0,0,0
2026-01-23 12:00:00,26.5,7.34,2.79,6.47,1.0,1.0,Pond_01,Real_Data,Obs_Pond_01_20260123_12,Low,1,1.0,0,0,0,0,0,0,0,0,0,0
2026-01-23 12:00:00,26.5,7.34,2.79,6.47,0.0,1.0,Pond_02,Real_Data,Obs_Pond_02_20260123_12,Low,1,1.0,0,0,0,0,0,0,0,0,0,0
2026-01-23 12:00:00,27.839632534639126,7.769981242235906,3.418158729060695,5.7196049614644,,,Pond_03,Real_Data,Obs_Pond_03_20260123_12,Low,1,1.0,0,0,0,0,0,0,0,0,0,0
2026-01-23 12:00:00,26.47611718619346,7.39068576137525,2.8363216956267094,6.456780180188911,0.0,1.0,Pond_04,Mock_Data,Obs_Pond_04_20260123_12,Low,1,1.0,0,0,0,0,0,0,0,0,0,0
2026-01-23 12:00:00,26.62104727838683,7.335586415914887,2.8579603089784067,6.518627312623787,0.0,1.0,Pond_05,Mock_Data,Obs_Pond_05_20260123_12,Low,1,1.0,0,0,0,0,0,0,0,0,0,0
2026-01-23 16:00:00,26.5,7.34,2.79,6.47,1.0,1.0,Pond_01,Real_Data,Obs_Pond_01_20260123_16,Low,1,1.0,0,0,0,0,0,0,0,0,0,0
2026-01-23 16:00:00,26.5,7.34,2.79,6.47,0.0,1.0,Pond_02,Real_Data,Obs_Pond_02_20260123_16,Low,1,1.0,0,0,0,0,0,0,0,0,0,0
2026-01-23 16:00:00,27.56824223217255,7.84263839463307,3.694804205409082,6.70399605149457,,,Pond_03,Real_Data,Obs_Pond_03_20260123_16,Low,1,1.0,0,0,0,0,0,0,0,0,0,0
2026-01-23 16:00:00,26.50703612237546,7.32314701804556,2.799672921030159,6.427744765590092,0.0,1.0,Pond_04,Mock_Data,Obs_Pond_04_20260123_16,Low,1,1.0,0,0,0,0,0,0,0,0,0,0
2026-01-23 16:00:00,26.496213005666988,7.3107432426040955,2.709875482227385,6.421057285855982,0.0,1.0,Pond_05,Mock_Data,Obs_Pond_05_20260123_16,Low,1,1.0,0,0,0,0,0,0,0,0,0,0
2026-01-23 20:00:00,26.5,7.34,2.79,6.47,1.0,1.0,Pond_01,Real_Data,Obs_Pond_01_20260123_20,Low,1,1.0,0,0,0,0,0,0,0,0,0,0
2026-01-23 20:00:00,26.5,7.34,2.79,6.47,0.0,1.0,Pond_02,Real_Data,Obs_Pond_02_20260123_20,Low,1,1.0,0,0,0,0,0,0,0,0,0,0
2026-01-23 20:00:00,27.305316863175324,7.8398867985166945,3.3391522516648653,6.67597894499815,,,Pond_03,Real_Data,Obs_Pond_03_20260123_20,Low,1,1.0,0,0,0,0,0,0,0,0,0,0
2026-01-23 20:00:00,26.54104071007092,7.3103878710195405,2.8289787991239264,6.5356750959811825,0.0,1.0,Pond_04,Mock_Data,Obs_Pond_04_20260123_20,Low,1,1.0,0,0,0,0,0,0,0,0,0,0
2026-01-23 20:00:00,26.45358729551104,7.320096278078446,2.7681095982675643,6.5564018802906885,0.0,2.0,Pond_05,Mock_Data,Obs_Pond_05_20260123_20,Medium,2,1.0,0,1,0,0,0,0,0,0,0,1
2026-01-24 00:00:00,26.5,7.34,2.79,6.47,1.0,1.0,Pond_01,Real_Data,Obs_Pond_01_20260124_00,Low,1,1.0,0,0,0,0,0,0,0,0,0,0
2026-01-24 00:00:00,26.5,7.34,2.79,6.47,0.0,1.0,Pond_02,Real_Data,Obs_Pond_02_20260124_00,Low,1,1.0,0,0,0,0,0,0,0,0,0,0
2026-01-24 00:00:00,27.451185305009425,7.867231888164043,3.44260400239637,6.5998813097424,,,Pond_03,Real_Data,Obs_Pond_03_20260124_00,Low,1,1.0,0,0,0,0,0,0,0,0,0,0
2026-01-24 00:00:00,26.598305755682,7.346514427860743,2.7771733697097654,6.431752399828576,0.0,1.0,Pond_04,Mock_Data,Obs_Pond_04_20260124_00,Low,1,1.0,0,0,0,0,0,0,0,0,0,0
2026-01-24 00:00:00,26.525834526678345,7.357360542272131,2.698296675375009,6.594220480843496,0.0,2.0,Pond_05,Mock_Data,Obs_Pond_05_20260124_00,Medium,2,1.0,0,1,0,0,0,0,0,0,0,1
2026-01-24 04:00:00,26.5,7.34,2.79,6.47,1.0,1.0,Pond_01,Real_Data,Obs_Pond_01_20260124_04,Low,1,1.0,0,0,0,0,0,0,0,0,0,0
2026-01-24 04:00:00,26.5,7.34,2.79,6.47,0.0,1.0,Pond_02,Real_Data,Obs_Pond_02_20260124_04,Low,1,1.0,0,0,0,0,0,0,0,0,0,0
2026-01-24 04:00:00,27.71807641553555,7.673760581795842,3.4025093510913327,6.61061185743822,,,Pond_03,Real_Data,Obs_Pond_03_20260124_04,Low,1,1.0,0,0,0,0,0,0,0,0,0,0
2026-01-24 04:00:00,26.423276735297925,7.355471623378756,2.846569200819595,6.58532149499206,0.0,1.0,Pond_04,Mock_Data,Obs_Pond_04_20260124_04,Low,1,1.0,0,0,0,0,0,0,0,0,0,0
2026-01-24 04:00:00,26.572341408911214,7.344946883000964,2.791363454240969,6.467527862159489,0.0,1.0,Pond_05,Mock_Data,Obs_Pond_05_20260124_04,Low,1,1.0,0,0,0,0,0,0,0,0,0,0
2026-01-24 08:00:00,26.5,7.34,2.79,6.47,1.0,1.0,Pond_01,Real_Data,Obs_Pond_01_20260124_08,Low,1,1.0,0,0,0,0,0,0,0,0,0,0
2026-01-24 08:00:00,26.5,7.34,2.7900000000000005,6.47,0.0,1.0,Pond_02,Real_Data,Obs_Pond_02_20260124_08,Low,1,1.0,0,0,0,0,0,0,0,0,0,0
2026-01-24 08:00:00,27.48906532289225,7.7029815588355,3.6310608636504,5.46941592672855,,,Pond_03,Real_Data,Obs_Pond_03_20260124_08,Low,1,1.0,0,0,0,0,0,0,0,0,0,0
2026-01-24 08:00:00,26.632211371062343,7.335049801560405,2.8038314154488453,6.512814353284452,0.0,2.0,Pond_04,Mock_Data,Obs_Pond_04_20260124_08,Medium,2,1.0,0,1,0,0,0,0,0,0,0,1
2026-01-24 08:00:00,26.498571262100246,7.342182528543658,2.8017142635225607,6.548925359976793,0.0,1.0,Pond_05,Mock_Data,Obs_Pond_05_20260124_08,Low,1,1.0,0,0,0,0,0,0,0,0,0,0
2026-01-24 12:00:00,26.5,7.34,2.79,6.47,0.0,1.0,Pond_01,Real_Data,Obs_Pond_01_20260124_12,Low,1,1.0,0,0,0,0,0,0,0,0,0,0
2026-01-24 12:00:00,26.5,7.34,2.7900000000000005,6.47,0.0,1.0,Pond_02,Real_Data,Obs_Pond_02_20260124_12,Low,1,1.0,0,0,0,0,0,0,0,0,0,0
2026-01-24 12:00:00,27.4580496264586,7.691258657568328,3.0025084529271324,6.47312268354978,,,Pond_03,Real_Data,Obs_Pond_03_20260124_12,Unknown,0,1.0,0,-1,0,0,0,0,0,0,0,0
2026-01-24 12:00:00,26.379004141484412,7.371160573747015,2.7983669965141527,6.43918599468907,0.0,1.0,Pond_04,Mock_Data,Obs_Pond_04_20260124_12,Low,1,1.0,0,0,0,0,0,0,0,0,0,0
2026-01-24 12:00:00,26.579249662929804,7.346568652936281,2.8585908225506333,6.403277013405051,0.0,1.0,Pond_05,Mock_Data,Obs_Pond_05_20260124_12,Low,1,1.0,0,0,0,0,0,0,0,0,0,0
2026-01-24 16:00:00,26.5,7.34,2.79,6.47,0.0,1.0,Pond_01,Real_Data,Obs_Pond_01_20260124_16,Low,1,1.0,0,0,0,0,0,0,0,0,0,0
2026-01-24 16:00:00,26.5,7.34,2.79,6.47,0.0,1.0,Pond_02,Real_Data,Obs_Pond_02_20260124_16,Low,1,1.0,0,0,0,0,0,0,0,0,0,0
2026-01-24 16:00:00,26.895927188071227,8.114208569255572,3.42939435476764,6.6533850380981,,,Pond_03,Real_Data,Obs_Pond_03_20260124_16,Low,1,1.0,0,0,0,0,0,0,0,0,0,0
2026-01-24 16:00:00,26.490591935522474,7.31129783679334,2.7352383907908817,6.606244624804968,0.0,1.0,Pond_04,Mock_Data,Obs_Pond_04_20260124_16,Low,1,1.0,0,0,0,0,0,0,0,0,0,0
2026-01-24 16:00:00,26.567127363515734,7.341986105354764,2.7952014455775367,6.537905529010527,0.0,1.0,Pond_05,Mock_Data,Obs_Pond_05_20260124_16,Low,1,1.0,0,0,0,0,0,0,0,0,0,0
2026-01-24 20:00:00,26.5,7.34,2.79,6.47,1.0,1.0,Pond_01,Real_Data,Obs_Pond_01_20260124_20,Low,1,1.0,0,0,0,0,0,0,0,0,0,0
2026-01-24 20:00:00,26.5,7.34,2.79,6.47,0.0,1.0,Pond_02,Real_Data,Obs_Pond_02_20260124_20,Low,1,1.0,0,0,0,0,0,0,0,0,0,0
2026-01-24 20:00:00,26.940414187777,7.725338643767833,3.3760036127228803,6.13459040400256,,,Pond_03,Real_Data,Obs_Pond_03_20260124_20,Low,1,1.0,0,0,0,0,0,0,0,0,0,0
2026-01-24 20:00:00,26.53646554499009,7.354857446016817,2.8023727626121313,6.431746123286462,0.0,1.0,Pond_04,Mock_Data,Obs_Pond_04_20260124_20,Low,1,1.0,0,0,0,0,0,0,0,0,0,0
2026-01-24 20:00:00,26.433282885179857,7.3666492526253675,2.8350155481898915,6.536140656431885,0.0,1.0,Pond_05,Mock_Data,Obs_Pond_05_20260124_20,Low,1,1.0,0,0,0,0,0,0,0,0,0,0
2026-01-25 00:00:00,26.5,7.34,2.79,6.47,1.0,1.0,Pond_01,Real_Data,Obs_Pond_01_20260125_00,Low,1,1.0,0,0,0,0,0,0,0,0,0,0
2026-01-25 00:00:00,26.5,7.339999999999999,2.79,6.47,0.0,1.0,Pond_02,Real_Data,Obs_Pond_02_20260125_00,Low,1,1.0,0,0,0,0,0,0,0,0,0,0
2026-01-25 00:00:00,27.403467106257303,7.70042214058955,3.1347301482363528,5.58337051810799,,,Pond_03,Real_Data,Obs_Pond_03_20260125_00,Unknown,0,1.0,0,-1,0,0,0,0,0,0,0,0
2026-01-25 00:00:00,26.517416661423127,7.3270092329186545,2.75412834746584,6.516866972881852,0.0,1.0,Pond_04,Mock_Data,Obs_Pond_04_20260125_00,Low,1,1.0,0,0,0,0,0,0,0,0,0,0
2026-01-25 00:00:00,26.458236605795335,7.342646548011711,2.8151734805397877,6.524530311227075,0.0,1.0,Pond_05,Mock_Data,Obs_Pond_05_20260125_00,Low,1,1.0,0,0,0,0,0,0,0,0,0,0
2026-01-25 04:00:00,26.5,7.34,2.79,6.47,0.0,1.0,Pond_01,Real_Data,Obs_Pond_01_20260125_04,Low,1,1.0,0,0,0,0,0,0,0,0,0,0
2026-01-25 04:00:00,26.5,7.34,2.79,6.47,0.0,1.0,Pond_02,Real_Data,Obs_Pond_02_20260125_04,Low,1,1.0,0,0,0,0,0,0,0,0,0,0
2026-01-25 04:00:00,27.63318293454745,7.849784106459958,3.2941543639990174,6.07078945878454,,,Pond_03,Real_Data,Obs_Pond_03_20260125_04,Unknown,0,1.0,0,-1,0,0,0,0,0,0,0,0
2026-01-25 04:00:00,26.461403343119933,7.376866615465202,2.762478970070227,6.488901798581051,0.0,1.0,Pond_04,Mock_Data,Obs_Pond_04_20260125_04,Low,1,1.0,0,0,0,0,0,0,0,0,0,0
2026-01-25 04:00:00,26.559350829998507,7.3087332366320465,2.771233271466067,6.469017114387781,0.0,1.0,Pond_05,Mock_Data,Obs_Pond_05_20260125_04,Low,1,1.0,0,0,0,0,0,0,0,0,0,0
2026-01-25 08:00:00,26.5,7.34,2.79,6.47,1.0,1.0,Pond_01,Real_Data,Obs_Pond_01_20260125_08,Low,1,1.0,0,0,0,0,0,0,0,0,0,0
2026-01-25 08:00:00,26.5,7.34,2.79,6.47,0.0,1.0,Pond_02,Real_Data,Obs_Pond_02_20260125_08,Low,1,1.0,0,0,0,0,0,0,0,0,0,0
2026-01-25 08:00:00,26.813484846599525,7.790597846795452,3.2639680260398127,5.38093841024951,,,Pond_03,Real_Data,Obs_Pond_03_20260125_08,Unknown,0,1.0,0,-1,0,0,0,0,0,0,0,0
2026-01-25 08:00:00,26.487100001155515,7.382723183233055,2.754843201706331,6.55221136529157,0.0,2.0,Pond_04,Mock_Data,Obs_Pond_04_20260125_08,Medium,2,1.0,0,1,0,0,0,0,0,0,0,1
2026-01-25 08:00:00,26.331864690687222,7.374952975931798,2.7292494121010686,6.28342464831637,0.0,1.0,Pond_05,Mock_Data,Obs_Pond_05_20260125_08,Low,1,1.0,0,0,0,0,0,0,0,0,0,0
2026-01-25 12:00:00,26.5,7.34,2.79,6.47,1.0,1.0,Pond_01,Real_Data,Obs_Pond_01_20260125_12,Low,1,1.0,0,0,0,0,0,0,0,0,0,0
2026-01-25 12:00:00,26.5,7.340000000000001,2.79,6.47,0.0,1.0,Pond_02,Real_Data,Obs_Pond_02_20260125_12,Low,1,1.0,0,0,0,0,0,0,0,0,0,0
2026-01-25 12:00:00,28.111575716536777,7.765939049859905,3.0161045794495425,6.81494546758348,,,Pond_03,Real_Data,Obs_Pond_03_20260125_12,Unknown,0,1.0,0,-1,0,0,0,0,0,0,0,0
2026-01-25 12:00:00,26.469442423976716,7.323561476791324,2.7440268250206863,6.568617112667814,0.0,1.0,Pond_04,Mock_Data,Obs_Pond_04_20260125_12,Low,1,1.0,0,0,0,0,0,0,0,0,0,0
2026-01-25 12:00:00,26.490736318361826,15.985707508520886,2.801857357511785,6.429471774419426,0.0,1.0,Pond_05,Mock_Data,Obs_Pond_05_20260125_12,Low,1,0.5,1,0,1,0,0,0,1,1,0,0
2026-01-25 16:00:00,26.5,7.34,2.79,6.47,0.0,1.0,Pond_01,Real_Data,Obs_Pond_01_20260125_16,Low,1,1.0,0,0,0,0,0,0,0,0,0,0
2026-01-25 16:00:00,26.5,7.339999999999999,2.79,6.47,0.0,1.0,Pond_02,Real_Data,Obs_Pond_02_20260125_16,Low,1,1.0,0,0,0,0,0,0,0,0,0,0
2026-01-25 16:00:00,27.673243487130275,8.023613641579663,3.31937879686498,5.98861813151201,,,Pond_03,Real_Data,Obs_Pond_03_20260125_16,Low,1,1.0,0,0,0,0,0,0,0,0,0,0
2026-01-25 16:00:00,26.463469524904188,7.328216487176812,2.8816144130899413,6.472021219432094,0.0,1.0,Pond_04,Mock_Data,Obs_Pond_04_20260125_16,Low,1,1.0,0,0,0,0,0,0,0,0,0,0
2026-01-25 16:00:00,26.41131308249874,7.327365319383115,2.725664584728036,6.430470324794354,0.0,2.0,Pond_05,Mock_Data,Obs_Pond_05_20260125_16,Medium,2,1.0,0,1,0,0,0,0,0,0,0,1
2026-01-25 20:00:00,26.5,7.34,2.79,6.47,1.0,1.0,Pond_01,Real_Data,Obs_Pond_01_20260125_20,Low,1,1.0,0,0,0,0,0,0,0,0,0,0
2026-01-25 20:00:00,26.5,7.34,2.79,6.47,0.0,1.0,Pond_02,Real_Data,Obs_Pond_02_20260125_20,Low,1,1.0,0,0,0,0,0,0,0,0,0,0
2026-01-25 20:00:00,27.151045246547824,7.806030681897332,3.2549128433861974,5.99827763479057,,,Pond_03,Real_Data,Obs_Pond_03_20260125_20,Unknown,0,1.0,0,-1,0,0,0,0,0,0,0,0
2026-01-25 20:00:00,26.55266071287923,7.358431140689561,2.8474037501702987,6.422417955656278,0.0,1.0,Pond_04,Mock_Data,Obs_Pond_04_20260125_20,Low,1,1.0,0,0,0,0,0,0,0,0,0,0
2026-01-25 20:00:00,26.470461863268948,7.31312476855438,2.84584583622694,6.4082183889255635,0.0,1.0,Pond_05,Mock_Data,Obs_Pond_05_20260125_20,Low,1,1.0,0,0,0,0,0,0,0,0,0,0
2026-01-26 00:00:00,26.5,7.34,2.79,6.47,1.0,1.0,Pond_01,Real_Data,Obs_Pond_01_20260126_00,Low,1,1.0,0,0,0,0,0,0,0,0,0,0
2026-01-26 00:00:00,26.5,7.339999999999999,2.79,6.47,0.0,1.0,Pond_02,Real_Data,Obs_Pond_02_20260126_00,Low,1,1.0,0,0,0,0,0,0,0,0,0,0
2026-01-26 00:00:00,26.7174784701965,7.856582066456742,3.679292751664615,6.38619088903128,,,Pond_03,Real_Data,Obs_Pond_03_20260126_00,Low,1,1.0,0,0,0,0,0,0,0,0,0,0
2026-01-26 00:00:00,26.522128817791017,7.331699208912096,2.8728010680942595,6.499049503288459,0.0,1.0,Pond_04,Mock_Data,Obs_Pond_04_20260126_00,Low,1,1.0,0,0,0,0,0,0,0,0,0,0
2026-01-26 00:00:00,26.481478295585557,7.3484891269618915,2.783012319188246,6.477720247012983,0.0,1.0,Pond_05,Mock_Data,Obs_Pond_05_20260126_00,Low,1,1.0,0,0,0,0,0,0,0,0,0,0
2026-01-26 04:00:00,26.5,7.34,2.79,6.47,0.0,1.0,Pond_01,Real_Data,Obs_Pond_01_20260126_04,Low,1,1.0,0,0,0,0,0,0,0,0,0,0
2026-01-26 04:00:00,26.5,7.34,2.79,6.47,0.0,1.0,Pond_02,Real_Data,Obs_Pond_02_20260126_04,Low,1,1.0,0,0,0,0,0,0,0,0,0,0
2026-01-26 04:00:00,27.4379568659816,7.82483959762815,3.3149172907464375,6.53301975798327,,,Pond_03,Real_Data,Obs_Pond_03_20260126_04,Low,1,1.0,0,0,0,0,0,0,0,0,0,0
2026-01-26 04:00:00,26.45705152638485,7.339026300208191,2.7372720645015662,6.42719894092617,0.0,1.0,Pond_04,Mock_Data,Obs_Pond_04_20260126_04,Low,1,1.0,0,0,0,0,0,0,0,0,0,0
2026-01-26 04:00:00,26.47779501205125,7.337487617332361,2.8415328269848232,6.443540397662681,0.0,1.0,Pond_05,Mock_Data,Obs_Pond_05_20260126_04,Low,1,1.0,0,0,0,0,0,0,0,0,0,0
2026-01-26 08:00:00,26.5,7.34,2.79,6.47,1.0,1.0,Pond_01,Real_Data,Obs_Pond_01_20260126_08,Low,1,1.0,0,0,0,0,0,0,0,0,0,0
2026-01-26 08:00:00,26.5,7.34,2.79,6.47,0.0,1.0,Pond_02,Real_Data,Obs_Pond_02_20260126_08,Low,1,1.0,0,0,0,0,0,0,0,0,0,0
2026-01-26 08:00:00,27.111603376182376,7.8737417190104155,3.7482352011603424,6.45049696403806,,,Pond_03,Real_Data,Obs_Pond_03_20260126_08,Medium,1,1.0,0,1,0,0,0,0,0,0,0,1
2026-01-26 08:00:00,26.555759714944784,7.3405443742960905,2.7930722695482793,6.597155307915481,0.0,1.0,Pond_04,Mock_Data,Obs_Pond_04_20260126_08,Low,1,1.0,0,0,0,0,0,0,0,0,0,0
2026-01-26 08:00:00,26.46576930384965,7.373752593910233,2.7692944485802613,6.417921695569849,0.0,1.0,Pond_05,Mock_Data,Obs_Pond_05_20260126_08,Low,1,1.0,0,0,0,0,0,0,0,0,0,0
2026-01-26 12:00:00,26.5,7.34,2.79,6.47,0.0,1.0,Pond_01,Real_Data,Obs_Pond_01_20260126_12,Low,1,1.0,0,0,0,0,0,0,0,0,0,0
2026-01-26 12:00:00,26.5,7.339999999999999,2.79,6.47,0.0,1.0,Pond_02,Real_Data,Obs_Pond_02_20260126_12,Low,1,1.0,0,0,0,0,0,0,0,0,0,0
2026-01-26 12:00:00,27.052958648308298,7.8513482721684325,3.6236153517432346,6.26661630612084,,,Pond_03,Real_Data,Obs_Pond_03_20260126_12,Low,1,1.0,0,0,0,0,0,0,0,0,0,0
2026-01-26 12:00:00,26.51904728330303,7.29883868705483,2.734227439364925,6.47862287773328,0.0,1.0,Pond_04,Mock_Data,Obs_Pond_04_20260126_12,Low,1,1.0,0,0,0,0,0,0,0,0,0,0
2026-01-26 12:00:00,26.43199596973341,7.3325831135453585,2.801592120907653,6.403131562725054,0.0,1.0,Pond_05,Mock_Data,Obs_Pond_05_20260126_12,Low,1,1.0,0,0,0,0,0,0,0,0,0,0
2026-01-26 16:00:00,26.5,7.34,2.79,6.47,1.0,1.0,Pond_01,Real_Data,Obs_Pond_01_20260126_16,Low,1,1.0,0,0,0,0,0,0,0,0,0,0
2026-01-26 16:00:00,26.5,7.34,2.79,6.47,0.0,1.0,Pond_02,Real_Data,Obs_Pond_02_20260126_16,Low,1,1.0,0,0,0,0,0,0,0,0,0,0
2026-01-26 16:00:00,27.084884294193,7.761669016124578,3.3700545492287026,6.1605412565016,,,Pond_03,Real_Data,Obs_Pond_03_20260126_16,Low,1,1.0,0,0,0,0,0,0,0,0,0,0
2026-01-26 16:00:00,26.550383466331677,7.339703293346785,2.7600035129550458,6.4469281471300075,0.0,2.0,Pond_04,Mock_Data,Obs_Pond_04_20260126_16,Medium,2,1.0,0,1,0,0,0,0,0,0,0,1
2026-01-26 16:00:00,26.642059066932394,7.322045020201947,2.799026558183405,6.4248118355777475,0.0,1.0,Pond_05,Mock_Data,Obs_Pond_05_20260126_16,Low,1,1.0,0,0,0,0,0,0,0,0,0,0
2026-01-26 20:00:00,26.5,7.34,2.79,6.47,1.0,1.0,Pond_01,Real_Data,Obs_Pond_01_20260126_20,Low,1,1.0,0,0,0,0,0,0,0,0,0,0
2026-01-26 20:00:00,26.5,7.34,2.79,6.47,0.0,1.0,Pond_02,Real_Data,Obs_Pond_02_20260126_20,Low,1,1.0,0,0,0,0,0,0,0,0,0,0
2026-01-26 20:00:00,27.61813600792935,7.759699113047267,3.2460553454928522,6.68085541350609,,,Pond_03,Real_Data,Obs_Pond_03_20260126_20,Unknown,0,1.0,0,-1,0,0,0,0,0,0,0,0
2026-01-26 20:00:00,26.539026155633653,7.3252109716367215,2.750412840360937,6.481663469701134,0.0,1.0,Pond_04,Mock_Data,Obs_Pond_04_20260126_20,Low,1,1.0,0,0,0,0,0,0,0,0,0,0
2026-01-26 20:00:00,26.615750515163313,7.359207513713919,2.7880578191005085,6.540828191538877,0.0,1.0,Pond_05,Mock_Data,Obs_Pond_05_20260126_20,Low,1,1.0,0,0,0,0,0,0,0,0,0,0
2026-01-27 00:00:00,26.5,7.34,2.79,6.47,1.0,1.0,Pond_01,Real_Data,Obs_Pond_01_20260127_00,Low,1,1.0,0,0,0,0,0,0,0,0,0,0
2026-01-27 00:00:00,26.5,7.34,2.79,6.47,0.0,1.0,Pond_02,Real_Data,Obs_Pond_02_20260127_00,Low,1,1.0,0,0,0,0,0,0,0,0,0,0
2026-01-27 00:00:00,27.354212174038725,7.913379290701328,3.5032850872402674,5.89729813650356,,,Pond_03,Real_Data,Obs_Pond_03_20260127_00,Low,1,1.0,0,0,0,0,0,0,0,0,0,0
2026-01-27 00:00:00,26.44861657192049,7.329426542352967,2.843447519608261,-1.5,0.0,1.0,Pond_04,Mock_Data,Obs_Pond_04_20260127_00,Low,1,0.5,1,0,0,1,0,0,1,1,0,0
2026-01-27 00:00:00,26.427971912119975,7.359839740648379,2.7713448885224423,6.428253016420828,0.0,1.0,Pond_05,Mock_Data,Obs_Pond_05_20260127_00,Low,1,1.0,0,0,0,0,0,0,0,0,0,0
2026-01-27 04:00:00,26.5,7.34,2.79,6.47,1.0,1.0,Pond_01,Real_Data,Obs_Pond_01_20260127_04,Low,1,1.0,0,0,0,0,0,0,0,0,0,0
2026-01-27 04:00:00,26.5,7.34,2.7900000000000005,6.47,0.0,1.0,Pond_02,Real_Data,Obs_Pond_02_20260127_04,Low,1,1.0,0,0,0,0,0,0,0,0,0,0
2026-01-27 04:00:00,27.108683873425775,7.744507399317327,3.059987579883155,6.316341289944,,,Pond_03,Real_Data,Obs_Pond_03_20260127_04,Unknown,0,1.0,0,-1,0,0,0,0,0,0,0,0
2026-01-27 04:00:00,26.465278413245876,7.370954117621846,2.7729156447810968,6.408637794396682,0.0,1.0,Pond_04,Mock_Data,Obs_Pond_04_20260127_04,Low,1,1.0,0,0,0,0,0,0,0,0,0,0
2026-01-27 04:00:00,26.598064018761193,7.343616194610224,2.8069216451919203,6.437479087863222,0.0,1.0,Pond_05,Mock_Data,Obs_Pond_05_20260127_04,Low,1,1.0,0,0,0,0,0,0,0,0,0,0
2026-01-27 08:00:00,26.5,7.34,2.79,6.47,1.0,1.0,Pond_01,Real_Data,Obs_Pond_01_20260127_08,Low,1,1.0,0,0,0,0,0,0,0,0,0,0
2026-01-27 08:00:00,26.5,7.34,2.79,6.47,0.0,1.0,Pond_02,Real_Data,Obs_Pond_02_20260127_08,Low,1,1.0,0,0,0,0,0,0,0,0,0,0
2026-01-27 08:00:00,27.061530455730026,8.032863517467375,3.56441400326278,6.02944326533327,,,Pond_03,Real_Data,Obs_Pond_03_20260127_08,Low,1,1.0,0,0,0,0,0,0,0,0,0,0
2026-01-27 08:00:00,26.5463193465669,7.313058187886716,2.8360656358019605,6.545812042754424,0.0,1.0,Pond_04,Mock_Data,Obs_Pond_04_20260127_08,Low,1,1.0,0,0,0,0,0,0,0,0,0,0
2026-01-27 08:00:00,26.475240012268436,7.354502335469003,2.750066337635663,6.441157299255826,0.0,1.0,Pond_05,Mock_Data,Obs_Pond_05_20260127_08,Low,1,1.0,0,0,0,0,0,0,0,0,0,0
2026-01-27 12:00:00,26.5,7.34,2.79,6.47,0.0,1.0,Pond_01,Real_Data,Obs_Pond_01_20260127_12,Low,1,1.0,0,0,0,0,0,0,0,0,0,0
2026-01-27 12:00:00,26.5,7.34,2.79,6.47,0.0,1.0,Pond_02,Real_Data,Obs_Pond_02_20260127_12,Low,1,1.0,0,0,0,0,0,0,0,0,0,0
2026-01-27 12:00:00,27.46939642586355,7.754053800128718,3.6711930591153124,6.27268230859557,,,Pond_03,Real_Data,Obs_Pond_03_20260127_12,Low,1,1.0,0,0,0,0,0,0,0,0,0,0
2026-01-27 12:00:00,26.537832455228997,7.357436610535655,2.8160480636441356,6.4285138952215295,0.0,1.0,Pond_04,Mock_Data,Obs_Pond_04_20260127_12,Low,1,1.0,0,0,0,0,0,0,0,0,0,0
2026-01-27 12:00:00,26.50800740071684,7.339191919017117,2.7378524100637383,6.491409107802157,0.0,2.0,Pond_05,Mock_Data,Obs_Pond_05_20260127_12,Medium,2,1.0,0,1,0,0,0,0,0,0,0,1
2026-01-27 16:00:00,26.5,7.34,2.79,6.47,0.0,1.0,Pond_01,Real_Data,Obs_Pond_01_20260127_16,Low,1,1.0,0,0,0,0,0,0,0,0,0,0
2026-01-27 16:00:00,26.5,7.34,2.79,6.47,0.0,1.0,Pond_02,Real_Data,Obs_Pond_02_20260127_16,Low,1,1.0,0,0,0,0,0,0,0,0,0,0
2026-01-27 16:00:00,27.43729584187405,8.115337931218606,3.5050302003195672,6.52529372694685,,,Pond_03,Real_Data,Obs_Pond_03_20260127_16,Low,1,1.0,0,0,0,0,0,0,0,0,0,0
2026-01-27 16:00:00,26.498704460779553,7.334018523185357,2.8893266908363224,-1.5,0.0,1.0,Pond_04,Mock_Data,Obs_Pond_04_20260127_16,Low,1,0.5,1,0,0,1,0,0,1,1,0,0
2026-01-27 16:00:00,26.496078103094913,7.345014496649347,2.8435873441457566,6.498814399351836,0.0,1.0,Pond_05,Mock_Data,Obs_Pond_05_20260127_16,Low,1,1.0,0,0,0,0,0,0,0,0,0,0
2026-01-27 20:00:00,26.5,7.34,2.79,6.47,1.0,1.0,Pond_01,Real_Data,Obs_Pond_01_20260127_20,Low,1,1.0,0,0,0,0,0,0,0,0,0,0
2026-01-27 20:00:00,26.5,7.34,2.7899999999999996,6.47,0.0,1.0,Pond_02,Real_Data,Obs_Pond_02_20260127_20,Low,1,1.0,0,0,0,0,0,0,0,0,0,0
2026-01-27 20:00:00,27.325469740437175,7.896374768102703,3.60716509096473,7.06387106057619,,,Pond_03,Real_Data,Obs_Pond_03_20260127_20,Low,1,1.0,0,0,0,0,0,0,0,0,0,0
2026-01-27 20:00:00,26.507272279184527,7.33400142893707,2.726210354671661,6.5038922609523455,0.0,2.0,Pond_04,Mock_Data,Obs_Pond_04_20260127_20,Medium,2,1.0,0,1,0,0,0,0,0,0,0,1
2026-01-27 20:00:00,26.45910693500951,7.36497954099148,2.8213535227486357,6.27771496381536,0.0,1.0,Pond_05,Mock_Data,Obs_Pond_05_20260127_20,Low,1,1.0,0,0,0,0,0,0,0,0,0,0
2026-01-28 00:00:00,26.5,7.34,2.79,6.47,1.0,1.0,Pond_01,Real_Data,Obs_Pond_01_20260128_00,Low,1,1.0,0,0,0,0,0,0,0,0,0,0
2026-01-28 00:00:00,26.5,7.339999999999999,2.79,6.47,0.0,1.0,Pond_02,Real_Data,Obs_Pond_02_20260128_00,Low,1,1.0,0,0,0,0,0,0,0,0,0,0
2026-01-28 00:00:00,27.23725516676095,7.9203798992234,3.2889736095383824,6.30107264489316,,,Pond_03,Real_Data,Obs_Pond_03_20260128_00,Unknown,0,1.0,0,-1,0,0,0,0,0,0,0,0
2026-01-28 00:00:00,26.579193241717388,7.356947022909301,2.8442947415626016,6.544883049481938,0.0,2.0,Pond_04,Mock_Data,Obs_Pond_04_20260128_00,Medium,2,1.0,0,1,0,0,0,0,0,0,0,1
2026-01-28 00:00:00,26.560981918434365,7.353407971848704,2.7928410684749783,6.534521288863399,0.0,1.0,Pond_05,Mock_Data,Obs_Pond_05_20260128_00,Low,1,1.0,0,0,0,0,0,0,0,0,0,0
2026-01-28 04:00:00,26.5,7.34,2.79,6.47,0.0,1.0,Pond_01,Real_Data,Obs_Pond_01_20260128_04,Low,1,1.0,0,0,0,0,0,0,0,0,0,0
2026-01-28 04:00:00,26.5,7.34,2.79,6.47,0.0,1.0,Pond_02,Real_Data,Obs_Pond_02_20260128_04,Low,1,1.0,0,0,0,0,0,0,0,0,0,0
2026-01-28 04:00:00,27.487066103069925,7.783050588623762,3.462396220632745,5.72559684651961,,,Pond_03,Real_Data,Obs_Pond_03_20260128_04,Low,1,1.0,0,0,0,0,0,0,0,0,0,0
2026-01-28 04:00:00,26.46333275169131,7.347291323373446,2.8394314387585182,6.515405437879263,0.0,2.0,Pond_04,Mock_Data,Obs_Pond_04_20260128_04,Medium,2,1.0,0,1,0,0,0,0,0,0,0,1
2026-01-28 04:00:00,26.507802799057703,7.336370445610841,2.8617964491951122,6.560713706416184,0.0,2.0,Pond_05,Mock_Data,Obs_Pond_05_20260128_04,Medium,2,1.0,0,1,0,0,0,0,0,0,0,1
2026-01-28 08:00:00,26.5,7.34,2.79,6.47,1.0,1.0,Pond_01,Real_Data,Obs_Pond_01_20260128_08,Low,1,1.0,0,0,0,0,0,0,0,0,0,0
2026-01-28 08:00:00,26.5,7.340000000000001,2.79,6.47,0.0,1.0,Pond_02,Real_Data,Obs_Pond_02_20260128_08,Low,1,1.0,0,0,0,0,0,0,0,0,0,0
2026-01-28 08:00:00,27.799030429016625,7.769822850667167,3.3338759623019425,6.09109377274351,,,Pond_03,Real_Data,Obs_Pond_03_20260128_08,Low,1,1.0,0,0,0,0,0,0,0,0,0,0
2026-01-28 08:00:00,26.533910624994682,7.352234989103904,2.7480305293861753,6.532905310611622,0.0,1.0,Pond_04,Mock_Data,Obs_Pond_04_20260128_08,Low,1,1.0,0,0,0,0,0,0,0,0,0,0
2026-01-28 08:00:00,26.470462010677316,7.368997133073658,2.7784546729079334,6.403675554620224,0.0,1.0,Pond_05,Mock_Data,Obs_Pond_05_20260128_08,Low,1,1.0,0,0,0,0,0,0,0,0,0,0
2026-01-28 12:00:00,26.5,7.34,2.79,6.47,1.0,1.0,Pond_01,Real_Data,Obs_Pond_01_20260128_12,Low,1,1.0,0,0,0,0,0,0,0,0,0,0
2026-01-28 12:00:00,26.5,7.34,2.79,6.47,0.0,1.0,Pond_02,Real_Data,Obs_Pond_02_20260128_12,Low,1,1.0,0,0,0,0,0,0,0,0,0,0
2026-01-28 12:00:00,27.79822384120235,7.838769917498775,3.2003185880077423,7.13467672615964,,,Pond_03,Real_Data,Obs_Pond_03_20260128_12,Unknown,0,1.0,0,-1,0,0,0,0,0,0,0,0
2026-01-28 12:00:00,26.4874675342099,7.360759654669466,2.833424873562065,6.422204667713978,0.0,1.0,Pond_04,Mock_Data,Obs_Pond_04_20260128_12,Low,1,1.0,0,0,0,0,0,0,0,0,0,0
2026-01-28 12:00:00,26.41913789953422,7.289293163914245,2.8470313959513027,6.408594583408225,0.0,1.0,Pond_05,Mock_Data,Obs_Pond_05_20260128_12,Low,1,1.0,0,0,0,0,0,0,0,0,0,0
2026-01-28 16:00:00,26.5,7.34,2.79,6.47,1.0,1.0,Pond_01,Real_Data,Obs_Pond_01_20260128_16,Low,1,1.0,0,0,0,0,0,0,0,0,0,0
2026-01-28 16:00:00,26.5,7.34,2.79,6.47,0.0,1.0,Pond_02,Real_Data,Obs_Pond_02_20260128_16,Low,1,1.0,0,0,0,0,0,0,0,0,0,0
2026-01-28 16:00:00,26.9731281381403,7.745106118294423,3.39372705734351,5.25651587631752,,,Pond_03,Real_Data,Obs_Pond_03_20260128_16,Low,1,1.0,0,0,0,0,0,0,0,0,0,0
2026-01-28 16:00:00,29.217737381987718,7.33289614068023,2.8044936643335188,4.3078950020149565,0.0,2.0,Pond_04,Mock_Data,Obs_Pond_04_20260128_16,High,4,1.0,0,2,0,0,0,0,0,0,1,0
2026-01-28 16:00:00,29.217737381987718,7.33289614068023,2.8044936643335188,4.3078950020149565,0.0,2.0,Pond_04,Mock_Data,Obs_Pond_04_20260128_16,Medium,4,1.0,0,1,0,0,0,0,0,0,0,1
2026-01-28 16:00:00,26.444612483169742,7.384000215080975,2.7975702810765637,6.4415642839035225,0.0,2.0,Pond_05,Mock_Data,Obs_Pond_05_20260128_16,Medium,2,1.0,0,1,0,0,0,0,0,0,0,1
2026-01-28 20:00:00,26.5,7.34,2.79,6.47,0.0,1.0,Pond_01,Real_Data,Obs_Pond_01_20260128_20,Low,1,1.0,0,0,0,0,0,0,0,0,0,0
2026-01-28 20:00:00,26.5,7.34,2.79,6.47,0.0,1.0,Pond_02,Real_Data,Obs_Pond_02_20260128_20,Low,1,1.0,0,0,0,0,0,0,0,0,0,0
2026-01-28 20:00:00,26.90863386380585,7.901084841371903,3.33944294361835,6.44768273178542,,,Pond_03,Real_Data,Obs_Pond_03_20260128_20,Low,1,1.0,0,0,0,0,0,0,0,0,0,0
2026-01-28 20:00:00,29.720086690915505,7.326872521635131,2.780191837099306,5.1861877582091065,0.0,2.0,Pond_04,Mock_Data,Obs_Pond_04_20260128_20,High,4,1.0,0,2,0,0,0,0,0,0,1,0
2026-01-28 20:00:00,29.720086690915505,7.326872521635131,2.780191837099306,5.1861877582091065,0.0,2.0,Pond_04,Mock_Data,Obs_Pond_04_20260128_20,Medium,4,1.0,0,1,0,0,0,0,0,0,0,1
2026-01-28 20:00:00,26.398262672259786,7.303421108458097,2.7458155110717217,6.422254627619481,0.0,1.0,Pond_05,Mock_Data,Obs_Pond_05_20260128_20,Low,1,1.0,0,0,0,0,0,0,0,0,0,0
2026-01-29 00:00:00,26.5,7.34,2.79,6.47,1.0,1.0,Pond_01,Real_Data,Obs_Pond_01_20260129_00,Low,1,1.0,0,0,0,0,0,0,0,0,0,0
2026-01-29 00:00:00,26.5,7.34,2.79,6.47,0.0,1.0,Pond_02,Real_Data,Obs_Pond_02_20260129_00,Low,1,1.0,0,0,0,0,0,0,0,0,0,0
2026-01-29 00:00:00,27.2763449189116,7.728147840384993,3.07393440557946,5.85433681567138,,,Pond_03,Real_Data,Obs_Pond_03_20260129_00,Unknown,0,1.0,0,-1,0,0,0,0,0,0,0,0
2026-01-29 00:00:00,29.264968921165188,7.316732382660008,2.754474123684207,3.1085833930890936,0.0,2.0,Pond_04,Mock_Data,Obs_Pond_04_20260129_00,High,4,1.0,0,2,0,0,0,0,0,0,1,0
2026-01-29 00:00:00,29.264968921165188,7.316732382660008,2.754474123684207,3.1085833930890936,0.0,2.0,Pond_04,Mock_Data,Obs_Pond_04_20260129_00,Medium,4,1.0,0,1,0,0,0,0,0,0,0,1
2026-01-29 00:00:00,26.500757649699445,7.326553979815372,2.869682509513875,6.484142083517321,0.0,1.0,Pond_05,Mock_Data,Obs_Pond_05_20260129_00,Low,1,1.0,0,0,0,0,0,0,0,0,0,0
2026-01-29 04:00:00,26.5,7.34,2.79,6.47,0.0,1.0,Pond_01,Real_Data,Obs_Pond_01_20260129_04,Low,1,1.0,0,0,0,0,0,0,0,0,0,0
2026-01-29 04:00:00,26.5,7.339999999999999,2.79,6.47,0.0,1.0,Pond_02,Real_Data,Obs_Pond_02_20260129_04,Low,1,1.0,0,0,0,0,0,0,0,0,0,0
2026-01-29 04:00:00,27.059752335158727,7.92860837626016,3.30595835081211,6.73399693696851,,,Pond_03,Real_Data,Obs_Pond_03_20260129_04,Low,1,1.0,0,0,0,0,0,0,0,0,0,0
2026-01-29 04:00:00,29.109046378302768,7.322301684522173,2.7589939396546836,3.6525709788396203,1.0,2.0,Pond_04,Mock_Data,Obs_Pond_04_20260129_04,High,2,1.0,0,2,0,0,0,0,0,0,1,0
2026-01-29 04:00:00,26.425827321532395,7.339122653007012,2.832716780085815,6.347067353805737,0.0,1.0,Pond_05,Mock_Data,Obs_Pond_05_20260129_04,Low,1,1.0,0,0,0,0,0,0,0,0,0,0
2026-01-29 08:00:00,26.5,7.34,2.79,6.47,0.0,1.0,Pond_01,Real_Data,Obs_Pond_01_20260129_08,Low,1,1.0,0,0,0,0,0,0,0,0,0,0
2026-01-29 08:00:00,26.5,7.34,2.79,6.47,0.0,1.0,Pond_02,Real_Data,Obs_Pond_02_20260129_08,Low,1,1.0,0,0,0,0,0,0,0,0,0,0
2026-01-29 08:00:00,27.49962156941815,7.73263741165453,3.13175363879345,6.77167489946722,,,Pond_03,Real_Data,Obs_Pond_03_20260129_08,Unknown,0,1.0,0,-1,0,0,0,0,0,0,0,0
2026-01-29 08:00:00,28.54971903183159,7.403233992803977,2.878382369902684,5.189406347147888,1.0,2.0,Pond_04,Mock_Data,Obs_Pond_04_20260129_08,Unknown,0,1.0,0,-1,0,0,0,0,0,0,0,0
2026-01-29 08:00:00,26.483539817108696,7.336859185789625,2.7847818994967,6.399397372809549,0.0,1.0,Pond_05,Mock_Data,Obs_Pond_05_20260129_08,Low,1,1.0,0,0,0,0,0,0,0,0,0,0
2026-01-29 12:00:00,26.5,7.34,2.79,6.47,1.0,1.0,Pond_01,Real_Data,Obs_Pond_01_20260129_12,Low,1,1.0,0,0,0,0,0,0,0,0,0,0
2026-01-29 12:00:00,26.5,7.340000000000001,2.79,6.47,0.0,1.0,Pond_02,Real_Data,Obs_Pond_02_20260129_12,Low,1,1.0,0,0,0,0,0,0,0,0,0,0
2026-01-29 12:00:00,27.337862205495174,7.79034077599077,3.4058568131720923,6.13742896734463,,,Pond_03,Real_Data,Obs_Pond_03_20260129_12,Low,1,1.0,0,0,0,0,0,0,0,0,0,0
2026-01-29 12:00:00,28.50782821147078,7.3666882128208995,2.790029441312109,4.88086425632989,1.0,2.0,Pond_04,Mock_Data,Obs_Pond_04_20260129_12,Unknown,0,1.0,0,-1,0,0,0,0,0,0,0,0
2026-01-29 12:00:00,26.58492274275365,7.361579298348922,2.821353663769892,6.567207874029856,0.0,1.0,Pond_05,Mock_Data,Obs_Pond_05_20260129_12,Low,1,1.0,0,0,0,0,0,0,0,0,0,0
2026-01-29 16:00:00,26.5,7.34,2.79,6.47,0.0,1.0,Pond_01,Real_Data,Obs_Pond_01_20260129_16,Low,1,1.0,0,0,0,0,0,0,0,0,0,0
2026-01-29 16:00:00,26.5,7.34,2.79,6.47,0.0,1.0,Pond_02,Real_Data,Obs_Pond_02_20260129_16,Low,1,1.0,0,0,0,0,0,0,0,0,0,0
2026-01-29 16:00:00,26.96107689364765,7.8461942533488775,3.6619120674768952,6.92261794387435,,,Pond_03,Real_Data,Obs_Pond_03_20260129_16,Low,1,1.0,0,0,0,0,0,0,0,0,0,0
2026-01-29 16:00:00,28.954415355664008,7.311030487861882,2.8237233365192123,3.044112900446515,1.0,2.0,Pond_04,Mock_Data,Obs_Pond_04_20260129_16,Unknown,0,1.0,0,-1,0,0,0,0,0,0,0,0
2026-01-29 16:00:00,26.574335939950306,7.317318042937204,2.772593396581111,6.411378343432726,0.0,1.0,Pond_05,Mock_Data,Obs_Pond_05_20260129_16,Low,1,1.0,0,0,0,0,0,0,0,0,0,0
2026-01-29 20:00:00,26.5,7.34,2.79,6.47,1.0,1.0,Pond_01,Real_Data,Obs_Pond_01_20260129_20,Low,1,1.0,0,0,0,0,0,0,0,0,0,0
2026-01-29 20:00:00,26.5,7.34,2.79,6.47,0.0,1.0,Pond_02,Real_Data,Obs_Pond_02_20260129_20,Low,1,1.0,0,0,0,0,0,0,0,0,0,0
2026-01-29 20:00:00,27.630151721118324,7.789133539018662,2.919002823970765,5.36787024236646,,,Pond_03,Real_Data,Obs_Pond_03_20260129_20,Unknown,0,1.0,0,-1,0,0,0,0,0,0,0,0
2026-01-29 20:00:00,29.31281257360199,7.31164407616025,2.7558985514574474,4.292515708024272,1.0,2.0,Pond_04,Mock_Data,Obs_Pond_04_20260129_20,High,2,1.0,0,2,0,0,0,0,0,0,1,0
2026-01-29 20:00:00,26.497999387879418,7.345591318785432,2.825750670450107,6.548528611804423,0.0,1.0,Pond_05,Mock_Data,Obs_Pond_05_20260129_20,Low,1,1.0,0,0,0,0,0,0,0,0,0,0
2026-01-30 00:00:00,26.5,7.34,2.79,6.47,1.0,1.0,Pond_01,Real_Data,Obs_Pond_01_20260130_00,Low,1,1.0,0,0,0,0,0,0,0,0,0,0
2026-01-30 00:00:00,26.5,7.339999999999999,2.79,6.47,0.0,1.0,Pond_02,Real_Data,Obs_Pond_02_20260130_00,Low,1,1.0,0,0,0,0,0,0,0,0,0,0
2026-01-30 00:00:00,27.29191400988775,7.963573913398627,3.1912807968704797,6.70439250250989,,,Pond_03,Real_Data,Obs_Pond_03_20260130_00,Unknown,0,1.0,0,-1,0,0,0,0,0,0,0,0
2026-01-30 00:00:00,30.202522334724122,7.350332092054325,2.7563748439652795,4.323931701781687,1.0,2.0,Pond_04,Mock_Data,Obs_Pond_04_20260130_00,High,2,1.0,0,2,0,0,0,0,0,0,1,0
2026-01-30 00:00:00,26.494602245244366,7.327602072234709,2.686903140215748,6.492441354851086,0.0,1.0,Pond_05,Mock_Data,Obs_Pond_05_20260130_00,Low,1,1.0,0,0,0,0,0,0,0,0,0,0
2026-01-30 04:00:00,26.5,7.34,2.79,6.47,1.0,1.0,Pond_01,Real_Data,Obs_Pond_01_20260130_04,Low,1,1.0,0,0,0,0,0,0,0,0,0,0
2026-01-30 04:00:00,26.5,7.34,2.79,6.47,0.0,1.0,Pond_02,Real_Data,Obs_Pond_02_20260130_04,Low,1,1.0,0,0,0,0,0,0,0,0,0,0
2026-01-30 04:00:00,27.689337004749525,7.769003205267827,3.2656188414082377,5.83236064169567,,,Pond_03,Real_Data,Obs_Pond_03_20260130_04,Unknown,0,1.0,0,-1,0,0,0,0,0,0,0,0
2026-01-30 04:00:00,30.096968485860852,7.351734360881187,2.8366522672184487,4.002205337819776,1.0,2.0,Pond_04,Mock_Data,Obs_Pond_04_20260130_04,High,2,1.0,0,2,0,0,0,0,0,0,1,0
2026-01-30 04:00:00,26.616519879415485,7.346328363854144,2.74602891655916,6.355735844590936,0.0,1.0,Pond_05,Mock_Data,Obs_Pond_05_20260130_04,Low,1,1.0,0,0,0,0,0,0,0,0,0,0
2026-01-30 08:00:00,26.5,7.34,2.79,6.47,1.0,1.0,Pond_01,Real_Data,Obs_Pond_01_20260130_08,Low,1,1.0,0,0,0,0,0,0,0,0,0,0
2026-01-30 08:00:00,26.5,7.34,2.79,6.47,0.0,1.0,Pond_02,Real_Data,Obs_Pond_02_20260130_08,Low,1,1.0,0,0,0,0,0,0,0,0,0,0
2026-01-30 08:00:00,27.546882309282775,7.894987464266915,3.50711372216906,6.41346363827985,,,Pond_03,Real_Data,Obs_Pond_03_20260130_08,Low,1,1.0,0,0,0,0,0,0,0,0,0,0
2026-01-30 08:00:00,29.03433052517598,7.351769076023751,2.731809913120121,3.7434833301549744,1.0,2.0,Pond_04,Mock_Data,Obs_Pond_04_20260130_08,High,2,1.0,0,2,0,0,0,0,0,0,1,0
2026-01-30 08:00:00,26.53227792001746,7.338611163964502,2.832223039432887,6.5101241636672995,0.0,1.0,Pond_05,Mock_Data,Obs_Pond_05_20260130_08,Low,1,1.0,0,0,0,0,0,0,0,0,0,0
2026-01-30 12:00:00,26.5,7.34,2.79,6.47,0.0,1.0,Pond_01,Real_Data,Obs_Pond_01_20260130_12,Low,1,1.0,0,0,0,0,0,0,0,0,0,0
2026-01-30 12:00:00,26.5,7.34,2.79,6.47,0.0,1.0,Pond_02,Real_Data,Obs_Pond_02_20260130_12,Low,1,1.0,0,0,0,0,0,0,0,0,0,0
2026-01-30 12:00:00,26.7831845309615,7.921711961556033,3.4775463593436973,6.45570593620071,,,Pond_03,Real_Data,Obs_Pond_03_20260130_12,Low,1,1.0,0,0,0,0,0,0,0,0,0,0
2026-01-30 12:00:00,28.989080885968598,7.334533280224414,2.7720971020226024,4.704312126030855,1.0,2.0,Pond_04,Mock_Data,Obs_Pond_04_20260130_12,Unknown,0,1.0,0,-1,0,0,0,0,0,0,0,0
2026-01-30 12:00:00,26.47968163929439,7.34199271082762,2.7792355264307003,6.462568731097162,0.0,1.0,Pond_05,Mock_Data,Obs_Pond_05_20260130_12,Low,1,1.0,0,0,0,0,0,0,0,0,0,0
2026-01-30 16:00:00,26.5,7.34,2.79,6.47,0.0,1.0,Pond_01,Real_Data,Obs_Pond_01_20260130_16,Low,1,1.0,0,0,0,0,0,0,0,0,0,0
2026-01-30 16:00:00,26.5,7.34,2.79,6.47,0.0,1.0,Pond_02,Real_Data,Obs_Pond_02_20260130_16,Low,1,1.0,0,0,0,0,0,0,0,0,0,0
2026-01-30 16:00:00,27.243798138425625,7.634586489950867,2.97239958212593,6.43044084154885,,,Pond_03,Real_Data,Obs_Pond_03_20260130_16,Unknown,0,1.0,0,-1,0,0,0,0,0,0,0,0
2026-01-30 16:00:00,28.954644142140054,7.337310030595774,2.7914671702047222,3.519476161761885,1.0,2.0,Pond_04,Mock_Data,Obs_Pond_04_20260130_16,Unknown,0,1.0,0,-1,0,0,0,0,0,0,0,0
2026-01-30 16:00:00,26.4116114109304,7.32820860308834,2.798948664082439,6.441235015095113,0.0,1.0,Pond_05,Mock_Data,Obs_Pond_05_20260130_16,Low,1,1.0,0,0,0,0,0,0,0,0,0,0
2026-01-30 20:00:00,26.5,7.34,2.79,6.47,1.0,1.0,Pond_01,Real_Data,Obs_Pond_01_20260130_20,Low,1,1.0,0,0,0,0,0,0,0,0,0,0
2026-01-30 20:00:00,26.5,7.339999999999999,2.79,6.47,0.0,1.0,Pond_02,Real_Data,Obs_Pond_02_20260130_20,Low,1,1.0,0,0,0,0,0,0,0,0,0,0
2026-01-30 20:00:00,27.422303935240226,7.787166752152583,3.130654866181205,6.29525298274308,,,Pond_03,Real_Data,Obs_Pond_03_20260130_20,Unknown,0,1.0,0,-1,0,0,0,0,0,0,0,0
2026-01-30 20:00:00,29.178474681057732,7.347030338294133,2.7948020862561442,4.9973714051792655,1.0,2.0,Pond_04,Mock_Data,Obs_Pond_04_20260130_20,High,2,1.0,0,2,0,0,0,0,0,0,1,0
2026-01-30 20:00:00,26.524413363061743,7.329063293506932,2.7319302340866134,6.485470245302602,0.0,1.0,Pond_05,Mock_Data,Obs_Pond_05_20260130_20,Low,1,1.0,0,0,0,0,0,0,0,0,0,0
2026-01-31 00:00:00,26.5,7.34,2.79,6.47,1.0,1.0,Pond_01,Real_Data,Obs_Pond_01_20260131_00,Low,1,1.0,0,0,0,0,0,0,0,0,0,0
2026-01-31 00:00:00,26.5,7.339999999999999,2.79,6.47,0.0,1.0,Pond_02,Real_Data,Obs_Pond_02_20260131_00,Low,1,1.0,0,0,0,0,0,0,0,0,0,0
2026-01-31 00:00:00,27.48268380886005,7.625291757151955,2.93160817692181,5.20018182591436,,,Pond_03,Real_Data,Obs_Pond_03_20260131_00,Unknown,0,1.0,0,-1,0,0,0,0,0,0,0,0
2026-01-31 00:00:00,29.49639743912337,7.341841703573563,2.782277980505664,5.007592901918679,1.0,2.0,Pond_04,Mock_Data,Obs_Pond_04_20260131_00,High,2,1.0,0,2,0,0,0,0,0,0,1,0
2026-01-31 00:00:00,26.55140380564624,7.346159649527969,2.8696750417664436,6.4999754391900435,0.0,2.0,Pond_05,Mock_Data,Obs_Pond_05_20260131_00,Medium,2,1.0,0,1,0,0,0,0,0,0,0,1
2026-01-31 04:00:00,26.5,7.34,2.79,6.47,1.0,1.0,Pond_01,Real_Data,Obs_Pond_01_20260131_04,Low,1,1.0,0,0,0,0,0,0,0,0,0,0
2026-01-31 04:00:00,26.5,7.34,2.79,6.47,0.0,1.0,Pond_02,Real_Data,Obs_Pond_02_20260131_04,Low,1,1.0,0,0,0,0,0,0,0,0,0,0
2026-01-31 04:00:00,27.208987046955798,7.871401972110273,3.2542783738837127,5.854231481708,,,Pond_03,Real_Data,Obs_Pond_03_20260131_04,Unknown,0,1.0,0,-1,0,0,0,0,0,0,0,0
2026-01-31 04:00:00,29.37733554406315,7.292414130047569,2.807066681565369,4.038153593932051,1.0,2.0,Pond_04,Mock_Data,Obs_Pond_04_20260131_04,High,2,1.0,0,2,0,0,0,0,0,0,1,0
2026-01-31 04:00:00,26.460848472845377,7.360234991117225,2.841332427771055,6.514687903984784,0.0,1.0,Pond_05,Mock_Data,Obs_Pond_05_20260131_04,Low,1,1.0,0,0,0,0,0,0,0,0,0,0
2026-01-31 08:00:00,26.5,7.34,2.79,6.47,1.0,1.0,Pond_01,Real_Data,Obs_Pond_01_20260131_08,Low,1,1.0,0,0,0,0,0,0,0,0,0,0
2026-01-31 08:00:00,26.5,7.339999999999999,2.79,6.47,0.0,1.0,Pond_02,Real_Data,Obs_Pond_02_20260131_08,Low,1,1.0,0,0,0,0,0,0,0,0,0,0
2026-01-31 08:00:00,27.24856560337565,7.819061879886325,3.7762847686803824,6.79433253962408,,,Pond_03,Real_Data,Obs_Pond_03_20260131_08,Medium,1,1.0,0,1,0,0,0,0,0,0,0,1
2026-01-31 08:00:00,28.93654639756299,7.335072674492398,2.8198740717872557,3.708870027274119,1.0,2.0,Pond_04,Mock_Data,Obs_Pond_04_20260131_08,Unknown,0,1.0,0,-1,0,0,0,0,0,0,0,0
2026-01-31 08:00:00,26.518049560767015,7.327171793894163,2.781346994565544,6.544412462786932,0.0,2.0,Pond_05,Mock_Data,Obs_Pond_05_20260131_08,Medium,2,1.0,0,1,0,0,0,0,0,0,0,1
2026-01-31 12:00:00,26.5,7.34,2.79,6.47,0.0,1.0,Pond_01,Real_Data,Obs_Pond_01_20260131_12,Low,1,1.0,0,0,0,0,0,0,0,0,0,0
2026-01-31 12:00:00,26.5,7.340000000000001,2.79,6.47,0.0,1.0,Pond_02,Real_Data,Obs_Pond_02_20260131_12,Low,1,1.0,0,0,0,0,0,0,0,0,0,0
2026-01-31 12:00:00,27.652999970875026,7.838198391233172,3.1105028860875126,6.37449455610294,,,Pond_03,Real_Data,Obs_Pond_03_20260131_12,Unknown,0,1.0,0,-1,0,0,0,0,0,0,0,0
2026-01-31 12:00:00,28.760902819887235,7.3217442846606575,2.8216755898848827,3.7096954539767832,1.0,2.0,Pond_04,Mock_Data,Obs_Pond_04_20260131_12,Unknown,0,1.0,0,-1,0,0,0,0,0,0,0,0
2026-01-31 12:00:00,26.47746471087912,7.321372030617127,2.7725506059833918,6.495775790387294,0.0,1.0,Pond_05,Mock_Data,Obs_Pond_05_20260131_12,Low,1,1.0,0,0,0,0,0,0,0,0,0,0
2026-01-31 16:00:00,26.5,7.34,2.79,6.47,1.0,1.0,Pond_01,Real_Data,Obs_Pond_01_20260131_16,Low,1,1.0,0,0,0,0,0,0,0,0,0,0
2026-01-31 16:00:00,26.5,7.34,2.79,6.47,0.0,1.0,Pond_02,Real_Data,Obs_Pond_02_20260131_16,Low,1,1.0,0,0,0,0,0,0,0,0,0,0
2026-01-31 16:00:00,27.39698013642935,7.82680660141164,3.2811516516565473,6.49709267581167,,,Pond_03,Real_Data,Obs_Pond_03_20260131_16,Unknown,0,1.0,0,-1,0,0,0,0,0,0,0,0
2026-01-31 16:00:00,28.525155624972392,7.343756854140496,2.7474947981581948,4.205728309990525,1.0,2.0,Pond_04,Mock_Data,Obs_Pond_04_20260131_16,Unknown,0,1.0,0,-1,0,0,0,0,0,0,0,0
2026-01-31 16:00:00,26.488593157469037,7.353153710972668,2.8343937635608114,6.383121940971095,0.0,1.0,Pond_05,Mock_Data,Obs_Pond_05_20260131_16,Low,1,1.0,0,0,0,0,0,0,0,0,0,0
2026-01-31 20:00:00,26.5,7.34,2.79,6.47,1.0,1.0,Pond_01,Real_Data,Obs_Pond_01_20260131_20,Low,1,1.0,0,0,0,0,0,0,0,0,0,0
2026-01-31 20:00:00,26.5,7.34,2.79,6.47,0.0,1.0,Pond_02,Real_Data,Obs_Pond_02_20260131_20,Low,1,1.0,0,0,0,0,0,0,0,0,0,0
2026-01-31 20:00:00,26.974976719113776,7.839981081141563,3.4643737159614147,6.01287183780072,,,Pond_03,Real_Data,Obs_Pond_03_20260131_20,Low,1,1.0,0,0,0,0,0,0,0,0,0,0
2026-01-31 20:00:00,28.80792647733301,7.404009427663161,2.7777479984499522,4.798948061873396,1.0,2.0,Pond_04,Mock_Data,Obs_Pond_04_20260131_20,Unknown,0,1.0,0,-1,0,0,0,0,0,0,0,0
2026-01-31 20:00:00,26.345797834624854,7.3393030569241615,2.8754787797419015,6.440086959632633,0.0,1.0,Pond_05,Mock_Data,Obs_Pond_05_20260131_20,Low,1,1.0,0,0,0,0,0,0,0,0,0,0
2026-02-01 00:00:00,26.5,7.34,2.79,6.47,1.0,1.0,Pond_01,Real_Data,Obs_Pond_01_20260201_00,Low,1,1.0,0,0,0,0,0,0,0,0,0,0
2026-02-01 00:00:00,26.5,7.34,2.79,6.47,0.0,1.0,Pond_02,Real_Data,Obs_Pond_02_20260201_00,Low,1,1.0,0,0,0,0,0,0,0,0,0,0
2026-02-01 00:00:00,27.45035183175315,7.829558891245205,3.4770368253830473,5.86184236170939,,,Pond_03,Real_Data,Obs_Pond_03_20260201_00,Low,1,1.0,0,0,0,0,0,0,0,0,0,0
2026-02-01 00:00:00,26.499240910785353,7.347879480830039,2.8415149527224886,6.599859594107771,0.0,2.0,Pond_04,Mock_Data,Obs_Pond_04_20260201_00,Medium,2,1.0,0,1,0,0,0,0,0,0,0,1
2026-02-01 00:00:00,26.48625336864869,7.357807403037862,2.8311235702535344,6.655867978324064,0.0,1.0,Pond_05,Mock_Data,Obs_Pond_05_20260201_00,Low,1,1.0,0,0,0,0,0,0,0,0,0,0
2026-02-01 04:00:00,26.5,7.34,2.79,6.47,1.0,1.0,Pond_01,Real_Data,Obs_Pond_01_20260201_04,Low,1,1.0,0,0,0,0,0,0,0,0,0,0
2026-02-01 04:00:00,26.5,7.34,2.79,6.47,0.0,1.0,Pond_02,Real_Data,Obs_Pond_02_20260201_04,Low,1,1.0,0,0,0,0,0,0,0,0,0,0
2026-02-01 04:00:00,26.8508377348374,7.843080665088498,3.1997363768923828,6.51533144386521,,,Pond_03,Real_Data,Obs_Pond_03_20260201_04,Unknown,0,1.0,0,-1,0,0,0,0,0,0,0,0
2026-02-01 04:00:00,26.444385665946303,7.333277348548383,2.8285747741595957,6.400326965361183,0.0,1.0,Pond_04,Mock_Data,Obs_Pond_04_20260201_04,Low,1,1.0,0,0,0,0,0,0,0,0,0,0
2026-02-01 04:00:00,26.56008421905624,7.32057804660962,2.8836422743821726,6.515755174012362,0.0,2.0,Pond_05,Mock_Data,Obs_Pond_05_20260201_04,Medium,2,1.0,0,1,0,0,0,0,0,0,0,1
2026-02-01 08:00:00,26.5,7.34,2.79,6.47,0.0,1.0,Pond_01,Real_Data,Obs_Pond_01_20260201_08,Low,1,1.0,0,0,0,0,0,0,0,0,0,0
2026-02-01 08:00:00,26.5,7.34,2.79,6.47,0.0,1.0,Pond_02,Real_Data,Obs_Pond_02_20260201_08,Low,1,1.0,0,0,0,0,0,0,0,0,0,0
2026-02-01 08:00:00,27.6209620006794,7.999504465104165,3.0815119853563475,6.10861890101849,,,Pond_03,Real_Data,Obs_Pond_03_20260201_08,Unknown,0,1.0,0,-1,0,0,0,0,0,0,0,0
2026-02-01 08:00:00,26.5046985784145,7.359765114688257,2.7308060026015832,6.456026745391863,0.0,1.0,Pond_04,Mock_Data,Obs_Pond_04_20260201_08,Low,1,1.0,0,0,0,0,0,0,0,0,0,0
2026-02-01 08:00:00,26.460863904636668,7.301845566137286,2.750230697968378,6.619632146843595,0.0,2.0,Pond_05,Mock_Data,Obs_Pond_05_20260201_08,Medium,2,1.0,0,1,0,0,0,0,0,0,0,1
2026-02-01 12:00:00,26.5,7.34,2.79,6.47,1.0,1.0,Pond_01,Real_Data,Obs_Pond_01_20260201_12,Low,1,1.0,0,0,0,0,0,0,0,0,0,0
2026-02-01 12:00:00,26.5,7.34,2.79,6.47,0.0,1.0,Pond_02,Real_Data,Obs_Pond_02_20260201_12,Low,1,1.0,0,0,0,0,0,0,0,0,0,0
2026-02-01 12:00:00,27.4633297128006,8.022620181839937,3.2306957800320752,6.32928937776723,,,Pond_03,Real_Data,Obs_Pond_03_20260201_12,Unknown,0,1.0,0,-1,0,0,0,0,0,0,0,0
2026-02-01 12:00:00,26.458027624239886,7.350349713499987,2.805154865477743,6.4525178785523165,0.0,1.0,Pond_04,Mock_Data,Obs_Pond_04_20260201_12,Low,1,1.0,0,0,0,0,0,0,0,0,0,0
2026-02-01 12:00:00,26.503255731129755,7.328571415012875,2.7546702494851045,6.558128526003018,0.0,1.0,Pond_05,Mock_Data,Obs_Pond_05_20260201_12,Low,1,1.0,0,0,0,0,0,0,0,0,0,0
2026-02-01 16:00:00,26.5,7.34,2.79,6.47,0.0,1.0,Pond_01,Real_Data,Obs_Pond_01_20260201_16,Low,1,1.0,0,0,0,0,0,0,0,0,0,0
2026-02-01 16:00:00,26.5,7.34,2.79,6.47,0.0,1.0,Pond_02,Real_Data,Obs_Pond_02_20260201_16,Low,1,1.0,0,0,0,0,0,0,0,0,0,0
2026-02-01 16:00:00,27.129955058070774,7.735634191385028,3.6963817006984176,6.29584358343291,,,Pond_03,Real_Data,Obs_Pond_03_20260201_16,Low,1,1.0,0,0,0,0,0,0,0,0,0,0
2026-02-01 16:00:00,26.560440646844487,7.3490075962838795,2.7047042618684336,6.4894142450058805,0.0,1.0,Pond_04,Mock_Data,Obs_Pond_04_20260201_16,Low,1,1.0,0,0,0,0,0,0,0,0,0,0
2026-02-01 16:00:00,26.453144062078547,7.323567994648221,2.7387360651718606,6.485270990168952,0.0,1.0,Pond_05,Mock_Data,Obs_Pond_05_20260201_16,Low,1,1.0,0,0,0,0,0,0,0,0,0,0
2026-02-01 20:00:00,26.5,7.34,2.79,6.47,1.0,1.0,Pond_01,Real_Data,Obs_Pond_01_20260201_20,Low,1,1.0,0,0,0,0,0,0,0,0,0,0
2026-02-01 20:00:00,26.5,7.34,2.79,6.47,0.0,1.0,Pond_02,Real_Data,Obs_Pond_02_20260201_20,Low,1,1.0,0,0,0,0,0,0,0,0,0,0
2026-02-01 20:00:00,27.5686806668604,7.920936435601523,3.56994085472568,6.00357732402615,,,Pond_03,Real_Data,Obs_Pond_03_20260201_20,Low,1,1.0,0,0,0,0,0,0,0,0,0,0
2026-02-01 20:00:00,26.490884972422727,7.353011989617956,2.792023706408882,6.521517817332941,0.0,1.0,Pond_04,Mock_Data,Obs_Pond_04_20260201_20,Low,1,1.0,0,0,0,0,0,0,0,0,0,0
2026-02-01 20:00:00,26.522341182644812,7.338310632212736,2.8090475279300176,6.489035338985584,0.0,1.0,Pond_05,Mock_Data,Obs_Pond_05_20260201_20,Low,1,1.0,0,0,0,0,0,0,0,0,0,0
2026-02-02 00:00:00,26.5,7.34,2.79,6.47,1.0,1.0,Pond_01,Real_Data,Obs_Pond_01_20260202_00,Low,1,1.0,0,0,0,0,0,0,0,0,0,0
2026-02-02 00:00:00,26.5,7.34,2.79,6.47,0.0,1.0,Pond_02,Real_Data,Obs_Pond_02_20260202_00,Low,1,1.0,0,0,0,0,0,0,0,0,0,0
2026-02-02 00:00:00,26.976758241499326,7.667811198477198,3.540328962279335,5.85211996465258,,,Pond_03,Real_Data,Obs_Pond_03_20260202_00,Low,1,1.0,0,0,0,0,0,0,0,0,0,0
2026-02-02 00:00:00,26.44883337621773,7.3840960655120025,2.8718265961099454,6.524343133195019,0.0,1.0,Pond_04,Mock_Data,Obs_Pond_04_20260202_00,Low,1,1.0,0,0,0,0,0,0,0,0,0,0
2026-02-02 00:00:00,26.48657928696607,7.326344870699687,2.7975715515226693,6.4676897905557835,0.0,1.0,Pond_05,Mock_Data,Obs_Pond_05_20260202_00,Low,1,1.0,0,0,0,0,0,0,0,0,0,0
2026-02-02 04:00:00,26.5,7.34,2.79,6.47,0.0,1.0,Pond_01,Real_Data,Obs_Pond_01_20260202_04,Low,1,1.0,0,0,0,0,0,0,0,0,0,0
2026-02-02 04:00:00,26.5,7.339999999999999,2.79,6.47,0.0,1.0,Pond_02,Real_Data,Obs_Pond_02_20260202_04,Low,1,1.0,0,0,0,0,0,0,0,0,0,0
2026-02-02 04:00:00,26.6154393654079,7.961829084485562,3.4602915334340425,6.27170545878584,,,Pond_03,Real_Data,Obs_Pond_03_20260202_04,Low,1,1.0,0,0,0,0,0,0,0,0,0,0
2026-02-02 04:00:00,26.48007960715954,7.315751678017562,2.749129422185595,6.433175791775335,0.0,2.0,Pond_04,Mock_Data,Obs_Pond_04_20260202_04,Medium,2,1.0,0,1,0,0,0,0,0,0,0,1
2026-02-02 04:00:00,26.44178318383214,7.3558887623828895,2.783448277317985,6.3602490907815366,0.0,1.0,Pond_05,Mock_Data,Obs_Pond_05_20260202_04,Low,1,1.0,0,0,0,0,0,0,0,0,0,0
2026-02-02 08:00:00,26.5,7.34,2.79,6.47,0.0,1.0,Pond_01,Real_Data,Obs_Pond_01_20260202_08,Low,1,1.0,0,0,0,0,0,0,0,0,0,0
2026-02-02 08:00:00,26.5,7.34,2.79,6.47,0.0,1.0,Pond_02,Real_Data,Obs_Pond_02_20260202_08,Low,1,1.0,0,0,0,0,0,0,0,0,0,0
2026-02-02 08:00:00,27.0199597793454,7.7857460569958175,3.0719585236283726,6.45289933780959,,,Pond_03,Real_Data,Obs_Pond_03_20260202_08,Unknown,0,1.0,0,-1,0,0,0,0,0,0,0,0
2026-02-02 08:00:00,26.525594645809676,7.350155540317666,2.754026240172664,6.4594454417539495,0.0,1.0,Pond_04,Mock_Data,Obs_Pond_04_20260202_08,Low,1,1.0,0,0,0,0,0,0,0,0,0,0
2026-02-02 08:00:00,26.58259526486759,7.333821529936742,2.8248930497408877,6.471139772762267,0.0,1.0,Pond_05,Mock_Data,Obs_Pond_05_20260202_08,Low,1,1.0,0,0,0,0,0,0,0,0,0,0
2026-02-02 12:00:00,26.5,7.34,2.79,6.47,1.0,1.0,Pond_01,Real_Data,Obs_Pond_01_20260202_12,Low,1,1.0,0,0,0,0,0,0,0,0,0,0
2026-02-02 12:00:00,26.5,7.34,2.79,6.47,0.0,1.0,Pond_02,Real_Data,Obs_Pond_02_20260202_12,Low,1,1.0,0,0,0,0,0,0,0,0,0,0
2026-02-02 12:00:00,27.08250118622325,7.911468867021128,3.4272688796038473,6.53768464125783,,,Pond_03,Real_Data,Obs_Pond_03_20260202_12,Low,1,1.0,0,0,0,0,0,0,0,0,0,0
2026-02-02 12:00:00,26.46505877642926,7.320136689688781,2.8229429038449245,6.4878463137974185,0.0,1.0,Pond_04,Mock_Data,Obs_Pond_04_20260202_12,Low,1,1.0,0,0,0,0,0,0,0,0,0,0
2026-02-02 12:00:00,26.557577802856734,7.343226449207931,2.843134686272783,6.546460052929736,0.0,1.0,Pond_05,Mock_Data,Obs_Pond_05_20260202_12,Low,1,1.0,0,0,0,0,0,0,0,0,0,0
2026-02-02 16:00:00,26.5,7.34,2.79,6.47,1.0,1.0,Pond_01,Real_Data,Obs_Pond_01_20260202_16,Low,1,1.0,0,0,0,0,0,0,0,0,0,0
2026-02-02 16:00:00,26.5,7.34,2.79,6.47,0.0,1.0,Pond_02,Real_Data,Obs_Pond_02_20260202_16,Low,1,1.0,0,0,0,0,0,0,0,0,0,0
2026-02-02 16:00:00,27.256573961694123,7.677651272042835,3.3107664581616674,5.648524536657,,,Pond_03,Real_Data,Obs_Pond_03_20260202_16,Low,1,1.0,0,0,0,0,0,0,0,0,0,0
2026-02-02 16:00:00,26.449036481517417,7.351911209888658,2.72347855909134,6.454293932146156,0.0,1.0,Pond_04,Mock_Data,Obs_Pond_04_20260202_16,Low,1,1.0,0,0,0,0,0,0,0,0,0,0
2026-02-02 16:00:00,26.46250618786651,7.34337997401798,2.7242175511202116,6.432129784881872,0.0,1.0,Pond_05,Mock_Data,Obs_Pond_05_20260202_16,Low,1,1.0,0,0,0,0,0,0,0,0,0,0
2026-02-02 20:00:00,26.5,7.34,2.79,6.47,1.0,1.0,Pond_01,Real_Data,Obs_Pond_01_20260202_20,Low,1,1.0,0,0,0,0,0,0,0,0,0,0
2026-02-02 20:00:00,26.5,7.34,2.79,6.47,0.0,1.0,Pond_02,Real_Data,Obs_Pond_02_20260202_20,Low,1,1.0,0,0,0,0,0,0,0,0,0,0
2026-02-02 20:00:00,27.31162041450815,7.69478866874888,3.2848200645261727,6.27831385681488,,,Pond_03,Real_Data,Obs_Pond_03_20260202_20,Unknown,0,1.0,0,-1,0,0,0,0,0,0,0,0
2026-02-02 20:00:00,26.515104414550898,7.320301676420435,2.7627173094431168,6.5715117791654265,0.0,2.0,Pond_04,Mock_Data,Obs_Pond_04_20260202_20,Medium,2,1.0,0,1,0,0,0,0,0,0,0,1
2026-02-02 20:00:00,26.530854310893066,7.344180194708211,2.7642601759937016,6.496016858161171,0.0,1.0,Pond_05,Mock_Data,Obs_Pond_05_20260202_20,Low,1,1.0,0,0,0,0,0,0,0,0,0,0
2026-02-03 00:00:00,26.5,7.34,2.79,6.47,0.0,1.0,Pond_01,Real_Data,Obs_Pond_01_20260203_00,Low,1,1.0,0,0,0,0,0,0,0,0,0,0
2026-02-03 00:00:00,26.5,7.34,2.7899999999999996,6.47,0.0,1.0,Pond_02,Real_Data,Obs_Pond_02_20260203_00,Low,1,1.0,0,0,0,0,0,0,0,0,0,0
2026-02-03 00:00:00,27.3316016182501,7.799379373350698,3.433661231289325,6.64454663720905,,,Pond_03,Real_Data,Obs_Pond_03_20260203_00,Low,1,1.0,0,0,0,0,0,0,0,0,0,0
2026-02-03 00:00:00,26.51518371283616,7.331050890109983,2.815716933447364,6.501007483151114,0.0,1.0,Pond_04,Mock_Data,Obs_Pond_04_20260203_00,Low,1,1.0,0,0,0,0,0,0,0,0,0,0
2026-02-03 00:00:00,26.533310298170882,7.339482627621624,2.825362380121632,6.523782163263247,0.0,1.0,Pond_05,Mock_Data,Obs_Pond_05_20260203_00,Low,1,1.0,0,0,0,0,0,0,0,0,0,0
2026-02-03 04:00:00,26.5,7.34,2.79,6.47,1.0,1.0,Pond_01,Real_Data,Obs_Pond_01_20260203_04,Low,1,1.0,0,0,0,0,0,0,0,0,0,0
2026-02-03 04:00:00,26.5,7.34,2.79,6.47,0.0,1.0,Pond_02,Real_Data,Obs_Pond_02_20260203_04,Low,1,1.0,0,0,0,0,0,0,0,0,0,0
2026-02-03 04:00:00,27.041457616430076,7.895630863525413,3.23616433128566,5.75703332759362,,,Pond_03,Real_Data,Obs_Pond_03_20260203_04,Unknown,0,1.0,0,-1,0,0,0,0,0,0,0,0
2026-02-03 04:00:00,26.46857824492441,7.333672731075238,2.7626513047075036,6.516411146827419,0.0,1.0,Pond_04,Mock_Data,Obs_Pond_04_20260203_04,Low,1,1.0,0,0,0,0,0,0,0,0,0,0
2026-02-03 04:00:00,26.53981162598056,7.350948215189729,2.769832369289082,6.41254920581842,0.0,1.0,Pond_05,Mock_Data,Obs_Pond_05_20260203_04,Low,1,1.0,0,0,0,0,0,0,0,0,0,0
2026-02-03 08:00:00,26.5,7.34,2.79,6.47,1.0,1.0,Pond_01,Real_Data,Obs_Pond_01_20260203_08,Low,1,1.0,0,0,0,0,0,0,0,0,0,0
2026-02-03 08:00:00,26.5,7.34,2.79,6.47,0.0,1.0,Pond_02,Real_Data,Obs_Pond_02_20260203_08,Low,1,1.0,0,0,0,0,0,0,0,0,0,0
2026-02-03 08:00:00,27.538683918381977,7.8310781882534695,3.0538648922650373,6.43975952675982,,,Pond_03,Real_Data,Obs_Pond_03_20260203_08,Unknown,0,1.0,0,-1,0,0,0,0,0,0,0,0
2026-02-03 08:00:00,26.470803729117122,7.3609233000067755,2.779825610484743,6.511864212625939,0.0,1.0,Pond_04,Mock_Data,Obs_Pond_04_20260203_08,Low,1,1.0,0,0,0,0,0,0,0,0,0,0
2026-02-03 08:00:00,26.394985283586543,7.322939694783926,2.755583506486136,6.441498004296364,0.0,2.0,Pond_05,Mock_Data,Obs_Pond_05_20260203_08,Medium,2,1.0,0,1,0,0,0,0,0,0,0,1
2026-02-03 12:00:00,26.5,7.34,2.79,6.47,0.0,1.0,Pond_01,Real_Data,Obs_Pond_01_20260203_12,Low,1,1.0,0,0,0,0,0,0,0,0,0,0
2026-02-03 12:00:00,26.5,7.340000000000001,2.79,6.47,0.0,1.0,Pond_02,Real_Data,Obs_Pond_02_20260203_12,Low,1,1.0,0,0,0,0,0,0,0,0,0,0
2026-02-03 12:00:00,27.561241163018376,7.8242099178110855,3.258713880004965,5.57503153426305,,,Pond_03,Real_Data,Obs_Pond_03_20260203_12,Unknown,0,1.0,0,-1,0,0,0,0,0,0,0,0
2026-02-03 12:00:00,26.5143831037702,7.359693347625841,2.822087281005207,6.544110646058088,0.0,1.0,Pond_04,Mock_Data,Obs_Pond_04_20260203_12,Low,1,1.0,0,0,0,0,0,0,0,0,0,0
2026-02-03 12:00:00,26.56239228719602,7.370006086731022,2.833916587220552,6.405713882582035,0.0,1.0,Pond_05,Mock_Data,Obs_Pond_05_20260203_12,Low,1,1.0,0,0,0,0,0,0,0,0,0,0
2026-02-03 16:00:00,26.5,7.34,2.79,6.47,0.0,1.0,Pond_01,Real_Data,Obs_Pond_01_20260203_16,Low,1,1.0,0,0,0,0,0,0,0,0,0,0
2026-02-03 16:00:00,26.5,7.34,2.79,6.47,0.0,1.0,Pond_02,Real_Data,Obs_Pond_02_20260203_16,Low,1,1.0,0,0,0,0,0,0,0,0,0,0
2026-02-03 16:00:00,27.885696065781225,7.770791630114788,3.0626694199151676,6.81307286283127,,,Pond_03,Real_Data,Obs_Pond_03_20260203_16,Unknown,0,1.0,0,-1,0,0,0,0,0,0,0,0
2026-02-03 16:00:00,26.410243684661463,7.31328953493588,2.8081759303512506,6.48143240182165,0.0,1.0,Pond_04,Mock_Data,Obs_Pond_04_20260203_16,Low,1,1.0,0,0,0,0,0,0,0,0,0,0
2026-02-03 16:00:00,26.46468846578955,7.334928204716188,2.734400234350171,6.41807619795718,0.0,1.0,Pond_05,Mock_Data,Obs_Pond_05_20260203_16,Low,1,1.0,0,0,0,0,0,0,0,0,0,0
2026-02-03 20:00:00,26.5,7.34,2.79,6.47,1.0,1.0,Pond_01,Real_Data,Obs_Pond_01_20260203_20,Low,1,1.0,0,0,0,0,0,0,0,0,0,0
2026-02-03 20:00:00,26.5,7.34,2.79,6.47,0.0,1.0,Pond_02,Real_Data,Obs_Pond_02_20260203_20,Low,1,1.0,0,0,0,0,0,0,0,0,0,0
2026-02-03 20:00:00,27.159126457786,7.822657604471992,3.3949272149094223,6.55555045374764,,,Pond_03,Real_Data,Obs_Pond_03_20260203_20,Low,1,1.0,0,0,0,0,0,0,0,0,0,0
2026-02-03 20:00:00,26.412761460958908,7.34117788808315,2.801504489726986,6.388098683768097,0.0,1.0,Pond_04,Mock_Data,Obs_Pond_04_20260203_20,Low,1,1.0,0,0,0,0,0,0,0,0,0,0
2026-02-03 20:00:00,26.47782082444336,7.3118779812418975,2.7769966919493885,6.388681393001948,0.0,1.0,Pond_05,Mock_Data,Obs_Pond_05_20260203_20,Low,1,1.0,0,0,0,0,0,0,0,0,0,0
2026-02-04 00:00:00,26.5,7.34,2.79,6.47,1.0,1.0,Pond_01,Real_Data,Obs_Pond_01_20260204_00,Low,1,1.0,0,0,0,0,0,0,0,0,0,0
2026-02-04 00:00:00,26.5,7.34,2.79,6.47,0.0,1.0,Pond_02,Real_Data,Obs_Pond_02_20260204_00,Low,1,1.0,0,0,0,0,0,0,0,0,0,0
2026-02-04 00:00:00,27.595392199974324,7.96730211065455,3.0757391572905726,6.52311375649849,,,Pond_03,Real_Data,Obs_Pond_03_20260204_00,Unknown,0,1.0,0,-1,0,0,0,0,0,0,0,0
2026-02-04 00:00:00,26.455468818888544,7.324785306620232,2.7753779618188887,6.4952422600955915,0.0,1.0,Pond_04,Mock_Data,Obs_Pond_04_20260204_00,Low,1,1.0,0,0,0,0,0,0,0,0,0,0
2026-02-04 00:00:00,26.663503284716704,7.344032637680427,2.8041702441480867,6.4131322506342485,0.0,1.0,Pond_05,Mock_Data,Obs_Pond_05_20260204_00,Low,1,1.0,0,0,0,0,0,0,0,0,0,0
2026-02-04 04:00:00,26.573026315789477,7.3648684210526305,2.79,6.47,1.0,1.0,Pond_01,Real_Data,Obs_Pond_01_20260204_04,Low,1,1.0,0,0,0,0,0,0,0,0,0,0
2026-02-04 04:00:00,26.5,7.339999999999999,2.79,6.47,0.0,1.0,Pond_02,Real_Data,Obs_Pond_02_20260204_04,Low,1,1.0,0,0,0,0,0,0,0,0,0,0
2026-02-04 04:00:00,27.033716895139925,7.826112086993552,3.4304116225463024,5.83856981775636,,,Pond_03,Real_Data,Obs_Pond_03_20260204_04,Low,1,1.0,0,0,0,0,0,0,0,0,0,0
2026-02-04 04:00:00,26.559796264674254,7.337883767803665,2.8059560373575416,6.428863608332318,0.0,1.0,Pond_04,Mock_Data,Obs_Pond_04_20260204_04,Low,1,1.0,0,0,0,0,0,0,0,0,0,0
2026-02-04 04:00:00,26.59173727175789,7.3466175505345275,2.7652584327153726,6.559645608109396,0.0,1.0,Pond_05,Mock_Data,Obs_Pond_05_20260204_04,Low,1,1.0,0,0,0,0,0,0,0,0,0,0
2026-02-04 08:00:00,26.93815789473685,7.48921052631579,2.79,6.69421052631579,0.0,1.0,Pond_01,Real_Data,Obs_Pond_01_20260204_08,Low,1,1.0,0,0,0,0,0,0,0,0,0,0
2026-02-04 08:00:00,26.5,7.34,2.79,6.47,0.0,1.0,Pond_02,Real_Data,Obs_Pond_02_20260204_08,Low,1,1.0,0,0,0,0,0,0,0,0,0,0
2026-02-04 08:00:00,27.509159885276,7.566615596953932,3.45923485344705,6.66967515520153,,,Pond_03,Real_Data,Obs_Pond_03_20260204_08,Low,1,1.0,0,0,0,0,0,0,0,0,0,0
2026-02-04 08:00:00,26.957428814737337,7.484557282768514,2.7846649805003545,6.6608257827600115,0.0,2.0,Pond_04,Mock_Data,Obs_Pond_04_20260204_08,Medium,2,1.0,0,1,0,0,0,0,0,0,0,1
2026-02-04 08:00:00,26.91421254781545,7.503476518888397,2.8237675599746117,6.636393648978095,0.0,2.0,Pond_05,Mock_Data,Obs_Pond_05_20260204_08,Medium,2,1.0,0,1,0,0,0,0,0,0,0,1
2026-02-04 12:00:00,27.327631578947376,7.621842105263157,2.79,6.99315789473684,1.0,1.0,Pond_01,Real_Data,Obs_Pond_01_20260204_12,Low,1,1.0,0,0,0,0,0,0,0,0,0,0
2026-02-04 12:00:00,26.5,7.34,2.79,6.47,0.0,1.0,Pond_02,Real_Data,Obs_Pond_02_20260204_12,Low,1,1.0,0,0,0,0,0,0,0,0,0,0
2026-02-04 12:00:00,27.3478163373675,7.959343488502062,3.50559416433797,6.16013921699109,,,Pond_03,Real_Data,Obs_Pond_03_20260204_12,Low,1,1.0,0,0,0,0,0,0,0,0,0,0
2026-02-04 12:00:00,27.419078281359937,7.6152276685540565,2.8097393433491624,7.030189666665939,0.0,1.0,Pond_04,Mock_Data,Obs_Pond_04_20260204_12,Low,1,1.0,0,0,0,0,0,0,0,0,0,0
2026-02-04 12:00:00,27.190941269230535,7.6692201009950045,2.76547155890319,7.001144416434625,0.0,2.0,Pond_05,Mock_Data,Obs_Pond_05_20260204_12,Medium,2,1.0,0,1,0,0,0,0,0,0,0,1
2026-02-04 16:00:00,27.7171052631579,7.754473684210527,2.79,7.2921052631579,1.0,1.0,Pond_01,Real_Data,Obs_Pond_01_20260204_16,Low,1,1.0,0,0,0,0,0,0,0,0,0,0
2026-02-04 16:00:00,26.5,7.34,2.79,6.47,0.0,1.0,Pond_02,Real_Data,Obs_Pond_02_20260204_16,Low,1,1.0,0,0,0,0,0,0,0,0,0,0
2026-02-04 16:00:00,27.496636694392876,7.8627127898847355,3.2887480223127774,6.08641779308402,,,Pond_03,Real_Data,Obs_Pond_03_20260204_16,Unknown,0,1.0,0,-1,0,0,0,0,0,0,0,0
2026-02-04 16:00:00,27.770265404033157,7.8065069360175805,2.768573631138796,7.370308929853465,0.0,2.0,Pond_04,Mock_Data,Obs_Pond_04_20260204_16,Medium,2,1.0,0,1,0,0,0,0,0,0,0,1
2026-02-04 16:00:00,27.80324672900905,7.737608136078012,2.8507358739748945,7.260346627906457,0.0,1.0,Pond_05,Mock_Data,Obs_Pond_05_20260204_16,Low,1,1.0,0,0,0,0,0,0,0,0,0,0
2026-02-04 20:00:00,28.106578947368426,7.8871052631578955,2.79,7.59105263157895,1.0,1.0,Pond_01,Real_Data,Obs_Pond_01_20260204_20,Low,1,1.0,0,0,0,0,0,0,0,0,0,0
2026-02-04 20:00:00,26.5,7.34,2.7900000000000005,6.47,0.0,1.0,Pond_02,Real_Data,Obs_Pond_02_20260204_20,Low,1,1.0,0,0,0,0,0,0,0,0,0,0
2026-02-04 20:00:00,27.735781802202574,7.610517430009715,3.3375364517361477,6.58879996822727,,,Pond_03,Real_Data,Obs_Pond_03_20260204_20,Low,1,1.0,0,0,0,0,0,0,0,0,0,0
2026-02-04 20:00:00,28.096665510202648,7.896388715815877,2.7821281181531035,7.592396036278193,0.0,1.0,Pond_04,Mock_Data,Obs_Pond_04_20260204_20,Low,1,1.0,0,0,0,0,0,0,0,0,0,0
2026-02-04 20:00:00,29.704491858410645,7.894231935517708,2.784578158748301,4.664454508859943,0.0,2.0,Pond_05,Mock_Data,Obs_Pond_05_20260204_20,High,4,1.0,0,2,0,0,0,0,0,0,1,0
2026-02-04 20:00:00,29.704491858410645,7.894231935517708,2.784578158748301,4.664454508859943,0.0,2.0,Pond_05,Mock_Data,Obs_Pond_05_20260204_20,Medium,4,1.0,0,1,0,0,0,0,0,0,0,1
2026-02-05 00:00:00,28.35,7.97,2.79,7.89,1.0,1.0,Pond_01,Real_Data,Obs_Pond_01_20260205_00,Low,1,1.0,0,0,0,0,0,0,0,0,0,0
2026-02-05 00:00:00,26.5,7.34,2.7900000000000005,6.47,0.0,0.0,Pond_02,Real_Data,Obs_Pond_02_20260205_00,Unknown,0,1.0,0,-1,0,0,0,0,0,0,0,0
2026-02-05 00:00:00,27.6542864379694,7.9188338604726525,3.3305426750721328,6.0571098336435,,,Pond_03,Real_Data,Obs_Pond_03_20260205_00,Low,1,1.0,0,0,0,0,0,0,0,0,0,0
2026-02-05 00:00:00,28.348821322277892,7.940461354379927,2.747315689575034,7.909504323800465,0.0,1.0,Pond_04,Mock_Data,Obs_Pond_04_20260205_00,Low,1,1.0,0,0,0,0,0,0,0,0,0,0
2026-02-05 00:00:00,30.457883624362754,7.93235874076773,2.8189433581004266,4.750399230182838,0.0,2.0,Pond_05,Mock_Data,Obs_Pond_05_20260205_00,High,4,1.0,0,2,0,0,0,0,0,0,1,0
2026-02-05 00:00:00,30.457883624362754,7.93235874076773,2.8189433581004266,4.750399230182838,0.0,2.0,Pond_05,Mock_Data,Obs_Pond_05_20260205_00,Medium,4,1.0,0,1,0,0,0,0,0,0,0,1
2026-02-05 04:00:00,28.35,7.97,2.79,7.89,1.0,1.0,Pond_01,Real_Data,Obs_Pond_01_20260205_04,Low,1,1.0,0,0,0,0,0,0,0,0,0,0
2026-02-05 04:00:00,26.5,7.34,2.7900000000000005,6.47,0.0,0.0,Pond_02,Real_Data,Obs_Pond_02_20260205_04,Unknown,0,1.0,0,-1,0,0,0,0,0,0,0,0
2026-02-05 04:00:00,27.36099615292165,7.860745524670463,3.2786778608583727,6.70869218670316,,,Pond_03,Real_Data,Obs_Pond_03_20260205_04,Unknown,0,1.0,0,-1,0,0,0,0,0,0,0,0
2026-02-05 04:00:00,28.28786042759393,7.95789020961515,2.788490566260517,7.997503246426798,0.0,1.0,Pond_04,Mock_Data,Obs_Pond_04_20260205_04,Low,1,1.0,0,0,0,0,0,0,0,0,0,0
2026-02-05 04:00:00,29.230163266467553,7.979732560533112,2.822166541071907,4.684409586574436,0.0,2.0,Pond_05,Mock_Data,Obs_Pond_05_20260205_04,High,4,1.0,0,2,0,0,0,0,0,0,1,0
2026-02-05 04:00:00,29.230163266467553,7.979732560533112,2.822166541071907,4.684409586574436,0.0,2.0,Pond_05,Mock_Data,Obs_Pond_05_20260205_04,Medium,4,1.0,0,1,0,0,0,0,0,0,0,1
2026-02-05 08:00:00,28.35,7.97,2.79,7.89,1.0,1.0,Pond_01,Real_Data,Obs_Pond_01_20260205_08,Low,1,1.0,0,0,0,0,0,0,0,0,0,0
2026-02-05 08:00:00,26.5,7.34,2.7900000000000005,6.47,0.0,0.0,Pond_02,Real_Data,Obs_Pond_02_20260205_08,Unknown,0,1.0,0,-1,0,0,0,0,0,0,0,0
2026-02-05 08:00:00,26.99127494712325,7.86783374559616,3.1875288932890475,5.92597048203525,,,Pond_03,Real_Data,Obs_Pond_03_20260205_08,Unknown,0,1.0,0,-1,0,0,0,0,0,0,0,0
2026-02-05 08:00:00,28.348852504081137,7.991900330962283,2.755031829762348,7.905204747475731,0.0,1.0,Pond_04,Mock_Data,Obs_Pond_04_20260205_08,Low,1,1.0,0,0,0,0,0,0,0,0,0,0
2026-02-05 08:00:00,29.416047641067177,7.951008671827436,2.762942167350226,3.9672708942108725,1.0,2.0,Pond_05,Mock_Data,Obs_Pond_05_20260205_08,High,2,1.0,0,2,0,0,0,0,0,0,1,0
2026-02-05 12:00:00,28.35,7.97,2.79,7.89,0.0,1.0,Pond_01,Real_Data,Obs_Pond_01_20260205_12,Low,1,1.0,0,0,0,0,0,0,0,0,0,0
2026-02-05 12:00:00,26.5,7.34,2.7900000000000005,6.47,0.0,0.0,Pond_02,Real_Data,Obs_Pond_02_20260205_12,Unknown,0,1.0,0,-1,0,0,0,0,0,0,0,0
2026-02-05 12:00:00,27.393761548031073,7.8375156607699425,3.5814275715452726,6.11829314188515,,,Pond_03,Real_Data,Obs_Pond_03_20260205_12,Low,1,1.0,0,0,0,0,0,0,0,0,0,0
2026-02-05 12:00:00,28.332108130667777,8.014780043032141,2.7419653212851016,8.054309085541549,0.0,1.0,Pond_04,Mock_Data,Obs_Pond_04_20260205_12,Low,1,1.0,0,0,0,0,0,0,0,0,0,0
2026-02-05 12:00:00,30.004722884794784,7.956602399900564,2.7014591975983517,4.707069111421365,1.0,2.0,Pond_05,Mock_Data,Obs_Pond_05_20260205_12,High,2,1.0,0,2,0,0,0,0,0,0,1,0
2026-02-05 16:00:00,28.35,7.97,2.79,7.89,0.0,1.0,Pond_01,Real_Data,Obs_Pond_01_20260205_16,Low,1,1.0,0,0,0,0,0,0,0,0,0,0
2026-02-05 16:00:00,26.5,7.34,2.7900000000000005,6.47,0.0,0.0,Pond_02,Real_Data,Obs_Pond_02_20260205_16,Unknown,0,1.0,0,-1,0,0,0,0,0,0,0,0
2026-02-05 16:00:00,27.358928142973923,7.76094984877374,3.1999744864051074,6.16047581326783,,,Pond_03,Real_Data,Obs_Pond_03_20260205_16,Unknown,0,1.0,0,-1,0,0,0,0,0,0,0,0
2026-02-05 16:00:00,28.370002998469932,7.935993609260991,2.801152771171663,7.925714715690083,0.0,1.0,Pond_04,Mock_Data,Obs_Pond_04_20260205_16,Low,1,1.0,0,0,0,0,0,0,0,0,0,0
2026-02-05 16:00:00,30.085400901122636,7.946386398015601,2.8055548153017393,5.243517422980897,1.0,2.0,Pond_05,Mock_Data,Obs_Pond_05_20260205_16,High,2,1.0,0,2,0,0,0,0,0,0,1,0
2026-02-05 20:00:00,28.35,7.97,2.79,7.89,0.0,1.0,Pond_01,Real_Data,Obs_Pond_01_20260205_20,Low,1,1.0,0,0,0,0,0,0,0,0,0,0
2026-02-05 20:00:00,26.5,7.34,2.7900000000000005,6.47,0.0,0.0,Pond_02,Real_Data,Obs_Pond_02_20260205_20,Unknown,0,1.0,0,-1,0,0,0,0,0,0,0,0
2026-02-05 20:00:00,27.6876760781287,7.660254904548932,3.0023865484288925,6.48930496163232,,,Pond_03,Real_Data,Obs_Pond_03_20260205_20,Unknown,0,1.0,0,-1,0,0,0,0,0,0,0,0
2026-02-05 20:00:00,28.29872591374719,7.929690973601343,2.7991727654459257,7.778799171107489,0.0,1.0,Pond_04,Mock_Data,Obs_Pond_04_20260205_20,Low,1,1.0,0,0,0,0,0,0,0,0,0,0
2026-02-05 20:00:00,28.96606610670048,7.985698664974052,2.7931168785901783,3.8314337296915593,1.0,2.0,Pond_05,Mock_Data,Obs_Pond_05_20260205_20,Unknown,0,1.0,0,-1,0,0,0,0,0,0,0,0
2026-02-06 00:00:00,28.35,7.97,2.79,7.89,0.0,1.0,Pond_01,Real_Data,Obs_Pond_01_20260206_00,Low,1,1.0,0,0,0,0,0,0,0,0,0,0
2026-02-06 00:00:00,28.35,7.97,2.79,7.89,0.0,1.0,Pond_02,Real_Data,Obs_Pond_02_20260206_00,Low,1,1.0,0,0,0,0,0,0,0,0,0,0
2026-02-06 00:00:00,27.4080817105351,7.73334257592199,3.25658752358637,5.85166699982085,,,Pond_03,Real_Data,Obs_Pond_03_20260206_00,Unknown,0,1.0,0,-1,0,0,0,0,0,0,0,0
2026-02-06 00:00:00,28.382190548690005,8.01011692451101,2.823755404298554,7.937577228829064,0.0,1.0,Pond_04,Mock_Data,Obs_Pond_04_20260206_00,Low,1,1.0,0,0,0,0,0,0,0,0,0,0
2026-02-06 00:00:00,30.359602172615446,7.991598452713229,2.813965719429443,5.362222565537384,1.0,2.0,Pond_05,Mock_Data,Obs_Pond_05_20260206_00,High,2,1.0,0,2,0,0,0,0,0,0,1,0
2026-02-06 04:00:00,28.35,7.97,2.79,7.89,1.0,1.0,Pond_01,Real_Data,Obs_Pond_01_20260206_04,Low,1,1.0,0,0,0,0,0,0,0,0,0,0
2026-02-06 04:00:00,28.35,7.970000000000001,2.79,7.89,0.0,1.0,Pond_02,Real_Data,Obs_Pond_02_20260206_04,Low,1,1.0,0,0,0,0,0,0,0,0,0,0
2026-02-06 04:00:00,27.27091175924495,7.59089346782952,3.05597200881225,5.39605705767797,,,Pond_03,Real_Data,Obs_Pond_03_20260206_04,Unknown,0,1.0,0,-1,0,0,0,0,0,0,0,0
2026-02-06 04:00:00,28.445003442316665,7.978354042473773,2.771411028043484,7.9140720268065055,0.0,1.0,Pond_04,Mock_Data,Obs_Pond_04_20260206_04,Low,1,1.0,0,0,0,0,0,0,0,0,0,0
2026-02-06 04:00:00,30.23484624366946,7.970501421888273,2.780232746260782,3.0339539697469244,1.0,2.0,Pond_05,Mock_Data,Obs_Pond_05_20260206_04,High,2,1.0,0,2,0,0,0,0,0,0,1,0
2026-02-06 08:00:00,28.35,7.97,2.79,7.89,0.0,1.0,Pond_01,Real_Data,Obs_Pond_01_20260206_08,Low,1,1.0,0,0,0,0,0,0,0,0,0,0
2026-02-06 08:00:00,28.350000000000005,7.97,2.7900000000000005,7.89,0.0,1.0,Pond_02,Real_Data,Obs_Pond_02_20260206_08,Low,1,1.0,0,0,0,0,0,0,0,0,0,0
2026-02-06 08:00:00,27.7905903908106,7.8455462240582925,3.308090337559163,6.72909783735468,,,Pond_03,Real_Data,Obs_Pond_03_20260206_08,Low,1,1.0,0,0,0,0,0,0,0,0,0,0
2026-02-06 08:00:00,28.34325874197972,7.9513822114720965,2.807594138371567,7.971454230318434,0.0,1.0,Pond_04,Mock_Data,Obs_Pond_04_20260206_08,Low,1,1.0,0,0,0,0,0,0,0,0,0,0
2026-02-06 08:00:00,28.536410606206395,7.9514651061710095,2.771441118349348,3.872706345663093,1.0,2.0,Pond_05,Mock_Data,Obs_Pond_05_20260206_08,Unknown,0,1.0,0,-1,0,0,0,0,0,0,0,0
2026-02-06 12:00:00,28.35,7.97,2.79,7.89,1.0,1.0,Pond_01,Real_Data,Obs_Pond_01_20260206_12,Low,1,1.0,0,0,0,0,0,0,0,0,0,0
2026-02-06 12:00:00,28.350000000000005,7.97,2.7900000000000005,7.89,0.0,1.0,Pond_02,Real_Data,Obs_Pond_02_20260206_12,Low,1,1.0,0,0,0,0,0,0,0,0,0,0
2026-02-06 12:00:00,27.547077477021674,7.824963250229482,3.2085635583492875,6.51038110823167,,,Pond_03,Real_Data,Obs_Pond_03_20260206_12,Unknown,0,1.0,0,-1,0,0,0,0,0,0,0,0
2026-02-06 12:00:00,28.37489921544668,7.9814634280593175,2.8137489059969307,7.9325147135052365,0.0,1.0,Pond_04,Mock_Data,Obs_Pond_04_20260206_12,Low,1,1.0,0,0,0,0,0,0,0,0,0,0
2026-02-06 12:00:00,28.757136211710367,8.00408228891017,2.8765999400438123,3.3302460043218507,1.0,2.0,Pond_05,Mock_Data,Obs_Pond_05_20260206_12,Unknown,0,1.0,0,-1,0,0,0,0,0,0,0,0
2026-02-06 16:00:00,28.35,7.97,2.79,7.89,1.0,1.0,Pond_01,Real_Data,Obs_Pond_01_20260206_16,Low,1,1.0,0,0,0,0,0,0,0,0,0,0
2026-02-06 16:00:00,28.35,7.97,2.79,7.89,0.0,1.0,Pond_02,Real_Data,Obs_Pond_02_20260206_16,Low,1,1.0,0,0,0,0,0,0,0,0,0,0
2026-02-06 16:00:00,27.764615116701027,7.649129168472945,3.382119506615505,6.65368891036216,,,Pond_03,Real_Data,Obs_Pond_03_20260206_16,Low,1,1.0,0,0,0,0,0,0,0,0,0,0
2026-02-06 16:00:00,28.392777053776417,7.913484734794599,2.809177447185336,7.8812558235889165,0.0,1.0,Pond_04,Mock_Data,Obs_Pond_04_20260206_16,Low,1,1.0,0,0,0,0,0,0,0,0,0,0
2026-02-06 16:00:00,29.492194212814134,7.953909830688618,2.726516063321272,3.3165495726125593,1.0,2.0,Pond_05,Mock_Data,Obs_Pond_05_20260206_16,High,2,1.0,0,2,0,0,0,0,0,0,1,0
2026-02-06 20:00:00,28.35,7.97,2.79,7.89,1.0,1.0,Pond_01,Real_Data,Obs_Pond_01_20260206_20,Low,1,1.0,0,0,0,0,0,0,0,0,0,0
2026-02-06 20:00:00,28.35,7.969999999999999,2.79,7.89,0.0,1.0,Pond_02,Real_Data,Obs_Pond_02_20260206_20,Low,1,1.0,0,0,0,0,0,0,0,0,0,0
2026-02-06 20:00:00,26.936655310234727,7.6890039756341455,3.3143048609117227,5.51747283843362,,,Pond_03,Real_Data,Obs_Pond_03_20260206_20,Low,1,1.0,0,0,0,0,0,0,0,0,0,0
2026-02-06 20:00:00,28.325131233614734,7.970072377051763,2.754400039713419,7.812679544430909,0.0,2.0,Pond_04,Mock_Data,Obs_Pond_04_20260206_20,Medium,2,1.0,0,1,0,0,0,0,0,0,0,1
2026-02-06 20:00:00,29.421911028226365,7.923642062552383,2.8216459654045356,5.038573735028921,1.0,2.0,Pond_05,Mock_Data,Obs_Pond_05_20260206_20,High,2,1.0,0,2,0,0,0,0,0,0,1,0
2026-02-07 00:00:00,28.35,7.97,2.79,7.89,1.0,1.0,Pond_01,Real_Data,Obs_Pond_01_20260207_00,Low,1,1.0,0,0,0,0,0,0,0,0,0,0
2026-02-07 00:00:00,28.35,7.97,2.7899999999999996,7.89,0.0,1.0,Pond_02,Real_Data,Obs_Pond_02_20260207_00,Low,1,1.0,0,0,0,0,0,0,0,0,0,0
2026-02-07 00:00:00,27.61089464831855,7.799180254256942,3.5962457219886477,6.76160300001618,,,Pond_03,Real_Data,Obs_Pond_03_20260207_00,Low,1,1.0,0,0,0,0,0,0,0,0,0,0
2026-02-07 00:00:00,28.363889878431788,7.977029087134903,2.7964401505714522,7.8767991531811115,0.0,1.0,Pond_04,Mock_Data,Obs_Pond_04_20260207_00,Low,1,1.0,0,0,0,0,0,0,0,0,0,0
2026-02-07 00:00:00,29.91678171006967,7.979828701010145,2.765224717386955,5.295920786875307,1.0,2.0,Pond_05,Mock_Data,Obs_Pond_05_20260207_00,High,2,1.0,0,2,0,0,0,0,0,0,1,0
2026-02-07 04:00:00,28.35,7.97,2.79,7.89,0.0,1.0,Pond_01,Real_Data,Obs_Pond_01_20260207_04,Low,1,1.0,0,0,0,0,0,0,0,0,0,0
2026-02-07 04:00:00,28.350000000000005,7.97,2.79,7.89,0.0,1.0,Pond_02,Real_Data,Obs_Pond_02_20260207_04,Low,1,1.0,0,0,0,0,0,0,0,0,0,0
2026-02-07 04:00:00,27.2753352282767,7.8327647768479824,3.429018677926425,5.43881260093027,,,Pond_03,Real_Data,Obs_Pond_03_20260207_04,Low,1,1.0,0,0,0,0,0,0,0,0,0,0
2026-02-07 04:00:00,28.35078051220019,7.989818046804774,2.805700747599519,7.8362854498675025,0.0,1.0,Pond_04,Mock_Data,Obs_Pond_04_20260207_04,Low,1,1.0,0,0,0,0,0,0,0,0,0,0
2026-02-07 04:00:00,28.679422752106067,7.946311604957935,2.7755221314872927,4.944395635582464,1.0,2.0,Pond_05,Mock_Data,Obs_Pond_05_20260207_04,Unknown,0,1.0,0,-1,0,0,0,0,0,0,0,0
2026-02-07 08:00:00,28.35,7.97,2.79,7.89,0.0,1.0,Pond_01,Real_Data,Obs_Pond_01_20260207_08,Low,1,1.0,0,0,0,0,0,0,0,0,0,0
2026-02-07 08:00:00,28.35,7.97,2.79,7.89,0.0,1.0,Pond_02,Real_Data,Obs_Pond_02_20260207_08,Low,1,1.0,0,0,0,0,0,0,0,0,0,0
2026-02-07 08:00:00,27.2616079723227,7.735782049641423,3.0375238196154077,6.15010779624638,,,Pond_03,Real_Data,Obs_Pond_03_20260207_08,Unknown,0,1.0,0,-1,0,0,0,0,0,0,0,0
2026-02-07 08:00:00,28.356054237623564,7.948260211405562,2.7903095161351112,7.853337088728083,0.0,1.0,Pond_04,Mock_Data,Obs_Pond_04_20260207_08,Low,1,1.0,0,0,0,0,0,0,0,0,0,0
2026-02-07 08:00:00,29.789710613394252,7.99119758553595,2.776327380981233,-1.5,1.0,2.0,Pond_05,Mock_Data,Obs_Pond_05_20260207_08,High,2,0.5,1,2,0,1,0,0,1,1,1,0
2026-02-07 12:00:00,28.35,7.97,2.79,7.89,1.0,1.0,Pond_01,Real_Data,Obs_Pond_01_20260207_12,Low,1,1.0,0,0,0,0,0,0,0,0,0,0
2026-02-07 12:00:00,28.35,7.97,2.79,7.89,0.0,1.0,Pond_02,Real_Data,Obs_Pond_02_20260207_12,Low,1,1.0,0,0,0,0,0,0,0,0,0,0
2026-02-07 12:00:00,27.14604507257605,7.8348176521365875,3.1062917225080127,6.23110668758855,,,Pond_03,Real_Data,Obs_Pond_03_20260207_12,Unknown,0,1.0,0,-1,0,0,0,0,0,0,0,0
2026-02-07 12:00:00,28.302086692790446,7.971837289881623,2.700036709913581,7.92717162127576,0.0,1.0,Pond_04,Mock_Data,Obs_Pond_04_20260207_12,Low,1,1.0,0,0,0,0,0,0,0,0,0,0
2026-02-07 12:00:00,29.732739862269163,7.961827708817344,2.7553580806951614,3.540822425415677,1.0,2.0,Pond_05,Mock_Data,Obs_Pond_05_20260207_12,High,2,1.0,0,2,0,0,0,0,0,0,1,0
2026-02-07 16:00:00,28.35,7.97,2.79,7.89,1.0,1.0,Pond_01,Real_Data,Obs_Pond_01_20260207_16,Low,1,1.0,0,0,0,0,0,0,0,0,0,0
2026-02-07 16:00:00,28.349999999999998,7.97,2.79,7.89,0.0,1.0,Pond_02,Real_Data,Obs_Pond_02_20260207_16,Low,1,1.0,0,0,0,0,0,0,0,0,0,0
2026-02-07 16:00:00,27.551531380703224,8.02300652754783,3.5489552884338376,5.89531832372805,,,Pond_03,Real_Data,Obs_Pond_03_20260207_16,Low,1,1.0,0,0,0,0,0,0,0,0,0,0
2026-02-07 16:00:00,28.35151920911424,7.950157198886994,2.796919879798118,7.995462683197731,0.0,2.0,Pond_04,Mock_Data,Obs_Pond_04_20260207_16,Medium,2,1.0,0,1,0,0,0,0,0,0,0,1
2026-02-07 16:00:00,28.96723919695609,7.982944719023108,2.8146296475419668,3.3519997805242263,1.0,2.0,Pond_05,Mock_Data,Obs_Pond_05_20260207_16,Unknown,0,1.0,0,-1,0,0,0,0,0,0,0,0
2026-02-07 20:00:00,28.35,7.97,2.79,7.89,0.0,1.0,Pond_01,Real_Data,Obs_Pond_01_20260207_20,Low,1,1.0,0,0,0,0,0,0,0,0,0,0
2026-02-07 20:00:00,28.35,7.97,2.79,7.89,0.0,1.0,Pond_02,Real_Data,Obs_Pond_02_20260207_20,Low,1,1.0,0,0,0,0,0,0,0,0,0,0
2026-02-07 20:00:00,26.996715151906674,7.809522022595807,3.51591354978647,6.23808937126014,,,Pond_03,Real_Data,Obs_Pond_03_20260207_20,Low,1,1.0,0,0,0,0,0,0,0,0,0,0
2026-02-07 20:00:00,28.380867326153712,7.975475896068289,2.8853983719518452,7.9149254483764935,0.0,1.0,Pond_04,Mock_Data,Obs_Pond_04_20260207_20,Low,1,1.0,0,0,0,0,0,0,0,0,0,0
2026-02-07 20:00:00,29.584787928536798,8.000050737632577,2.8499608017499396,4.301759455099034,1.0,2.0,Pond_05,Mock_Data,Obs_Pond_05_20260207_20,High,2,1.0,0,2,0,0,0,0,0,0,1,0
2026-02-08 00:00:00,28.35,7.97,2.79,7.89,1.0,1.0,Pond_01,Real_Data,Obs_Pond_01_20260208_00,Low,1,1.0,0,0,0,0,0,0,0,0,0,0
2026-02-08 00:00:00,28.35,7.97,2.79,7.89,0.0,1.0,Pond_02,Real_Data,Obs_Pond_02_20260208_00,Low,1,1.0,0,0,0,0,0,0,0,0,0,0
2026-02-08 00:00:00,27.561490339294924,7.905173051318664,3.7170922198487775,5.75719518392072,,,Pond_03,Real_Data,Obs_Pond_03_20260208_00,Medium,1,1.0,0,1,0,0,0,0,0,0,0,1
2026-02-08 00:00:00,28.439945937215285,7.950802132878657,2.774476077638438,7.8144741024505855,0.0,1.0,Pond_04,Mock_Data,Obs_Pond_04_20260208_00,Low,1,1.0,0,0,0,0,0,0,0,0,0,0
2026-02-08 00:00:00,28.944414413991964,7.9440798490240105,2.810265721601028,5.072594036856545,1.0,2.0,Pond_05,Mock_Data,Obs_Pond_05_20260208_00,Unknown,0,1.0,0,-1,0,0,0,0,0,0,0,0
2026-02-08 04:00:00,28.35,7.97,2.79,7.89,1.0,1.0,Pond_01,Real_Data,Obs_Pond_01_20260208_04,Low,1,1.0,0,0,0,0,0,0,0,0,0,0
2026-02-08 04:00:00,28.35,7.97,2.79,7.89,0.0,1.0,Pond_02,Real_Data,Obs_Pond_02_20260208_04,Low,1,1.0,0,0,0,0,0,0,0,0,0,0
2026-02-08 04:00:00,27.77527598179,8.021126204203908,3.41281093417099,6.16339202132637,,,Pond_03,Real_Data,Obs_Pond_03_20260208_04,Low,1,1.0,0,0,0,0,0,0,0,0,0,0
2026-02-08 04:00:00,28.409458287265323,7.961249569594893,2.758607278924438,7.918078845362225,0.0,1.0,Pond_04,Mock_Data,Obs_Pond_04_20260208_04,Low,1,1.0,0,0,0,0,0,0,0,0,0,0
2026-02-08 04:00:00,28.79384605420121,7.957865270045191,2.7944575528894964,3.099597727095149,1.0,2.0,Pond_05,Mock_Data,Obs_Pond_05_20260208_04,Unknown,0,1.0,0,-1,0,0,0,0,0,0,0,0
2026-02-08 08:00:00,28.35,7.97,2.79,7.89,1.0,1.0,Pond_01,Real_Data,Obs_Pond_01_20260208_08,Low,1,1.0,0,0,0,0,0,0,0,0,0,0
2026-02-08 08:00:00,28.35,7.97,2.79,7.89,0.0,1.0,Pond_02,Real_Data,Obs_Pond_02_20260208_08,Low,1,1.0,0,0,0,0,0,0,0,0,0,0
2026-02-08 08:00:00,28.032968892336324,7.829481569179485,3.4819939198552126,5.6256314503796,,,Pond_03,Real_Data,Obs_Pond_03_20260208_08,Low,1,1.0,0,0,0,0,0,0,0,0,0,0
2026-02-08 08:00:00,28.483460267540757,7.94864789171623,2.8060977830967455,7.9655731642448355,0.0,1.0,Pond_04,Mock_Data,Obs_Pond_04_20260208_08,Low,1,1.0,0,0,0,0,0,0,0,0,0,0
2026-02-08 08:00:00,29.646269869308142,7.968377473429538,2.747467345783736,5.488914152499705,1.0,2.0,Pond_05,Mock_Data,Obs_Pond_05_20260208_08,High,2,1.0,0,2,0,0,0,0,0,0,1,0
2026-02-08 12:00:00,28.35,7.97,2.79,7.89,0.0,1.0,Pond_01,Real_Data,Obs_Pond_01_20260208_12,Low,1,1.0,0,0,0,0,0,0,0,0,0,0
2026-02-08 12:00:00,28.35,7.970000000000001,2.79,7.89,0.0,1.0,Pond_02,Real_Data,Obs_Pond_02_20260208_12,Low,1,1.0,0,0,0,0,0,0,0,0,0,0
2026-02-08 12:00:00,27.210840302850723,7.827763935843283,2.9154021309043725,6.30338696062148,,,Pond_03,Real_Data,Obs_Pond_03_20260208_12,Unknown,0,1.0,0,-1,0,0,0,0,0,0,0,0
2026-02-08 12:00:00,28.302437653073703,7.9839615551392775,2.8034689060542446,7.851489210257202,0.0,2.0,Pond_04,Mock_Data,Obs_Pond_04_20260208_12,Medium,2,1.0,0,1,0,0,0,0,0,0,0,1
2026-02-08 12:00:00,28.353517008141644,8.002967919985602,2.8122841117549537,8.01456325521143,0.0,1.0,Pond_05,Mock_Data,Obs_Pond_05_20260208_12,Low,1,1.0,0,0,0,0,0,0,0,0,0,0
2026-02-08 16:00:00,28.35,7.97,2.79,7.89,1.0,1.0,Pond_01,Real_Data,Obs_Pond_01_20260208_16,Low,1,1.0,0,0,0,0,0,0,0,0,0,0
2026-02-08 16:00:00,28.35,7.970000000000001,2.79,7.89,0.0,1.0,Pond_02,Real_Data,Obs_Pond_02_20260208_16,Low,1,1.0,0,0,0,0,0,0,0,0,0,0
2026-02-08 16:00:00,27.454241997626227,7.910534255719201,3.3597124423601974,6.56076421782876,,,Pond_03,Real_Data,Obs_Pond_03_20260208_16,Low,1,1.0,0,0,0,0,0,0,0,0,0,0
2026-02-08 16:00:00,28.404068871475303,7.988406766249117,2.8414275239191396,7.881536156735278,0.0,1.0,Pond_04,Mock_Data,Obs_Pond_04_20260208_16,Low,1,1.0,0,0,0,0,0,0,0,0,0,0
2026-02-08 16:00:00,28.35703232250813,7.955883067123511,2.8829759811559423,7.9193197491968785,0.0,1.0,Pond_05,Mock_Data,Obs_Pond_05_20260208_16,Low,1,1.0,0,0,0,0,0,0,0,0,0,0
2026-02-08 20:00:00,28.35,7.97,2.79,7.89,0.0,1.0,Pond_01,Real_Data,Obs_Pond_01_20260208_20,Low,1,1.0,0,0,0,0,0,0,0,0,0,0
2026-02-08 20:00:00,28.35,7.97,2.79,7.89,0.0,1.0,Pond_02,Real_Data,Obs_Pond_02_20260208_20,Low,1,1.0,0,0,0,0,0,0,0,0,0,0
2026-02-08 20:00:00,27.3345882590901,7.9404765719786,3.349774688899368,5.56585549923768,,,Pond_03,Real_Data,Obs_Pond_03_20260208_20,Low,1,1.0,0,0,0,0,0,0,0,0,0,0
2026-02-08 20:00:00,28.361364050014405,7.964969304710954,2.7357641171730327,7.890927631743872,0.0,1.0,Pond_04,Mock_Data,Obs_Pond_04_20260208_20,Low,1,1.0,0,0,0,0,0,0,0,0,0,0
2026-02-08 20:00:00,28.36151873571419,7.957252750502337,2.773585474429879,7.928469904178968,0.0,1.0,Pond_05,Mock_Data,Obs_Pond_05_20260208_20,Low,1,1.0,0,0,0,0,0,0,0,0,0,0
2026-02-09 00:00:00,28.35,7.97,2.79,7.89,1.0,1.0,Pond_01,Real_Data,Obs_Pond_01_20260209_00,Low,1,1.0,0,0,0,0,0,0,0,0,0,0
2026-02-09 00:00:00,28.35,7.97,2.79,7.89,0.0,1.0,Pond_02,Real_Data,Obs_Pond_02_20260209_00,Low,1,1.0,0,0,0,0,0,0,0,0,0,0
2026-02-09 00:00:00,26.881831930214723,7.92136679123385,3.2297024961359178,6.52113778351009,,,Pond_03,Real_Data,Obs_Pond_03_20260209_00,Unknown,0,1.0,0,-1,0,0,0,0,0,0,0,0
2026-02-09 00:00:00,28.485730106990804,7.9708198927363565,2.8215351441995553,7.8404298108548565,0.0,1.0,Pond_04,Mock_Data,Obs_Pond_04_20260209_00,Low,1,1.0,0,0,0,0,0,0,0,0,0,0
2026-02-09 00:00:00,28.407016207889917,7.980252210798852,2.773788601962137,7.926152736766532,0.0,1.0,Pond_05,Mock_Data,Obs_Pond_05_20260209_00,Low,1,1.0,0,0,0,0,0,0,0,0,0,0
2026-02-09 04:00:00,28.35,7.97,2.79,7.89,0.0,1.0,Pond_01,Real_Data,Obs_Pond_01_20260209_04,Low,1,1.0,0,0,0,0,0,0,0,0,0,0
2026-02-09 04:00:00,28.35,7.970000000000001,2.79,7.89,0.0,1.0,Pond_02,Real_Data,Obs_Pond_02_20260209_04,Low,1,1.0,0,0,0,0,0,0,0,0,0,0
2026-02-09 04:00:00,27.7461250754703,7.79481922258589,3.5403636379130052,5.82364733208482,,,Pond_03,Real_Data,Obs_Pond_03_20260209_04,Low,1,1.0,0,0,0,0,0,0,0,0,0,0
2026-02-09 04:00:00,28.299899412825003,7.938939543507749,2.8154574071074667,7.930942098089805,0.0,1.0,Pond_04,Mock_Data,Obs_Pond_04_20260209_04,Low,1,1.0,0,0,0,0,0,0,0,0,0,0
2026-02-09 04:00:00,28.413155710632648,7.957623157544706,2.765807349744551,7.9150754501538305,0.0,1.0,Pond_05,Mock_Data,Obs_Pond_05_20260209_04,Low,1,1.0,0,0,0,0,0,0,0,0,0,0
2026-02-09 08:00:00,28.35,7.97,2.79,7.89,1.0,1.0,Pond_01,Real_Data,Obs_Pond_01_20260209_08,Low,1,1.0,0,0,0,0,0,0,0,0,0,0
2026-02-09 08:00:00,28.35,7.970000000000001,2.79,7.89,0.0,1.0,Pond_02,Real_Data,Obs_Pond_02_20260209_08,Low,1,1.0,0,0,0,0,0,0,0,0,0,0
2026-02-09 08:00:00,27.3925812095131,7.864064975236973,3.023832618233825,6.48136865766105,,,Pond_03,Real_Data,Obs_Pond_03_20260209_08,Unknown,0,1.0,0,-1,0,0,0,0,0,0,0,0
2026-02-09 08:00:00,28.2979516929342,7.963574383091651,2.7838710246494824,7.882361529508581,0.0,1.0,Pond_04,Mock_Data,Obs_Pond_04_20260209_08,Low,1,1.0,0,0,0,0,0,0,0,0,0,0
2026-02-09 08:00:00,28.313169149122952,7.973270434645563,2.76889777799748,7.9488392883867816,0.0,1.0,Pond_05,Mock_Data,Obs_Pond_05_20260209_08,Low,1,1.0,0,0,0,0,0,0,0,0,0,0
2026-02-09 12:00:00,28.35,7.97,2.79,7.89,1.0,1.0,Pond_01,Real_Data,Obs_Pond_01_20260209_12,Low,1,1.0,0,0,0,0,0,0,0,0,0,0
2026-02-09 12:00:00,28.35,7.97,2.79,7.89,0.0,1.0,Pond_02,Real_Data,Obs_Pond_02_20260209_12,Low,1,1.0,0,0,0,0,0,0,0,0,0,0
2026-02-09 12:00:00,27.921655751676,7.582078584975477,3.4039615324609627,6.51867534071067,,,Pond_03,Real_Data,Obs_Pond_03_20260209_12,Low,1,1.0,0,0,0,0,0,0,0,0,0,0
2026-02-09 12:00:00,28.31284796834386,7.9689235209407,2.804603283820718,7.91649553738411,0.0,1.0,Pond_04,Mock_Data,Obs_Pond_04_20260209_12,Low,1,1.0,0,0,0,0,0,0,0,0,0,0
2026-02-09 12:00:00,28.3118097061548,7.936732192339915,2.6716300864136935,7.914969792688714,0.0,2.0,Pond_05,Mock_Data,Obs_Pond_05_20260209_12,Medium,2,1.0,0,1,0,0,0,0,0,0,0,1
2026-02-09 16:00:00,28.35,7.97,2.79,7.89,1.0,1.0,Pond_01,Real_Data,Obs_Pond_01_20260209_16,Low,1,1.0,0,0,0,0,0,0,0,0,0,0
2026-02-09 16:00:00,28.35,7.97,2.79,7.89,0.0,1.0,Pond_02,Real_Data,Obs_Pond_02_20260209_16,Low,1,1.0,0,0,0,0,0,0,0,0,0,0
2026-02-09 16:00:00,26.81459700394095,7.97837886194122,3.054991566149225,5.9293196317108,,,Pond_03,Real_Data,Obs_Pond_03_20260209_16,Unknown,0,1.0,0,-1,0,0,0,0,0,0,0,0
2026-02-09 16:00:00,28.21835500604875,8.026194610127328,2.834387430499002,7.833950503670052,0.0,1.0,Pond_04,Mock_Data,Obs_Pond_04_20260209_16,Low,1,1.0,0,0,0,0,0,0,0,0,0,0
2026-02-09 16:00:00,28.285525576211455,8.017479294813898,2.8074640335911623,7.870252898773325,0.0,1.0,Pond_05,Mock_Data,Obs_Pond_05_20260209_16,Low,1,1.0,0,0,0,0,0,0,0,0,0,0
2026-02-09 20:00:00,28.35,7.97,2.79,7.89,1.0,1.0,Pond_01,Real_Data,Obs_Pond_01_20260209_20,Low,1,1.0,0,0,0,0,0,0,0,0,0,0
2026-02-09 20:00:00,28.35,7.97,2.79,7.89,0.0,1.0,Pond_02,Real_Data,Obs_Pond_02_20260209_20,Low,1,1.0,0,0,0,0,0,0,0,0,0,0
2026-02-09 20:00:00,27.017223833812675,7.859837437719355,3.0585018816166647,5.45779883933968,,,Pond_03,Real_Data,Obs_Pond_03_20260209_20,Unknown,0,1.0,0,-1,0,0,0,0,0,0,0,0
2026-02-09 20:00:00,28.317412234105092,7.946157387738203,2.8276118868397617,7.862372356611407,0.0,2.0,Pond_04,Mock_Data,Obs_Pond_04_20260209_20,Medium,2,1.0,0,1,0,0,0,0,0,0,0,1
2026-02-09 20:00:00,28.393314548654224,7.94110264254685,2.753542070331115,7.839729385107703,0.0,1.0,Pond_05,Mock_Data,Obs_Pond_05_20260209_20,Low,1,1.0,0,0,0,0,0,0,0,0,0,0
2026-02-10 00:00:00,28.35,7.97,2.79,7.89,1.0,1.0,Pond_01,Real_Data,Obs_Pond_01_20260210_00,Low,1,1.0,0,0,0,0,0,0,0,0,0,0
2026-02-10 00:00:00,28.35,7.97,2.79,7.89,0.0,1.0,Pond_02,Real_Data,Obs_Pond_02_20260210_00,Low,1,1.0,0,0,0,0,0,0,0,0,0,0
2026-02-10 00:00:00,26.690808032687375,7.72877826009778,3.006057907346485,5.9997140705022,,,Pond_03,Real_Data,Obs_Pond_03_20260210_00,Unknown,0,1.0,0,-1,0,0,0,0,0,0,0,0
2026-02-10 00:00:00,28.302946835621647,8.001394645144103,2.7407160896097267,7.9356219359191,0.0,1.0,Pond_04,Mock_Data,Obs_Pond_04_20260210_00,Low,1,1.0,0,0,0,0,0,0,0,0,0,0
2026-02-10 00:00:00,28.439801920224006,7.963101031966229,2.720569796666587,7.874276089043998,0.0,1.0,Pond_05,Mock_Data,Obs_Pond_05_20260210_00,Low,1,1.0,0,0,0,0,0,0,0,0,0,0
2026-02-10 04:00:00,28.35,7.97,2.79,7.89,1.0,1.0,Pond_01,Real_Data,Obs_Pond_01_20260210_04,Low,1,1.0,0,0,0,0,0,0,0,0,0,0
2026-02-10 04:00:00,28.35,7.97,2.79,7.89,0.0,1.0,Pond_02,Real_Data,Obs_Pond_02_20260210_04,Low,1,1.0,0,0,0,0,0,0,0,0,0,0
2026-02-10 04:00:00,27.7423349474371,7.712400745282688,3.40684100174913,5.54036874351043,,,Pond_03,Real_Data,Obs_Pond_03_20260210_04,Low,1,1.0,0,0,0,0,0,0,0,0,0,0
2026-02-10 04:00:00,28.35932182728387,7.991374480236019,2.8253630093165905,7.866453752593513,0.0,1.0,Pond_04,Mock_Data,Obs_Pond_04_20260210_04,Low,1,1.0,0,0,0,0,0,0,0,0,0,0
2026-02-10 04:00:00,28.330470341354825,7.969303547024782,2.822475519527424,7.90983882280748,0.0,1.0,Pond_05,Mock_Data,Obs_Pond_05_20260210_04,Low,1,1.0,0,0,0,0,0,0,0,0,0,0
2026-02-10 08:00:00,28.35,7.97,2.79,7.89,1.0,1.0,Pond_01,Real_Data,Obs_Pond_01_20260210_08,Low,1,1.0,0,0,0,0,0,0,0,0,0,0
2026-02-10 08:00:00,28.35,7.97,2.79,7.89,0.0,1.0,Pond_02,Real_Data,Obs_Pond_02_20260210_08,Low,1,1.0,0,0,0,0,0,0,0,0,0,0
2026-02-10 08:00:00,27.17549529845165,7.810721635690966,2.847266063360477,6.06055294308932,,,Pond_03,Real_Data,Obs_Pond_03_20260210_08,Unknown,0,1.0,0,-1,0,0,0,0,0,0,0,0
2026-02-10 08:00:00,28.37118299069443,7.976017359169571,2.7872108017948443,7.999066261610751,0.0,1.0,Pond_04,Mock_Data,Obs_Pond_04_20260210_08,Low,1,1.0,0,0,0,0,0,0,0,0,0,0
2026-02-10 08:00:00,28.33503545872376,8.011011541267115,2.7433463109543252,7.870037806289971,0.0,1.0,Pond_05,Mock_Data,Obs_Pond_05_20260210_08,Low,1,1.0,0,0,0,0,0,0,0,0,0,0
2026-02-10 12:00:00,28.35,7.97,2.79,7.89,1.0,1.0,Pond_01,Real_Data,Obs_Pond_01_20260210_12,Low,1,1.0,0,0,0,0,0,0,0,0,0,0
2026-02-10 12:00:00,28.35,7.970000000000001,2.79,7.89,0.0,1.0,Pond_02,Real_Data,Obs_Pond_02_20260210_12,Low,1,1.0,0,0,0,0,0,0,0,0,0,0
2026-02-10 12:00:00,27.5533778513418,7.84961694887598,3.331946458855095,5.95730858932927,,,Pond_03,Real_Data,Obs_Pond_03_20260210_12,Low,1,1.0,0,0,0,0,0,0,0,0,0,0
2026-02-10 12:00:00,28.466290313103936,8.007708048303973,2.793142134589006,7.864761009190646,0.0,2.0,Pond_04,Mock_Data,Obs_Pond_04_20260210_12,Medium,2,1.0,0,1,0,0,0,0,0,0,0,1
2026-02-10 12:00:00,28.440915282996542,7.941592876830619,2.7753975036753458,7.9098520339752945,0.0,1.0,Pond_05,Mock_Data,Obs_Pond_05_20260210_12,Low,1,1.0,0,0,0,0,0,0,0,0,0,0
2026-02-10 16:00:00,28.35,7.97,2.79,7.89,0.0,1.0,Pond_01,Real_Data,Obs_Pond_01_20260210_16,Low,1,1.0,0,0,0,0,0,0,0,0,0,0
2026-02-10 16:00:00,28.35,7.97,2.79,7.89,0.0,1.0,Pond_02,Real_Data,Obs_Pond_02_20260210_16,Low,1,1.0,0,0,0,0,0,0,0,0,0,0
2026-02-10 16:00:00,27.06540355111775,7.889805163184837,3.0314230334798076,6.85786778308943,,,Pond_03,Real_Data,Obs_Pond_03_20260210_16,Unknown,0,1.0,0,-1,0,0,0,0,0,0,0,0
2026-02-10 16:00:00,28.40890992622521,7.977978623734531,2.7931560568638343,7.904189945586466,0.0,1.0,Pond_04,Mock_Data,Obs_Pond_04_20260210_16,Low,1,1.0,0,0,0,0,0,0,0,0,0,0
2026-02-10 16:00:00,28.381335888935947,8.01253425456696,2.8532290413962613,7.91773449098796,0.0,2.0,Pond_05,Mock_Data,Obs_Pond_05_20260210_16,Medium,2,1.0,0,1,0,0,0,0,0,0,0,1
2026-02-10 20:00:00,28.35,7.97,2.79,7.89,0.0,1.0,Pond_01,Real_Data,Obs_Pond_01_20260210_20,Low,1,1.0,0,0,0,0,0,0,0,0,0,0
2026-02-10 20:00:00,28.35,7.97,2.79,7.89,0.0,1.0,Pond_02,Real_Data,Obs_Pond_02_20260210_20,Low,1,1.0,0,0,0,0,0,0,0,0,0,0
2026-02-10 20:00:00,27.4997955965205,7.835468838314718,3.1750588036254674,5.38663324950723,,,Pond_03,Real_Data,Obs_Pond_03_20260210_20,Unknown,0,1.0,0,-1,0,0,0,0,0,0,0,0
2026-02-10 20:00:00,28.314241898794343,7.978344286831674,2.78352192747884,7.948897698160974,0.0,1.0,Pond_04,Mock_Data,Obs_Pond_04_20260210_20,Low,1,1.0,0,0,0,0,0,0,0,0,0,0
2026-02-10 20:00:00,28.377039108399977,7.986235259626144,2.7292384149797133,7.942619379238719,0.0,1.0,Pond_05,Mock_Data,Obs_Pond_05_20260210_20,Low,1,1.0,0,0,0,0,0,0,0,0,0,0
2026-02-11 00:00:00,28.35,7.97,2.79,7.89,1.0,1.0,Pond_01,Real_Data,Obs_Pond_01_20260211_00,Low,1,1.0,0,0,0,0,0,0,0,0,0,0
2026-02-11 00:00:00,28.35,7.97,2.79,7.89,0.0,1.0,Pond_02,Real_Data,Obs_Pond_02_20260211_00,Low,1,1.0,0,0,0,0,0,0,0,0,0,0
2026-02-11 00:00:00,26.95368392438875,7.840281912846402,3.053060289985835,5.16029167207891,,,Pond_03,Real_Data,Obs_Pond_03_20260211_00,Unknown,0,1.0,0,-1,0,0,0,0,0,0,0,0
2026-02-11 00:00:00,28.29431374731742,7.968860995781679,2.8413832136329233,7.800423227459385,0.0,1.0,Pond_04,Mock_Data,Obs_Pond_04_20260211_00,Low,1,1.0,0,0,0,0,0,0,0,0,0,0
2026-02-11 00:00:00,28.276183665972443,7.978943288664075,2.7239184970364394,7.971014811957079,0.0,1.0,Pond_05,Mock_Data,Obs_Pond_05_20260211_00,Low,1,1.0,0,0,0,0,0,0,0,0,0,0
2026-02-11 04:00:00,28.35,7.97,2.79,7.89,0.0,1.0,Pond_01,Real_Data,Obs_Pond_01_20260211_04,Low,1,1.0,0,0,0,0,0,0,0,0,0,0
2026-02-11 04:00:00,28.35,7.970000000000001,2.79,7.89,0.0,1.0,Pond_02,Real_Data,Obs_Pond_02_20260211_04,Low,1,1.0,0,0,0,0,0,0,0,0,0,0
2026-02-11 04:00:00,27.4557669412355,7.783854814532642,3.7399073202515125,6.3591745920617,,,Pond_03,Real_Data,Obs_Pond_03_20260211_04,Medium,1,1.0,0,1,0,0,0,0,0,0,0,1
2026-02-11 04:00:00,28.380490525319235,7.996235560734183,2.7863903073310463,7.7787962626450735,0.0,1.0,Pond_04,Mock_Data,Obs_Pond_04_20260211_04,Low,1,1.0,0,0,0,0,0,0,0,0,0,0
2026-02-11 04:00:00,28.392069462992996,7.948887648036929,2.801611756663898,7.894926552171499,0.0,2.0,Pond_05,Mock_Data,Obs_Pond_05_20260211_04,Medium,2,1.0,0,1,0,0,0,0,0,0,0,1
2026-02-11 08:00:00,28.35,7.97,2.79,7.89,1.0,1.0,Pond_01,Real_Data,Obs_Pond_01_20260211_08,Low,1,1.0,0,0,0,0,0,0,0,0,0,0
2026-02-11 08:00:00,28.35,7.970000000000001,2.79,7.89,0.0,1.0,Pond_02,Real_Data,Obs_Pond_02_20260211_08,Low,1,1.0,0,0,0,0,0,0,0,0,0,0
2026-02-11 08:00:00,26.917256508332976,7.85449925327633,3.299022153946103,6.36389094448843,,,Pond_03,Real_Data,Obs_Pond_03_20260211_08,Unknown,0,1.0,0,-1,0,0,0,0,0,0,0,0
2026-02-11 08:00:00,28.26816825536058,7.993510311180803,2.741728189991024,7.79364729949955,0.0,1.0,Pond_04,Mock_Data,Obs_Pond_04_20260211_08,Low,1,1.0,0,0,0,0,0,0,0,0,0,0
2026-02-11 08:00:00,28.29240953238604,7.982246315641558,2.839562795347577,7.807407477359219,0.0,2.0,Pond_05,Mock_Data,Obs_Pond_05_20260211_08,Medium,2,1.0,0,1,0,0,0,0,0,0,0,1
2026-02-11 12:00:00,28.35,7.97,2.79,7.89,1.0,1.0,Pond_01,Real_Data,Obs_Pond_01_20260211_12,Low,1,1.0,0,0,0,0,0,0,0,0,0,0
2026-02-11 12:00:00,28.350000000000005,7.97,2.7900000000000005,7.89,0.0,1.0,Pond_02,Real_Data,Obs_Pond_02_20260211_12,Low,1,1.0,0,0,0,0,0,0,0,0,0,0
2026-02-11 12:00:00,27.2051646941519,7.91395204943701,3.582087033152915,5.77593521762723,,,Pond_03,Real_Data,Obs_Pond_03_20260211_12,Low,1,1.0,0,0,0,0,0,0,0,0,0,0
2026-02-11 12:00:00,28.463518933812637,7.956584331530515,2.7730320538308995,7.969738396395278,0.0,1.0,Pond_04,Mock_Data,Obs_Pond_04_20260211_12,Low,1,1.0,0,0,0,0,0,0,0,0,0,0
2026-02-11 12:00:00,28.27971025893161,7.954487120017841,2.7221186306121083,7.868204978824691,0.0,1.0,Pond_05,Mock_Data,Obs_Pond_05_20260211_12,Low,1,1.0,0,0,0,0,0,0,0,0,0,0
2026-02-11 16:00:00,28.35,7.97,2.79,7.89,1.0,1.0,Pond_01,Real_Data,Obs_Pond_01_20260211_16,Low,1,1.0,0,0,0,0,0,0,0,0,0,0
2026-02-11 16:00:00,28.35,7.97,2.79,7.89,0.0,1.0,Pond_02,Real_Data,Obs_Pond_02_20260211_16,Low,1,1.0,0,0,0,0,0,0,0,0,0,0
2026-02-11 16:00:00,27.0007145287109,7.81980033463995,3.3238569034827825,5.8485737429154,,,Pond_03,Real_Data,Obs_Pond_03_20260211_16,Low,1,1.0,0,0,0,0,0,0,0,0,0,0
2026-02-11 16:00:00,28.423104995589497,14.519148139776846,2.797704834308114,7.855147443665979,0.0,1.0,Pond_04,Mock_Data,Obs_Pond_04_20260211_16,Low,1,0.5,1,0,1,0,0,0,1,1,0,0
2026-02-11 16:00:00,28.328506128336056,7.997159540190524,2.8075784820475733,-1.5,0.0,2.0,Pond_05,Mock_Data,Obs_Pond_05_20260211_16,Medium,2,0.5,1,1,0,1,0,0,1,1,0,1
2026-02-11 20:00:00,28.35,7.97,2.79,7.89,1.0,1.0,Pond_01,Real_Data,Obs_Pond_01_20260211_20,Low,1,1.0,0,0,0,0,0,0,0,0,0,0
2026-02-11 20:00:00,28.35,7.970000000000001,2.79,7.89,0.0,1.0,Pond_02,Real_Data,Obs_Pond_02_20260211_20,Low,1,1.0,0,0,0,0,0,0,0,0,0,0
2026-02-11 20:00:00,27.3592596866294,7.942930701976985,3.706533991559085,6.3835625019628,,,Pond_03,Real_Data,Obs_Pond_03_20260211_20,Low,1,1.0,0,0,0,0,0,0,0,0,0,0
2026-02-11 20:00:00,28.320919181588604,7.965647722889347,2.843000426711764,8.051562867887396,0.0,1.0,Pond_04,Mock_Data,Obs_Pond_04_20260211_20,Low,1,1.0,0,0,0,0,0,0,0,0,0,0
2026-02-11 20:00:00,28.3136909295252,7.949178649271501,2.815051133398886,7.774062173464108,0.0,1.0,Pond_05,Mock_Data,Obs_Pond_05_20260211_20,Low,1,1.0,0,0,0,0,0,0,0,0,0,0
2026-02-12 00:00:00,28.35,7.97,2.79,7.89,0.0,1.0,Pond_01,Real_Data,Obs_Pond_01_20260212_00,Low,1,1.0,0,0,0,0,0,0,0,0,0,0
2026-02-12 00:00:00,28.35,7.97,2.79,7.89,0.0,1.0,Pond_02,Real_Data,Obs_Pond_02_20260212_00,Low,1,1.0,0,0,0,0,0,0,0,0,0,0
2026-02-12 00:00:00,27.43970037356815,7.846812682447697,3.793762221721548,6.3199788655784,,,Pond_03,Real_Data,Obs_Pond_03_20260212_00,Medium,1,1.0,0,1,0,0,0,0,0,0,0,1
2026-02-12 00:00:00,28.243815133135534,7.95284570599372,2.816003816467408,7.8543649887839555,0.0,1.0,Pond_04,Mock_Data,Obs_Pond_04_20260212_00,Low,1,1.0,0,0,0,0,0,0,0,0,0,0
2026-02-12 00:00:00,28.336264631500967,7.967573674358224,2.7012145528203133,7.9777009948592115,0.0,1.0,Pond_05,Mock_Data,Obs_Pond_05_20260212_00,Low,1,1.0,0,0,0,0,0,0,0,0,0,0
2026-02-12 04:00:00,28.35,7.97,2.79,7.89,1.0,1.0,Pond_01,Real_Data,Obs_Pond_01_20260212_04,Low,1,1.0,0,0,0,0,0,0,0,0,0,0
2026-02-12 04:00:00,28.35,7.97,2.79,7.89,0.0,1.0,Pond_02,Real_Data,Obs_Pond_02_20260212_04,Low,1,1.0,0,0,0,0,0,0,0,0,0,0
2026-02-12 04:00:00,26.5897596250376,7.914552069865592,3.216683151265185,5.51157356039994,,,Pond_03,Real_Data,Obs_Pond_03_20260212_04,Unknown,0,1.0,0,-1,0,0,0,0,0,0,0,0
2026-02-12 04:00:00,28.43391679425114,7.968637916622937,2.7533272123937382,7.901655322548134,0.0,2.0,Pond_04,Mock_Data,Obs_Pond_04_20260212_04,Medium,2,1.0,0,1,0,0,0,0,0,0,0,1
2026-02-12 04:00:00,28.260683930293922,7.958093926681242,2.8244292243956366,7.8989918654883065,0.0,1.0,Pond_05,Mock_Data,Obs_Pond_05_20260212_04,Low,1,1.0,0,0,0,0,0,0,0,0,0,0
2026-02-12 08:00:00,28.35,7.97,2.79,7.89,1.0,1.0,Pond_01,Real_Data,Obs_Pond_01_20260212_08,Low,1,1.0,0,0,0,0,0,0,0,0,0,0
2026-02-12 08:00:00,28.35,7.97,2.79,7.89,0.0,1.0,Pond_02,Real_Data,Obs_Pond_02_20260212_08,Low,1,1.0,0,0,0,0,0,0,0,0,0,0
2026-02-12 08:00:00,26.9951747257488,7.919826281994014,3.4424324254090553,5.9516376355145,,,Pond_03,Real_Data,Obs_Pond_03_20260212_08,Low,1,1.0,0,0,0,0,0,0,0,0,0,0
2026-02-12 08:00:00,28.342900500216246,7.996532942937489,2.897154687469106,7.9873918286704075,0.0,2.0,Pond_04,Mock_Data,Obs_Pond_04_20260212_08,Medium,2,1.0,0,1,0,0,0,0,0,0,0,1
2026-02-12 08:00:00,28.409430114868904,7.948825696673536,2.8277968816216656,-1.5,0.0,2.0,Pond_05,Mock_Data,Obs_Pond_05_20260212_08,Medium,2,0.5,1,1,0,1,0,0,1,1,0,1
2026-02-12 12:00:00,28.35,7.97,2.79,7.89,0.0,1.0,Pond_01,Real_Data,Obs_Pond_01_20260212_12,Low,1,1.0,0,0,0,0,0,0,0,0,0,0
2026-02-12 12:00:00,28.35,7.97,2.79,7.89,0.0,1.0,Pond_02,Real_Data,Obs_Pond_02_20260212_12,Low,1,1.0,0,0,0,0,0,0,0,0,0,0
2026-02-12 12:00:00,27.59541607457445,7.755332198465277,3.1664120908923126,5.97333969105105,,,Pond_03,Real_Data,Obs_Pond_03_20260212_12,Unknown,0,1.0,0,-1,0,0,0,0,0,0,0,0
2026-02-12 12:00:00,28.426723315103178,7.960194613872366,2.8014163973976265,8.016694633242707,0.0,1.0,Pond_04,Mock_Data,Obs_Pond_04_20260212_12,Low,1,1.0,0,0,0,0,0,0,0,0,0,0
2026-02-12 12:00:00,28.41989714877305,7.985895256376165,2.776556646864127,7.976239712714267,0.0,1.0,Pond_05,Mock_Data,Obs_Pond_05_20260212_12,Low,1,1.0,0,0,0,0,0,0,0,0,0,0
2026-02-12 16:00:00,28.35,7.97,2.79,7.89,1.0,1.0,Pond_01,Real_Data,Obs_Pond_01_20260212_16,Low,1,1.0,0,0,0,0,0,0,0,0,0,0
2026-02-12 16:00:00,28.35,7.97,2.79,7.89,0.0,1.0,Pond_02,Real_Data,Obs_Pond_02_20260212_16,Low,1,1.0,0,0,0,0,0,0,0,0,0,0
2026-02-12 16:00:00,27.2620235688403,7.649161751370622,3.269169201999945,5.89994195592648,,,Pond_03,Real_Data,Obs_Pond_03_20260212_16,Unknown,0,1.0,0,-1,0,0,0,0,0,0,0,0
2026-02-12 16:00:00,28.25117291677966,7.969081788171155,2.8449914093140656,8.020194090768225,0.0,1.0,Pond_04,Mock_Data,Obs_Pond_04_20260212_16,Low,1,1.0,0,0,0,0,0,0,0,0,0,0
2026-02-12 16:00:00,28.22929827001625,7.981481217518826,2.843997797976924,7.850203380797253,0.0,1.0,Pond_05,Mock_Data,Obs_Pond_05_20260212_16,Low,1,1.0,0,0,0,0,0,0,0,0,0,0
2026-02-12 20:00:00,28.35,7.97,2.79,7.89,1.0,1.0,Pond_01,Real_Data,Obs_Pond_01_20260212_20,Low,1,1.0,0,0,0,0,0,0,0,0,0,0
2026-02-12 20:00:00,28.35,7.97,2.7899999999999996,7.89,0.0,1.0,Pond_02,Real_Data,Obs_Pond_02_20260212_20,Low,1,1.0,0,0,0,0,0,0,0,0,0,0
2026-02-12 20:00:00,27.34669149660355,7.780161954063982,3.2780495995876997,6.00314631213021,,,Pond_03,Real_Data,Obs_Pond_03_20260212_20,Unknown,0,1.0,0,-1,0,0,0,0,0,0,0,0
2026-02-12 20:00:00,28.312849060635063,7.971244113841813,2.7834584827479723,7.966314271044725,0.0,1.0,Pond_04,Mock_Data,Obs_Pond_04_20260212_20,Low,1,1.0,0,0,0,0,0,0,0,0,0,0
2026-02-12 20:00:00,28.410647549893437,7.995923395860489,2.8390008997187786,7.926253571471472,0.0,1.0,Pond_05,Mock_Data,Obs_Pond_05_20260212_20,Low,1,1.0,0,0,0,0,0,0,0,0,0,0
2026-02-13 00:00:00,28.35,7.97,2.79,7.89,0.0,1.0,Pond_01,Real_Data,Obs_Pond_01_20260213_00,Low,1,1.0,0,0,0,0,0,0,0,0,0,0
2026-02-13 00:00:00,28.35,7.97,2.79,7.89,0.0,1.0,Pond_02,Real_Data,Obs_Pond_02_20260213_00,Low,1,1.0,0,0,0,0,0,0,0,0,0,0
2026-02-13 00:00:00,27.032358554006624,7.959274242781797,3.5734562072374247,6.82611813878864,,,Pond_03,Real_Data,Obs_Pond_03_20260213_00,Low,1,1.0,0,0,0,0,0,0,0,0,0,0
2026-02-13 00:00:00,28.35032501916633,7.988191914046436,2.812997012337611,7.954674585554382,0.0,1.0,Pond_04,Mock_Data,Obs_Pond_04_20260213_00,Low,1,1.0,0,0,0,0,0,0,0,0,0,0
2026-02-13 00:00:00,28.299761169840455,7.9318362135784675,2.794446166881868,7.883061540238197,0.0,1.0,Pond_05,Mock_Data,Obs_Pond_05_20260213_00,Low,1,1.0,0,0,0,0,0,0,0,0,0,0
2026-02-13 04:00:00,28.35,7.97,2.79,7.89,0.0,1.0,Pond_01,Real_Data,Obs_Pond_01_20260213_04,Low,1,1.0,0,0,0,0,0,0,0,0,0,0
2026-02-13 04:00:00,28.35,7.97,2.79,7.89,0.0,1.0,Pond_02,Real_Data,Obs_Pond_02_20260213_04,Low,1,1.0,0,0,0,0,0,0,0,0,0,0
2026-02-13 04:00:00,27.872685035158277,7.824083861311715,3.6015192915616323,6.41247253792681,,,Pond_03,Real_Data,Obs_Pond_03_20260213_04,Low,1,1.0,0,0,0,0,0,0,0,0,0,0
2026-02-13 04:00:00,28.35291198852712,7.9218225721234266,2.8261956181449652,7.927420991300334,0.0,1.0,Pond_04,Mock_Data,Obs_Pond_04_20260213_04,Low,1,1.0,0,0,0,0,0,0,0,0,0,0
2026-02-13 04:00:00,28.40311773929915,7.992817771434019,2.7705348921686106,7.8783740088811225,0.0,1.0,Pond_05,Mock_Data,Obs_Pond_05_20260213_04,Low,1,1.0,0,0,0,0,0,0,0,0,0,0
2026-02-13 08:00:00,28.35,7.97,2.79,7.89,0.0,1.0,Pond_01,Real_Data,Obs_Pond_01_20260213_08,Low,1,1.0,0,0,0,0,0,0,0,0,0,0
2026-02-13 08:00:00,28.35,7.97,2.79,7.89,0.0,1.0,Pond_02,Real_Data,Obs_Pond_02_20260213_08,Low,1,1.0,0,0,0,0,0,0,0,0,0,0
2026-02-13 08:00:00,27.340357495689275,7.880402504591163,2.4272168198844026,6.07469346625876,,,Pond_03,Real_Data,Obs_Pond_03_20260213_08,Unknown,0,1.0,0,-1,0,0,0,0,0,0,0,0
2026-02-13 08:00:00,28.32210368400275,7.956991233056451,2.8425252709012225,7.93915733047926,0.0,1.0,Pond_04,Mock_Data,Obs_Pond_04_20260213_08,Low,1,1.0,0,0,0,0,0,0,0,0,0,0
2026-02-13 08:00:00,28.345757495054997,8.023721419257535,2.7480542846680054,7.841232252532701,0.0,1.0,Pond_05,Mock_Data,Obs_Pond_05_20260213_08,Low,1,1.0,0,0,0,0,0,0,0,0,0,0
2026-02-13 12:00:00,28.35,7.97,2.79,7.89,0.0,1.0,Pond_01,Real_Data,Obs_Pond_01_20260213_12,Low,1,1.0,0,0,0,0,0,0,0,0,0,0
2026-02-13 12:00:00,28.35,7.970000000000001,2.79,7.89,0.0,1.0,Pond_02,Real_Data,Obs_Pond_02_20260213_12,Low,1,1.0,0,0,0,0,0,0,0,0,0,0
2026-02-13 12:00:00,27.1389115921885,7.820586759235962,3.5093697426996773,6.97554083303698,,,Pond_03,Real_Data,Obs_Pond_03_20260213_12,Low,1,1.0,0,0,0,0,0,0,0,0,0,0
2026-02-13 12:00:00,28.388605979868938,7.974530309834281,2.8355908699540975,7.855189910900415,0.0,1.0,Pond_04,Mock_Data,Obs_Pond_04_20260213_12,Low,1,1.0,0,0,0,0,0,0,0,0,0,0
2026-02-13 12:00:00,28.35178358989852,7.960315986786348,2.788380362772534,7.995191035535515,0.0,2.0,Pond_05,Mock_Data,Obs_Pond_05_20260213_12,Medium,2,1.0,0,1,0,0,0,0,0,0,0,1
2026-02-13 16:00:00,28.35,7.97,2.79,7.89,0.0,1.0,Pond_01,Real_Data,Obs_Pond_01_20260213_16,Low,1,1.0,0,0,0,0,0,0,0,0,0,0
2026-02-13 16:00:00,28.35,7.97,2.79,7.89,0.0,1.0,Pond_02,Real_Data,Obs_Pond_02_20260213_16,Low,1,1.0,0,0,0,0,0,0,0,0,0,0
2026-02-13 16:00:00,27.8680560462013,7.8203220907361,3.4959618505898327,6.54465549311231,,,Pond_03,Real_Data,Obs_Pond_03_20260213_16,Low,1,1.0,0,0,0,0,0,0,0,0,0,0
2026-02-13 16:00:00,28.28382590145099,7.995731893642895,2.8276067826153133,7.838326716042592,0.0,1.0,Pond_04,Mock_Data,Obs_Pond_04_20260213_16,Low,1,1.0,0,0,0,0,0,0,0,0,0,0
2026-02-13 16:00:00,28.338527130282554,8.010635461744505,2.81456646816563,7.866285325499732,0.0,1.0,Pond_05,Mock_Data,Obs_Pond_05_20260213_16,Low,1,1.0,0,0,0,0,0,0,0,0,0,0
2026-02-13 20:00:00,28.35,7.97,2.79,7.89,0.0,1.0,Pond_01,Real_Data,Obs_Pond_01_20260213_20,Low,1,1.0,0,0,0,0,0,0,0,0,0,0
2026-02-13 20:00:00,28.349999999999998,7.970000000000001,2.79,7.89,0.0,1.0,Pond_02,Real_Data,Obs_Pond_02_20260213_20,Low,1,1.0,0,0,0,0,0,0,0,0,0,0
2026-02-13 20:00:00,27.383850802192974,8.042332944192733,3.4014829831347524,5.60776165572512,,,Pond_03,Real_Data,Obs_Pond_03_20260213_20,Low,1,1.0,0,0,0,0,0,0,0,0,0,0
2026-02-13 20:00:00,28.341174921522807,7.959452709428723,2.7764143098359715,7.889786886416577,0.0,1.0,Pond_04,Mock_Data,Obs_Pond_04_20260213_20,Low,1,1.0,0,0,0,0,0,0,0,0,0,0
2026-02-13 20:00:00,28.425131156361886,7.964357339717267,2.7760223679500733,7.934174607641502,0.0,1.0,Pond_05,Mock_Data,Obs_Pond_05_20260213_20,Low,1,1.0,0,0,0,0,0,0,0,0,0,0
2026-02-14 00:00:00,28.35,7.97,2.79,7.89,1.0,1.0,Pond_01,Real_Data,Obs_Pond_01_20260214_00,Low,1,1.0,0,0,0,0,0,0,0,0,0,0
2026-02-14 00:00:00,28.35,7.97,2.79,7.89,0.0,1.0,Pond_02,Real_Data,Obs_Pond_02_20260214_00,Low,1,1.0,0,0,0,0,0,0,0,0,0,0
2026-02-14 00:00:00,27.247198078487273,7.810554194413007,3.445231293581725,6.30093548827397,,,Pond_03,Real_Data,Obs_Pond_03_20260214_00,Low,1,1.0,0,0,0,0,0,0,0,0,0,0
2026-02-14 00:00:00,28.357456259517743,7.9297632685844865,2.7653478524814825,7.879252004001604,0.0,1.0,Pond_04,Mock_Data,Obs_Pond_04_20260214_00,Low,1,1.0,0,0,0,0,0,0,0,0,0,0
2026-02-14 00:00:00,28.273166869944177,7.940573018373267,2.6952496825890173,7.771584060895049,0.0,1.0,Pond_05,Mock_Data,Obs_Pond_05_20260214_00,Low,1,1.0,0,0,0,0,0,0,0,0,0,0
2026-02-14 04:00:00,28.35,7.97,2.79,7.89,1.0,1.0,Pond_01,Real_Data,Obs_Pond_01_20260214_04,Low,1,1.0,0,0,0,0,0,0,0,0,0,0
2026-02-14 04:00:00,28.35,7.970000000000001,2.79,7.89,0.0,1.0,Pond_02,Real_Data,Obs_Pond_02_20260214_04,Low,1,1.0,0,0,0,0,0,0,0,0,0,0
2026-02-14 04:00:00,27.369520273684948,7.946462575461697,3.15813777380946,7.13574810632893,,,Pond_03,Real_Data,Obs_Pond_03_20260214_04,Unknown,0,1.0,0,-1,0,0,0,0,0,0,0,0
2026-02-14 04:00:00,28.381886356953782,7.983287749886361,2.8043411389123514,7.861376419395255,0.0,1.0,Pond_04,Mock_Data,Obs_Pond_04_20260214_04,Low,1,1.0,0,0,0,0,0,0,0,0,0,0
2026-02-14 04:00:00,28.387675643300287,7.963446679937421,2.8447035218309358,7.9645220796514735,0.0,2.0,Pond_05,Mock_Data,Obs_Pond_05_20260214_04,Medium,2,1.0,0,1,0,0,0,0,0,0,0,1
2026-02-14 08:00:00,28.35,7.97,2.79,7.89,1.0,1.0,Pond_01,Real_Data,Obs_Pond_01_20260214_08,Low,1,1.0,0,0,0,0,0,0,0,0,0,0
2026-02-14 08:00:00,28.350000000000005,7.97,2.7900000000000005,7.89,0.0,1.0,Pond_02,Real_Data,Obs_Pond_02_20260214_08,Low,1,1.0,0,0,0,0,0,0,0,0,0,0
2026-02-14 08:00:00,27.57137556256385,7.8529829269644775,3.509636133107925,6.42173186026501,,,Pond_03,Real_Data,Obs_Pond_03_20260214_08,Low,1,1.0,0,0,0,0,0,0,0,0,0,0
2026-02-14 08:00:00,28.394107879332015,7.956376665196567,2.8302339661404945,7.933980292623097,0.0,1.0,Pond_04,Mock_Data,Obs_Pond_04_20260214_08,Low,1,1.0,0,0,0,0,0,0,0,0,0,0
2026-02-14 08:00:00,28.418263522185082,7.992475415361493,2.79820191235662,7.956452310002552,0.0,1.0,Pond_05,Mock_Data,Obs_Pond_05_20260214_08,Low,1,1.0,0,0,0,0,0,0,0,0,0,0
2026-02-14 12:00:00,28.35,7.97,2.79,7.89,0.0,1.0,Pond_01,Real_Data,Obs_Pond_01_20260214_12,Low,1,1.0,0,0,0,0,0,0,0,0,0,0
2026-02-14 12:00:00,28.35,7.97,2.79,7.89,0.0,1.0,Pond_02,Real_Data,Obs_Pond_02_20260214_12,Low,1,1.0,0,0,0,0,0,0,0,0,0,0
2026-02-14 12:00:00,27.324674894960424,7.87908078683413,3.2853811416244674,6.30101593482537,,,Pond_03,Real_Data,Obs_Pond_03_20260214_12,Unknown,0,1.0,0,-1,0,0,0,0,0,0,0,0
2026-02-14 12:00:00,28.280291539418474,7.944491365107044,2.780396883986834,7.950332222774466,0.0,1.0,Pond_04,Mock_Data,Obs_Pond_04_20260214_12,Low,1,1.0,0,0,0,0,0,0,0,0,0,0
2026-02-14 12:00:00,28.39440076058839,7.952027959092335,2.7736316154254386,7.896153443313771,0.0,1.0,Pond_05,Mock_Data,Obs_Pond_05_20260214_12,Low,1,1.0,0,0,0,0,0,0,0,0,0,0
2026-02-14 16:00:00,28.35,7.97,2.79,7.89,1.0,1.0,Pond_01,Real_Data,Obs_Pond_01_20260214_16,Low,1,1.0,0,0,0,0,0,0,0,0,0,0
2026-02-14 16:00:00,28.35,7.97,2.79,7.89,0.0,1.0,Pond_02,Real_Data,Obs_Pond_02_20260214_16,Low,1,1.0,0,0,0,0,0,0,0,0,0,0
2026-02-14 16:00:00,28.002356877506898,7.61435975623057,3.37483916597252,7.00288159055424,,,Pond_03,Real_Data,Obs_Pond_03_20260214_16,Low,1,1.0,0,0,0,0,0,0,0,0,0,0
2026-02-14 16:00:00,28.254911315364765,7.956612889861542,2.835927342743893,7.895583329715681,0.0,1.0,Pond_04,Mock_Data,Obs_Pond_04_20260214_16,Low,1,1.0,0,0,0,0,0,0,0,0,0,0
2026-02-14 16:00:00,28.494091336976556,7.9571276381936835,2.826958358235158,7.875667467003024,0.0,2.0,Pond_05,Mock_Data,Obs_Pond_05_20260214_16,Medium,2,1.0,0,1,0,0,0,0,0,0,0,1
2026-02-14 20:00:00,28.35,7.97,2.79,7.89,0.0,1.0,Pond_01,Real_Data,Obs_Pond_01_20260214_20,Low,1,1.0,0,0,0,0,0,0,0,0,0,0
2026-02-14 20:00:00,28.35,7.97,2.79,7.89,0.0,1.0,Pond_02,Real_Data,Obs_Pond_02_20260214_20,Low,1,1.0,0,0,0,0,0,0,0,0,0,0
2026-02-14 20:00:00,27.2826450663134,7.742041412247928,3.3450672900113774,6.16955772390183,,,Pond_03,Real_Data,Obs_Pond_03_20260214_20,Low,1,1.0,0,0,0,0,0,0,0,0,0,0
2026-02-14 20:00:00,28.429193980931032,7.966043437931988,2.852632916836783,7.9833132921358105,0.0,1.0,Pond_04,Mock_Data,Obs_Pond_04_20260214_20,Low,1,1.0,0,0,0,0,0,0,0,0,0,0
2026-02-14 20:00:00,28.317214401073265,7.982726573916525,2.855738304832562,7.915261967831807,0.0,1.0,Pond_05,Mock_Data,Obs_Pond_05_20260214_20,Low,1,1.0,0,0,0,0,0,0,0,0,0,0
2026-02-15 00:00:00,28.35,7.97,2.79,7.89,1.0,1.0,Pond_01,Real_Data,Obs_Pond_01_20260215_00,Low,1,1.0,0,0,0,0,0,0,0,0,0,0
2026-02-15 00:00:00,28.35,7.97,2.79,7.89,0.0,1.0,Pond_02,Real_Data,Obs_Pond_02_20260215_00,Low,1,1.0,0,0,0,0,0,0,0,0,0,0
2026-02-15 00:00:00,27.54290917615905,7.979733936243975,3.3757038755071975,6.33476388985545,,,Pond_03,Real_Data,Obs_Pond_03_20260215_00,Low,1,1.0,0,0,0,0,0,0,0,0,0,0
2026-02-15 00:00:00,28.370597751384988,7.957033165354938,2.7504907129850538,7.81789671682398,0.0,1.0,Pond_04,Mock_Data,Obs_Pond_04_20260215_00,Low,1,1.0,0,0,0,0,0,0,0,0,0,0
2026-02-15 00:00:00,28.40933642887331,7.970065614514803,2.669189128955676,8.034548388093663,0.0,1.0,Pond_05,Mock_Data,Obs_Pond_05_20260215_00,Low,1,1.0,0,0,0,0,0,0,0,0,0,0
2026-02-15 04:00:00,28.35,7.97,2.79,7.89,1.0,1.0,Pond_01,Real_Data,Obs_Pond_01_20260215_04,Low,1,1.0,0,0,0,0,0,0,0,0,0,0
2026-02-15 04:00:00,28.35,7.97,2.79,7.89,0.0,1.0,Pond_02,Real_Data,Obs_Pond_02_20260215_04,Low,1,1.0,0,0,0,0,0,0,0,0,0,0
2026-02-15 04:00:00,27.070405448136874,7.70515036508861,3.16113747994839,5.94862457593825,,,Pond_03,Real_Data,Obs_Pond_03_20260215_04,Unknown,0,1.0,0,-1,0,0,0,0,0,0,0,0
2026-02-15 04:00:00,28.303606712208246,7.9227086189623455,2.753914236151594,7.877769452595019,0.0,2.0,Pond_04,Mock_Data,Obs_Pond_04_20260215_04,Medium,2,1.0,0,1,0,0,0,0,0,0,0,1
2026-02-15 04:00:00,28.34342420586475,7.9825353882376,2.808724277518709,7.7786429296438735,0.0,1.0,Pond_05,Mock_Data,Obs_Pond_05_20260215_04,Low,1,1.0,0,0,0,0,0,0,0,0,0,0
2026-02-15 08:00:00,28.35,7.97,2.79,7.89,0.0,1.0,Pond_01,Real_Data,Obs_Pond_01_20260215_08,Low,1,1.0,0,0,0,0,0,0,0,0,0,0
2026-02-15 08:00:00,28.35,7.97,2.79,7.89,0.0,1.0,Pond_02,Real_Data,Obs_Pond_02_20260215_08,Low,1,1.0,0,0,0,0,0,0,0,0,0,0
2026-02-15 08:00:00,27.2655073996109,7.923227413514177,3.1610574642699047,6.39774591983098,,,Pond_03,Real_Data,Obs_Pond_03_20260215_08,Unknown,0,1.0,0,-1,0,0,0,0,0,0,0,0
2026-02-15 08:00:00,28.44614473540197,7.9892347443852065,2.783947406005268,7.844729144624854,0.0,1.0,Pond_04,Mock_Data,Obs_Pond_04_20260215_08,Low,1,1.0,0,0,0,0,0,0,0,0,0,0
2026-02-15 08:00:00,28.4264499563714,7.975099501507929,2.7284867332325566,7.9393888760781035,0.0,2.0,Pond_05,Mock_Data,Obs_Pond_05_20260215_08,Medium,2,1.0,0,1,0,0,0,0,0,0,0,1
2026-02-15 12:00:00,28.35,7.97,2.79,7.89,0.0,1.0,Pond_01,Real_Data,Obs_Pond_01_20260215_12,Low,1,1.0,0,0,0,0,0,0,0,0,0,0
2026-02-15 12:00:00,28.35,7.97,2.79,7.89,0.0,1.0,Pond_02,Real_Data,Obs_Pond_02_20260215_12,Low,1,1.0,0,0,0,0,0,0,0,0,0,0
2026-02-15 12:00:00,27.417239562558226,7.78368476418586,3.462821491133737,6.38321425218174,,,Pond_03,Real_Data,Obs_Pond_03_20260215_12,Low,1,1.0,0,0,0,0,0,0,0,0,0,0
2026-02-15 12:00:00,28.357169837180564,7.997335658870179,2.803263428722341,7.772119031710859,0.0,1.0,Pond_04,Mock_Data,Obs_Pond_04_20260215_12,Low,1,1.0,0,0,0,0,0,0,0,0,0,0
2026-02-15 12:00:00,28.34952341455202,7.980284046432984,2.81152029911664,7.8324268834031505,0.0,1.0,Pond_05,Mock_Data,Obs_Pond_05_20260215_12,Low,1,1.0,0,0,0,0,0,0,0,0,0,0
2026-02-15 16:00:00,28.35,7.97,2.79,7.89,0.0,1.0,Pond_01,Real_Data,Obs_Pond_01_20260215_16,Low,1,1.0,0,0,0,0,0,0,0,0,0,0
2026-02-15 16:00:00,28.35,7.97,2.79,7.89,0.0,1.0,Pond_02,Real_Data,Obs_Pond_02_20260215_16,Low,1,1.0,0,0,0,0,0,0,0,0,0,0
2026-02-15 16:00:00,27.296833033007374,7.761943190793403,3.4108511311133025,6.8115958640271,,,Pond_03,Real_Data,Obs_Pond_03_20260215_16,Low,1,1.0,0,0,0,0,0,0,0,0,0,0
2026-02-15 16:00:00,28.423096135975914,7.983969826316321,2.767382084950704,7.884778308008105,0.0,1.0,Pond_04,Mock_Data,Obs_Pond_04_20260215_16,Low,1,1.0,0,0,0,0,0,0,0,0,0,0
2026-02-15 16:00:00,28.325958374805,7.960730669781871,2.7955158759888916,7.888742055301191,0.0,1.0,Pond_05,Mock_Data,Obs_Pond_05_20260215_16,Low,1,1.0,0,0,0,0,0,0,0,0,0,0
2026-02-15 20:00:00,28.35,7.97,2.79,7.89,1.0,1.0,Pond_01,Real_Data,Obs_Pond_01_20260215_20,Low,1,1.0,0,0,0,0,0,0,0,0,0,0
2026-02-15 20:00:00,28.35,7.97,2.79,7.89,0.0,1.0,Pond_02,Real_Data,Obs_Pond_02_20260215_20,Low,1,1.0,0,0,0,0,0,0,0,0,0,0
2026-02-15 20:00:00,27.7957747737267,7.8256903003967775,3.502623654965405,6.70934346358956,,,Pond_03,Real_Data,Obs_Pond_03_20260215_20,Low,1,1.0,0,0,0,0,0,0,0,0,0,0
2026-02-15 20:00:00,28.354184984213255,7.9456059328316355,2.848303333067812,7.882311046006953,0.0,2.0,Pond_04,Mock_Data,Obs_Pond_04_20260215_20,Medium,2,1.0,0,1,0,0,0,0,0,0,0,1
2026-02-15 20:00:00,28.430954006079773,7.97496873636702,2.81741081347521,7.874345151233925,0.0,2.0,Pond_05,Mock_Data,Obs_Pond_05_20260215_20,Medium,2,1.0,0,1,0,0,0,0,0,0,0,1
2026-02-16 00:00:00,28.35,7.97,2.79,7.89,0.0,1.0,Pond_01,Real_Data,Obs_Pond_01_20260216_00,Low,1,1.0,0,0,0,0,0,0,0,0,0,0
2026-02-16 00:00:00,28.35,7.97,2.79,7.89,0.0,1.0,Pond_02,Real_Data,Obs_Pond_02_20260216_00,Low,1,1.0,0,0,0,0,0,0,0,0,0,0
2026-02-16 00:00:00,27.2700287857406,7.765284657755047,2.9263895265272453,5.7206664651141,,,Pond_03,Real_Data,Obs_Pond_03_20260216_00,Unknown,0,1.0,0,-1,0,0,0,0,0,0,0,0
2026-02-16 00:00:00,28.477730916824697,7.9656796519981325,2.8082846195001223,7.98558179548071,0.0,2.0,Pond_04,Mock_Data,Obs_Pond_04_20260216_00,Medium,2,1.0,0,1,0,0,0,0,0,0,0,1
2026-02-16 00:00:00,28.319531616948925,7.95011542205447,2.768473789169255,7.8629495952539665,0.0,1.0,Pond_05,Mock_Data,Obs_Pond_05_20260216_00,Low,1,1.0,0,0,0,0,0,0,0,0,0,0
2026-02-16 04:00:00,28.35,7.97,2.79,7.89,0.0,1.0,Pond_01,Real_Data,Obs_Pond_01_20260216_04,Low,1,1.0,0,0,0,0,0,0,0,0,0,0
2026-02-16 04:00:00,28.35,7.97,2.79,7.89,0.0,1.0,Pond_02,Real_Data,Obs_Pond_02_20260216_04,Low,1,1.0,0,0,0,0,0,0,0,0,0,0
2026-02-16 04:00:00,27.261777293381424,7.959720851088562,3.6153817503517076,5.91964622456443,,,Pond_03,Real_Data,Obs_Pond_03_20260216_04,Low,1,1.0,0,0,0,0,0,0,0,0,0,0
2026-02-16 04:00:00,28.45880093214601,7.9698601710420816,2.791700850344453,7.929838860648781,0.0,1.0,Pond_04,Mock_Data,Obs_Pond_04_20260216_04,Low,1,1.0,0,0,0,0,0,0,0,0,0,0
2026-02-16 04:00:00,28.262435308449206,7.997626379716632,2.7092309378895205,7.889339075625561,0.0,1.0,Pond_05,Mock_Data,Obs_Pond_05_20260216_04,Low,1,1.0,0,0,0,0,0,0,0,0,0,0
2026-02-16 08:00:00,28.35,7.97,2.79,7.89,1.0,1.0,Pond_01,Real_Data,Obs_Pond_01_20260216_08,Low,1,1.0,0,0,0,0,0,0,0,0,0,0
2026-02-16 08:00:00,28.35,7.970000000000001,2.79,7.89,0.0,1.0,Pond_02,Real_Data,Obs_Pond_02_20260216_08,Low,1,1.0,0,0,0,0,0,0,0,0,0,0
2026-02-16 08:00:00,27.32042595640425,7.9864791578924725,3.3676561290015923,6.0439040539312,,,Pond_03,Real_Data,Obs_Pond_03_20260216_08,Low,1,1.0,0,0,0,0,0,0,0,0,0,0
2026-02-16 08:00:00,28.33456850614394,7.982839249837399,2.7280874535054997,7.825317564382836,0.0,2.0,Pond_04,Mock_Data,Obs_Pond_04_20260216_08,Medium,2,1.0,0,1,0,0,0,0,0,0,0,1
2026-02-16 08:00:00,28.31796438543081,7.9563999868791,2.7705813380875832,7.8183715135358005,0.0,1.0,Pond_05,Mock_Data,Obs_Pond_05_20260216_08,Low,1,1.0,0,0,0,0,0,0,0,0,0,0
2026-02-16 12:00:00,28.35,7.97,2.79,7.89,1.0,1.0,Pond_01,Real_Data,Obs_Pond_01_20260216_12,Low,1,1.0,0,0,0,0,0,0,0,0,0,0
2026-02-16 12:00:00,28.35,7.970000000000001,2.79,7.89,0.0,1.0,Pond_02,Real_Data,Obs_Pond_02_20260216_12,Low,1,1.0,0,0,0,0,0,0,0,0,0,0
2026-02-16 12:00:00,27.538593929372325,7.762153574574065,3.1766540920860624,5.88301593689003,,,Pond_03,Real_Data,Obs_Pond_03_20260216_12,Unknown,0,1.0,0,-1,0,0,0,0,0,0,0,0
2026-02-16 12:00:00,28.410220683387443,7.984330445743453,2.7332655703172106,8.007095065276513,0.0,1.0,Pond_04,Mock_Data,Obs_Pond_04_20260216_12,Low,1,1.0,0,0,0,0,0,0,0,0,0,0
2026-02-16 12:00:00,28.388369392421918,7.994204560319228,2.8075421728932524,7.9549978067642995,0.0,1.0,Pond_05,Mock_Data,Obs_Pond_05_20260216_12,Low,1,1.0,0,0,0,0,0,0,0,0,0,0
2026-02-16 16:00:00,28.35,7.97,2.79,7.89,1.0,1.0,Pond_01,Real_Data,Obs_Pond_01_20260216_16,Low,1,1.0,0,0,0,0,0,0,0,0,0,0
2026-02-16 16:00:00,28.35,7.970000000000001,2.79,7.89,0.0,1.0,Pond_02,Real_Data,Obs_Pond_02_20260216_16,Low,1,1.0,0,0,0,0,0,0,0,0,0,0
2026-02-16 16:00:00,27.15231200047025,7.869333718303707,3.42306324810577,6.68634477082857,,,Pond_03,Real_Data,Obs_Pond_03_20260216_16,Low,1,1.0,0,0,0,0,0,0,0,0,0,0
2026-02-16 16:00:00,28.39000220538465,7.954257967357567,2.802116361082824,7.967114283762568,0.0,1.0,Pond_04,Mock_Data,Obs_Pond_04_20260216_16,Low,1,1.0,0,0,0,0,0,0,0,0,0,0
2026-02-16 16:00:00,28.436282453010797,7.964991038346219,2.8337809790340382,7.776691012426309,0.0,1.0,Pond_05,Mock_Data,Obs_Pond_05_20260216_16,Low,1,1.0,0,0,0,0,0,0,0,0,0,0
2026-02-16 20:00:00,28.35,7.97,2.79,7.89,0.0,1.0,Pond_01,Real_Data,Obs_Pond_01_20260216_20,Low,1,1.0,0,0,0,0,0,0,0,0,0,0
2026-02-16 20:00:00,28.35,7.97,2.79,7.89,0.0,1.0,Pond_02,Real_Data,Obs_Pond_02_20260216_20,Low,1,1.0,0,0,0,0,0,0,0,0,0,0
2026-02-16 20:00:00,27.687635780990874,7.801435080904833,2.9620190041264074,6.0929913096416,,,Pond_03,Real_Data,Obs_Pond_03_20260216_20,Unknown,0,1.0,0,-1,0,0,0,0,0,0,0,0
2026-02-16 20:00:00,28.434831609692793,7.9717581351006315,2.6980482275077047,7.926762333134062,0.0,1.0,Pond_04,Mock_Data,Obs_Pond_04_20260216_20,Low,1,1.0,0,0,0,0,0,0,0,0,0,0
2026-02-16 20:00:00,28.35688810932254,7.974331229235327,2.739473794366407,7.924088783921151,0.0,1.0,Pond_05,Mock_Data,Obs_Pond_05_20260216_20,Low,1,1.0,0,0,0,0,0,0,0,0,0,0
2026-02-17 00:00:00,28.35,7.97,2.79,7.89,0.0,1.0,Pond_01,Real_Data,Obs_Pond_01_20260217_00,Low,1,1.0,0,0,0,0,0,0,0,0,0,0
2026-02-17 00:00:00,28.35,7.97,2.79,7.89,0.0,1.0,Pond_02,Real_Data,Obs_Pond_02_20260217_00,Low,1,1.0,0,0,0,0,0,0,0,0,0,0
2026-02-17 00:00:00,27.711152495761176,7.876523136311903,3.4658789095477003,6.38337019670066,,,Pond_03,Real_Data,Obs_Pond_03_20260217_00,Low,3,1.0,0,0,0,0,0,0,0,0,0,0
2026-02-17 00:00:00,28.290191346647788,7.9798049304785525,2.8336621943545235,7.875696415151834,0.0,1.0,Pond_04,Mock_Data,Obs_Pond_04_20260217_00,Low,1,1.0,0,0,0,0,0,0,0,0,0,0
2026-02-17 00:00:00,28.431705539003794,7.959387052316587,2.834284075963312,7.869377654782762,0.0,2.0,Pond_05,Mock_Data,Obs_Pond_05_20260217_00,Medium,2,1.0,0,1,0,0,0,0,0,0,0,1
2026-02-17 04:00:00,28.35,7.97,2.79,7.89,0.0,1.0,Pond_01,Real_Data,Obs_Pond_01_20260217_04,Low,1,1.0,0,0,0,0,0,0,0,0,0,0
2026-02-17 04:00:00,28.35,7.97,2.79,7.89,0.0,1.0,Pond_02,Real_Data,Obs_Pond_02_20260217_04,Low,1,1.0,0,0,0,0,0,0,0,0,0,0
2026-02-17 04:00:00,27.281930468142026,7.71012395083018,3.5146075781399126,6.94470575629606,,,Pond_03,Real_Data,Obs_Pond_03_20260217_04,Low,1,1.0,0,0,0,0,0,0,0,0,0,0
2026-02-17 04:00:00,28.39252338722095,8.001215500410048,2.7831808327194563,7.829406693013657,0.0,2.0,Pond_04,Mock_Data,Obs_Pond_04_20260217_04,Medium,2,1.0,0,1,0,0,0,0,0,0,0,1
2026-02-17 04:00:00,28.26581652183948,7.948215194728251,2.7620654939684686,7.816050333535739,0.0,1.0,Pond_05,Mock_Data,Obs_Pond_05_20260217_04,Low,1,1.0,0,0,0,0,0,0,0,0,0,0
2026-02-17 08:00:00,28.35,7.97,2.79,7.89,1.0,1.0,Pond_01,Real_Data,Obs_Pond_01_20260217_08,Low,1,1.0,0,0,0,0,0,0,0,0,0,0
2026-02-17 08:00:00,28.35,7.97,2.79,7.89,0.0,1.0,Pond_02,Real_Data,Obs_Pond_02_20260217_08,Low,1,1.0,0,0,0,0,0,0,0,0,0,0
2026-02-17 08:00:00,27.007333599431774,7.926399388330357,3.0746062203819102,6.92959689947691,,,Pond_03,Real_Data,Obs_Pond_03_20260217_08,Unknown,0,1.0,0,-1,0,0,0,0,0,0,0,0
2026-02-17 08:00:00,28.415604108325258,7.985105912203868,2.929833423296108,7.866493311320172,0.0,1.0,Pond_04,Mock_Data,Obs_Pond_04_20260217_08,Low,1,1.0,0,0,0,0,0,0,0,0,0,0
2026-02-17 08:00:00,28.322525291389375,7.932589137584854,2.8056278614864887,7.902781505315017,0.0,1.0,Pond_05,Mock_Data,Obs_Pond_05_20260217_08,Low,1,1.0,0,0,0,0,0,0,0,0,0,0
2026-02-17 12:00:00,28.35,7.97,2.79,7.89,0.0,1.0,Pond_01,Real_Data,Obs_Pond_01_20260217_12,Low,1,1.0,0,0,0,0,0,0,0,0,0,0
2026-02-17 12:00:00,28.350000000000005,7.97,2.7900000000000005,7.89,0.0,1.0,Pond_02,Real_Data,Obs_Pond_02_20260217_12,Low,1,1.0,0,0,0,0,0,0,0,0,0,0
2026-02-17 12:00:00,27.419466818537575,7.867769910989675,3.24502181826458,6.68083148507767,,,Pond_03,Real_Data,Obs_Pond_03_20260217_12,Unknown,0,1.0,0,-1,0,0,0,0,0,0,0,0
2026-02-17 12:00:00,28.24098841039984,7.9869188224233305,2.889511125037127,7.958759830554758,0.0,2.0,Pond_04,Mock_Data,Obs_Pond_04_20260217_12,Medium,2,1.0,0,1,0,0,0,0,0,0,0,1
2026-02-17 12:00:00,28.332113307580308,7.94737191468757,2.768014747768364,7.791670880709754,0.0,1.0,Pond_05,Mock_Data,Obs_Pond_05_20260217_12,Low,1,1.0,0,0,0,0,0,0,0,0,0,0
2026-02-17 16:00:00,28.35,7.97,2.79,7.89,1.0,1.0,Pond_01,Real_Data,Obs_Pond_01_20260217_16,Low,1,1.0,0,0,0,0,0,0,0,0,0,0
2026-02-17 16:00:00,28.35,7.97,2.7899999999999996,7.89,0.0,1.0,Pond_02,Real_Data,Obs_Pond_02_20260217_16,Low,1,1.0,0,0,0,0,0,0,0,0,0,0
2026-02-17 16:00:00,27.541160562823926,7.75558189105105,3.266743430342043,6.39858659698798,,,Pond_03,Real_Data,Obs_Pond_03_20260217_16,Unknown,0,1.0,0,-1,0,0,0,0,0,0,0,0
2026-02-17 16:00:00,28.276658329804174,7.971797396631921,2.782176405442381,8.00902089492163,0.0,1.0,Pond_04,Mock_Data,Obs_Pond_04_20260217_16,Low,1,1.0,0,0,0,0,0,0,0,0,0,0
2026-02-17 16:00:00,29.198850225387577,7.9630548001726815,2.797854706212806,4.684376615647147,0.0,2.0,Pond_05,Mock_Data,Obs_Pond_05_20260217_16,High,4,1.0,0,2,0,0,0,0,0,0,1,0
2026-02-17 16:00:00,29.198850225387577,7.9630548001726815,2.797854706212806,4.684376615647147,0.0,2.0,Pond_05,Mock_Data,Obs_Pond_05_20260217_16,Medium,4,1.0,0,1,0,0,0,0,0,0,0,1
2026-02-17 20:00:00,28.35,7.97,2.79,7.89,0.0,1.0,Pond_01,Real_Data,Obs_Pond_01_20260217_20,Low,1,1.0,0,0,0,0,0,0,0,0,0,0
2026-02-17 20:00:00,28.350000000000005,7.97,2.7900000000000005,7.89,0.0,1.0,Pond_02,Real_Data,Obs_Pond_02_20260217_20,Low,1,1.0,0,0,0,0,0,0,0,0,0,0
2026-02-17 20:00:00,27.363395665094625,7.898184539973467,3.0738312509416623,5.99486641907229,,,Pond_03,Real_Data,Obs_Pond_03_20260217_20,Unknown,0,1.0,0,-1,0,0,0,0,0,0,0,0
2026-02-17 20:00:00,28.22360268932522,8.000242830705146,2.785415035206697,7.987463419551846,0.0,1.0,Pond_04,Mock_Data,Obs_Pond_04_20260217_20,Low,1,1.0,0,0,0,0,0,0,0,0,0,0
2026-02-17 20:00:00,29.910377957834708,7.974543078157959,2.8284553585026524,4.823088773670902,0.0,2.0,Pond_05,Mock_Data,Obs_Pond_05_20260217_20,High,4,1.0,0,2,0,0,0,0,0,0,1,0
2026-02-17 20:00:00,29.910377957834708,7.974543078157959,2.8284553585026524,4.823088773670902,0.0,2.0,Pond_05,Mock_Data,Obs_Pond_05_20260217_20,Medium,4,1.0,0,1,0,0,0,0,0,0,0,1
2026-02-18 00:00:00,28.35,7.97,2.79,7.89,1.0,1.0,Pond_01,Real_Data,Obs_Pond_01_20260218_00,Low,1,1.0,0,0,0,0,0,0,0,0,0,0
2026-02-18 00:00:00,28.35,7.97,2.79,7.89,0.0,1.0,Pond_02,Real_Data,Obs_Pond_02_20260218_00,Low,1,1.0,0,0,0,0,0,0,0,0,0,0
2026-02-18 00:00:00,27.544903231755974,7.951701064670408,3.515915003166268,6.13298842271861,,,Pond_03,Real_Data,Obs_Pond_03_20260218_00,Low,1,1.0,0,0,0,0,0,0,0,0,0,0
2026-02-18 00:00:00,28.33330141132404,7.9787860658067356,2.8329267901285675,7.859126754513867,0.0,1.0,Pond_04,Mock_Data,Obs_Pond_04_20260218_00,Low,1,1.0,0,0,0,0,0,0,0,0,0,0
2026-02-18 00:00:00,29.574715498453756,7.991664385404937,2.7370944618398614,4.726381600999112,0.0,2.0,Pond_05,Mock_Data,Obs_Pond_05_20260218_00,High,4,1.0,0,2,0,0,0,0,0,0,1,0
2026-02-18 00:00:00,29.574715498453756,7.991664385404937,2.7370944618398614,4.726381600999112,0.0,2.0,Pond_05,Mock_Data,Obs_Pond_05_20260218_00,Medium,4,1.0,0,1,0,0,0,0,0,0,0,1
2026-02-18 04:00:00,28.35,7.97,2.79,7.89,0.0,1.0,Pond_01,Real_Data,Obs_Pond_01_20260218_04,Low,1,1.0,0,0,0,0,0,0,0,0,0,0
2026-02-18 04:00:00,28.35,7.97,2.79,7.89,0.0,1.0,Pond_02,Real_Data,Obs_Pond_02_20260218_04,Low,1,1.0,0,0,0,0,0,0,0,0,0,0
2026-02-18 04:00:00,27.129154785717525,7.80651226073943,3.1415247777609476,6.09805889981105,,,Pond_03,Real_Data,Obs_Pond_03_20260218_04,Unknown,0,1.0,0,-1,0,0,0,0,0,0,0,0
2026-02-18 04:00:00,28.39447527477119,7.951536696062281,2.863436210044502,7.8192906520331364,0.0,1.0,Pond_04,Mock_Data,Obs_Pond_04_20260218_04,Low,1,1.0,0,0,0,0,0,0,0,0,0,0
2026-02-18 04:00:00,29.438489891741078,7.960442142590208,2.7606842912143836,3.2849049533953805,0.0,2.0,Pond_05,Mock_Data,Obs_Pond_05_20260218_04,High,4,1.0,0,2,0,0,0,0,0,0,1,0
2026-02-18 04:00:00,29.438489891741078,7.960442142590208,2.7606842912143836,3.2849049533953805,0.0,2.0,Pond_05,Mock_Data,Obs_Pond_05_20260218_04,Medium,4,1.0,0,1,0,0,0,0,0,0,0,1
2026-02-18 08:00:00,28.35,7.97,2.79,7.89,1.0,1.0,Pond_01,Real_Data,Obs_Pond_01_20260218_08,Low,1,1.0,0,0,0,0,0,0,0,0,0,0
2026-02-18 08:00:00,28.35,7.970000000000001,2.79,7.89,0.0,1.0,Pond_02,Real_Data,Obs_Pond_02_20260218_08,Low,1,1.0,0,0,0,0,0,0,0,0,0,0
2026-02-18 08:00:00,27.380915343574525,7.7939875751354855,3.5105901850098076,6.84293301137954,,,Pond_03,Real_Data,Obs_Pond_03_20260218_08,Low,1,1.0,0,0,0,0,0,0,0,0,0,0
2026-02-18 08:00:00,28.443120289650793,8.000090825790673,2.719372604267833,7.898897659468668,0.0,1.0,Pond_04,Mock_Data,Obs_Pond_04_20260218_08,Low,1,1.0,0,0,0,0,0,0,0,0,0,0
2026-02-18 08:00:00,29.522649087322254,7.951089143791921,2.7979750879830565,4.642233086636711,1.0,2.0,Pond_05,Mock_Data,Obs_Pond_05_20260218_08,High,2,1.0,0,2,0,0,0,0,0,0,1,0
2026-02-18 12:00:00,28.35,7.97,2.79,7.89,0.0,1.0,Pond_01,Real_Data,Obs_Pond_01_20260218_12,Low,1,1.0,0,0,0,0,0,0,0,0,0,0
2026-02-18 12:00:00,28.35,7.97,2.79,7.89,0.0,1.0,Pond_02,Real_Data,Obs_Pond_02_20260218_12,Low,1,1.0,0,0,0,0,0,0,0,0,0,0
2026-02-18 12:00:00,27.443798928599076,7.875826560497265,3.27262983532247,5.97131906621458,,,Pond_03,Real_Data,Obs_Pond_03_20260218_12,Unknown,0,1.0,0,-1,0,0,0,0,0,0,0,0
2026-02-18 12:00:00,28.354592601608704,7.984964326043573,2.7129763071997473,7.778314355654013,0.0,1.0,Pond_04,Mock_Data,Obs_Pond_04_20260218_12,Low,1,1.0,0,0,0,0,0,0,0,0,0,0
2026-02-18 12:00:00,29.772696250534114,7.939065549202706,2.893549811184056,3.6999688736352434,1.0,2.0,Pond_05,Mock_Data,Obs_Pond_05_20260218_12,High,2,1.0,0,2,0,0,0,0,0,0,1,0
2026-02-18 16:00:00,28.35,7.97,2.79,7.89,0.0,1.0,Pond_01,Real_Data,Obs_Pond_01_20260218_16,Low,1,1.0,0,0,0,0,0,0,0,0,0,0
2026-02-18 16:00:00,28.349999999999998,7.97,2.79,7.89,0.0,1.0,Pond_02,Real_Data,Obs_Pond_02_20260218_16,Low,1,1.0,0,0,0,0,0,0,0,0,0,0
2026-02-18 16:00:00,27.41809614724,7.75463589733467,3.31006808089071,6.80237777905855,,,Pond_03,Real_Data,Obs_Pond_03_20260218_16,Low,1,1.0,0,0,0,0,0,0,0,0,0,0
2026-02-18 16:00:00,28.450946144008707,7.960500323691416,2.7631795366073435,7.910409630713609,0.0,2.0,Pond_04,Mock_Data,Obs_Pond_04_20260218_16,Medium,2,1.0,0,1,0,0,0,0,0,0,0,1
2026-02-18 16:00:00,29.820005209149198,7.980293444353455,2.752781587349513,3.0720034264233336,1.0,2.0,Pond_05,Mock_Data,Obs_Pond_05_20260218_16,High,2,1.0,0,2,0,0,0,0,0,0,1,0
2026-02-18 20:00:00,28.35,7.97,2.79,7.89,1.0,1.0,Pond_01,Real_Data,Obs_Pond_01_20260218_20,Low,1,1.0,0,0,0,0,0,0,0,0,0,0
2026-02-18 20:00:00,28.35,7.969999999999999,2.79,7.89,0.0,1.0,Pond_02,Real_Data,Obs_Pond_02_20260218_20,Low,1,1.0,0,0,0,0,0,0,0,0,0,0
2026-02-18 20:00:00,27.174790610354652,7.8351069764719625,3.5411408309882524,6.21399660534968,,,Pond_03,Real_Data,Obs_Pond_03_20260218_20,Low,1,1.0,0,0,0,0,0,0,0,0,0,0
2026-02-18 20:00:00,28.264457453800915,7.959718791439881,2.815126073135265,7.8806781706634,0.0,1.0,Pond_04,Mock_Data,Obs_Pond_04_20260218_20,Low,1,1.0,0,0,0,0,0,0,0,0,0,0
2026-02-18 20:00:00,29.077915638281436,7.9996582270402135,2.877965071595524,4.037076679722385,1.0,2.0,Pond_05,Mock_Data,Obs_Pond_05_20260218_20,High,2,1.0,0,2,0,0,0,0,0,0,1,0
2026-02-19 00:00:00,28.35,7.97,2.79,7.89,1.0,1.0,Pond_01,Real_Data,Obs_Pond_01_20260219_00,Low,1,1.0,0,0,0,0,0,0,0,0,0,0
2026-02-19 00:00:00,28.350000000000005,7.97,2.79,7.89,0.0,1.0,Pond_02,Real_Data,Obs_Pond_02_20260219_00,Low,1,1.0,0,0,0,0,0,0,0,0,0,0
2026-02-19 00:00:00,27.210022884705623,7.83073063513981,3.2570365915441677,6.46916112982904,,,Pond_03,Real_Data,Obs_Pond_03_20260219_00,Unknown,0,1.0,0,-1,0,0,0,0,0,0,0,0
2026-02-19 00:00:00,28.24441959491752,7.976359123575809,2.811423849318383,7.860567502616445,0.0,1.0,Pond_04,Mock_Data,Obs_Pond_04_20260219_00,Low,1,1.0,0,0,0,0,0,0,0,0,0,0
2026-02-19 00:00:00,28.781486726782305,7.9971524432599415,2.8764253275854803,4.083857757009502,1.0,2.0,Pond_05,Mock_Data,Obs_Pond_05_20260219_00,Unknown,0,1.0,0,-1,0,0,0,0,0,0,0,0
2026-02-19 04:00:00,28.35,7.97,2.79,7.89,1.0,1.0,Pond_01,Real_Data,Obs_Pond_01_20260219_04,Low,1,1.0,0,0,0,0,0,0,0,0,0,0
2026-02-19 04:00:00,28.35,7.97,2.79,7.89,0.0,1.0,Pond_02,Real_Data,Obs_Pond_02_20260219_04,Low,1,1.0,0,0,0,0,0,0,0,0,0,0
2026-02-19 04:00:00,27.861392811622203,7.785718525057208,3.2048793186774676,6.21994738902443,,,Pond_03,Real_Data,Obs_Pond_03_20260219_04,Unknown,0,1.0,0,-1,0,0,0,0,0,0,0,0
2026-02-19 04:00:00,28.346556998349048,7.979931531442163,2.8361256603178857,7.789286657446959,0.0,1.0,Pond_04,Mock_Data,Obs_Pond_04_20260219_04,Low,1,1.0,0,0,0,0,0,0,0,0,0,0
2026-02-19 04:00:00,28.813268362381038,7.985222260061391,2.7858042055978474,4.167935333381116,1.0,2.0,Pond_05,Mock_Data,Obs_Pond_05_20260219_04,Unknown,0,1.0,0,-1,0,0,0,0,0,0,0,0
2026-02-19 08:00:00,28.35,7.97,2.79,7.89,1.0,1.0,Pond_01,Real_Data,Obs_Pond_01_20260219_08,Low,1,1.0,0,0,0,0,0,0,0,0,0,0
2026-02-19 08:00:00,28.35,7.970000000000001,2.79,7.89,0.0,1.0,Pond_02,Real_Data,Obs_Pond_02_20260219_08,Low,1,1.0,0,0,0,0,0,0,0,0,0,0
2026-02-19 08:00:00,27.428333977117152,7.92263599315202,3.2503101553664524,6.38354591897891,,,Pond_03,Real_Data,Obs_Pond_03_20260219_08,Unknown,0,1.0,0,-1,0,0,0,0,0,0,0,0
2026-02-19 08:00:00,28.373805450109344,7.974230307988154,2.7382722777657023,7.922436372971232,0.0,1.0,Pond_04,Mock_Data,Obs_Pond_04_20260219_08,Low,1,1.0,0,0,0,0,0,0,0,0,0,0
2026-02-19 08:00:00,29.778781771806003,7.983691539742712,2.7771444670893524,4.7620604134767905,1.0,2.0,Pond_05,Mock_Data,Obs_Pond_05_20260219_08,High,2,1.0,0,2,0,0,0,0,0,0,1,0
2026-02-19 12:00:00,28.35,7.97,2.79,7.89,1.0,1.0,Pond_01,Real_Data,Obs_Pond_01_20260219_12,Low,1,1.0,0,0,0,0,0,0,0,0,0,0
2026-02-19 12:00:00,28.35,7.97,2.79,7.89,0.0,1.0,Pond_02,Real_Data,Obs_Pond_02_20260219_12,Low,1,1.0,0,0,0,0,0,0,0,0,0,0
2026-02-19 12:00:00,27.4358621732429,7.862587246327452,3.107282267213225,6.14084495454887,,,Pond_03,Real_Data,Obs_Pond_03_20260219_12,Unknown,0,1.0,0,-1,0,0,0,0,0,0,0,0
2026-02-19 12:00:00,28.347973488120996,7.976675028865595,2.6901341225053805,7.856357321783349,0.0,2.0,Pond_04,Mock_Data,Obs_Pond_04_20260219_12,Medium,2,1.0,0,1,0,0,0,0,0,0,0,1
2026-02-19 12:00:00,30.24574657153425,8.006400167098333,2.760160014905315,3.772109522856148,1.0,2.0,Pond_05,Mock_Data,Obs_Pond_05_20260219_12,High,2,1.0,0,2,0,0,0,0,0,0,1,0
2026-02-19 16:00:00,28.35,7.97,2.79,7.89,1.0,1.0,Pond_01,Real_Data,Obs_Pond_01_20260219_16,Low,1,1.0,0,0,0,0,0,0,0,0,0,0
2026-02-19 16:00:00,28.35,7.97,2.79,7.89,0.0,1.0,Pond_02,Real_Data,Obs_Pond_02_20260219_16,Low,1,1.0,0,0,0,0,0,0,0,0,0,0
2026-02-19 16:00:00,27.662001550444252,7.777050724723056,3.3065594471573374,6.28138483491162,,,Pond_03,Real_Data,Obs_Pond_03_20260219_16,Low,1,1.0,0,0,0,0,0,0,0,0,0,0
2026-02-19 16:00:00,28.221854159486686,8.006450203651847,2.826995258319945,7.816113997362904,0.0,1.0,Pond_04,Mock_Data,Obs_Pond_04_20260219_16,Low,1,1.0,0,0,0,0,0,0,0,0,0,0
2026-02-19 16:00:00,29.318992556691104,7.977120435534839,2.7870592908118,3.7882012827598066,1.0,2.0,Pond_05,Mock_Data,Obs_Pond_05_20260219_16,High,2,1.0,0,2,0,0,0,0,0,0,1,0
2026-02-19 20:00:00,28.35,7.97,2.79,7.89,0.0,1.0,Pond_01,Real_Data,Obs_Pond_01_20260219_20,Low,1,1.0,0,0,0,0,0,0,0,0,0,0
2026-02-19 20:00:00,28.35,7.97,2.79,7.89,0.0,1.0,Pond_02,Real_Data,Obs_Pond_02_20260219_20,Low,1,1.0,0,0,0,0,0,0,0,0,0,0
2026-02-19 20:00:00,26.926419749487625,7.69827903404083,3.04385996186588,6.39781178733625,,,Pond_03,Real_Data,Obs_Pond_03_20260219_20,Unknown,0,1.0,0,-1,0,0,0,0,0,0,0,0
2026-02-19 20:00:00,28.344476090832377,7.9929758502800325,2.754290410082114,7.70860251345463,0.0,1.0,Pond_04,Mock_Data,Obs_Pond_04_20260219_20,Low,1,1.0,0,0,0,0,0,0,0,0,0,0
2026-02-19 20:00:00,28.839040320658924,7.983854205187028,2.7293460515266874,3.1513806406031515,1.0,2.0,Pond_05,Mock_Data,Obs_Pond_05_20260219_20,Unknown,0,1.0,0,-1,0,0,0,0,0,0,0,0
2026-02-20 00:00:00,28.35,7.97,2.79,7.89,0.0,1.0,Pond_01,Real_Data,Obs_Pond_01_20260220_00,Low,1,1.0,0,0,0,0,0,0,0,0,0,0
2026-02-20 00:00:00,28.350000000000005,7.97,2.79,7.89,0.0,1.0,Pond_02,Real_Data,Obs_Pond_02_20260220_00,Low,1,1.0,0,0,0,0,0,0,0,0,0,0
2026-02-20 00:00:00,27.0344206361483,7.961891577542932,3.39747114770095,6.44290519700469,,,Pond_03,Real_Data,Obs_Pond_03_20260220_00,Low,1,1.0,0,0,0,0,0,0,0,0,0,0
2026-02-20 00:00:00,28.269145333954963,7.97408757668211,2.7029682464840397,7.888262298408676,0.0,1.0,Pond_04,Mock_Data,Obs_Pond_04_20260220_00,Low,1,1.0,0,0,0,0,0,0,0,0,0,0
2026-02-20 00:00:00,30.01320499658771,7.963121805718425,2.7867127791646373,4.71705303998074,1.0,2.0,Pond_05,Mock_Data,Obs_Pond_05_20260220_00,High,2,1.0,0,2,0,0,0,0,0,0,1,0
2026-02-20 04:00:00,28.35,7.97,2.79,7.89,0.0,1.0,Pond_01,Real_Data,Obs_Pond_01_20260220_04,Low,1,1.0,0,0,0,0,0,0,0,0,0,0
2026-02-20 04:00:00,28.35,7.97,2.79,7.89,0.0,1.0,Pond_02,Real_Data,Obs_Pond_02_20260220_04,Low,1,1.0,0,0,0,0,0,0,0,0,0,0
2026-02-20 04:00:00,26.964886883003725,7.786244075862003,3.1570190433012653,6.41030700658317,,,Pond_03,Real_Data,Obs_Pond_03_20260220_04,Unknown,0,1.0,0,-1,0,0,0,0,0,0,0,0
2026-02-20 04:00:00,28.39150817652251,7.990183425115093,2.7962547575366585,8.00192640549158,0.0,1.0,Pond_04,Mock_Data,Obs_Pond_04_20260220_04,Low,1,1.0,0,0,0,0,0,0,0,0,0,0
2026-02-20 04:00:00,30.164978948838897,7.9407952922862695,2.8545414408157215,4.41956522849896,1.0,2.0,Pond_05,Mock_Data,Obs_Pond_05_20260220_04,High,2,1.0,0,2,0,0,0,0,0,0,1,0
2026-02-20 08:00:00,28.35,7.97,2.79,7.89,1.0,1.0,Pond_01,Real_Data,Obs_Pond_01_20260220_08,Low,1,1.0,0,0,0,0,0,0,0,0,0,0
2026-02-20 08:00:00,28.35,7.970000000000001,2.79,7.89,0.0,1.0,Pond_02,Real_Data,Obs_Pond_02_20260220_08,Low,1,1.0,0,0,0,0,0,0,0,0,0,0
2026-02-20 08:00:00,26.934528415624374,7.795788775990553,3.397833102201095,6.02696723694567,,,Pond_03,Real_Data,Obs_Pond_03_20260220_08,Low,1,1.0,0,0,0,0,0,0,0,0,0,0
2026-02-20 08:00:00,28.372722784050826,7.947860793969403,2.824199596742589,7.99491669062311,0.0,1.0,Pond_04,Mock_Data,Obs_Pond_04_20260220_08,Low,1,1.0,0,0,0,0,0,0,0,0,0,0
2026-02-20 08:00:00,28.522309916304646,7.955337025467175,2.763651660001004,7.939022648103199,0.0,1.0,Pond_05,Mock_Data,Obs_Pond_05_20260220_08,Low,1,1.0,0,0,0,0,0,0,0,0,0,0
2026-02-20 12:00:00,28.35,7.97,2.79,7.89,1.0,1.0,Pond_01,Real_Data,Obs_Pond_01_20260220_12,Low,1,1.0,0,0,0,0,0,0,0,0,0,0
2026-02-20 12:00:00,28.35,7.970000000000001,2.79,7.89,0.0,1.0,Pond_02,Real_Data,Obs_Pond_02_20260220_12,Low,1,1.0,0,0,0,0,0,0,0,0,0,0
2026-02-20 12:00:00,27.284921784891623,7.99561403327381,3.6044963569168376,6.21170429339297,,,Pond_03,Real_Data,Obs_Pond_03_20260220_12,Low,1,1.0,0,0,0,0,0,0,0,0,0,0
2026-02-20 12:00:00,28.291743623582946,7.9785322857067245,2.784737225610786,7.861132123080325,0.0,1.0,Pond_04,Mock_Data,Obs_Pond_04_20260220_12,Low,1,1.0,0,0,0,0,0,0,0,0,0,0
2026-02-20 12:00:00,28.2856623943045,7.969803613417115,2.7796206171660973,7.859437222631182,0.0,1.0,Pond_05,Mock_Data,Obs_Pond_05_20260220_12,Low,1,1.0,0,0,0,0,0,0,0,0,0,0
2026-02-20 16:00:00,28.35,7.97,2.79,7.89,0.0,1.0,Pond_01,Real_Data,Obs_Pond_01_20260220_16,Low,1,1.0,0,0,0,0,0,0,0,0,0,0
2026-02-20 16:00:00,28.349999999999998,7.970000000000001,2.79,7.89,0.0,1.0,Pond_02,Real_Data,Obs_Pond_02_20260220_16,Low,1,1.0,0,0,0,0,0,0,0,0,0,0
2026-02-20 16:00:00,27.2958651866074,7.825561403758263,3.57343805652336,6.55728961554949,,,Pond_03,Real_Data,Obs_Pond_03_20260220_16,Low,1,1.0,0,0,0,0,0,0,0,0,0,0
2026-02-20 16:00:00,28.318149092043342,8.008794846213592,2.770258812254002,7.851967346291784,0.0,1.0,Pond_04,Mock_Data,Obs_Pond_04_20260220_16,Low,1,1.0,0,0,0,0,0,0,0,0,0,0
2026-02-20 16:00:00,28.266090501090133,7.9713033498603325,2.7166514101647605,7.968134052851047,0.0,1.0,Pond_05,Mock_Data,Obs_Pond_05_20260220_16,Low,1,1.0,0,0,0,0,0,0,0,0,0,0
2026-02-20 20:00:00,28.35,7.97,2.79,7.89,0.0,1.0,Pond_01,Real_Data,Obs_Pond_01_20260220_20,Low,1,1.0,0,0,0,0,0,0,0,0,0,0
2026-02-20 20:00:00,28.35,7.97,2.79,7.89,0.0,1.0,Pond_02,Real_Data,Obs_Pond_02_20260220_20,Low,1,1.0,0,0,0,0,0,0,0,0,0,0
2026-02-20 20:00:00,27.297335849220076,7.775416879178287,3.19530103465972,6.8724427027559,,,Pond_03,Real_Data,Obs_Pond_03_20260220_20,Unknown,0,1.0,0,-1,0,0,0,0,0,0,0,0
2026-02-20 20:00:00,28.284346985077402,7.965324696129818,2.783128730297283,7.919605400027886,0.0,1.0,Pond_04,Mock_Data,Obs_Pond_04_20260220_20,Low,1,1.0,0,0,0,0,0,0,0,0,0,0
2026-02-20 20:00:00,28.39552492174937,8.011303101331377,2.80612854851805,7.873928584070097,0.0,1.0,Pond_05,Mock_Data,Obs_Pond_05_20260220_20,Low,1,1.0,0,0,0,0,0,0,0,0,0,0
2026-02-21 00:00:00,28.35,7.97,2.79,7.89,0.0,1.0,Pond_01,Real_Data,Obs_Pond_01_20260221_00,Low,1,1.0,0,0,0,0,0,0,0,0,0,0
2026-02-21 00:00:00,28.35,7.97,2.79,7.89,0.0,1.0,Pond_02,Real_Data,Obs_Pond_02_20260221_00,Low,1,1.0,0,0,0,0,0,0,0,0,0,0
2026-02-21 00:00:00,27.24276130686225,7.688498391320673,3.3123468500940927,6.01343255584833,,,Pond_03,Real_Data,Obs_Pond_03_20260221_00,Low,1,1.0,0,0,0,0,0,0,0,0,0,0
2026-02-21 00:00:00,28.346114974343163,7.95182517409998,2.7740214706248447,7.826947048763582,0.0,1.0,Pond_04,Mock_Data,Obs_Pond_04_20260221_00,Low,1,1.0,0,0,0,0,0,0,0,0,0,0
2026-02-21 00:00:00,28.22125430525788,7.971742731526829,2.801403737035172,7.861073456807275,0.0,1.0,Pond_05,Mock_Data,Obs_Pond_05_20260221_00,Low,1,1.0,0,0,0,0,0,0,0,0,0,0
2026-02-21 04:00:00,28.35,7.97,2.79,7.89,1.0,1.0,Pond_01,Real_Data,Obs_Pond_01_20260221_04,Low,1,1.0,0,0,0,0,0,0,0,0,0,0
2026-02-21 04:00:00,28.35,7.970000000000001,2.79,7.89,0.0,1.0,Pond_02,Real_Data,Obs_Pond_02_20260221_04,Low,1,1.0,0,0,0,0,0,0,0,0,0,0
2026-02-21 04:00:00,26.908286408247,7.70575699918129,3.566207788813715,6.36976851558536,,,Pond_03,Real_Data,Obs_Pond_03_20260221_04,Low,1,1.0,0,0,0,0,0,0,0,0,0,0
2026-02-21 04:00:00,28.409202390948753,7.956018018366933,2.7318758437718853,7.909059642895366,0.0,1.0,Pond_04,Mock_Data,Obs_Pond_04_20260221_04,Low,1,1.0,0,0,0,0,0,0,0,0,0,0
2026-02-21 04:00:00,28.335417065395113,7.995276565313343,2.792746673968832,7.920019738567414,0.0,1.0,Pond_05,Mock_Data,Obs_Pond_05_20260221_04,Low,1,1.0,0,0,0,0,0,0,0,0,0,0
2026-02-21 08:00:00,28.35,7.97,2.79,7.89,1.0,1.0,Pond_01,Real_Data,Obs_Pond_01_20260221_08,Low,1,1.0,0,0,0,0,0,0,0,0,0,0
2026-02-21 08:00:00,28.35,7.970000000000001,2.79,7.89,0.0,1.0,Pond_02,Real_Data,Obs_Pond_02_20260221_08,Low,1,1.0,0,0,0,0,0,0,0,0,0,0
2026-02-21 08:00:00,27.1466369358519,8.053551003567133,3.351599006749575,6.37756333701376,,,Pond_03,Real_Data,Obs_Pond_03_20260221_08,Low,1,1.0,0,0,0,0,0,0,0,0,0,0
2026-02-21 08:00:00,28.28890194423288,7.946636269408338,2.7591848964664,7.938381737693853,0.0,1.0,Pond_04,Mock_Data,Obs_Pond_04_20260221_08,Low,1,1.0,0,0,0,0,0,0,0,0,0,0
2026-02-21 08:00:00,28.483004227113806,7.9606711460552395,2.7806510023055098,7.822843933021161,0.0,1.0,Pond_05,Mock_Data,Obs_Pond_05_20260221_08,Low,1,1.0,0,0,0,0,0,0,0,0,0,0
2026-02-21 12:00:00,28.35,7.97,2.79,7.89,0.0,1.0,Pond_01,Real_Data,Obs_Pond_01_20260221_12,Low,1,1.0,0,0,0,0,0,0,0,0,0,0
2026-02-21 12:00:00,28.35,7.97,2.79,7.89,0.0,1.0,Pond_02,Real_Data,Obs_Pond_02_20260221_12,Low,1,1.0,0,0,0,0,0,0,0,0,0,0
2026-02-21 12:00:00,27.502400560619975,7.916032855150905,3.293283903323235,5.96122672359852,,,Pond_03,Real_Data,Obs_Pond_03_20260221_12,Unknown,0,1.0,0,-1,0,0,0,0,0,0,0,0
2026-02-21 12:00:00,28.38124221200081,7.9531732655199106,2.8124761837841055,7.967486867996406,0.0,1.0,Pond_04,Mock_Data,Obs_Pond_04_20260221_12,Low,1,1.0,0,0,0,0,0,0,0,0,0,0
2026-02-21 12:00:00,28.254240552961683,7.963317097428785,2.777377068014146,7.954520628930644,0.0,2.0,Pond_05,Mock_Data,Obs_Pond_05_20260221_12,Medium,2,1.0,0,1,0,0,0,0,0,0,0,1
2026-02-21 16:00:00,28.35,7.97,2.79,7.89,1.0,1.0,Pond_01,Real_Data,Obs_Pond_01_20260221_16,Low,1,1.0,0,0,0,0,0,0,0,0,0,0
2026-02-21 16:00:00,28.35,7.970000000000001,2.79,7.89,0.0,1.0,Pond_02,Real_Data,Obs_Pond_02_20260221_16,Low,1,1.0,0,0,0,0,0,0,0,0,0,0
2026-02-21 16:00:00,26.689608227017423,7.677054063317815,3.19197941019696,5.9804890339022,,,Pond_03,Real_Data,Obs_Pond_03_20260221_16,Unknown,0,1.0,0,-1,0,0,0,0,0,0,0,0
2026-02-21 16:00:00,28.317133150575966,7.962055626893803,2.8038699112431535,7.883674777443115,0.0,1.0,Pond_04,Mock_Data,Obs_Pond_04_20260221_16,Low,1,1.0,0,0,0,0,0,0,0,0,0,0
2026-02-21 16:00:00,28.227152300957968,7.941503638999344,2.8116405846176686,7.823309049286906,0.0,1.0,Pond_05,Mock_Data,Obs_Pond_05_20260221_16,Low,1,1.0,0,0,0,0,0,0,0,0,0,0
2026-02-21 20:00:00,28.35,7.97,2.79,7.89,1.0,1.0,Pond_01,Real_Data,Obs_Pond_01_20260221_20,Low,1,1.0,0,0,0,0,0,0,0,0,0,0
2026-02-21 20:00:00,28.35,7.97,2.79,7.89,0.0,1.0,Pond_02,Real_Data,Obs_Pond_02_20260221_20,Low,1,1.0,0,0,0,0,0,0,0,0,0,0
2026-02-21 20:00:00,27.16061045298525,7.700371317386657,3.2009565350138076,6.53294421629725,,,Pond_03,Real_Data,Obs_Pond_03_20260221_20,Unknown,0,1.0,0,-1,0,0,0,0,0,0,0,0
2026-02-21 20:00:00,28.300855525526703,7.939862065448465,2.797246285631385,7.877137000867633,0.0,1.0,Pond_04,Mock_Data,Obs_Pond_04_20260221_20,Low,1,1.0,0,0,0,0,0,0,0,0,0,0
2026-02-21 20:00:00,28.257076558418287,7.954083126053343,2.788757505848375,7.823683875125305,0.0,1.0,Pond_05,Mock_Data,Obs_Pond_05_20260221_20,Low,1,1.0,0,0,0,0,0,0,0,0,0,0
2026-02-22 00:00:00,28.35,7.97,2.79,7.89,0.0,1.0,Pond_01,Real_Data,Obs_Pond_01_20260222_00,Low,1,1.0,0,0,0,0,0,0,0,0,0,0
2026-02-22 00:00:00,28.35,7.97,2.79,7.89,0.0,1.0,Pond_02,Real_Data,Obs_Pond_02_20260222_00,Low,1,1.0,0,0,0,0,0,0,0,0,0,0
2026-02-22 00:00:00,27.43966929357595,7.896978081742803,3.1706610061981397,6.36960068595214,,,Pond_03,Real_Data,Obs_Pond_03_20260222_00,Unknown,0,1.0,0,-1,0,0,0,0,0,0,0,0
2026-02-22 00:00:00,28.3433659591064,7.970334885722242,2.747091881049937,7.834551081119338,0.0,2.0,Pond_04,Mock_Data,Obs_Pond_04_20260222_00,Medium,2,1.0,0,1,0,0,0,0,0,0,0,1
2026-02-22 00:00:00,28.405682837244527,7.981299447458634,2.803580737726143,7.832548615377032,0.0,1.0,Pond_05,Mock_Data,Obs_Pond_05_20260222_00,Low,1,1.0,0,0,0,0,0,0,0,0,0,0
2026-02-22 04:00:00,28.35,7.97,2.79,7.89,1.0,1.0,Pond_01,Real_Data,Obs_Pond_01_20260222_04,Low,1,1.0,0,0,0,0,0,0,0,0,0,0
2026-02-22 04:00:00,28.35,7.97,2.79,7.89,0.0,1.0,Pond_02,Real_Data,Obs_Pond_02_20260222_04,Low,1,1.0,0,0,0,0,0,0,0,0,0,0
2026-02-22 04:00:00,27.429253806777076,7.845304268993183,3.48085960710433,6.10770393395698,,,Pond_03,Real_Data,Obs_Pond_03_20260222_04,Low,1,1.0,0,0,0,0,0,0,0,0,0,0
2026-02-22 04:00:00,28.28583278702759,7.989346477286309,2.782174073102915,7.837778438471603,0.0,1.0,Pond_04,Mock_Data,Obs_Pond_04_20260222_04,Low,1,1.0,0,0,0,0,0,0,0,0,0,0
2026-02-22 04:00:00,28.419716805210463,7.970162104132216,2.7992694793508397,7.937966163116817,0.0,1.0,Pond_05,Mock_Data,Obs_Pond_05_20260222_04,Low,1,1.0,0,0,0,0,0,0,0,0,0,0
2026-02-22 08:00:00,28.35,7.97,2.79,7.89,1.0,1.0,Pond_01,Real_Data,Obs_Pond_01_20260222_08,Low,1,1.0,0,0,0,0,0,0,0,0,0,0
2026-02-22 08:00:00,28.35,7.970000000000001,2.79,7.89,0.0,1.0,Pond_02,Real_Data,Obs_Pond_02_20260222_08,Low,1,1.0,0,0,0,0,0,0,0,0,0,0
2026-02-22 08:00:00,27.448399042452124,7.734877897819848,3.659815787295475,6.17390343395151,,,Pond_03,Real_Data,Obs_Pond_03_20260222_08,Low,1,1.0,0,0,0,0,0,0,0,0,0,0
2026-02-22 08:00:00,28.315683268430128,7.950536042769412,2.696130826024255,7.875696743996231,0.0,1.0,Pond_04,Mock_Data,Obs_Pond_04_20260222_08,Low,1,1.0,0,0,0,0,0,0,0,0,0,0
2026-02-22 08:00:00,28.31822831351589,7.990218333259685,2.838439155106457,7.85104760219125,0.0,1.0,Pond_05,Mock_Data,Obs_Pond_05_20260222_08,Low,1,1.0,0,0,0,0,0,0,0,0,0,0
2026-02-22 12:00:00,28.35,7.97,2.79,7.89,1.0,1.0,Pond_01,Real_Data,Obs_Pond_01_20260222_12,Low,1,1.0,0,0,0,0,0,0,0,0,0,0
2026-02-22 12:00:00,28.350000000000005,7.97,2.7900000000000005,7.89,0.0,1.0,Pond_02,Real_Data,Obs_Pond_02_20260222_12,Low,1,1.0,0,0,0,0,0,0,0,0,0,0
2026-02-22 12:00:00,27.108522997580824,7.811713628345142,3.5844899731310176,5.86249026629795,,,Pond_03,Real_Data,Obs_Pond_03_20260222_12,Low,1,1.0,0,0,0,0,0,0,0,0,0,0
2026-02-22 12:00:00,28.275752179770766,8.002576233527925,2.7976954324540015,7.913200938713664,0.0,2.0,Pond_04,Mock_Data,Obs_Pond_04_20260222_12,Medium,2,1.0,0,1,0,0,0,0,0,0,0,1
2026-02-22 12:00:00,28.392347414594177,7.973886417052971,2.8191901598488687,7.8048674358395065,0.0,2.0,Pond_05,Mock_Data,Obs_Pond_05_20260222_12,Medium,2,1.0,0,1,0,0,0,0,0,0,0,1
2026-02-22 16:00:00,28.35,7.97,2.79,7.89,1.0,1.0,Pond_01,Real_Data,Obs_Pond_01_20260222_16,Low,1,1.0,0,0,0,0,0,0,0,0,0,0
2026-02-22 16:00:00,28.35,7.97,2.79,7.89,0.0,1.0,Pond_02,Real_Data,Obs_Pond_02_20260222_16,Low,1,1.0,0,0,0,0,0,0,0,0,0,0
2026-02-22 16:00:00,26.930060015469525,7.903241152579652,3.3660460299014225,6.45072012238797,,,Pond_03,Real_Data,Obs_Pond_03_20260222_16,Low,1,1.0,0,0,0,0,0,0,0,0,0,0
2026-02-22 16:00:00,28.471779155764676,7.980952319116367,2.851608491202634,7.947697362789124,0.0,1.0,Pond_04,Mock_Data,Obs_Pond_04_20260222_16,Low,1,1.0,0,0,0,0,0,0,0,0,0,0
2026-02-22 16:00:00,28.43617191140139,7.962442745631048,2.7983156825918125,7.851748328849953,0.0,1.0,Pond_05,Mock_Data,Obs_Pond_05_20260222_16,Low,1,1.0,0,0,0,0,0,0,0,0,0,0
2026-02-22 20:00:00,28.35,7.97,2.79,7.89,1.0,1.0,Pond_01,Real_Data,Obs_Pond_01_20260222_20,Low,1,1.0,0,0,0,0,0,0,0,0,0,0
2026-02-22 20:00:00,28.35,7.97,2.79,7.89,0.0,1.0,Pond_02,Real_Data,Obs_Pond_02_20260222_20,Low,1,1.0,0,0,0,0,0,0,0,0,0,0
2026-02-22 20:00:00,27.229757136558224,7.677178417798608,3.479336398161775,6.25417128755877,,,Pond_03,Real_Data,Obs_Pond_03_20260222_20,Low,1,1.0,0,0,0,0,0,0,0,0,0,0
2026-02-22 20:00:00,28.35218573352396,7.992097537730908,2.7264393977148313,-1.5,0.0,1.0,Pond_04,Mock_Data,Obs_Pond_04_20260222_20,Low,1,0.5,1,0,0,1,0,0,1,1,0,0
2026-02-22 20:00:00,28.460784726963407,8.016063424507436,2.8554702632779767,7.887976366684936,0.0,1.0,Pond_05,Mock_Data,Obs_Pond_05_20260222_20,Low,1,1.0,0,0,0,0,0,0,0,0,0,0
2026-02-23 00:00:00,28.35,7.97,2.79,7.89,1.0,1.0,Pond_01,Real_Data,Obs_Pond_01_20260223_00,Low,1,1.0,0,0,0,0,0,0,0,0,0,0
2026-02-23 00:00:00,28.35,7.97,2.79,7.89,0.0,1.0,Pond_02,Real_Data,Obs_Pond_02_20260223_00,Low,1,1.0,0,0,0,0,0,0,0,0,0,0
2026-02-23 00:00:00,27.6788602717746,7.76908834096929,3.5330375533925875,5.27243246171374,,,Pond_03,Real_Data,Obs_Pond_03_20260223_00,Low,1,1.0,0,0,0,0,0,0,0,0,0,0
2026-02-23 00:00:00,28.306629057061098,7.955894820766839,2.764736378780352,7.984270625206916,0.0,1.0,Pond_04,Mock_Data,Obs_Pond_04_20260223_00,Low,1,1.0,0,0,0,0,0,0,0,0,0,0
2026-02-23 00:00:00,28.334731450687656,7.96798653527764,2.8081208456472164,7.815415778815262,0.0,1.0,Pond_05,Mock_Data,Obs_Pond_05_20260223_00,Low,1,1.0,0,0,0,0,0,0,0,0,0,0
2026-02-23 04:00:00,28.35,7.97,2.79,7.89,0.0,1.0,Pond_01,Real_Data,Obs_Pond_01_20260223_04,Low,1,1.0,0,0,0,0,0,0,0,0,0,0
2026-02-23 04:00:00,28.35,7.970000000000001,2.79,7.89,0.0,1.0,Pond_02,Real_Data,Obs_Pond_02_20260223_04,Low,1,1.0,0,0,0,0,0,0,0,0,0,0
2026-02-23 04:00:00,27.308321917622976,7.695576537876917,3.1988012983769276,6.56864324873244,,,Pond_03,Real_Data,Obs_Pond_03_20260223_04,Unknown,0,1.0,0,-1,0,0,0,0,0,0,0,0
2026-02-23 04:00:00,28.36326307300866,7.988322587976643,2.804190196805472,7.872877211020347,0.0,1.0,Pond_04,Mock_Data,Obs_Pond_04_20260223_04,Low,1,1.0,0,0,0,0,0,0,0,0,0,0
2026-02-23 04:00:00,28.207348349599368,7.994936873610503,2.8462664720863864,7.817265673198435,0.0,1.0,Pond_05,Mock_Data,Obs_Pond_05_20260223_04,Low,1,1.0,0,0,0,0,0,0,0,0,0,0
2026-02-23 08:00:00,28.35,7.97,2.79,7.89,1.0,1.0,Pond_01,Real_Data,Obs_Pond_01_20260223_08,Low,1,1.0,0,0,0,0,0,0,0,0,0,0
2026-02-23 08:00:00,28.35,7.970000000000001,2.79,7.89,0.0,1.0,Pond_02,Real_Data,Obs_Pond_02_20260223_08,Low,1,1.0,0,0,0,0,0,0,0,0,0,0
2026-02-23 08:00:00,27.55371513802745,7.913099267606728,2.923362690550473,6.20276050784623,,,Pond_03,Real_Data,Obs_Pond_03_20260223_08,Unknown,0,1.0,0,-1,0,0,0,0,0,0,0,0
2026-02-23 08:00:00,28.343037593487832,7.946586934684945,2.8440191958928644,7.888650550262731,0.0,1.0,Pond_04,Mock_Data,Obs_Pond_04_20260223_08,Low,1,1.0,0,0,0,0,0,0,0,0,0,0
2026-02-23 08:00:00,28.299119629773514,7.96139733883669,2.816169728549465,8.023338748317322,0.0,2.0,Pond_05,Mock_Data,Obs_Pond_05_20260223_08,Medium,2,1.0,0,1,0,0,0,0,0,0,0,1
2026-02-23 12:00:00,28.35,7.97,2.79,7.89,0.0,1.0,Pond_01,Real_Data,Obs_Pond_01_20260223_12,Low,1,1.0,0,0,0,0,0,0,0,0,0,0
2026-02-23 12:00:00,28.35,7.97,2.79,7.89,0.0,1.0,Pond_02,Real_Data,Obs_Pond_02_20260223_12,Low,1,1.0,0,0,0,0,0,0,0,0,0,0
2026-02-23 12:00:00,27.258218441850502,7.574869145943103,3.3663623114591275,6.66032070571629,,,Pond_03,Real_Data,Obs_Pond_03_20260223_12,Low,1,1.0,0,0,0,0,0,0,0,0,0,0
2026-02-23 12:00:00,28.336303686541196,7.989088539037118,2.770673763259193,7.842809907156805,0.0,1.0,Pond_04,Mock_Data,Obs_Pond_04_20260223_12,Low,1,1.0,0,0,0,0,0,0,0,0,0,0
2026-02-23 12:00:00,28.323545482945555,7.985215114167919,2.710581416365132,7.835651061891948,0.0,1.0,Pond_05,Mock_Data,Obs_Pond_05_20260223_12,Low,1,1.0,0,0,0,0,0,0,0,0,0,0
2026-02-23 16:00:00,28.35,7.97,2.79,7.89,0.0,1.0,Pond_01,Real_Data,Obs_Pond_01_20260223_16,Low,1,1.0,0,0,0,0,0,0,0,0,0,0
2026-02-23 16:00:00,28.349999999999998,7.970000000000001,2.79,7.89,0.0,1.0,Pond_02,Real_Data,Obs_Pond_02_20260223_16,Low,1,1.0,0,0,0,0,0,0,0,0,0,0
2026-02-23 16:00:00,27.570164939401774,7.803914173033998,3.1319345562174523,6.50415081524762,,,Pond_03,Real_Data,Obs_Pond_03_20260223_16,Unknown,0,1.0,0,-1,0,0,0,0,0,0,0,0
2026-02-23 16:00:00,28.38806776885836,7.973684550580237,2.760152032573027,7.736897303469666,0.0,2.0,Pond_04,Mock_Data,Obs_Pond_04_20260223_16,Medium,2,1.0,0,1,0,0,0,0,0,0,0,1
2026-02-23 16:00:00,28.333950249572453,7.989898357614179,2.846260956285046,7.869598285465679,0.0,1.0,Pond_05,Mock_Data,Obs_Pond_05_20260223_16,Low,1,1.0,0,0,0,0,0,0,0,0,0,0
2026-02-23 20:00:00,28.35,7.97,2.79,7.89,0.0,1.0,Pond_01,Real_Data,Obs_Pond_01_20260223_20,Low,1,1.0,0,0,0,0,0,0,0,0,0,0
2026-02-23 20:00:00,28.35,7.97,2.79,7.89,0.0,1.0,Pond_02,Real_Data,Obs_Pond_02_20260223_20,Low,1,1.0,0,0,0,0,0,0,0,0,0,0
2026-02-23 20:00:00,26.87663903745835,7.905291978094382,3.3029158613897778,5.91517193063874,,,Pond_03,Real_Data,Obs_Pond_03_20260223_20,Low,1,1.0,0,0,0,0,0,0,0,0,0,0
2026-02-23 20:00:00,28.39695244534174,7.981862720760338,2.7051053436357773,7.945831815128285,0.0,1.0,Pond_04,Mock_Data,Obs_Pond_04_20260223_20,Low,1,1.0,0,0,0,0,0,0,0,0,0,0
2026-02-23 20:00:00,28.338355949199194,7.9744704502012285,2.795828435000927,7.866807177073384,0.0,1.0,Pond_05,Mock_Data,Obs_Pond_05_20260223_20,Low,1,1.0,0,0,0,0,0,0,0,0,0,0
2026-02-24 00:00:00,28.35,7.97,2.79,7.89,0.0,1.0,Pond_01,Real_Data,Obs_Pond_01_20260224_00,Low,1,1.0,0,0,0,0,0,0,0,0,0,0
2026-02-24 00:00:00,28.35,7.97,2.7899999999999996,7.89,0.0,1.0,Pond_02,Real_Data,Obs_Pond_02_20260224_00,Low,1,1.0,0,0,0,0,0,0,0,0,0,0
2026-02-24 00:00:00,27.776642820749,7.869069020782023,3.4067202588221352,6.18200064462936,,,Pond_03,Real_Data,Obs_Pond_03_20260224_00,Low,1,1.0,0,0,0,0,0,0,0,0,0,0
2026-02-24 00:00:00,28.317118055953046,7.9447930957399935,2.794459973197224,7.936535316410457,0.0,1.0,Pond_04,Mock_Data,Obs_Pond_04_20260224_00,Low,1,1.0,0,0,0,0,0,0,0,0,0,0
2026-02-24 00:00:00,28.4193522148431,7.919515568266249,2.7877598503836514,7.863389245064429,0.0,1.0,Pond_05,Mock_Data,Obs_Pond_05_20260224_00,Low,1,1.0,0,0,0,0,0,0,0,0,0,0
2026-02-24 04:00:00,28.35,7.97,2.79,7.89,1.0,1.0,Pond_01,Real_Data,Obs_Pond_01_20260224_04,Low,1,1.0,0,0,0,0,0,0,0,0,0,0
2026-02-24 04:00:00,28.35,7.97,2.79,7.89,0.0,1.0,Pond_02,Real_Data,Obs_Pond_02_20260224_04,Low,1,1.0,0,0,0,0,0,0,0,0,0,0
2026-02-24 04:00:00,26.810895276144002,7.992504925996204,3.5394835961651374,6.84774916431411,,,Pond_03,Real_Data,Obs_Pond_03_20260224_04,Low,1,1.0,0,0,0,0,0,0,0,0,0,0
2026-02-24 04:00:00,28.31430917585122,7.950808061118744,2.878048812044985,7.8722327810040404,0.0,1.0,Pond_04,Mock_Data,Obs_Pond_04_20260224_04,Low,1,1.0,0,0,0,0,0,0,0,0,0,0
2026-02-24 04:00:00,28.428992636315567,7.970391366233826,2.80213098203999,7.9292411028430365,0.0,1.0,Pond_05,Mock_Data,Obs_Pond_05_20260224_04,Low,1,1.0,0,0,0,0,0,0,0,0,0,0
2026-02-24 08:00:00,28.35,7.97,2.79,7.89,1.0,1.0,Pond_01,Real_Data,Obs_Pond_01_20260224_08,Low,1,1.0,0,0,0,0,0,0,0,0,0,0
2026-02-24 08:00:00,28.35,7.970000000000001,2.79,7.89,0.0,1.0,Pond_02,Real_Data,Obs_Pond_02_20260224_08,Low,1,1.0,0,0,0,0,0,0,0,0,0,0
2026-02-24 08:00:00,27.413043198841947,7.663770535773027,3.4772202714598923,6.04438912972773,,,Pond_03,Real_Data,Obs_Pond_03_20260224_08,Low,1,1.0,0,0,0,0,0,0,0,0,0,0
2026-02-24 08:00:00,28.332951526954282,7.982805668252353,2.801958948935562,7.894230793299536,0.0,1.0,Pond_04,Mock_Data,Obs_Pond_04_20260224_08,Low,1,1.0,0,0,0,0,0,0,0,0,0,0
2026-02-24 08:00:00,28.339359187047727,7.996383319956766,2.775125256362293,7.949879890946598,0.0,2.0,Pond_05,Mock_Data,Obs_Pond_05_20260224_08,Medium,2,1.0,0,1,0,0,0,0,0,0,0,1
2026-02-24 12:00:00,28.35,7.97,2.79,7.89,0.0,1.0,Pond_01,Real_Data,Obs_Pond_01_20260224_12,Low,1,1.0,0,0,0,0,0,0,0,0,0,0
2026-02-24 12:00:00,28.35,7.970000000000001,2.79,7.89,0.0,1.0,Pond_02,Real_Data,Obs_Pond_02_20260224_12,Low,1,1.0,0,0,0,0,0,0,0,0,0,0
2026-02-24 12:00:00,27.280231938960476,7.759345998071515,2.9429599417222225,6.52100908529181,,,Pond_03,Real_Data,Obs_Pond_03_20260224_12,Unknown,0,1.0,0,-1,0,0,0,0,0,0,0,0
2026-02-24 12:00:00,28.207320491613896,7.949665679620108,2.789039390496662,7.922584099344738,0.0,1.0,Pond_04,Mock_Data,Obs_Pond_04_20260224_12,Low,1,1.0,0,0,0,0,0,0,0,0,0,0
2026-02-24 12:00:00,28.418087163229437,7.981310156403832,2.7997888722379636,7.870677472752796,0.0,1.0,Pond_05,Mock_Data,Obs_Pond_05_20260224_12,Low,1,1.0,0,0,0,0,0,0,0,0,0,0
2026-02-24 16:00:00,28.35,7.97,2.79,7.89,0.0,1.0,Pond_01,Real_Data,Obs_Pond_01_20260224_16,Low,1,1.0,0,0,0,0,0,0,0,0,0,0
2026-02-24 16:00:00,28.35,7.97,2.79,7.89,0.0,1.0,Pond_02,Real_Data,Obs_Pond_02_20260224_16,Low,1,1.0,0,0,0,0,0,0,0,0,0,0
2026-02-24 16:00:00,27.309662234979825,7.926220097855239,3.4205785910589723,5.4073067654626,,,Pond_03,Real_Data,Obs_Pond_03_20260224_16,Low,1,1.0,0,0,0,0,0,0,0,0,0,0
2026-02-24 16:00:00,28.25608422252795,7.979931992373654,2.8038873206904387,7.791317543453925,0.0,1.0,Pond_04,Mock_Data,Obs_Pond_04_20260224_16,Low,1,1.0,0,0,0,0,0,0,0,0,0,0
2026-02-24 16:00:00,28.37216885128014,7.97955960310597,2.7644799001139546,-1.5,0.0,1.0,Pond_05,Mock_Data,Obs_Pond_05_20260224_16,Low,1,0.5,1,0,0,1,0,0,1,1,0,0
2026-02-24 20:00:00,28.35,7.97,2.79,7.89,1.0,1.0,Pond_01,Real_Data,Obs_Pond_01_20260224_20,Low,1,1.0,0,0,0,0,0,0,0,0,0,0
2026-02-24 20:00:00,28.349999999999998,7.970000000000001,2.79,7.89,0.0,1.0,Pond_02,Real_Data,Obs_Pond_02_20260224_20,Low,1,1.0,0,0,0,0,0,0,0,0,0,0
2026-02-24 20:00:00,27.149344547469028,7.57725703883305,3.4679096923773827,6.44642957598485,,,Pond_03,Real_Data,Obs_Pond_03_20260224_20,Low,1,1.0,0,0,0,0,0,0,0,0,0,0
2026-02-24 20:00:00,28.43472268794097,7.940686058244235,2.789521742701215,7.856587721177772,0.0,1.0,Pond_04,Mock_Data,Obs_Pond_04_20260224_20,Low,1,1.0,0,0,0,0,0,0,0,0,0,0
2026-02-24 20:00:00,28.353998260512565,7.933071652900002,2.844943183504344,7.970487168969148,0.0,1.0,Pond_05,Mock_Data,Obs_Pond_05_20260224_20,Low,1,1.0,0,0,0,0,0,0,0,0,0,0
2026-02-25 00:00:00,28.35,7.97,2.79,7.89,0.0,1.0,Pond_01,Real_Data,Obs_Pond_01_20260225_00,Low,1,1.0,0,0,0,0,0,0,0,0,0,0
2026-02-25 00:00:00,28.35,7.97,2.79,7.89,0.0,1.0,Pond_02,Real_Data,Obs_Pond_02_20260225_00,Low,1,1.0,0,0,0,0,0,0,0,0,0,0
2026-02-25 00:00:00,27.540793535662452,7.891765652108223,3.484739766512285,6.3364550755908,,,Pond_03,Real_Data,Obs_Pond_03_20260225_00,Low,1,1.0,0,0,0,0,0,0,0,0,0,0
2026-02-25 00:00:00,28.451959697086476,7.988186410580823,2.754945012699936,7.940161721262402,0.0,1.0,Pond_04,Mock_Data,Obs_Pond_04_20260225_00,Low,1,1.0,0,0,0,0,0,0,0,0,0,0
2026-02-25 00:00:00,28.406190140934566,7.954552122046792,2.7851023868503644,7.883978741137351,0.0,1.0,Pond_05,Mock_Data,Obs_Pond_05_20260225_00,Low,1,1.0,0,0,0,0,0,0,0,0,0,0
2026-02-25 04:00:00,28.35,7.97,2.79,7.89,0.0,1.0,Pond_01,Real_Data,Obs_Pond_01_20260225_04,Low,1,1.0,0,0,0,0,0,0,0,0,0,0
2026-02-25 04:00:00,28.35,7.97,2.79,7.89,0.0,1.0,Pond_02,Real_Data,Obs_Pond_02_20260225_04,Low,1,1.0,0,0,0,0,0,0,0,0,0,0
2026-02-25 04:00:00,27.585885261680925,7.835452592279652,3.196324685563055,5.88344646240295,,,Pond_03,Real_Data,Obs_Pond_03_20260225_04,Unknown,0,1.0,0,-1,0,0,0,0,0,0,0,0
2026-02-25 04:00:00,28.33456405013401,7.9435724398147585,2.825497609849443,7.810785453461998,0.0,2.0,Pond_04,Mock_Data,Obs_Pond_04_20260225_04,Medium,2,1.0,0,1,0,0,0,0,0,0,0,1
2026-02-25 04:00:00,28.354478383917055,7.978820261998009,2.773504016404333,7.999278333530385,0.0,1.0,Pond_05,Mock_Data,Obs_Pond_05_20260225_04,Low,1,1.0,0,0,0,0,0,0,0,0,0,0
2026-02-25 08:00:00,28.35,7.97,2.79,7.89,0.0,1.0,Pond_01,Real_Data,Obs_Pond_01_20260225_08,Low,1,1.0,0,0,0,0,0,0,0,0,0,0
2026-02-25 08:00:00,28.35,7.97,2.79,7.89,0.0,1.0,Pond_02,Real_Data,Obs_Pond_02_20260225_08,Low,1,1.0,0,0,0,0,0,0,0,0,0,0
2026-02-25 08:00:00,26.946415674124175,7.94655995335725,3.2035908580867574,6.55818062224456,,,Pond_03,Real_Data,Obs_Pond_03_20260225_08,Unknown,0,1.0,0,-1,0,0,0,0,0,0,0,0
2026-02-25 08:00:00,28.385736612228783,7.981842323523163,2.799734228072162,7.908539627337729,0.0,2.0,Pond_04,Mock_Data,Obs_Pond_04_20260225_08,Medium,2,1.0,0,1,0,0,0,0,0,0,0,1
2026-02-25 08:00:00,28.477548888987897,7.97879937005357,2.750119693046255,7.748180205220662,0.0,1.0,Pond_05,Mock_Data,Obs_Pond_05_20260225_08,Low,1,1.0,0,0,0,0,0,0,0,0,0,0
2026-02-25 12:00:00,28.35,7.97,2.79,7.89,1.0,1.0,Pond_01,Real_Data,Obs_Pond_01_20260225_12,Low,1,1.0,0,0,0,0,0,0,0,0,0,0
2026-02-25 12:00:00,28.35,7.970000000000001,2.79,7.89,0.0,1.0,Pond_02,Real_Data,Obs_Pond_02_20260225_12,Low,1,1.0,0,0,0,0,0,0,0,0,0,0
2026-02-25 12:00:00,27.736924985106373,7.891464817963982,3.36153788336149,5.57682337634646,,,Pond_03,Real_Data,Obs_Pond_03_20260225_12,Low,1,1.0,0,0,0,0,0,0,0,0,0,0
2026-02-25 12:00:00,28.369292154620975,7.9834146745579275,2.790759435926244,7.804325186428326,0.0,1.0,Pond_04,Mock_Data,Obs_Pond_04_20260225_12,Low,1,1.0,0,0,0,0,0,0,0,0,0,0
2026-02-25 12:00:00,28.26084325506912,7.996044683335669,2.8015888872283745,7.902340674552538,0.0,1.0,Pond_05,Mock_Data,Obs_Pond_05_20260225_12,Low,1,1.0,0,0,0,0,0,0,0,0,0,0
2026-02-25 16:00:00,28.35,7.97,2.79,7.89,0.0,1.0,Pond_01,Real_Data,Obs_Pond_01_20260225_16,Low,1,1.0,0,0,0,0,0,0,0,0,0,0
2026-02-25 16:00:00,28.35,7.97,2.79,7.89,0.0,1.0,Pond_02,Real_Data,Obs_Pond_02_20260225_16,Low,1,1.0,0,0,0,0,0,0,0,0,0,0
2026-02-25 16:00:00,27.119274606374802,7.635094702521293,3.5392120738856,6.09287419751484,,,Pond_03,Real_Data,Obs_Pond_03_20260225_16,Low,1,1.0,0,0,0,0,0,0,0,0,0,0
2026-02-25 16:00:00,28.54083763895115,7.955059934407499,2.747944847144457,7.919457347616662,0.0,1.0,Pond_04,Mock_Data,Obs_Pond_04_20260225_16,Low,1,1.0,0,0,0,0,0,0,0,0,0,0
2026-02-25 16:00:00,28.318068267609103,7.966893791099454,2.798067553591215,8.01116942702022,0.0,1.0,Pond_05,Mock_Data,Obs_Pond_05_20260225_16,Low,1,1.0,0,0,0,0,0,0,0,0,0,0
2026-02-25 20:00:00,28.35,7.97,2.79,7.89,0.0,1.0,Pond_01,Real_Data,Obs_Pond_01_20260225_20,Low,1,1.0,0,0,0,0,0,0,0,0,0,0
2026-02-25 20:00:00,28.35,7.97,2.79,7.89,0.0,1.0,Pond_02,Real_Data,Obs_Pond_02_20260225_20,Low,1,1.0,0,0,0,0,0,0,0,0,0,0
2026-02-25 20:00:00,26.9926701380338,7.872823378023045,3.3578449631666976,6.53976858427734,,,Pond_03,Real_Data,Obs_Pond_03_20260225_20,Low,1,1.0,0,0,0,0,0,0,0,0,0,0
2026-02-25 20:00:00,28.419394382575764,7.982479716973086,2.84620374689377,7.887749065083397,0.0,1.0,Pond_04,Mock_Data,Obs_Pond_04_20260225_20,Low,1,1.0,0,0,0,0,0,0,0,0,0,0
2026-02-25 20:00:00,28.34215800510657,7.978701612656477,2.8067478218886155,7.867689632249177,0.0,2.0,Pond_05,Mock_Data,Obs_Pond_05_20260225_20,Medium,2,1.0,0,1,0,0,0,0,0,0,0,1
2026-02-26 00:00:00,28.35,7.97,2.79,7.89,0.0,1.0,Pond_01,Real_Data,Obs_Pond_01_20260226_00,Low,1,1.0,0,0,0,0,0,0,0,0,0,0
2026-02-26 00:00:00,28.35,7.97,2.79,7.89,0.0,1.0,Pond_02,Real_Data,Obs_Pond_02_20260226_00,Low,1,1.0,0,0,0,0,0,0,0,0,0,0
2026-02-26 00:00:00,26.99026714261695,7.915148087267365,3.2109709382372125,6.94400204686688,,,Pond_03,Real_Data,Obs_Pond_03_20260226_00,Unknown,0,1.0,0,-1,0,0,0,0,0,0,0,0
2026-02-26 00:00:00,28.342071310110004,7.975584359749268,2.8186601898945454,7.787996481487677,0.0,2.0,Pond_04,Mock_Data,Obs_Pond_04_20260226_00,Medium,2,1.0,0,1,0,0,0,0,0,0,0,1
2026-02-26 00:00:00,28.377238506163483,7.970351093775624,2.7457076687705375,7.8757589811834485,0.0,1.0,Pond_05,Mock_Data,Obs_Pond_05_20260226_00,Low,1,1.0,0,0,0,0,0,0,0,0,0,0
2026-02-26 04:00:00,28.35,7.97,2.79,7.89,1.0,1.0,Pond_01,Real_Data,Obs_Pond_01_20260226_04,Low,1,1.0,0,0,0,0,0,0,0,0,0,0
2026-02-26 04:00:00,28.35,7.97,2.79,7.89,0.0,1.0,Pond_02,Real_Data,Obs_Pond_02_20260226_04,Low,1,1.0,0,0,0,0,0,0,0,0,0,0
2026-02-26 04:00:00,27.050760950030575,7.860832092720278,3.4251751674490474,6.68259146547234,,,Pond_03,Real_Data,Obs_Pond_03_20260226_04,Low,1,1.0,0,0,0,0,0,0,0,0,0,0
2026-02-26 04:00:00,28.29077293245463,7.9584462424246025,2.766159544537978,7.963559019229519,0.0,1.0,Pond_04,Mock_Data,Obs_Pond_04_20260226_04,Low,1,1.0,0,0,0,0,0,0,0,0,0,0
2026-02-26 04:00:00,28.42859173534019,7.94883813778145,2.7209613845651894,7.90866301685528,0.0,1.0,Pond_05,Mock_Data,Obs_Pond_05_20260226_04,Low,1,1.0,0,0,0,0,0,0,0,0,0,0
2026-02-26 08:00:00,28.35,7.97,2.79,7.89,1.0,1.0,Pond_01,Real_Data,Obs_Pond_01_20260226_08,Low,1,1.0,0,0,0,0,0,0,0,0,0,0
2026-02-26 08:00:00,28.35,7.97,2.79,7.89,0.0,1.0,Pond_02,Real_Data,Obs_Pond_02_20260226_08,Low,1,1.0,0,0,0,0,0,0,0,0,0,0
2026-02-26 08:00:00,27.648968507700502,7.799470221654882,3.2968999364223475,6.25085137877212,,,Pond_03,Real_Data,Obs_Pond_03_20260226_08,Unknown,0,1.0,0,-1,0,0,0,0,0,0,0,0
2026-02-26 08:00:00,28.25042796654622,7.948374737991437,2.833195986099336,7.843606928694605,0.0,1.0,Pond_04,Mock_Data,Obs_Pond_04_20260226_08,Low,1,1.0,0,0,0,0,0,0,0,0,0,0
2026-02-26 08:00:00,28.348487708601013,7.92163169698007,2.8169738099505346,7.854709295492217,0.0,1.0,Pond_05,Mock_Data,Obs_Pond_05_20260226_08,Low,1,1.0,0,0,0,0,0,0,0,0,0,0
2026-02-26 12:00:00,28.35,7.97,2.79,7.89,1.0,1.0,Pond_01,Real_Data,Obs_Pond_01_20260226_12,Low,1,1.0,0,0,0,0,0,0,0,0,0,0
2026-02-26 12:00:00,28.35,7.970000000000001,2.79,7.89,0.0,1.0,Pond_02,Real_Data,Obs_Pond_02_20260226_12,Low,1,1.0,0,0,0,0,0,0,0,0,0,0
2026-02-26 12:00:00,27.38551713113065,7.972940049549052,3.7499969968337776,6.17448077325624,,,Pond_03,Real_Data,Obs_Pond_03_20260226_12,Medium,1,1.0,0,1,0,0,0,0,0,0,0,1
2026-02-26 12:00:00,28.362611244896097,7.927917705923868,2.768546087233382,7.838828573219384,0.0,1.0,Pond_04,Mock_Data,Obs_Pond_04_20260226_12,Low,1,1.0,0,0,0,0,0,0,0,0,0,0
2026-02-26 12:00:00,28.261846230743096,7.979241638225179,2.854013753494351,7.870291122504778,0.0,1.0,Pond_05,Mock_Data,Obs_Pond_05_20260226_12,Low,1,1.0,0,0,0,0,0,0,0,0,0,0
2026-02-26 16:00:00,28.35,7.97,2.79,7.89,1.0,1.0,Pond_01,Real_Data,Obs_Pond_01_20260226_16,Low,1,1.0,0,0,0,0,0,0,0,0,0,0
2026-02-26 16:00:00,28.35,7.97,2.79,7.89,0.0,1.0,Pond_02,Real_Data,Obs_Pond_02_20260226_16,Low,1,1.0,0,0,0,0,0,0,0,0,0,0
2026-02-26 16:00:00,27.58578034675055,8.004680066450717,3.502969290614913,6.543473476571,,,Pond_03,Real_Data,Obs_Pond_03_20260226_16,Low,1,1.0,0,0,0,0,0,0,0,0,0,0
2026-02-26 16:00:00,28.303119266568356,7.977497138235085,2.7562821182085955,7.902666931343481,0.0,1.0,Pond_04,Mock_Data,Obs_Pond_04_20260226_16,Low,1,1.0,0,0,0,0,0,0,0,0,0,0
2026-02-26 16:00:00,28.402221366394393,7.973729747149041,2.7457463995399816,7.868665315193004,0.0,1.0,Pond_05,Mock_Data,Obs_Pond_05_20260226_16,Low,1,1.0,0,0,0,0,0,0,0,0,0,0
2026-02-26 20:00:00,28.35,7.97,2.79,7.89,1.0,1.0,Pond_01,Real_Data,Obs_Pond_01_20260226_20,Low,1,1.0,0,0,0,0,0,0,0,0,0,0
2026-02-26 20:00:00,28.35,7.97,2.79,7.89,0.0,1.0,Pond_02,Real_Data,Obs_Pond_02_20260226_20,Low,1,1.0,0,0,0,0,0,0,0,0,0,0
2026-02-26 20:00:00,27.276350495674524,7.801668082173255,3.091403946004285,6.27588077342672,,,Pond_03,Real_Data,Obs_Pond_03_20260226_20,Unknown,0,1.0,0,-1,0,0,0,0,0,0,0,0
2026-02-26 20:00:00,28.26184473943137,7.936447758900228,2.75724365024316,7.9625420984111495,0.0,1.0,Pond_04,Mock_Data,Obs_Pond_04_20260226_20,Low,1,1.0,0,0,0,0,0,0,0,0,0,0
2026-02-26 20:00:00,28.396794454673383,7.956745193430126,2.858532421947918,7.8503752945308705,0.0,2.0,Pond_05,Mock_Data,Obs_Pond_05_20260226_20,Medium,2,1.0,0,1,0,0,0,0,0,0,0,1
2026-02-27 00:00:00,28.35,7.97,2.79,7.89,1.0,1.0,Pond_01,Real_Data,Obs_Pond_01_20260227_00,Low,1,1.0,0,0,0,0,0,0,0,0,0,0
2026-02-27 00:00:00,28.35,7.97,2.79,7.89,0.0,1.0,Pond_02,Real_Data,Obs_Pond_02_20260227_00,Low,1,1.0,0,0,0,0,0,0,0,0,0,0
2026-02-27 00:00:00,27.389969870104427,7.683600702143615,3.051004963007225,6.71095084325465,,,Pond_03,Real_Data,Obs_Pond_03_20260227_00,Unknown,0,1.0,0,-1,0,0,0,0,0,0,0,0
2026-02-27 00:00:00,28.309923605259478,7.972044354487138,2.713636299978986,7.8258458556156345,0.0,1.0,Pond_04,Mock_Data,Obs_Pond_04_20260227_00,Low,1,1.0,0,0,0,0,0,0,0,0,0,0
2026-02-27 00:00:00,28.229638172184156,7.935281960277213,2.8022414792381642,7.967608335513529,0.0,1.0,Pond_05,Mock_Data,Obs_Pond_05_20260227_00,Low,1,1.0,0,0,0,0,0,0,0,0,0,0
2026-02-27 04:00:00,28.35,7.97,2.79,7.89,1.0,1.0,Pond_01,Real_Data,Obs_Pond_01_20260227_04,Low,1,1.0,0,0,0,0,0,0,0,0,0,0
2026-02-27 04:00:00,28.350000000000005,7.97,2.79,7.89,0.0,1.0,Pond_02,Real_Data,Obs_Pond_02_20260227_04,Low,1,1.0,0,0,0,0,0,0,0,0,0,0
2026-02-27 04:00:00,27.384531833953623,7.787199175426925,3.55975748743513,6.18545009641577,,,Pond_03,Real_Data,Obs_Pond_03_20260227_04,Low,1,1.0,0,0,0,0,0,0,0,0,0,0
2026-02-27 04:00:00,28.282962631468138,7.964351187111202,2.8103316358492534,7.893895385902158,0.0,1.0,Pond_04,Mock_Data,Obs_Pond_04_20260227_04,Low,1,1.0,0,0,0,0,0,0,0,0,0,0
2026-02-27 04:00:00,28.349764209161332,7.983502770064181,2.789695466602094,7.919119345640905,0.0,1.0,Pond_05,Mock_Data,Obs_Pond_05_20260227_04,Low,1,1.0,0,0,0,0,0,0,0,0,0,0
2026-02-27 08:00:00,28.35,7.97,2.79,7.89,0.0,1.0,Pond_01,Real_Data,Obs_Pond_01_20260227_08,Low,1,1.0,0,0,0,0,0,0,0,0,0,0
2026-02-27 08:00:00,28.35,7.970000000000001,2.79,7.89,0.0,1.0,Pond_02,Real_Data,Obs_Pond_02_20260227_08,Low,1,1.0,0,0,0,0,0,0,0,0,0,0
2026-02-27 08:00:00,27.182891723942376,7.845731534825115,3.6240707733041373,6.21958788843903,,,Pond_03,Real_Data,Obs_Pond_03_20260227_08,Low,1,1.0,0,0,0,0,0,0,0,0,0,0
2026-02-27 08:00:00,28.454573754634875,7.984562066580976,2.711045970840243,7.917081871212682,0.0,1.0,Pond_04,Mock_Data,Obs_Pond_04_20260227_08,Low,1,1.0,0,0,0,0,0,0,0,0,0,0
2026-02-27 08:00:00,28.25143856438641,7.9642981859401285,2.7728587722627487,7.9058284056207055,0.0,1.0,Pond_05,Mock_Data,Obs_Pond_05_20260227_08,Low,1,1.0,0,0,0,0,0,0,0,0,0,0
2026-02-27 12:00:00,28.35,7.97,2.79,7.89,0.0,1.0,Pond_01,Real_Data,Obs_Pond_01_20260227_12,Low,1,1.0,0,0,0,0,0,0,0,0,0,0
2026-02-27 12:00:00,28.35,7.970000000000001,2.79,7.89,0.0,1.0,Pond_02,Real_Data,Obs_Pond_02_20260227_12,Low,1,1.0,0,0,0,0,0,0,0,0,0,0
2026-02-27 12:00:00,27.642205506431473,7.8514408118707975,3.4242024979966947,5.73159451551551,,,Pond_03,Real_Data,Obs_Pond_03_20260227_12,Low,1,1.0,0,0,0,0,0,0,0,0,0,0
2026-02-27 12:00:00,28.40464649659696,7.963523590571632,2.7370328147039387,7.933773028272508,0.0,1.0,Pond_04,Mock_Data,Obs_Pond_04_20260227_12,Low,1,1.0,0,0,0,0,0,0,0,0,0,0
2026-02-27 12:00:00,28.30880306706734,7.981940415296555,2.730303316591156,7.9410652361978284,0.0,1.0,Pond_05,Mock_Data,Obs_Pond_05_20260227_12,Low,1,1.0,0,0,0,0,0,0,0,0,0,0
2026-02-27 16:00:00,28.35,7.97,2.79,7.89,0.0,1.0,Pond_01,Real_Data,Obs_Pond_01_20260227_16,Low,1,1.0,0,0,0,0,0,0,0,0,0,0
2026-02-27 16:00:00,28.35,7.970000000000001,2.79,7.89,0.0,1.0,Pond_02,Real_Data,Obs_Pond_02_20260227_16,Low,1,1.0,0,0,0,0,0,0,0,0,0,0
2026-02-27 16:00:00,27.5095497132856,7.723033889417525,3.3912267637383575,6.41368282210703,,,Pond_03,Real_Data,Obs_Pond_03_20260227_16,Low,1,1.0,0,0,0,0,0,0,0,0,0,0
2026-02-27 16:00:00,28.34950583340515,7.962936035288535,2.7005062422252815,7.901143152077636,0.0,1.0,Pond_04,Mock_Data,Obs_Pond_04_20260227_16,Low,1,1.0,0,0,0,0,0,0,0,0,0,0
2026-02-27 16:00:00,28.294041379071107,8.009968618958675,2.832588190028416,7.8733046288479605,0.0,1.0,Pond_05,Mock_Data,Obs_Pond_05_20260227_16,Low,1,1.0,0,0,0,0,0,0,0,0,0,0
2026-02-27 20:00:00,28.35,7.97,2.79,7.89,1.0,1.0,Pond_01,Real_Data,Obs_Pond_01_20260227_20,Low,1,1.0,0,0,0,0,0,0,0,0,0,0
2026-02-27 20:00:00,28.35,7.97,2.79,7.89,0.0,1.0,Pond_02,Real_Data,Obs_Pond_02_20260227_20,Low,1,1.0,0,0,0,0,0,0,0,0,0,0
2026-02-27 20:00:00,27.3444860164947,7.890445082560287,3.2814512887735323,6.15624719248498,,,Pond_03,Real_Data,Obs_Pond_03_20260227_20,Unknown,0,1.0,0,-1,0,0,0,0,0,0,0,0
2026-02-27 20:00:00,28.441731074639122,7.985692650072933,2.7862889069484496,7.866820386664549,0.0,2.0,Pond_04,Mock_Data,Obs_Pond_04_20260227_20,Medium,2,1.0,0,1,0,0,0,0,0,0,0,1
2026-02-27 20:00:00,28.400160488147154,7.924083794769584,2.756557945249528,7.841105220799952,0.0,2.0,Pond_05,Mock_Data,Obs_Pond_05_20260227_20,Medium,2,1.0,0,1,0,0,0,0,0,0,0,1
2026-02-28 00:00:00,28.35,7.97,2.79,7.89,1.0,1.0,Pond_01,Real_Data,Obs_Pond_01_20260228_00,Low,1,1.0,0,0,0,0,0,0,0,0,0,0
2026-02-28 00:00:00,28.35,7.97,2.79,7.89,0.0,1.0,Pond_02,Real_Data,Obs_Pond_02_20260228_00,Low,1,1.0,0,0,0,0,0,0,0,0,0,0
2026-02-28 00:00:00,27.088804485619626,7.890046146946718,3.3734160671574,7.26470420324101,,,Pond_03,Real_Data,Obs_Pond_03_20260228_00,Low,1,1.0,0,0,0,0,0,0,0,0,0,0
2026-02-28 00:00:00,28.354795503976828,7.977184258604335,2.7835185871178125,7.837733606903638,0.0,1.0,Pond_04,Mock_Data,Obs_Pond_04_20260228_00,Low,1,1.0,0,0,0,0,0,0,0,0,0,0
2026-02-28 00:00:00,28.357241460772386,7.9549992756679835,2.7563768390237753,7.851941311039518,0.0,1.0,Pond_05,Mock_Data,Obs_Pond_05_20260228_00,Low,1,1.0,0,0,0,0,0,0,0,0,0,0
2026-02-28 04:00:00,28.35,7.97,2.79,7.89,1.0,1.0,Pond_01,Real_Data,Obs_Pond_01_20260228_04,Low,1,1.0,0,0,0,0,0,0,0,0,0,0
2026-02-28 04:00:00,28.35,7.97,2.79,7.89,0.0,1.0,Pond_02,Real_Data,Obs_Pond_02_20260228_04,Low,1,1.0,0,0,0,0,0,0,0,0,0,0
2026-02-28 04:00:00,27.3665114642571,7.8249868374579075,3.03685725192376,6.58263194236518,,,Pond_03,Real_Data,Obs_Pond_03_20260228_04,Unknown,0,1.0,0,-1,0,0,0,0,0,0,0,0
2026-02-28 04:00:00,28.29661519764064,7.976778963518381,2.775913740279412,7.89544040992971,0.0,2.0,Pond_04,Mock_Data,Obs_Pond_04_20260228_04,Medium,2,1.0,0,1,0,0,0,0,0,0,0,1
2026-02-28 04:00:00,28.270315476140755,7.965510602877997,2.8327691875840064,7.890112607815988,0.0,1.0,Pond_05,Mock_Data,Obs_Pond_05_20260228_04,Low,1,1.0,0,0,0,0,0,0,0,0,0,0
2026-02-28 08:00:00,28.35,7.97,2.79,7.89,1.0,1.0,Pond_01,Real_Data,Obs_Pond_01_20260228_08,Low,1,1.0,0,0,0,0,0,0,0,0,0,0
2026-02-28 08:00:00,28.35,7.97,2.79,7.89,0.0,1.0,Pond_02,Real_Data,Obs_Pond_02_20260228_08,Low,1,1.0,0,0,0,0,0,0,0,0,0,0
2026-02-28 08:00:00,27.55587207021145,7.894666975761548,3.788082943901265,6.60506283658864,,,Pond_03,Real_Data,Obs_Pond_03_20260228_08,Medium,1,1.0,0,1,0,0,0,0,0,0,0,1
2026-02-28 08:00:00,28.44440748792144,7.980061957712318,2.745046861294214,7.822289147870235,0.0,1.0,Pond_04,Mock_Data,Obs_Pond_04_20260228_08,Low,1,1.0,0,0,0,0,0,0,0,0,0,0
2026-02-28 08:00:00,28.40454894844608,8.001194141170096,2.7088108315652404,7.823105570678817,0.0,1.0,Pond_05,Mock_Data,Obs_Pond_05_20260228_08,Low,1,1.0,0,0,0,0,0,0,0,0,0,0
2026-02-28 12:00:00,28.35,7.97,2.79,7.89,1.0,1.0,Pond_01,Real_Data,Obs_Pond_01_20260228_12,Low,1,1.0,0,0,0,0,0,0,0,0,0,0
2026-02-28 12:00:00,28.35,7.97,2.79,7.89,0.0,1.0,Pond_02,Real_Data,Obs_Pond_02_20260228_12,Low,1,1.0,0,0,0,0,0,0,0,0,0,0
2026-02-28 12:00:00,26.982660202269376,7.773646736133925,3.20998673824073,6.05236454465967,,,Pond_03,Real_Data,Obs_Pond_03_20260228_12,Unknown,0,1.0,0,-1,0,0,0,0,0,0,0,0
2026-02-28 12:00:00,28.383403150931148,7.937074517602569,2.7394564416798772,7.70550234774054,0.0,1.0,Pond_04,Mock_Data,Obs_Pond_04_20260228_12,Low,1,1.0,0,0,0,0,0,0,0,0,0,0
2026-02-28 12:00:00,28.26112870709335,7.934912518279208,2.724306571045107,7.858406056172088,0.0,1.0,Pond_05,Mock_Data,Obs_Pond_05_20260228_12,Low,1,1.0,0,0,0,0,0,0,0,0,0,0
2026-02-28 16:00:00,28.35,7.97,2.79,7.89,0.0,1.0,Pond_01,Real_Data,Obs_Pond_01_20260228_16,Low,1,1.0,0,0,0,0,0,0,0,0,0,0
2026-02-28 16:00:00,28.35,7.97,2.79,7.89,0.0,1.0,Pond_02,Real_Data,Obs_Pond_02_20260228_16,Low,1,1.0,0,0,0,0,0,0,0,0,0,0
2026-02-28 16:00:00,27.706122680915474,7.79288597916998,3.516365714398305,6.08509504711345,,,Pond_03,Real_Data,Obs_Pond_03_20260228_16,Low,1,1.0,0,0,0,0,0,0,0,0,0,0
2026-02-28 16:00:00,28.28570858392465,7.986226937168828,2.8100223762636625,7.917570898936299,0.0,1.0,Pond_04,Mock_Data,Obs_Pond_04_20260228_16,Low,1,1.0,0,0,0,0,0,0,0,0,0,0
2026-02-28 16:00:00,28.37046137550557,8.011508410553715,2.7892181003220093,7.857404695446399,0.0,1.0,Pond_05,Mock_Data,Obs_Pond_05_20260228_16,Low,1,1.0,0,0,0,0,0,0,0,0,0,0
2026-02-28 20:00:00,28.35,7.97,2.79,7.89,1.0,1.0,Pond_01,Real_Data,Obs_Pond_01_20260228_20,Low,1,1.0,0,0,0,0,0,0,0,0,0,0
2026-02-28 20:00:00,28.35,7.97,2.79,7.89,0.0,1.0,Pond_02,Real_Data,Obs_Pond_02_20260228_20,Low,1,1.0,0,0,0,0,0,0,0,0,0,0
2026-02-28 20:00:00,27.501771270673828,7.805742998955488,3.1170048442708502,6.72685492970754,,,Pond_03,Real_Data,Obs_Pond_03_20260228_20,Unknown,0,1.0,0,-1,0,0,0,0,0,0,0,0
2026-02-28 20:00:00,28.33820227667573,7.983132454146245,2.7662616853618283,7.947087931392755,0.0,1.0,Pond_04,Mock_Data,Obs_Pond_04_20260228_20,Low,1,1.0,0,0,0,0,0,0,0,0,0,0
2026-02-28 20:00:00,28.29954534330071,7.972912999674848,2.8026456336872507,8.024176175953995,0.0,2.0,Pond_05,Mock_Data,Obs_Pond_05_20260228_20,Medium,2,1.0,0,1,0,0,0,0,0,0,0,1
2026-03-01 00:00:00,28.35,7.97,2.79,7.89,1.0,1.0,Pond_01,Real_Data,Obs_Pond_01_20260301_00,Low,1,1.0,0,0,0,0,0,0,0,0,0,0
2026-03-01 00:00:00,28.35,7.97,2.79,7.89,0.0,1.0,Pond_02,Real_Data,Obs_Pond_02_20260301_00,Low,1,1.0,0,0,0,0,0,0,0,0,0,0
2026-03-01 00:00:00,27.797822349680075,7.734033892146755,3.3226017009360276,6.34446605766531,,,Pond_03,Real_Data,Obs_Pond_03_20260301_00,Low,3,1.0,0,0,0,0,0,0,0,0,0,0
2026-03-01 00:00:00,28.295726733025983,7.9482004492346485,2.803640517710517,7.740769194155816,0.0,1.0,Pond_04,Mock_Data,Obs_Pond_04_20260301_00,Low,1,1.0,0,0,0,0,0,0,0,0,0,0
2026-03-01 00:00:00,28.327334312241963,7.967941569757428,2.8109004508508426,7.714819942998473,0.0,1.0,Pond_05,Mock_Data,Obs_Pond_05_20260301_00,Low,1,1.0,0,0,0,0,0,0,0,0,0,0
2026-03-01 04:00:00,28.35,7.97,2.79,7.89,1.0,1.0,Pond_01,Real_Data,Obs_Pond_01_20260301_04,Low,1,1.0,0,0,0,0,0,0,0,0,0,0
2026-03-01 04:00:00,28.35,7.97,2.79,7.89,0.0,1.0,Pond_02,Real_Data,Obs_Pond_02_20260301_04,Low,1,1.0,0,0,0,0,0,0,0,0,0,0
2026-03-01 04:00:00,27.02754517211595,7.767427240436443,3.27144028085621,6.80095166099817,,,Pond_03,Real_Data,Obs_Pond_03_20260301_04,Unknown,0,1.0,0,-1,0,0,0,0,0,0,0,0
2026-03-01 04:00:00,28.26429020731338,7.964766467026809,2.7518304638782523,7.82623053944201,0.0,1.0,Pond_04,Mock_Data,Obs_Pond_04_20260301_04,Low,1,1.0,0,0,0,0,0,0,0,0,0,0
2026-03-01 04:00:00,28.38125611055923,7.965753235456057,2.7769872628158176,7.87865613109893,0.0,2.0,Pond_05,Mock_Data,Obs_Pond_05_20260301_04,Medium,2,1.0,0,1,0,0,0,0,0,0,0,1
2026-03-01 08:00:00,28.35,7.97,2.79,7.89,0.0,1.0,Pond_01,Real_Data,Obs_Pond_01_20260301_08,Low,1,1.0,0,0,0,0,0,0,0,0,0,0
2026-03-01 08:00:00,28.35,7.97,2.79,7.89,0.0,1.0,Pond_02,Real_Data,Obs_Pond_02_20260301_08,Low,1,1.0,0,0,0,0,0,0,0,0,0,0
2026-03-01 08:00:00,27.011988240550675,7.900403496301685,3.1808302323318824,6.19831162247819,,,Pond_03,Real_Data,Obs_Pond_03_20260301_08,Unknown,0,1.0,0,-1,0,0,0,0,0,0,0,0
2026-03-01 08:00:00,28.40740707335442,7.969157179667881,2.79780693720175,7.929102637012335,0.0,1.0,Pond_04,Mock_Data,Obs_Pond_04_20260301_08,Low,1,1.0,0,0,0,0,0,0,0,0,0,0
2026-03-01 08:00:00,28.38232089136927,7.960645720530082,2.899102716538842,7.998986051174587,0.0,1.0,Pond_05,Mock_Data,Obs_Pond_05_20260301_08,Low,1,1.0,0,0,0,0,0,0,0,0,0,0
2026-03-01 12:00:00,28.35,7.97,2.79,7.89,0.0,1.0,Pond_01,Real_Data,Obs_Pond_01_20260301_12,Low,1,1.0,0,0,0,0,0,0,0,0,0,0
2026-03-01 12:00:00,28.350000000000005,7.97,2.7900000000000005,7.89,0.0,1.0,Pond_02,Real_Data,Obs_Pond_02_20260301_12,Low,1,1.0,0,0,0,0,0,0,0,0,0,0
2026-03-01 12:00:00,26.925569382706975,7.994558149404307,2.94496979945119,6.08774719517415,,,Pond_03,Real_Data,Obs_Pond_03_20260301_12,Unknown,0,1.0,0,-1,0,0,0,0,0,0,0,0
2026-03-01 12:00:00,28.468350980798174,7.967116142289636,2.846193834457762,8.019940959101282,0.0,1.0,Pond_04,Mock_Data,Obs_Pond_04_20260301_12,Low,1,1.0,0,0,0,0,0,0,0,0,0,0
2026-03-01 12:00:00,28.432869080429306,7.992473545453335,2.780173887417135,7.897695077225502,0.0,1.0,Pond_05,Mock_Data,Obs_Pond_05_20260301_12,Low,1,1.0,0,0,0,0,0,0,0,0,0,0
2026-03-01 16:00:00,28.35,7.97,2.79,7.89,0.0,1.0,Pond_01,Real_Data,Obs_Pond_01_20260301_16,Low,1,1.0,0,0,0,0,0,0,0,0,0,0
2026-03-01 16:00:00,28.35,7.97,2.79,7.89,0.0,1.0,Pond_02,Real_Data,Obs_Pond_02_20260301_16,Low,1,1.0,0,0,0,0,0,0,0,0,0,0
2026-03-01 16:00:00,27.18397967446855,7.750802659528667,3.1852409793074,5.65372808773568,,,Pond_03,Real_Data,Obs_Pond_03_20260301_16,Unknown,0,1.0,0,-1,0,0,0,0,0,0,0,0
2026-03-01 16:00:00,28.263312872337146,7.977158569946881,2.8152738886169733,7.89131322491757,0.0,1.0,Pond_04,Mock_Data,Obs_Pond_04_20260301_16,Low,1,1.0,0,0,0,0,0,0,0,0,0,0
2026-03-01 16:00:00,28.344901685769326,7.947088955479113,2.780049123475516,7.93758201927595,0.0,1.0,Pond_05,Mock_Data,Obs_Pond_05_20260301_16,Low,1,1.0,0,0,0,0,0,0,0,0,0,0
2026-03-01 20:00:00,28.35,7.97,2.79,7.89,0.0,1.0,Pond_01,Real_Data,Obs_Pond_01_20260301_20,Low,1,1.0,0,0,0,0,0,0,0,0,0,0
2026-03-01 20:00:00,28.35,7.97,2.79,7.89,0.0,1.0,Pond_02,Real_Data,Obs_Pond_02_20260301_20,Low,1,1.0,0,0,0,0,0,0,0,0,0,0
2026-03-01 20:00:00,27.138990487839425,7.868450859339572,3.4728336634688652,5.71082130855677,,,Pond_03,Real_Data,Obs_Pond_03_20260301_20,Low,1,1.0,0,0,0,0,0,0,0,0,0,0
2026-03-01 20:00:00,28.384894406966687,8.000691128776824,2.7722178283026415,7.844023033438259,0.0,2.0,Pond_04,Mock_Data,Obs_Pond_04_20260301_20,Medium,2,1.0,0,1,0,0,0,0,0,0,0,1
2026-03-01 20:00:00,28.3689946811133,7.977406313507297,2.755636084051105,7.896304522813568,0.0,1.0,Pond_05,Mock_Data,Obs_Pond_05_20260301_20,Low,1,1.0,0,0,0,0,0,0,0,0,0,0
2026-03-02 00:00:00,28.35,7.97,2.79,7.89,1.0,1.0,Pond_01,Real_Data,Obs_Pond_01_20260302_00,Low,1,1.0,0,0,0,0,0,0,0,0,0,0
2026-03-02 00:00:00,28.35,7.97,2.79,7.89,0.0,1.0,Pond_02,Real_Data,Obs_Pond_02_20260302_00,Low,1,1.0,0,0,0,0,0,0,0,0,0,0
2026-03-02 00:00:00,26.86916736444575,7.746065807242577,3.2607880296485323,6.5924467218129,,,Pond_03,Real_Data,Obs_Pond_03_20260302_00,Unknown,0,1.0,0,-1,0,0,0,0,0,0,0,0
2026-03-02 00:00:00,28.309671354814604,7.993195062486371,2.8010897260208973,7.878449190132747,0.0,1.0,Pond_04,Mock_Data,Obs_Pond_04_20260302_00,Low,1,1.0,0,0,0,0,0,0,0,0,0,0
2026-03-02 00:00:00,28.322867817143482,7.961762440538949,2.795342527792544,7.847854614568011,0.0,2.0,Pond_05,Mock_Data,Obs_Pond_05_20260302_00,Medium,2,1.0,0,1,0,0,0,0,0,0,0,1
2026-03-02 04:00:00,28.35,7.97,2.79,7.89,0.0,1.0,Pond_01,Real_Data,Obs_Pond_01_20260302_04,Low,1,1.0,0,0,0,0,0,0,0,0,0,0
2026-03-02 04:00:00,28.35,7.97,2.79,7.89,0.0,1.0,Pond_02,Real_Data,Obs_Pond_02_20260302_04,Low,1,1.0,0,0,0,0,0,0,0,0,0,0
2026-03-02 04:00:00,27.3583721647416,7.826659384974972,3.11439202669935,5.51911696939801,,,Pond_03,Real_Data,Obs_Pond_03_20260302_04,Unknown,0,1.0,0,-1,0,0,0,0,0,0,0,0
2026-03-02 04:00:00,28.319806607045155,7.941863614022465,2.7796231666689097,7.976830208464509,0.0,2.0,Pond_04,Mock_Data,Obs_Pond_04_20260302_04,Medium,2,1.0,0,1,0,0,0,0,0,0,0,1
2026-03-02 04:00:00,28.361280241644092,7.953658461192213,2.816515469978105,7.748411981439086,0.0,1.0,Pond_05,Mock_Data,Obs_Pond_05_20260302_04,Low,1,1.0,0,0,0,0,0,0,0,0,0,0
2026-03-02 08:00:00,28.35,7.97,2.79,7.89,1.0,1.0,Pond_01,Real_Data,Obs_Pond_01_20260302_08,Low,1,1.0,0,0,0,0,0,0,0,0,0,0
2026-03-02 08:00:00,28.35,7.97,2.79,7.89,0.0,1.0,Pond_02,Real_Data,Obs_Pond_02_20260302_08,Low,1,1.0,0,0,0,0,0,0,0,0,0,0
2026-03-02 08:00:00,27.330569238507476,7.779156878831833,3.4445522654424976,6.64391748303885,,,Pond_03,Real_Data,Obs_Pond_03_20260302_08,Low,1,1.0,0,0,0,0,0,0,0,0,0,0
2026-03-02 08:00:00,28.313281768647787,7.983338321402328,2.790339772313776,7.849204184788666,0.0,1.0,Pond_04,Mock_Data,Obs_Pond_04_20260302_08,Low,1,1.0,0,0,0,0,0,0,0,0,0,0
2026-03-02 08:00:00,28.37724057375771,8.025448050169956,2.8418950400581684,7.9029755372098345,0.0,1.0,Pond_05,Mock_Data,Obs_Pond_05_20260302_08,Low,1,1.0,0,0,0,0,0,0,0,0,0,0
2026-03-02 12:00:00,28.35,7.97,2.79,7.89,0.0,1.0,Pond_01,Real_Data,Obs_Pond_01_20260302_12,Low,1,1.0,0,0,0,0,0,0,0,0,0,0
2026-03-02 12:00:00,28.35,7.970000000000001,2.79,7.89,0.0,1.0,Pond_02,Real_Data,Obs_Pond_02_20260302_12,Low,1,1.0,0,0,0,0,0,0,0,0,0,0
2026-03-02 12:00:00,27.232739943986324,7.80500980651437,3.4211734844092874,6.79699580764513,,,Pond_03,Real_Data,Obs_Pond_03_20260302_12,Low,1,1.0,0,0,0,0,0,0,0,0,0,0
2026-03-02 12:00:00,28.2964474369685,7.998494767493133,2.775960529497043,7.8395270937997426,0.0,1.0,Pond_04,Mock_Data,Obs_Pond_04_20260302_12,Low,1,1.0,0,0,0,0,0,0,0,0,0,0
2026-03-02 12:00:00,28.343906480847743,7.97898521624757,2.7257860786261316,7.841016627948422,0.0,1.0,Pond_05,Mock_Data,Obs_Pond_05_20260302_12,Low,1,1.0,0,0,0,0,0,0,0,0,0,0
2026-03-02 16:00:00,28.35,7.97,2.79,7.89,0.0,1.0,Pond_01,Real_Data,Obs_Pond_01_20260302_16,Low,1,1.0,0,0,0,0,0,0,0,0,0,0
2026-03-02 16:00:00,28.349999999999998,7.97,2.79,7.89,0.0,1.0,Pond_02,Real_Data,Obs_Pond_02_20260302_16,Low,1,1.0,0,0,0,0,0,0,0,0,0,0
2026-03-02 16:00:00,28.020254681239926,7.831466908926995,3.1306797533446926,6.93870358371754,,,Pond_03,Real_Data,Obs_Pond_03_20260302_16,Unknown,0,1.0,0,-1,0,0,0,0,0,0,0,0
2026-03-02 16:00:00,28.353007506133277,7.978293884049243,2.7829143090801076,7.859512372106922,0.0,1.0,Pond_04,Mock_Data,Obs_Pond_04_20260302_16,Low,1,1.0,0,0,0,0,0,0,0,0,0,0
2026-03-02 16:00:00,28.238198502944353,7.983149537941285,2.77939334437845,7.839454882496336,0.0,1.0,Pond_05,Mock_Data,Obs_Pond_05_20260302_16,Low,1,1.0,0,0,0,0,0,0,0,0,0,0
2026-03-02 20:00:00,28.35,7.97,2.79,7.89,0.0,1.0,Pond_01,Real_Data,Obs_Pond_01_20260302_20,Low,1,1.0,0,0,0,0,0,0,0,0,0,0
2026-03-02 20:00:00,28.35,7.97,2.79,7.89,0.0,1.0,Pond_02,Real_Data,Obs_Pond_02_20260302_20,Low,1,1.0,0,0,0,0,0,0,0,0,0,0
2026-03-02 20:00:00,27.013320318658526,7.551075650455905,3.6891258439773726,6.03695329992327,,,Pond_03,Real_Data,Obs_Pond_03_20260302_20,Low,1,1.0,0,0,0,0,0,0,0,0,0,0
2026-03-02 20:00:00,28.29849538901715,7.9933926210579935,2.799144893438691,7.829792609257513,0.0,1.0,Pond_04,Mock_Data,Obs_Pond_04_20260302_20,Low,1,1.0,0,0,0,0,0,0,0,0,0,0
2026-03-02 20:00:00,28.370545492720307,7.994396020739079,2.8092606550856853,7.858486500419693,0.0,1.0,Pond_05,Mock_Data,Obs_Pond_05_20260302_20,Low,1,1.0,0,0,0,0,0,0,0,0,0,0
2026-03-03 00:00:00,28.35,7.97,2.79,7.89,0.0,1.0,Pond_01,Real_Data,Obs_Pond_01_20260303_00,Low,1,1.0,0,0,0,0,0,0,0,0,0,0
2026-03-03 00:00:00,28.35,7.97,2.79,7.89,0.0,1.0,Pond_02,Real_Data,Obs_Pond_02_20260303_00,Low,1,1.0,0,0,0,0,0,0,0,0,0,0
2026-03-03 00:00:00,27.078640635734526,7.709775802957362,2.9640450318865876,6.04666221029628,,,Pond_03,Real_Data,Obs_Pond_03_20260303_00,Unknown,0,1.0,0,-1,0,0,0,0,0,0,0,0
2026-03-03 00:00:00,28.36676367007398,8.013146768645692,2.7471690516350287,7.897747233832721,0.0,1.0,Pond_04,Mock_Data,Obs_Pond_04_20260303_00,Low,1,1.0,0,0,0,0,0,0,0,0,0,0
2026-03-03 00:00:00,28.372596539430823,7.939523650567819,2.8153123377910396,8.00019658026622,0.0,1.0,Pond_05,Mock_Data,Obs_Pond_05_20260303_00,Low,1,1.0,0,0,0,0,0,0,0,0,0,0
2026-03-03 04:00:00,28.35,7.97,2.79,7.89,1.0,1.0,Pond_01,Real_Data,Obs_Pond_01_20260303_04,Low,1,1.0,0,0,0,0,0,0,0,0,0,0
2026-03-03 04:00:00,28.35,7.97,2.79,7.89,0.0,1.0,Pond_02,Real_Data,Obs_Pond_02_20260303_04,Low,1,1.0,0,0,0,0,0,0,0,0,0,0
2026-03-03 04:00:00,27.343427621808274,7.635280741732365,3.24565442982347,5.73488480437236,,,Pond_03,Real_Data,Obs_Pond_03_20260303_04,Unknown,0,1.0,0,-1,0,0,0,0,0,0,0,0
2026-03-03 04:00:00,28.346886101544982,7.991950210042906,2.7461980444705554,7.9926064359472475,0.0,1.0,Pond_04,Mock_Data,Obs_Pond_04_20260303_04,Low,1,1.0,0,0,0,0,0,0,0,0,0,0
2026-03-03 04:00:00,28.307840946636528,8.007572352048474,2.79028236046496,8.041877319451418,0.0,1.0,Pond_05,Mock_Data,Obs_Pond_05_20260303_04,Low,1,1.0,0,0,0,0,0,0,0,0,0,0
2026-03-03 08:00:00,28.35,7.97,2.79,7.89,1.0,1.0,Pond_01,Real_Data,Obs_Pond_01_20260303_08,Low,1,1.0,0,0,0,0,0,0,0,0,0,0
2026-03-03 08:00:00,28.35,7.970000000000001,2.79,7.89,0.0,1.0,Pond_02,Real_Data,Obs_Pond_02_20260303_08,Low,1,1.0,0,0,0,0,0,0,0,0,0,0
2026-03-03 08:00:00,27.26778960244545,7.790522469880285,2.827095447730085,6.35831464382232,,,Pond_03,Real_Data,Obs_Pond_03_20260303_08,Unknown,0,1.0,0,-1,0,0,0,0,0,0,0,0
2026-03-03 08:00:00,28.335189332120056,7.975345633495993,2.730129789520403,7.9104040452251025,0.0,1.0,Pond_04,Mock_Data,Obs_Pond_04_20260303_08,Low,1,1.0,0,0,0,0,0,0,0,0,0,0
2026-03-03 08:00:00,28.2703901012373,7.9162033569325825,2.813387858827561,7.903717749634125,0.0,1.0,Pond_05,Mock_Data,Obs_Pond_05_20260303_08,Low,1,1.0,0,0,0,0,0,0,0,0,0,0
2026-03-03 12:00:00,28.35,7.97,2.79,7.89,0.0,1.0,Pond_01,Real_Data,Obs_Pond_01_20260303_12,Low,1,1.0,0,0,0,0,0,0,0,0,0,0
2026-03-03 12:00:00,28.35,7.970000000000001,2.79,7.89,0.0,1.0,Pond_02,Real_Data,Obs_Pond_02_20260303_12,Low,1,1.0,0,0,0,0,0,0,0,0,0,0
2026-03-03 12:00:00,26.830954304843026,7.8502973186657705,3.0096290378279575,6.03971650564295,,,Pond_03,Real_Data,Obs_Pond_03_20260303_12,Unknown,0,1.0,0,-1,0,0,0,0,0,0,0,0
2026-03-03 12:00:00,28.29374666729994,7.992408613465429,2.72100062537752,-1.5,0.0,1.0,Pond_04,Mock_Data,Obs_Pond_04_20260303_12,Low,1,0.5,1,0,0,1,0,0,1,1,0,0
2026-03-03 12:00:00,28.44147911529603,7.953516238332984,2.7551196584460245,7.860647663762587,0.0,1.0,Pond_05,Mock_Data,Obs_Pond_05_20260303_12,Low,1,1.0,0,0,0,0,0,0,0,0,0,0
2026-03-03 16:00:00,28.35,7.97,2.79,7.89,0.0,1.0,Pond_01,Real_Data,Obs_Pond_01_20260303_16,Low,1,1.0,0,0,0,0,0,0,0,0,0,0
2026-03-03 16:00:00,28.35,7.97,2.79,7.89,0.0,1.0,Pond_02,Real_Data,Obs_Pond_02_20260303_16,Low,1,1.0,0,0,0,0,0,0,0,0,0,0
2026-03-03 16:00:00,27.428147932130624,7.6631689204901425,3.4348834986806525,6.41159359842507,,,Pond_03,Real_Data,Obs_Pond_03_20260303_16,Low,1,1.0,0,0,0,0,0,0,0,0,0,0
2026-03-03 16:00:00,28.314250100673565,7.9731066608504655,2.737514052921658,7.871570683037877,0.0,1.0,Pond_04,Mock_Data,Obs_Pond_04_20260303_16,Low,1,1.0,0,0,0,0,0,0,0,0,0,0
2026-03-03 16:00:00,28.380461166510464,7.960157519111802,2.8571726810841014,7.815652361322375,0.0,1.0,Pond_05,Mock_Data,Obs_Pond_05_20260303_16,Low,1,1.0,0,0,0,0,0,0,0,0,0,0
2026-03-03 20:00:00,28.35,7.97,2.79,7.89,1.0,1.0,Pond_01,Real_Data,Obs_Pond_01_20260303_20,Low,1,1.0,0,0,0,0,0,0,0,0,0,0
2026-03-03 20:00:00,28.35,7.97,2.79,7.89,0.0,1.0,Pond_02,Real_Data,Obs_Pond_02_20260303_20,Low,1,1.0,0,0,0,0,0,0,0,0,0,0
2026-03-03 20:00:00,27.45011539061475,7.727702527544302,3.581236090285505,6.63735760655741,,,Pond_03,Real_Data,Obs_Pond_03_20260303_20,Low,1,1.0,0,0,0,0,0,0,0,0,0,0
2026-03-03 20:00:00,28.396821259733446,7.970512525083667,2.7968755932755722,7.791276811574796,0.0,1.0,Pond_04,Mock_Data,Obs_Pond_04_20260303_20,Low,1,1.0,0,0,0,0,0,0,0,0,0,0
2026-03-03 20:00:00,28.33580091734973,7.982473215763717,2.832799447009649,7.919590615806944,0.0,2.0,Pond_05,Mock_Data,Obs_Pond_05_20260303_20,Medium,2,1.0,0,1,0,0,0,0,0,0,0,1
2026-03-04 00:00:00,28.35,7.97,2.79,7.89,1.0,1.0,Pond_01,Real_Data,Obs_Pond_01_20260304_00,Low,1,1.0,0,0,0,0,0,0,0,0,0,0
2026-03-04 00:00:00,28.35,7.969999999999999,2.79,7.89,0.0,1.0,Pond_02,Real_Data,Obs_Pond_02_20260304_00,Low,1,1.0,0,0,0,0,0,0,0,0,0,0
2026-03-04 00:00:00,26.8664261056988,7.785325423391869,3.2759847374977653,5.8177497095445,,,Pond_03,Real_Data,Obs_Pond_03_20260304_00,Unknown,0,1.0,0,-1,0,0,0,0,0,0,0,0
2026-03-04 00:00:00,28.381048247510513,7.962465034329983,2.751505409885657,7.945772726172904,0.0,1.0,Pond_04,Mock_Data,Obs_Pond_04_20260304_00,Low,1,1.0,0,0,0,0,0,0,0,0,0,0
2026-03-04 00:00:00,28.279523523536934,7.9746897207320995,2.7320103406487037,8.002599258209775,0.0,1.0,Pond_05,Mock_Data,Obs_Pond_05_20260304_00,Low,1,1.0,0,0,0,0,0,0,0,0,0,0
2026-03-04 04:00:00,28.344642857142876,7.969505494505495,2.7998076923076924,7.85703296703297,1.0,1.0,Pond_01,Real_Data,Obs_Pond_01_20260304_04,Low,1,1.0,0,0,0,0,0,0,0,0,0,0
2026-03-04 04:00:00,28.35,7.97,2.79,7.89,0.0,1.0,Pond_02,Real_Data,Obs_Pond_02_20260304_04,Low,1,1.0,0,0,0,0,0,0,0,0,0,0
2026-03-04 04:00:00,27.98257376171085,7.8758008336655125,3.3888082470809477,6.12936777835649,,,Pond_03,Real_Data,Obs_Pond_03_20260304_04,Low,1,1.0,0,0,0,0,0,0,0,0,0,0
2026-03-04 04:00:00,28.284051250494983,8.00302794405259,2.8219533629564144,7.85211716518432,0.0,1.0,Pond_04,Mock_Data,Obs_Pond_04_20260304_04,Low,1,1.0,0,0,0,0,0,0,0,0,0,0
2026-03-04 04:00:00,28.293704476845633,7.9659286805444385,2.753452148071465,7.84141220500085,0.0,2.0,Pond_05,Mock_Data,Obs_Pond_05_20260304_04,Medium,2,1.0,0,1,0,0,0,0,0,0,0,1
2026-03-04 08:00:00,28.31785714285715,7.96703296703297,2.8488461538461554,7.7910989010989,1.0,1.0,Pond_01,Real_Data,Obs_Pond_01_20260304_08,Low,1,1.0,0,0,0,0,0,0,0,0,0,0
2026-03-04 08:00:00,28.35,7.970000000000001,2.79,7.89,0.0,1.0,Pond_02,Real_Data,Obs_Pond_02_20260304_08,Low,1,1.0,0,0,0,0,0,0,0,0,0,0
2026-03-04 08:00:00,27.202837282035876,8.027945323722635,3.50811890995623,6.21778027011151,,,Pond_03,Real_Data,Obs_Pond_03_20260304_08,Low,1,1.0,0,0,0,0,0,0,0,0,0,0
2026-03-04 08:00:00,28.32401403681278,7.94948435552409,2.850342917080827,7.779700706830328,0.0,1.0,Pond_04,Mock_Data,Obs_Pond_04_20260304_08,Low,1,1.0,0,0,0,0,0,0,0,0,0,0
2026-03-04 08:00:00,28.398595336801023,7.966775721962298,2.8037057111844406,7.6408535995736715,0.0,1.0,Pond_05,Mock_Data,Obs_Pond_05_20260304_08,Low,1,1.0,0,0,0,0,0,0,0,0,0,0
2026-03-04 12:00:00,28.2892857142857,7.964395604395603,2.9011538461538473,7.72516483516484,0.0,1.0,Pond_01,Real_Data,Obs_Pond_01_20260304_12,Low,1,1.0,0,0,0,0,0,0,0,0,0,0
2026-03-04 12:00:00,28.35,7.97,2.79,7.89,0.0,1.0,Pond_02,Real_Data,Obs_Pond_02_20260304_12,Low,1,1.0,0,0,0,0,0,0,0,0,0,0
2026-03-04 12:00:00,27.48450300696115,7.901481662822592,3.1378697898906975,6.40691110294719,,,Pond_03,Real_Data,Obs_Pond_03_20260304_12,Unknown,0,1.0,0,-1,0,0,0,0,0,0,0,0
2026-03-04 12:00:00,28.33585878855632,7.997252378612046,2.816277252877444,7.926825283990742,0.0,1.0,Pond_04,Mock_Data,Obs_Pond_04_20260304_12,Low,1,1.0,0,0,0,0,0,0,0,0,0,0
2026-03-04 12:00:00,28.297818386189252,7.943424997181126,2.930386083037353,7.767481767708759,0.0,1.0,Pond_05,Mock_Data,Obs_Pond_05_20260304_12,Low,1,1.0,0,0,0,0,0,0,0,0,0,0
2026-03-04 16:00:00,28.2607142857143,7.96175824175824,2.9534615384615375,7.65923076923077,0.0,1.0,Pond_01,Real_Data,Obs_Pond_01_20260304_16,Low,1,1.0,0,0,0,0,0,0,0,0,0,0
2026-03-04 16:00:00,28.35,7.97,2.79,7.89,0.0,1.0,Pond_02,Real_Data,Obs_Pond_02_20260304_16,Low,1,1.0,0,0,0,0,0,0,0,0,0,0
2026-03-04 16:00:00,26.829254840777274,8.094765654197978,3.081643906734435,6.41136108753221,,,Pond_03,Real_Data,Obs_Pond_03_20260304_16,Unknown,0,1.0,0,-1,0,0,0,0,0,0,0,0
2026-03-04 16:00:00,28.157239879876023,7.972476245268845,2.981702319399906,7.678098484867964,0.0,1.0,Pond_04,Mock_Data,Obs_Pond_04_20260304_16,Low,1,1.0,0,0,0,0,0,0,0,0,0,0
2026-03-04 16:00:00,28.226587360237062,7.9296548334556105,2.8980675416609567,7.721463607887706,0.0,1.0,Pond_05,Mock_Data,Obs_Pond_05_20260304_16,Low,1,1.0,0,0,0,0,0,0,0,0,0,0
2026-03-04 20:00:00,28.23214285714285,7.95912087912088,3.0057692307692325,7.5932967032967,1.0,1.0,Pond_01,Real_Data,Obs_Pond_01_20260304_20,Low,1,1.0,0,0,0,0,0,0,0,0,0,0
2026-03-04 20:00:00,28.35,7.97,2.79,7.89,0.0,1.0,Pond_02,Real_Data,Obs_Pond_02_20260304_20,Low,1,1.0,0,0,0,0,0,0,0,0,0,0
2026-03-04 20:00:00,26.935924531219424,7.847376819338515,3.504349223261528,5.32912008078463,,,Pond_03,Real_Data,Obs_Pond_03_20260304_20,Low,1,1.0,0,0,0,0,0,0,0,0,0,0
2026-03-04 20:00:00,28.2658218407297,7.929117188554504,3.040728681910439,7.545817400653658,0.0,1.0,Pond_04,Mock_Data,Obs_Pond_04_20260304_20,Low,1,1.0,0,0,0,0,0,0,0,0,0,0
2026-03-04 20:00:00,28.263734820436337,7.974698620648771,2.991496354141704,7.493142750818157,0.0,1.0,Pond_05,Mock_Data,Obs_Pond_05_20260304_20,Low,1,1.0,0,0,0,0,0,0,0,0,0,0
2026-03-05 00:00:00,28.203571428571426,7.9564835164835195,3.058076923076925,7.52736263736264,1.0,1.0,Pond_01,Real_Data,Obs_Pond_01_20260305_00,Low,1,1.0,0,0,0,0,0,0,0,0,0,0
2026-03-05 00:00:00,28.349999999999998,7.970000000000001,2.79,7.89,0.0,1.0,Pond_02,Real_Data,Obs_Pond_02_20260305_00,Low,1,1.0,0,0,0,0,0,0,0,0,0,0
2026-03-05 00:00:00,27.54396573744915,7.70332818860103,3.3941021777133,6.09279870755086,,,Pond_03,Real_Data,Obs_Pond_03_20260305_00,Low,1,1.0,0,0,0,0,0,0,0,0,0,0
2026-03-05 00:00:00,28.16250015574953,7.964366591554937,3.0152242446581035,7.500436058040048,0.0,1.0,Pond_04,Mock_Data,Obs_Pond_04_20260305_00,Low,1,1.0,0,0,0,0,0,0,0,0,0,0
2026-03-05 00:00:00,28.153092752413666,7.971357847719487,3.0776825504625296,7.538508481632511,0.0,2.0,Pond_05,Mock_Data,Obs_Pond_05_20260305_00,Medium,2,1.0,0,1,0,0,0,0,0,0,0,1
2026-03-05 04:00:00,28.175,7.9538461538461505,3.110384615384615,7.46142857142857,1.0,1.0,Pond_01,Real_Data,Obs_Pond_01_20260305_04,Low,1,1.0,0,0,0,0,0,0,0,0,0,0
2026-03-05 04:00:00,28.35,7.970000000000001,2.79,7.89,0.0,1.0,Pond_02,Real_Data,Obs_Pond_02_20260305_04,Low,1,1.0,0,0,0,0,0,0,0,0,0,0
2026-03-05 04:00:00,27.3670082290721,7.964582924277375,3.09260925602395,5.76019783148467,,,Pond_03,Real_Data,Obs_Pond_03_20260305_04,Unknown,0,1.0,0,-1,0,0,0,0,0,0,0,0
2026-03-05 04:00:00,28.21036730048268,7.908817734296952,3.128502141596151,7.533958566816453,0.0,1.0,Pond_04,Mock_Data,Obs_Pond_04_20260305_04,Low,1,1.0,0,0,0,0,0,0,0,0,0,0
2026-03-05 04:00:00,28.26802644634649,7.987820619043593,3.10753171871469,7.489925713789905,0.0,1.0,Pond_05,Mock_Data,Obs_Pond_05_20260305_04,Low,1,1.0,0,0,0,0,0,0,0,0,0,0
2026-03-05 08:00:00,28.146428571428576,7.95120879120879,3.1626923076923075,7.39549450549451,0.0,1.0,Pond_01,Real_Data,Obs_Pond_01_20260305_08,Low,1,1.0,0,0,0,0,0,0,0,0,0,0
2026-03-05 08:00:00,28.350000000000005,7.97,2.7900000000000005,7.89,0.0,1.0,Pond_02,Real_Data,Obs_Pond_02_20260305_08,Low,1,1.0,0,0,0,0,0,0,0,0,0,0
2026-03-05 08:00:00,27.1294131414315,7.7659137054565,3.1571618393895275,6.06999553381703,,,Pond_03,Real_Data,Obs_Pond_03_20260305_08,Unknown,0,1.0,0,-1,0,0,0,0,0,0,0,0
2026-03-05 08:00:00,28.099119635355958,7.964620830204789,3.1257624133886677,7.402648089062368,0.0,2.0,Pond_04,Mock_Data,Obs_Pond_04_20260305_08,Medium,2,1.0,0,1,0,0,0,0,0,0,0,1
2026-03-05 08:00:00,28.23027893008571,7.934269375845783,3.173854839235539,7.390877419780256,0.0,1.0,Pond_05,Mock_Data,Obs_Pond_05_20260305_08,Low,1,1.0,0,0,0,0,0,0,0,0,0,0
2026-03-05 12:00:00,28.11785714285715,7.94857142857143,3.2150000000000025,7.32956043956044,0.0,1.0,Pond_01,Real_Data,Obs_Pond_01_20260305_12,Low,1,1.0,0,0,0,0,0,0,0,0,0,0
2026-03-05 12:00:00,28.350000000000005,7.97,2.7900000000000005,7.89,0.0,1.0,Pond_02,Real_Data,Obs_Pond_02_20260305_12,Low,1,1.0,0,0,0,0,0,0,0,0,0,0
2026-03-05 12:00:00,27.259519451232023,7.816365630644375,3.55979044345092,5.5483239631612,,,Pond_03,Real_Data,Obs_Pond_03_20260305_12,Low,1,1.0,0,0,0,0,0,0,0,0,0,0
2026-03-05 12:00:00,28.005985505043142,7.967552414987055,3.219211283260577,7.238726110781578,0.0,1.0,Pond_04,Mock_Data,Obs_Pond_04_20260305_12,Low,1,1.0,0,0,0,0,0,0,0,0,0,0
2026-03-05 12:00:00,28.088937577702293,7.963426657229654,3.1690454612052683,7.279619366460653,0.0,1.0,Pond_05,Mock_Data,Obs_Pond_05_20260305_12,Low,1,1.0,0,0,0,0,0,0,0,0,0,0
2026-03-05 16:00:00,28.0892857142857,7.945934065934067,3.2673076923076927,7.26362637362637,1.0,1.0,Pond_01,Real_Data,Obs_Pond_01_20260305_16,Low,1,1.0,0,0,0,0,0,0,0,0,0,0
2026-03-05 16:00:00,28.350000000000005,7.97,2.79,7.89,0.0,1.0,Pond_02,Real_Data,Obs_Pond_02_20260305_16,Low,1,1.0,0,0,0,0,0,0,0,0,0,0
2026-03-05 16:00:00,27.328654837702373,7.7348835554444255,3.2176251353682197,6.24095446922247,,,Pond_03,Real_Data,Obs_Pond_03_20260305_16,Unknown,0,1.0,0,-1,0,0,0,0,0,0,0,0
2026-03-05 16:00:00,27.98840608449118,7.9332328679270985,3.21278593093522,7.321680202249909,0.0,1.0,Pond_04,Mock_Data,Obs_Pond_04_20260305_16,Low,1,1.0,0,0,0,0,0,0,0,0,0,0
2026-03-05 16:00:00,28.050318975043073,7.939850873389977,3.2929562087624005,7.327787806377928,0.0,1.0,Pond_05,Mock_Data,Obs_Pond_05_20260305_16,Low,1,1.0,0,0,0,0,0,0,0,0,0,0
2026-03-05 20:00:00,28.0607142857143,7.9432967032967,3.3196153846153846,7.19769230769231,1.0,1.0,Pond_01,Real_Data,Obs_Pond_01_20260305_20,Low,2,1.0,0,0,0,0,0,0,0,0,0,0
2026-03-05 20:00:00,28.35,7.97,2.79,7.89,0.0,1.0,Pond_02,Real_Data,Obs_Pond_02_20260305_20,Low,1,1.0,0,0,0,0,0,0,0,0,0,0
2026-03-05 20:00:00,27.235149307072025,7.893590840530387,3.04500381951297,5.99608484517653,,,Pond_03,Real_Data,Obs_Pond_03_20260305_20,Unknown,0,1.0,0,-1,0,0,0,0,0,0,0,0
2026-03-05 20:00:00,28.063694725120968,7.945945792471315,3.242301469799189,7.155495722294749,0.0,1.0,Pond_04,Mock_Data,Obs_Pond_04_20260305_20,Low,1,1.0,0,0,0,0,0,0,0,0,0,0
2026-03-05 20:00:00,27.898435071551173,7.968822670183691,3.293175341442179,7.1722168926331715,0.0,1.0,Pond_05,Mock_Data,Obs_Pond_05_20260305_20,Low,1,1.0,0,0,0,0,0,0,0,0,0,0
2026-03-06 00:00:00,28.03214285714285,7.94065934065934,3.3719230769230775,7.13175824175824,1.0,1.0,Pond_01,Real_Data,Obs_Pond_01_20260306_00,Low,2,1.0,0,0,0,0,0,0,0,0,0,0
2026-03-06 00:00:00,28.35,7.97,2.79,7.89,0.0,0.0,Pond_02,Real_Data,Obs_Pond_02_20260306_00,Unknown,0,1.0,0,-1,0,0,0,0,0,0,0,0
2026-03-06 00:00:00,27.189951374784425,7.861693229154867,3.508905224944005,6.48104289074917,,,Pond_03,Real_Data,Obs_Pond_03_20260306_00,Low,1,1.0,0,0,0,0,0,0,0,0,0,0
2026-03-06 00:00:00,28.04824118380587,7.982560059755734,3.3554170320387504,7.250066210503422,0.0,1.0,Pond_04,Mock_Data,Obs_Pond_04_20260306_00,Low,2,1.0,0,0,0,0,0,0,0,0,0,0
2026-03-06 00:00:00,27.940310339436476,7.962572096762303,3.3579263519553058,7.037961430408651,0.0,1.0,Pond_05,Mock_Data,Obs_Pond_05_20260306_00,Low,2,1.0,0,0,0,0,0,0,0,0,0,0
2026-03-06 04:00:00,28.003571428571426,7.93802197802198,3.42423076923077,7.06582417582418,1.0,1.0,Pond_01,Real_Data,Obs_Pond_01_20260306_04,Low,2,1.0,0,0,0,0,0,0,0,0,0,0
2026-03-06 04:00:00,28.35,7.97,2.79,7.89,0.0,0.0,Pond_02,Real_Data,Obs_Pond_02_20260306_04,Unknown,0,1.0,0,-1,0,0,0,0,0,0,0,0
2026-03-06 04:00:00,26.7035533932984,7.792240871944215,3.1217106174674223,6.13832084039231,,,Pond_03,Real_Data,Obs_Pond_03_20260306_04,Unknown,0,1.0,0,-1,0,0,0,0,0,0,0,0
2026-03-06 04:00:00,27.94751935629722,7.927177841196966,3.418895910723586,7.134034523599143,0.0,1.0,Pond_04,Mock_Data,Obs_Pond_04_20260306_04,Low,2,1.0,0,0,0,0,0,0,0,0,0,0
2026-03-06 04:00:00,27.920547347678987,7.942550694876915,3.4344811202539622,6.936389781317912,0.0,1.0,Pond_05,Mock_Data,Obs_Pond_05_20260306_04,Low,2,1.0,0,0,0,0,0,0,0,0,0,0
2026-03-06 08:00:00,27.975,7.935384615384617,3.4765384615384627,6.99989010989011,1.0,1.0,Pond_01,Real_Data,Obs_Pond_01_20260306_08,Low,2,1.0,0,0,0,0,0,0,0,0,0,0
2026-03-06 08:00:00,28.35,7.97,2.79,7.89,0.0,0.0,Pond_02,Real_Data,Obs_Pond_02_20260306_08,Unknown,0,1.0,0,-1,0,0,0,0,0,0,0,0
2026-03-06 08:00:00,27.737260275085248,7.81046291771687,3.2578660107009525,6.39016744711338,,,Pond_03,Real_Data,Obs_Pond_03_20260306_08,Unknown,0,1.0,0,-1,0,0,0,0,0,0,0,0
2026-03-06 08:00:00,28.01458174566239,7.9126796947942895,3.4593915855608595,6.971639531940091,0.0,1.0,Pond_04,Mock_Data,Obs_Pond_04_20260306_08,Low,2,1.0,0,0,0,0,0,0,0,0,0,0
2026-03-06 08:00:00,27.98337947523405,7.928104466163521,3.480982916482884,7.079518958810034,0.0,1.0,Pond_05,Mock_Data,Obs_Pond_05_20260306_08,Low,2,1.0,0,0,0,0,0,0,0,0,0,0
2026-03-06 12:00:00,27.946428571428577,7.93274725274725,3.528846153846155,6.93395604395604,1.0,1.0,Pond_01,Real_Data,Obs_Pond_01_20260306_12,Low,2,1.0,0,0,0,0,0,0,0,0,0,0
2026-03-06 12:00:00,28.35,7.97,2.79,7.89,0.0,0.0,Pond_02,Real_Data,Obs_Pond_02_20260306_12,Unknown,0,1.0,0,-1,0,0,0,0,0,0,0,0
2026-03-06 12:00:00,27.375464083102074,7.803710839439848,2.81601245901282,6.50193830566831,,,Pond_03,Real_Data,Obs_Pond_03_20260306_12,Unknown,0,1.0,0,-1,0,0,0,0,0,0,0,0
2026-03-06 12:00:00,27.843442913496446,7.9645168333090615,3.4777939491157577,7.014858528126087,0.0,1.0,Pond_04,Mock_Data,Obs_Pond_04_20260306_12,Low,2,1.0,0,0,0,0,0,0,0,0,0,0
2026-03-06 12:00:00,27.926207694501187,7.953351400903972,3.5298801075999,6.972901407251102,0.0,1.0,Pond_05,Mock_Data,Obs_Pond_05_20260306_12,Low,2,1.0,0,0,0,0,0,0,0,0,0,0
2026-03-06 16:00:00,27.91785714285715,7.93010989010989,3.5811538461538475,6.86802197802198,1.0,1.0,Pond_01,Real_Data,Obs_Pond_01_20260306_16,Low,2,1.0,0,0,0,0,0,0,0,0,0,0
2026-03-06 16:00:00,28.35,7.97,2.79,7.89,0.0,0.0,Pond_02,Real_Data,Obs_Pond_02_20260306_16,Unknown,0,1.0,0,-1,0,0,0,0,0,0,0,0
2026-03-06 16:00:00,27.583748915647952,7.863926535689967,3.390695125493595,5.4715565366859,,,Pond_03,Real_Data,Obs_Pond_03_20260306_16,Low,1,1.0,0,0,0,0,0,0,0,0,0,0
2026-03-06 16:00:00,27.91376133222311,7.972191358650935,3.5639112769907166,6.872307387272223,0.0,1.0,Pond_04,Mock_Data,Obs_Pond_04_20260306_16,Low,2,1.0,0,0,0,0,0,0,0,0,0,0
2026-03-06 16:00:00,27.83446948871008,7.943980709442568,3.548788841783342,6.873577940238075,0.0,1.0,Pond_05,Mock_Data,Obs_Pond_05_20260306_16,Low,2,1.0,0,0,0,0,0,0,0,0,0,0
2026-03-06 20:00:00,27.8892857142857,7.9274725274725295,3.6334615384615376,6.80208791208791,1.0,1.0,Pond_01,Real_Data,Obs_Pond_01_20260306_20,Low,2,1.0,0,0,0,0,0,0,0,0,0,0
2026-03-06 20:00:00,28.35,7.97,2.79,7.89,0.0,0.0,Pond_02,Real_Data,Obs_Pond_02_20260306_20,Unknown,0,1.0,0,-1,0,0,0,0,0,0,0,0
2026-03-06 20:00:00,27.35055493288055,7.693757022375593,3.1151628544840375,6.35370797788109,,,Pond_03,Real_Data,Obs_Pond_03_20260306_20,Unknown,0,1.0,0,-1,0,0,0,0,0,0,0,0
2026-03-06 20:00:00,27.81422354505213,7.927551769454416,3.6450728019936305,6.855944764203961,0.0,1.0,Pond_04,Mock_Data,Obs_Pond_04_20260306_20,Low,2,1.0,0,0,0,0,0,0,0,0,0,0
2026-03-06 20:00:00,27.871858380991554,7.912796870060937,3.6205457756366592,6.774282403194917,0.0,1.0,Pond_05,Mock_Data,Obs_Pond_05_20260306_20,Low,2,1.0,0,0,0,0,0,0,0,0,0,0
2026-03-07 00:00:00,27.8607142857143,7.924835164835165,3.6857692307692327,6.73615384615385,1.0,1.0,Pond_01,Real_Data,Obs_Pond_01_20260307_00,Low,2,1.0,0,0,0,0,0,0,0,0,0,0
2026-03-07 00:00:00,28.35,7.97,2.79,7.89,0.0,0.0,Pond_02,Real_Data,Obs_Pond_02_20260307_00,Unknown,0,1.0,0,-1,0,0,0,0,0,0,0,0
2026-03-07 00:00:00,27.141636615802625,7.76493833476661,3.623941966980502,5.68339363699749,,,Pond_03,Real_Data,Obs_Pond_03_20260307_00,Low,1,1.0,0,0,0,0,0,0,0,0,0,0
2026-03-07 00:00:00,27.82031166166518,7.946522787229895,3.6838335643720543,6.766767107818011,0.0,1.0,Pond_04,Mock_Data,Obs_Pond_04_20260307_00,Low,2,1.0,0,0,0,0,0,0,0,0,0,0
2026-03-07 00:00:00,27.89203649470222,7.896364726234292,3.685863381317701,6.702744994316016,0.0,1.0,Pond_05,Mock_Data,Obs_Pond_05_20260307_00,Low,2,1.0,0,0,0,0,0,0,0,0,0,0
2026-03-07 04:00:00,27.83214285714285,7.9221978021978,3.7380769230769224,6.67021978021978,0.0,1.0,Pond_01,Real_Data,Obs_Pond_01_20260307_04,Low,2,1.0,0,0,0,0,0,0,0,0,0,0
2026-03-07 04:00:00,27.83214285714285,7.9221978021978,3.7380769230769224,6.67021978021978,0.0,1.0,Pond_01,Real_Data,Obs_Pond_01_20260307_04,Medium,2,1.0,0,1,0,0,0,0,0,0,0,1
2026-03-07 04:00:00,28.35,7.97,2.79,7.89,0.0,0.0,Pond_02,Real_Data,Obs_Pond_02_20260307_04,Unknown,0,1.0,0,-1,0,0,0,0,0,0,0,0
2026-03-07 04:00:00,27.3949415108057,7.877698283363163,3.40286350628312,6.05581352273761,,,Pond_03,Real_Data,Obs_Pond_03_20260307_04,Low,1,1.0,0,0,0,0,0,0,0,0,0,0
2026-03-07 04:00:00,27.83508075928528,7.950961505950863,3.745945875371233,6.616768194488378,0.0,2.0,Pond_04,Mock_Data,Obs_Pond_04_20260307_04,Medium,3,1.0,0,1,0,0,0,0,0,0,0,1
2026-03-07 04:00:00,27.864859815528106,7.916011127668546,3.678786955974404,6.602281719652148,0.0,1.0,Pond_05,Mock_Data,Obs_Pond_05_20260307_04,Low,2,1.0,0,0,0,0,0,0,0,0,0,0
2026-03-07 08:00:00,27.803571428571423,7.91956043956044,3.790384615384615,6.60428571428571,1.0,1.0,Pond_01,Real_Data,Obs_Pond_01_20260307_08,Low,2,1.0,0,0,0,0,0,0,0,0,0,0
2026-03-07 08:00:00,27.803571428571423,7.91956043956044,3.790384615384615,6.60428571428571,1.0,1.0,Pond_01,Real_Data,Obs_Pond_01_20260307_08,Medium,2,1.0,0,1,0,0,0,0,0,0,0,1
2026-03-07 08:00:00,28.35,7.97,2.79,7.89,0.0,0.0,Pond_02,Real_Data,Obs_Pond_02_20260307_08,Unknown,0,1.0,0,-1,0,0,0,0,0,0,0,0
2026-03-07 08:00:00,27.1255890271066,7.831885658288898,3.15410527909563,6.35601087290743,,,Pond_03,Real_Data,Obs_Pond_03_20260307_08,Unknown,0,1.0,0,-1,0,0,0,0,0,0,0,0
2026-03-07 08:00:00,27.750240603064352,7.9036402159777435,3.761491055020854,6.563642376950674,0.0,1.0,Pond_04,Mock_Data,Obs_Pond_04_20260307_08,Low,2,1.0,0,0,0,0,0,0,0,0,0,0
2026-03-07 08:00:00,27.750240603064352,7.9036402159777435,3.761491055020854,6.563642376950674,0.0,1.0,Pond_04,Mock_Data,Obs_Pond_04_20260307_08,Medium,2,1.0,0,1,0,0,0,0,0,0,0,1
2026-03-07 08:00:00,27.685824554386105,7.952053690869185,3.7704414411761413,-1.5,0.0,1.0,Pond_05,Mock_Data,Obs_Pond_05_20260307_08,Low,2,0.5,1,0,0,1,0,0,1,1,0,0
2026-03-07 08:00:00,27.685824554386105,7.952053690869185,3.7704414411761413,-1.5,0.0,1.0,Pond_05,Mock_Data,Obs_Pond_05_20260307_08,Medium,2,0.5,1,1,0,1,0,0,1,1,0,1
2026-03-07 12:00:00,27.775,7.91692307692308,3.8426923076923076,6.53835164835165,0.0,1.0,Pond_01,Real_Data,Obs_Pond_01_20260307_12,Low,2,1.0,0,0,0,0,0,0,0,0,0,0
2026-03-07 12:00:00,27.775,7.91692307692308,3.8426923076923076,6.53835164835165,0.0,1.0,Pond_01,Real_Data,Obs_Pond_01_20260307_12,Medium,2,1.0,0,1,0,0,0,0,0,0,0,1
2026-03-07 12:00:00,28.35,7.97,2.79,7.89,0.0,0.0,Pond_02,Real_Data,Obs_Pond_02_20260307_12,Unknown,0,1.0,0,-1,0,0,0,0,0,0,0,0
2026-03-07 12:00:00,27.260875828498925,7.6437577121925955,3.2767191393548925,6.28435149348263,,,Pond_03,Real_Data,Obs_Pond_03_20260307_12,Unknown,0,1.0,0,-1,0,0,0,0,0,0,0,0
2026-03-07 12:00:00,27.75116417241458,7.9065172298135336,3.89321362443785,6.603398740043176,0.0,1.0,Pond_04,Mock_Data,Obs_Pond_04_20260307_12,Low,2,1.0,0,0,0,0,0,0,0,0,0,0
2026-03-07 12:00:00,27.75116417241458,7.9065172298135336,3.89321362443785,6.603398740043176,0.0,1.0,Pond_04,Mock_Data,Obs_Pond_04_20260307_12,Medium,2,1.0,0,1,0,0,0,0,0,0,0,1
2026-03-07 12:00:00,27.76704987094272,7.9415058641417655,3.8594080186313495,6.40445771265823,0.0,1.0,Pond_05,Mock_Data,Obs_Pond_05_20260307_12,Low,2,1.0,0,0,0,0,0,0,0,0,0,0
2026-03-07 12:00:00,27.76704987094272,7.9415058641417655,3.8594080186313495,6.40445771265823,0.0,1.0,Pond_05,Mock_Data,Obs_Pond_05_20260307_12,Medium,2,1.0,0,1,0,0,0,0,0,0,0,1
2026-03-07 16:00:00,27.746428571428574,7.914285714285713,3.895,6.47241758241758,1.0,1.0,Pond_01,Real_Data,Obs_Pond_01_20260307_16,Low,2,1.0,0,0,0,0,0,0,0,0,0,0
2026-03-07 16:00:00,27.746428571428574,7.914285714285713,3.895,6.47241758241758,1.0,1.0,Pond_01,Real_Data,Obs_Pond_01_20260307_16,Medium,2,1.0,0,1,0,0,0,0,0,0,0,1
2026-03-07 16:00:00,28.35,7.97,2.79,7.89,0.0,0.0,Pond_02,Real_Data,Obs_Pond_02_20260307_16,Unknown,0,1.0,0,-1,0,0,0,0,0,0,0,0
2026-03-07 16:00:00,27.0562591831204,7.786627212555553,3.2989011403602877,6.68515233229241,,,Pond_03,Real_Data,Obs_Pond_03_20260307_16,Unknown,0,1.0,0,-1,0,0,0,0,0,0,0,0
2026-03-07 16:00:00,27.808801412649522,7.940677921140628,3.8442865774795805,6.4512748735379,0.0,1.0,Pond_04,Mock_Data,Obs_Pond_04_20260307_16,Low,2,1.0,0,0,0,0,0,0,0,0,0,0
2026-03-07 16:00:00,27.808801412649522,7.940677921140628,3.8442865774795805,6.4512748735379,0.0,1.0,Pond_04,Mock_Data,Obs_Pond_04_20260307_16,Medium,2,1.0,0,1,0,0,0,0,0,0,0,1
2026-03-07 16:00:00,27.660685243198028,7.890435373445761,3.8399203784676668,6.425931542229752,0.0,1.0,Pond_05,Mock_Data,Obs_Pond_05_20260307_16,Low,2,1.0,0,0,0,0,0,0,0,0,0,0
2026-03-07 16:00:00,27.660685243198028,7.890435373445761,3.8399203784676668,6.425931542229752,0.0,1.0,Pond_05,Mock_Data,Obs_Pond_05_20260307_16,Medium,2,1.0,0,1,0,0,0,0,0,0,0,1
2026-03-07 20:00:00,27.71785714285715,7.91164835164835,3.9473076923076924,6.40648351648352,0.0,1.0,Pond_01,Real_Data,Obs_Pond_01_20260307_20,Low,2,1.0,0,0,0,0,0,0,0,0,0,0
2026-03-07 20:00:00,27.71785714285715,7.91164835164835,3.9473076923076924,6.40648351648352,0.0,1.0,Pond_01,Real_Data,Obs_Pond_01_20260307_20,Medium,2,1.0,0,1,0,0,0,0,0,0,0,1
2026-03-07 20:00:00,28.35,7.97,2.79,7.89,0.0,0.0,Pond_02,Real_Data,Obs_Pond_02_20260307_20,Unknown,0,1.0,0,-1,0,0,0,0,0,0,0,0
2026-03-07 20:00:00,27.471963506797323,7.9167356028720395,3.16146640011104,6.07798402358134,,,Pond_03,Real_Data,Obs_Pond_03_20260307_20,Unknown,0,1.0,0,-1,0,0,0,0,0,0,0,0
2026-03-07 20:00:00,27.68209977218935,7.947778147920742,3.9683299775286502,6.380991130606834,0.0,1.0,Pond_04,Mock_Data,Obs_Pond_04_20260307_20,Low,2,1.0,0,0,0,0,0,0,0,0,0,0
2026-03-07 20:00:00,27.68209977218935,7.947778147920742,3.9683299775286502,6.380991130606834,0.0,1.0,Pond_04,Mock_Data,Obs_Pond_04_20260307_20,Medium,2,1.0,0,1,0,0,0,0,0,0,0,1
2026-03-07 20:00:00,27.77374880812206,7.886609491108618,3.9971763742049307,6.386846282919699,0.0,1.0,Pond_05,Mock_Data,Obs_Pond_05_20260307_20,Low,4,1.0,0,0,0,0,0,0,0,0,0,0
2026-03-07 20:00:00,27.77374880812206,7.886609491108618,3.9971763742049307,6.386846282919699,0.0,1.0,Pond_05,Mock_Data,Obs_Pond_05_20260307_20,Medium,4,1.0,0,1,0,0,0,0,0,0,0,1
2026-03-08 00:00:00,27.7,7.91,3.98,6.39,1.0,1.0,Pond_01,Real_Data,Obs_Pond_01_20260308_00,Low,2,1.0,0,0,0,0,0,0,0,0,0,0
2026-03-08 00:00:00,27.7,7.91,3.98,6.39,1.0,1.0,Pond_01,Real_Data,Obs_Pond_01_20260308_00,Medium,2,1.0,0,1,0,0,0,0,0,0,0,1
2026-03-08 00:00:00,28.35,7.97,2.79,7.89,0.0,0.0,Pond_02,Real_Data,Obs_Pond_02_20260308_00,Unknown,0,1.0,0,-1,0,0,0,0,0,0,0,0
2026-03-08 00:00:00,27.416012641276975,7.789950024939955,3.47469643213104,6.16606786196284,,,Pond_03,Real_Data,Obs_Pond_03_20260308_00,Low,1,1.0,0,0,0,0,0,0,0,0,0,0
2026-03-08 00:00:00,27.75179853312887,7.9220691979057385,4.030959956757707,6.329679311159146,0.0,1.0,Pond_04,Mock_Data,Obs_Pond_04_20260308_00,High,2,1.0,0,2,0,0,0,0,0,0,1,0
2026-03-08 00:00:00,27.75179853312887,7.9220691979057385,4.030959956757707,6.329679311159146,0.0,1.0,Pond_04,Mock_Data,Obs_Pond_04_20260308_00,Low,2,1.0,0,0,0,0,0,0,0,0,0,0
2026-03-08 00:00:00,27.74860358682218,7.937331559371668,4.0347423001548,6.428516924792919,0.0,1.0,Pond_05,Mock_Data,Obs_Pond_05_20260308_00,High,2,1.0,0,2,0,0,0,0,0,0,1,0
2026-03-08 00:00:00,27.74860358682218,7.937331559371668,4.0347423001548,6.428516924792919,0.0,1.0,Pond_05,Mock_Data,Obs_Pond_05_20260308_00,Low,2,1.0,0,0,0,0,0,0,0,0,0,0
2026-03-08 04:00:00,27.7,7.91,3.98,6.39,1.0,1.0,Pond_01,Real_Data,Obs_Pond_01_20260308_04,Low,2,1.0,0,0,0,0,0,0,0,0,0,0
2026-03-08 04:00:00,27.7,7.91,3.98,6.39,1.0,1.0,Pond_01,Real_Data,Obs_Pond_01_20260308_04,Medium,2,1.0,0,1,0,0,0,0,0,0,0,1
2026-03-08 04:00:00,28.35,7.97,2.79,7.89,0.0,0.0,Pond_02,Real_Data,Obs_Pond_02_20260308_04,Unknown,0,1.0,0,-1,0,0,0,0,0,0,0,0
2026-03-08 04:00:00,27.074551668692322,7.694617669426496,3.48842883312638,6.44304728097827,,,Pond_03,Real_Data,Obs_Pond_03_20260308_04,Low,1,1.0,0,0,0,0,0,0,0,0,0,0
2026-03-08 04:00:00,27.629977611261296,7.8911351667750145,4.0007354601087135,6.416752364546073,0.0,1.0,Pond_04,Mock_Data,Obs_Pond_04_20260308_04,High,2,1.0,0,2,0,0,0,0,0,0,1,0
2026-03-08 04:00:00,27.629977611261296,7.8911351667750145,4.0007354601087135,6.416752364546073,0.0,1.0,Pond_04,Mock_Data,Obs_Pond_04_20260308_04,Low,2,1.0,0,0,0,0,0,0,0,0,0,0
2026-03-08 04:00:00,27.64433776224303,7.885649883566588,3.9263124649253034,6.387478447451947,0.0,1.0,Pond_05,Mock_Data,Obs_Pond_05_20260308_04,Low,2,1.0,0,0,0,0,0,0,0,0,0,0
2026-03-08 04:00:00,27.64433776224303,7.885649883566588,3.9263124649253034,6.387478447451947,0.0,1.0,Pond_05,Mock_Data,Obs_Pond_05_20260308_04,Medium,2,1.0,0,1,0,0,0,0,0,0,0,1
2026-03-08 08:00:00,27.7,7.91,3.98,6.39,1.0,1.0,Pond_01,Real_Data,Obs_Pond_01_20260308_08,Low,2,1.0,0,0,0,0,0,0,0,0,0,0
2026-03-08 08:00:00,27.7,7.91,3.98,6.39,1.0,1.0,Pond_01,Real_Data,Obs_Pond_01_20260308_08,Medium,2,1.0,0,1,0,0,0,0,0,0,0,1
2026-03-08 08:00:00,28.35,7.97,2.79,7.89,0.0,0.0,Pond_02,Real_Data,Obs_Pond_02_20260308_08,Unknown,0,1.0,0,-1,0,0,0,0,0,0,0,0
2026-03-08 08:00:00,27.4715583012429,7.776156532747985,3.539873041552115,6.47777376040114,,,Pond_03,Real_Data,Obs_Pond_03_20260308_08,Low,1,1.0,0,0,0,0,0,0,0,0,0,0
2026-03-08 08:00:00,27.732838743916993,7.9526062342934685,3.971267701470053,6.520258593577512,0.0,1.0,Pond_04,Mock_Data,Obs_Pond_04_20260308_08,Low,2,1.0,0,0,0,0,0,0,0,0,0,0
2026-03-08 08:00:00,27.732838743916993,7.9526062342934685,3.971267701470053,6.520258593577512,0.0,1.0,Pond_04,Mock_Data,Obs_Pond_04_20260308_08,Medium,2,1.0,0,1,0,0,0,0,0,0,0,1
2026-03-08 08:00:00,27.652518377017234,7.9209202257323135,4.038536897524443,6.440203304624161,0.0,2.0,Pond_05,Mock_Data,Obs_Pond_05_20260308_08,High,3,1.0,0,2,0,0,0,0,0,0,1,0
2026-03-08 08:00:00,27.652518377017234,7.9209202257323135,4.038536897524443,6.440203304624161,0.0,2.0,Pond_05,Mock_Data,Obs_Pond_05_20260308_08,Medium,3,1.0,0,1,0,0,0,0,0,0,0,1
2026-03-08 12:00:00,27.7,7.91,3.98,6.39,0.0,1.0,Pond_01,Real_Data,Obs_Pond_01_20260308_12,Low,2,1.0,0,0,0,0,0,0,0,0,0,0
2026-03-08 12:00:00,27.7,7.91,3.98,6.39,0.0,1.0,Pond_01,Real_Data,Obs_Pond_01_20260308_12,Medium,2,1.0,0,1,0,0,0,0,0,0,0,1
2026-03-08 12:00:00,28.35,7.97,2.79,7.89,0.0,0.0,Pond_02,Real_Data,Obs_Pond_02_20260308_12,Unknown,0,1.0,0,-1,0,0,0,0,0,0,0,0
2026-03-08 12:00:00,27.4629459433588,7.886749424475055,3.7414814325895724,5.27799117173559,,,Pond_03,Real_Data,Obs_Pond_03_20260308_12,Medium,1,1.0,0,1,0,0,0,0,0,0,0,1
2026-03-08 12:00:00,27.789352452747412,7.898615010206787,3.9572212559909006,6.32258004559795,0.0,1.0,Pond_04,Mock_Data,Obs_Pond_04_20260308_12,Low,2,1.0,0,0,0,0,0,0,0,0,0,0
2026-03-08 12:00:00,27.789352452747412,7.898615010206787,3.9572212559909006,6.32258004559795,0.0,1.0,Pond_04,Mock_Data,Obs_Pond_04_20260308_12,Medium,2,1.0,0,1,0,0,0,0,0,0,0,1
2026-03-08 12:00:00,27.671409378823203,7.896790303334138,3.973809149086953,6.475204517869588,0.0,2.0,Pond_05,Mock_Data,Obs_Pond_05_20260308_12,Medium,3,1.0,0,1,0,0,0,0,0,0,0,1
2026-03-08 16:00:00,27.7,7.91,3.98,6.39,0.0,1.0,Pond_01,Real_Data,Obs_Pond_01_20260308_16,Low,2,1.0,0,0,0,0,0,0,0,0,0,0
2026-03-08 16:00:00,27.7,7.91,3.98,6.39,0.0,1.0,Pond_01,Real_Data,Obs_Pond_01_20260308_16,Medium,2,1.0,0,1,0,0,0,0,0,0,0,1
2026-03-08 16:00:00,28.35,7.97,2.79,7.89,0.0,0.0,Pond_02,Real_Data,Obs_Pond_02_20260308_16,Unknown,0,1.0,0,-1,0,0,0,0,0,0,0,0
2026-03-08 16:00:00,27.3911228423351,7.79150963219311,3.484515257156585,6.67882838052858,,,Pond_03,Real_Data,Obs_Pond_03_20260308_16,Low,1,1.0,0,0,0,0,0,0,0,0,0,0
2026-03-08 16:00:00,27.546800564856053,7.902814031364656,4.024673305526214,6.391529577816962,0.0,1.0,Pond_04,Mock_Data,Obs_Pond_04_20260308_16,High,2,1.0,0,2,0,0,0,0,0,0,1,0
2026-03-08 16:00:00,27.546800564856053,7.902814031364656,4.024673305526214,6.391529577816962,0.0,1.0,Pond_04,Mock_Data,Obs_Pond_04_20260308_16,Low,2,1.0,0,0,0,0,0,0,0,0,0,0
2026-03-08 16:00:00,27.56036556812637,7.944672408670064,3.998045219195028,6.4568286462390425,0.0,1.0,Pond_05,Mock_Data,Obs_Pond_05_20260308_16,Low,2,1.0,0,0,0,0,0,0,0,0,0,0
2026-03-08 16:00:00,27.56036556812637,7.944672408670064,3.998045219195028,6.4568286462390425,0.0,1.0,Pond_05,Mock_Data,Obs_Pond_05_20260308_16,Medium,2,1.0,0,1,0,0,0,0,0,0,0,1
2026-03-08 20:00:00,27.7,7.91,3.98,6.39,1.0,1.0,Pond_01,Real_Data,Obs_Pond_01_20260308_20,Low,2,1.0,0,0,0,0,0,0,0,0,0,0
2026-03-08 20:00:00,27.7,7.91,3.98,6.39,1.0,1.0,Pond_01,Real_Data,Obs_Pond_01_20260308_20,Medium,2,1.0,0,1,0,0,0,0,0,0,0,1
2026-03-08 20:00:00,28.35,7.97,2.79,7.89,0.0,0.0,Pond_02,Real_Data,Obs_Pond_02_20260308_20,Unknown,0,1.0,0,-1,0,0,0,0,0,0,0,0
2026-03-08 20:00:00,27.396745850265347,7.981150743430887,3.3648389804149224,6.69641328771711,,,Pond_03,Real_Data,Obs_Pond_03_20260308_20,Low,1,1.0,0,0,0,0,0,0,0,0,0,0
2026-03-08 20:00:00,27.65060620449232,7.9173403509826175,3.9186451585170783,6.479188674354135,0.0,1.0,Pond_04,Mock_Data,Obs_Pond_04_20260308_20,Low,2,1.0,0,0,0,0,0,0,0,0,0,0
2026-03-08 20:00:00,27.65060620449232,7.9173403509826175,3.9186451585170783,6.479188674354135,0.0,1.0,Pond_04,Mock_Data,Obs_Pond_04_20260308_20,Medium,2,1.0,0,1,0,0,0,0,0,0,0,1
2026-03-08 20:00:00,27.72082424652687,7.893480679429385,3.9585857459364218,6.419715011155545,0.0,1.0,Pond_05,Mock_Data,Obs_Pond_05_20260308_20,Low,2,1.0,0,0,0,0,0,0,0,0,0,0
2026-03-08 20:00:00,27.72082424652687,7.893480679429385,3.9585857459364218,6.419715011155545,0.0,1.0,Pond_05,Mock_Data,Obs_Pond_05_20260308_20,Medium,2,1.0,0,1,0,0,0,0,0,0,0,1
2026-03-09 00:00:00,27.7,7.91,3.98,6.39,1.0,1.0,Pond_01,Real_Data,Obs_Pond_01_20260309_00,Low,2,1.0,0,0,0,0,0,0,0,0,0,0
2026-03-09 00:00:00,27.7,7.91,3.98,6.39,1.0,1.0,Pond_01,Real_Data,Obs_Pond_01_20260309_00,Medium,2,1.0,0,1,0,0,0,0,0,0,0,1
2026-03-09 00:00:00,27.7,7.910000000000001,3.9800000000000004,6.39,0.0,1.0,Pond_02,Real_Data,Obs_Pond_02_20260309_00,Low,2,1.0,0,0,0,0,0,0,0,0,0,0
2026-03-09 00:00:00,27.7,7.910000000000001,3.9800000000000004,6.39,0.0,1.0,Pond_02,Real_Data,Obs_Pond_02_20260309_00,Medium,2,1.0,0,1,0,0,0,0,0,0,0,1
2026-03-09 00:00:00,26.94464434624235,7.888822534251577,3.4910628455847648,6.4185419760811,,,Pond_03,Real_Data,Obs_Pond_03_20260309_00,Low,1,1.0,0,0,0,0,0,0,0,0,0,0
2026-03-09 00:00:00,27.735768543541283,7.943324049584955,3.9381708579978074,6.384970254411263,0.0,1.0,Pond_04,Mock_Data,Obs_Pond_04_20260309_00,Low,4,1.0,0,0,0,0,0,0,0,0,0,0
2026-03-09 00:00:00,27.735768543541283,7.943324049584955,3.9381708579978074,6.384970254411263,0.0,1.0,Pond_04,Mock_Data,Obs_Pond_04_20260309_00,Medium,4,1.0,0,1,0,0,0,0,0,0,0,1
2026-03-09 00:00:00,27.683088332331263,7.934515768010993,4.0197992038023544,6.3907491865391455,0.0,2.0,Pond_05,Mock_Data,Obs_Pond_05_20260309_00,High,3,1.0,0,2,0,0,0,0,0,0,1,0
2026-03-09 00:00:00,27.683088332331263,7.934515768010993,4.0197992038023544,6.3907491865391455,0.0,2.0,Pond_05,Mock_Data,Obs_Pond_05_20260309_00,Medium,3,1.0,0,1,0,0,0,0,0,0,0,1
2026-03-09 04:00:00,27.7,7.91,3.98,6.39,0.0,1.0,Pond_01,Real_Data,Obs_Pond_01_20260309_04,Low,2,1.0,0,0,0,0,0,0,0,0,0,0
2026-03-09 04:00:00,27.7,7.91,3.98,6.39,0.0,1.0,Pond_01,Real_Data,Obs_Pond_01_20260309_04,Medium,2,1.0,0,1,0,0,0,0,0,0,0,1
2026-03-09 04:00:00,27.7,7.910000000000001,3.98,6.39,0.0,1.0,Pond_02,Real_Data,Obs_Pond_02_20260309_04,Low,2,1.0,0,0,0,0,0,0,0,0,0,0
2026-03-09 04:00:00,27.7,7.910000000000001,3.98,6.39,0.0,1.0,Pond_02,Real_Data,Obs_Pond_02_20260309_04,Medium,2,1.0,0,1,0,0,0,0,0,0,0,1
2026-03-09 04:00:00,27.153503574550548,7.630291846154755,3.2705725788139426,6.32942797014332,,,Pond_03,Real_Data,Obs_Pond_03_20260309_04,Unknown,0,1.0,0,-1,0,0,0,0,0,0,0,0
2026-03-09 04:00:00,27.68741467939715,7.928310811038347,3.9628583812342555,6.418569504011251,0.0,1.0,Pond_04,Mock_Data,Obs_Pond_04_20260309_04,Low,2,1.0,0,0,0,0,0,0,0,0,0,0
2026-03-09 04:00:00,27.68741467939715,7.928310811038347,3.9628583812342555,6.418569504011251,0.0,1.0,Pond_04,Mock_Data,Obs_Pond_04_20260309_04,Medium,2,1.0,0,1,0,0,0,0,0,0,0,1
2026-03-09 04:00:00,27.760134163562952,7.913963708554155,3.997509678991034,6.32805841307337,0.0,1.0,Pond_05,Mock_Data,Obs_Pond_05_20260309_04,Low,2,1.0,0,0,0,0,0,0,0,0,0,0
2026-03-09 04:00:00,27.760134163562952,7.913963708554155,3.997509678991034,6.32805841307337,0.0,1.0,Pond_05,Mock_Data,Obs_Pond_05_20260309_04,Medium,2,1.0,0,1,0,0,0,0,0,0,0,1
2026-03-09 08:00:00,27.7,7.91,3.98,6.39,1.0,1.0,Pond_01,Real_Data,Obs_Pond_01_20260309_08,Low,2,1.0,0,0,0,0,0,0,0,0,0,0
2026-03-09 08:00:00,27.7,7.91,3.98,6.39,1.0,1.0,Pond_01,Real_Data,Obs_Pond_01_20260309_08,Medium,2,1.0,0,1,0,0,0,0,0,0,0,1
2026-03-09 08:00:00,27.7,7.909999999999999,3.9800000000000004,6.39,0.0,1.0,Pond_02,Real_Data,Obs_Pond_02_20260309_08,Low,2,1.0,0,0,0,0,0,0,0,0,0,0
2026-03-09 08:00:00,27.7,7.909999999999999,3.9800000000000004,6.39,0.0,1.0,Pond_02,Real_Data,Obs_Pond_02_20260309_08,Medium,2,1.0,0,1,0,0,0,0,0,0,0,1
2026-03-09 08:00:00,27.32832894127615,7.919663561980405,3.265547593469795,6.28604806597465,,,Pond_03,Real_Data,Obs_Pond_03_20260309_08,Unknown,0,1.0,0,-1,0,0,0,0,0,0,0,0
2026-03-09 08:00:00,27.723004658701345,7.918895477146941,4.033364292479663,6.322904623109696,0.0,1.0,Pond_04,Mock_Data,Obs_Pond_04_20260309_08,High,2,1.0,0,2,0,0,0,0,0,0,1,0
2026-03-09 08:00:00,27.723004658701345,7.918895477146941,4.033364292479663,6.322904623109696,0.0,1.0,Pond_04,Mock_Data,Obs_Pond_04_20260309_08,Low,2,1.0,0,0,0,0,0,0,0,0,0,0
2026-03-09 08:00:00,27.631917526270424,7.91540752017331,3.9448959070784997,6.436731106402382,0.0,1.0,Pond_05,Mock_Data,Obs_Pond_05_20260309_08,Low,2,1.0,0,0,0,0,0,0,0,0,0,0
2026-03-09 08:00:00,27.631917526270424,7.91540752017331,3.9448959070784997,6.436731106402382,0.0,1.0,Pond_05,Mock_Data,Obs_Pond_05_20260309_08,Medium,2,1.0,0,1,0,0,0,0,0,0,0,1
2026-03-09 12:00:00,27.7,7.91,3.98,6.39,1.0,1.0,Pond_01,Real_Data,Obs_Pond_01_20260309_12,Low,2,1.0,0,0,0,0,0,0,0,0,0,0
2026-03-09 12:00:00,27.7,7.91,3.98,6.39,1.0,1.0,Pond_01,Real_Data,Obs_Pond_01_20260309_12,Medium,2,1.0,0,1,0,0,0,0,0,0,0,1
2026-03-09 12:00:00,27.7,7.91,3.98,6.39,0.0,1.0,Pond_02,Real_Data,Obs_Pond_02_20260309_12,Low,2,1.0,0,0,0,0,0,0,0,0,0,0
2026-03-09 12:00:00,27.7,7.91,3.98,6.39,0.0,1.0,Pond_02,Real_Data,Obs_Pond_02_20260309_12,Medium,2,1.0,0,1,0,0,0,0,0,0,0,1
2026-03-09 12:00:00,27.343713053915323,7.844702085067118,3.3040830319464076,5.29525972310752,,,Pond_03,Real_Data,Obs_Pond_03_20260309_12,Low,1,1.0,0,0,0,0,0,0,0,0,0,0
2026-03-09 12:00:00,27.66256330979823,7.919933755707597,3.9963745563579405,6.417049699899872,0.0,1.0,Pond_04,Mock_Data,Obs_Pond_04_20260309_12,Low,2,1.0,0,0,0,0,0,0,0,0,0,0
2026-03-09 12:00:00,27.66256330979823,7.919933755707597,3.9963745563579405,6.417049699899872,0.0,1.0,Pond_04,Mock_Data,Obs_Pond_04_20260309_12,Medium,2,1.0,0,1,0,0,0,0,0,0,0,1
2026-03-09 12:00:00,27.661625029023526,7.867752970679552,3.9297596319272405,6.4960843093493255,0.0,1.0,Pond_05,Mock_Data,Obs_Pond_05_20260309_12,Low,2,1.0,0,0,0,0,0,0,0,0,0,0
2026-03-09 12:00:00,27.661625029023526,7.867752970679552,3.9297596319272405,6.4960843093493255,0.0,1.0,Pond_05,Mock_Data,Obs_Pond_05_20260309_12,Medium,2,1.0,0,1,0,0,0,0,0,0,0,1
2026-03-09 16:00:00,27.7,7.91,3.98,6.39,0.0,1.0,Pond_01,Real_Data,Obs_Pond_01_20260309_16,Low,2,1.0,0,0,0,0,0,0,0,0,0,0
2026-03-09 16:00:00,27.7,7.91,3.98,6.39,0.0,1.0,Pond_01,Real_Data,Obs_Pond_01_20260309_16,Medium,2,1.0,0,1,0,0,0,0,0,0,0,1
2026-03-09 16:00:00,27.7,7.91,3.98,6.39,0.0,1.0,Pond_02,Real_Data,Obs_Pond_02_20260309_16,Low,2,1.0,0,0,0,0,0,0,0,0,0,0
2026-03-09 16:00:00,27.7,7.91,3.98,6.39,0.0,1.0,Pond_02,Real_Data,Obs_Pond_02_20260309_16,Medium,2,1.0,0,1,0,0,0,0,0,0,0,1
2026-03-09 16:00:00,27.455989395350475,7.885176576977558,3.53151670994462,5.95233822076944,,,Pond_03,Real_Data,Obs_Pond_03_20260309_16,Low,1,1.0,0,0,0,0,0,0,0,0,0,0
2026-03-09 16:00:00,27.70536707707334,7.9109330342969875,3.9382604773933814,6.378180919159738,0.0,1.0,Pond_04,Mock_Data,Obs_Pond_04_20260309_16,Low,4,1.0,0,0,0,0,0,0,0,0,0,0
2026-03-09 16:00:00,27.70536707707334,7.9109330342969875,3.9382604773933814,6.378180919159738,0.0,1.0,Pond_04,Mock_Data,Obs_Pond_04_20260309_16,Medium,4,1.0,0,1,0,0,0,0,0,0,0,1
2026-03-09 16:00:00,27.606621353293406,7.862765497798596,3.917035696948131,6.411605679118576,0.0,1.0,Pond_05,Mock_Data,Obs_Pond_05_20260309_16,Low,2,1.0,0,0,0,0,0,0,0,0,0,0
2026-03-09 16:00:00,27.606621353293406,7.862765497798596,3.917035696948131,6.411605679118576,0.0,1.0,Pond_05,Mock_Data,Obs_Pond_05_20260309_16,Medium,2,1.0,0,1,0,0,0,0,0,0,0,1
2026-03-09 20:00:00,27.7,7.91,3.98,6.39,0.0,1.0,Pond_01,Real_Data,Obs_Pond_01_20260309_20,Low,2,1.0,0,0,0,0,0,0,0,0,0,0
2026-03-09 20:00:00,27.7,7.91,3.98,6.39,0.0,1.0,Pond_01,Real_Data,Obs_Pond_01_20260309_20,Medium,2,1.0,0,1,0,0,0,0,0,0,0,1
2026-03-09 20:00:00,27.7,7.91,3.98,6.39,0.0,1.0,Pond_02,Real_Data,Obs_Pond_02_20260309_20,Low,2,1.0,0,0,0,0,0,0,0,0,0,0
2026-03-09 20:00:00,27.7,7.91,3.98,6.39,0.0,1.0,Pond_02,Real_Data,Obs_Pond_02_20260309_20,Medium,2,1.0,0,1,0,0,0,0,0,0,0,1
2026-03-09 20:00:00,27.5033548917576,7.711056414368775,3.811651923687315,6.89026612944244,,,Pond_03,Real_Data,Obs_Pond_03_20260309_20,Medium,1,1.0,0,1,0,0,0,0,0,0,0,1
2026-03-09 20:00:00,27.69035068978342,7.921967534759754,3.966620368541407,6.452253697730615,0.0,2.0,Pond_04,Mock_Data,Obs_Pond_04_20260309_20,Medium,3,1.0,0,1,0,0,0,0,0,0,0,1
2026-03-09 20:00:00,27.637751263565697,7.905270661746205,3.988103542582755,6.511084345632657,0.0,1.0,Pond_05,Mock_Data,Obs_Pond_05_20260309_20,Low,2,1.0,0,0,0,0,0,0,0,0,0,0
2026-03-09 20:00:00,27.637751263565697,7.905270661746205,3.988103542582755,6.511084345632657,0.0,1.0,Pond_05,Mock_Data,Obs_Pond_05_20260309_20,Medium,2,1.0,0,1,0,0,0,0,0,0,0,1
2026-03-10 00:00:00,27.7,7.91,3.98,6.39,1.0,1.0,Pond_01,Real_Data,Obs_Pond_01_20260310_00,Low,2,1.0,0,0,0,0,0,0,0,0,0,0
2026-03-10 00:00:00,27.7,7.91,3.98,6.39,1.0,1.0,Pond_01,Real_Data,Obs_Pond_01_20260310_00,Medium,2,1.0,0,1,0,0,0,0,0,0,0,1
2026-03-10 00:00:00,27.7,7.91,3.98,6.39,0.0,1.0,Pond_02,Real_Data,Obs_Pond_02_20260310_00,Low,2,1.0,0,0,0,0,0,0,0,0,0,0
2026-03-10 00:00:00,27.7,7.91,3.98,6.39,0.0,1.0,Pond_02,Real_Data,Obs_Pond_02_20260310_00,Medium,2,1.0,0,1,0,0,0,0,0,0,0,1
2026-03-10 00:00:00,27.156051145092874,7.698148450243495,3.3555917780693223,6.05828030567529,,,Pond_03,Real_Data,Obs_Pond_03_20260310_00,Low,1,1.0,0,0,0,0,0,0,0,0,0,0
2026-03-10 00:00:00,27.772382396500912,7.855761592990227,3.953512042653607,6.464989269544018,0.0,1.0,Pond_04,Mock_Data,Obs_Pond_04_20260310_00,Low,2,1.0,0,0,0,0,0,0,0,0,0,0
2026-03-10 00:00:00,27.772382396500912,7.855761592990227,3.953512042653607,6.464989269544018,0.0,1.0,Pond_04,Mock_Data,Obs_Pond_04_20260310_00,Medium,2,1.0,0,1,0,0,0,0,0,0,0,1
2026-03-10 00:00:00,27.626737451871158,7.915294118799099,4.004683423509231,6.293652642816746,0.0,2.0,Pond_05,Mock_Data,Obs_Pond_05_20260310_00,High,3,1.0,0,2,0,0,0,0,0,0,1,0
2026-03-10 00:00:00,27.626737451871158,7.915294118799099,4.004683423509231,6.293652642816746,0.0,2.0,Pond_05,Mock_Data,Obs_Pond_05_20260310_00,Medium,3,1.0,0,1,0,0,0,0,0,0,0,1
2026-03-10 04:00:00,27.7,7.91,3.98,6.39,1.0,1.0,Pond_01,Real_Data,Obs_Pond_01_20260310_04,Low,2,1.0,0,0,0,0,0,0,0,0,0,0
2026-03-10 04:00:00,27.7,7.91,3.98,6.39,1.0,1.0,Pond_01,Real_Data,Obs_Pond_01_20260310_04,Medium,2,1.0,0,1,0,0,0,0,0,0,0,1
2026-03-10 04:00:00,27.7,7.909999999999999,3.9799999999999995,6.39,0.0,1.0,Pond_02,Real_Data,Obs_Pond_02_20260310_04,Low,2,1.0,0,0,0,0,0,0,0,0,0,0
2026-03-10 04:00:00,27.7,7.909999999999999,3.9799999999999995,6.39,0.0,1.0,Pond_02,Real_Data,Obs_Pond_02_20260310_04,Medium,2,1.0,0,1,0,0,0,0,0,0,0,1
2026-03-10 04:00:00,27.33391182170745,7.685444677583745,3.1092575733199377,6.71826885372061,,,Pond_03,Real_Data,Obs_Pond_03_20260310_04,Unknown,0,1.0,0,-1,0,0,0,0,0,0,0,0
2026-03-10 04:00:00,27.71576971505432,7.903640192131026,3.949395812721856,6.553543681262568,0.0,2.0,Pond_04,Mock_Data,Obs_Pond_04_20260310_04,Medium,3,1.0,0,1,0,0,0,0,0,0,0,1
2026-03-10 04:00:00,27.761733232675514,7.885873695080222,4.008067884629092,6.317108905275573,0.0,1.0,Pond_05,Mock_Data,Obs_Pond_05_20260310_04,High,2,1.0,0,2,0,0,0,0,0,0,1,0
2026-03-10 04:00:00,27.761733232675514,7.885873695080222,4.008067884629092,6.317108905275573,0.0,1.0,Pond_05,Mock_Data,Obs_Pond_05_20260310_04,Low,2,1.0,0,0,0,0,0,0,0,0,0,0
2026-03-10 08:00:00,27.7,7.91,3.98,6.39,1.0,1.0,Pond_01,Real_Data,Obs_Pond_01_20260310_08,Low,2,1.0,0,0,0,0,0,0,0,0,0,0
2026-03-10 08:00:00,27.7,7.91,3.98,6.39,1.0,1.0,Pond_01,Real_Data,Obs_Pond_01_20260310_08,Medium,2,1.0,0,1,0,0,0,0,0,0,0,1
2026-03-10 08:00:00,27.7,7.91,3.98,6.39,0.0,1.0,Pond_02,Real_Data,Obs_Pond_02_20260310_08,Low,2,1.0,0,0,0,0,0,0,0,0,0,0
2026-03-10 08:00:00,27.7,7.91,3.98,6.39,0.0,1.0,Pond_02,Real_Data,Obs_Pond_02_20260310_08,Medium,2,1.0,0,1,0,0,0,0,0,0,0,1
2026-03-10 08:00:00,27.5024765606631,7.73874492580081,3.3632924121746077,6.78401746413122,,,Pond_03,Real_Data,Obs_Pond_03_20260310_08,Low,1,1.0,0,0,0,0,0,0,0,0,0,0
2026-03-10 08:00:00,27.720925556701356,7.915174384843365,4.02220707802247,6.426606685926188,0.0,1.0,Pond_04,Mock_Data,Obs_Pond_04_20260310_08,High,2,1.0,0,2,0,0,0,0,0,0,1,0
2026-03-10 08:00:00,27.720925556701356,7.915174384843365,4.02220707802247,6.426606685926188,0.0,1.0,Pond_04,Mock_Data,Obs_Pond_04_20260310_08,Low,2,1.0,0,0,0,0,0,0,0,0,0,0
2026-03-10 08:00:00,27.656719778752255,7.8866564167315225,3.9749129733566555,6.4440101816881485,0.0,1.0,Pond_05,Mock_Data,Obs_Pond_05_20260310_08,Low,2,1.0,0,0,0,0,0,0,0,0,0,0
2026-03-10 08:00:00,27.656719778752255,7.8866564167315225,3.9749129733566555,6.4440101816881485,0.0,1.0,Pond_05,Mock_Data,Obs_Pond_05_20260310_08,Medium,2,1.0,0,1,0,0,0,0,0,0,0,1
2026-03-10 12:00:00,27.7,7.91,3.98,6.39,0.0,1.0,Pond_01,Real_Data,Obs_Pond_01_20260310_12,Low,2,1.0,0,0,0,0,0,0,0,0,0,0
2026-03-10 12:00:00,27.7,7.91,3.98,6.39,0.0,1.0,Pond_01,Real_Data,Obs_Pond_01_20260310_12,Medium,2,1.0,0,1,0,0,0,0,0,0,0,1
2026-03-10 12:00:00,27.7,7.91,3.98,6.39,0.0,1.0,Pond_02,Real_Data,Obs_Pond_02_20260310_12,Low,2,1.0,0,0,0,0,0,0,0,0,0,0
2026-03-10 12:00:00,27.7,7.91,3.98,6.39,0.0,1.0,Pond_02,Real_Data,Obs_Pond_02_20260310_12,Medium,2,1.0,0,1,0,0,0,0,0,0,0,1
2026-03-10 12:00:00,27.233562876093824,7.7975959963233175,3.3724001219363453,6.78394342285128,,,Pond_03,Real_Data,Obs_Pond_03_20260310_12,Low,1,1.0,0,0,0,0,0,0,0,0,0,0
2026-03-10 12:00:00,27.67447071431368,7.88532014720985,3.9208541354052513,6.410575639884293,0.0,1.0,Pond_04,Mock_Data,Obs_Pond_04_20260310_12,Low,2,1.0,0,0,0,0,0,0,0,0,0,0
2026-03-10 12:00:00,27.67447071431368,7.88532014720985,3.9208541354052513,6.410575639884293,0.0,1.0,Pond_04,Mock_Data,Obs_Pond_04_20260310_12,Medium,2,1.0,0,1,0,0,0,0,0,0,0,1
2026-03-10 12:00:00,27.70769675605068,7.922039002864528,3.930113432869848,6.4066912267336384,0.0,1.0,Pond_05,Mock_Data,Obs_Pond_05_20260310_12,Low,2,1.0,0,0,0,0,0,0,0,0,0,0
2026-03-10 12:00:00,27.70769675605068,7.922039002864528,3.930113432869848,6.4066912267336384,0.0,1.0,Pond_05,Mock_Data,Obs_Pond_05_20260310_12,Medium,2,1.0,0,1,0,0,0,0,0,0,0,1
2026-03-10 16:00:00,27.7,7.91,3.98,6.39,0.0,1.0,Pond_01,Real_Data,Obs_Pond_01_20260310_16,Low,2,1.0,0,0,0,0,0,0,0,0,0,0
2026-03-10 16:00:00,27.7,7.91,3.98,6.39,0.0,1.0,Pond_01,Real_Data,Obs_Pond_01_20260310_16,Medium,2,1.0,0,1,0,0,0,0,0,0,0,1
2026-03-10 16:00:00,27.699999999999996,7.91,3.98,6.39,0.0,1.0,Pond_02,Real_Data,Obs_Pond_02_20260310_16,Low,2,1.0,0,0,0,0,0,0,0,0,0,0
2026-03-10 16:00:00,27.699999999999996,7.91,3.98,6.39,0.0,1.0,Pond_02,Real_Data,Obs_Pond_02_20260310_16,Medium,2,1.0,0,1,0,0,0,0,0,0,0,1
2026-03-10 16:00:00,27.523666564908975,7.757512855788605,3.3102445191235272,6.1074646304963,,,Pond_03,Real_Data,Obs_Pond_03_20260310_16,Low,1,1.0,0,0,0,0,0,0,0,0,0,0
2026-03-10 16:00:00,27.669776803218774,7.918283480409736,4.0493662921475515,6.402276324761352,0.0,1.0,Pond_04,Mock_Data,Obs_Pond_04_20260310_16,High,2,1.0,0,2,0,0,0,0,0,0,1,0
2026-03-10 16:00:00,27.669776803218774,7.918283480409736,4.0493662921475515,6.402276324761352,0.0,1.0,Pond_04,Mock_Data,Obs_Pond_04_20260310_16,Low,2,1.0,0,0,0,0,0,0,0,0,0,0
2026-03-10 16:00:00,27.67639921987482,7.922068632276224,3.9505907740401334,6.472971806541976,0.0,1.0,Pond_05,Mock_Data,Obs_Pond_05_20260310_16,Low,2,1.0,0,0,0,0,0,0,0,0,0,0
2026-03-10 16:00:00,27.67639921987482,7.922068632276224,3.9505907740401334,6.472971806541976,0.0,1.0,Pond_05,Mock_Data,Obs_Pond_05_20260310_16,Medium,2,1.0,0,1,0,0,0,0,0,0,0,1
2026-03-10 20:00:00,27.7,7.91,3.98,6.39,0.0,1.0,Pond_01,Real_Data,Obs_Pond_01_20260310_20,Low,2,1.0,0,0,0,0,0,0,0,0,0,0
2026-03-10 20:00:00,27.7,7.91,3.98,6.39,0.0,1.0,Pond_01,Real_Data,Obs_Pond_01_20260310_20,Medium,2,1.0,0,1,0,0,0,0,0,0,0,1
2026-03-10 20:00:00,27.7,7.91,3.98,6.39,0.0,1.0,Pond_02,Real_Data,Obs_Pond_02_20260310_20,Low,2,1.0,0,0,0,0,0,0,0,0,0,0
2026-03-10 20:00:00,27.7,7.91,3.98,6.39,0.0,1.0,Pond_02,Real_Data,Obs_Pond_02_20260310_20,Medium,2,1.0,0,1,0,0,0,0,0,0,0,1
2026-03-10 20:00:00,27.187045426781875,7.775101221680403,3.4854765804994274,6.53490365776128,,,Pond_03,Real_Data,Obs_Pond_03_20260310_20,Low,1,1.0,0,0,0,0,0,0,0,0,0,0
2026-03-10 20:00:00,27.673188834382355,7.905615762043596,4.015711030778271,6.36769581149236,0.0,2.0,Pond_04,Mock_Data,Obs_Pond_04_20260310_20,High,3,1.0,0,2,0,0,0,0,0,0,1,0
2026-03-10 20:00:00,27.673188834382355,7.905615762043596,4.015711030778271,6.36769581149236,0.0,2.0,Pond_04,Mock_Data,Obs_Pond_04_20260310_20,Medium,3,1.0,0,1,0,0,0,0,0,0,0,1
2026-03-10 20:00:00,27.621314994256654,7.907046579062835,4.029686165807573,6.389022889787852,0.0,1.0,Pond_05,Mock_Data,Obs_Pond_05_20260310_20,High,2,1.0,0,2,0,0,0,0,0,0,1,0
2026-03-10 20:00:00,27.621314994256654,7.907046579062835,4.029686165807573,6.389022889787852,0.0,1.0,Pond_05,Mock_Data,Obs_Pond_05_20260310_20,Low,2,1.0,0,0,0,0,0,0,0,0,0,0
2026-03-11 00:00:00,27.7,7.91,3.98,6.39,0.0,1.0,Pond_01,Real_Data,Obs_Pond_01_20260311_00,Low,2,1.0,0,0,0,0,0,0,0,0,0,0
2026-03-11 00:00:00,27.7,7.91,3.98,6.39,0.0,1.0,Pond_01,Real_Data,Obs_Pond_01_20260311_00,Medium,2,1.0,0,1,0,0,0,0,0,0,0,1
2026-03-11 00:00:00,27.7,7.910000000000001,3.9800000000000004,6.39,0.0,1.0,Pond_02,Real_Data,Obs_Pond_02_20260311_00,Low,2,1.0,0,0,0,0,0,0,0,0,0,0
2026-03-11 00:00:00,27.7,7.910000000000001,3.9800000000000004,6.39,0.0,1.0,Pond_02,Real_Data,Obs_Pond_02_20260311_00,Medium,2,1.0,0,1,0,0,0,0,0,0,0,1
2026-03-11 00:00:00,27.066312856555975,7.850015753820945,3.451905345501055,5.82415416125257,,,Pond_03,Real_Data,Obs_Pond_03_20260311_00,Low,1,1.0,0,0,0,0,0,0,0,0,0,0
2026-03-11 00:00:00,27.724449246402774,7.947640618327512,4.027035013542053,6.4113769196127866,0.0,1.0,Pond_04,Mock_Data,Obs_Pond_04_20260311_00,High,2,1.0,0,2,0,0,0,0,0,0,1,0
2026-03-11 00:00:00,27.724449246402774,7.947640618327512,4.027035013542053,6.4113769196127866,0.0,1.0,Pond_04,Mock_Data,Obs_Pond_04_20260311_00,Low,2,1.0,0,0,0,0,0,0,0,0,0,0
2026-03-11 00:00:00,27.689568269319047,7.926728955709164,3.95910412317795,6.335183082762522,0.0,1.0,Pond_05,Mock_Data,Obs_Pond_05_20260311_00,Low,2,1.0,0,0,0,0,0,0,0,0,0,0
2026-03-11 00:00:00,27.689568269319047,7.926728955709164,3.95910412317795,6.335183082762522,0.0,1.0,Pond_05,Mock_Data,Obs_Pond_05_20260311_00,Medium,2,1.0,0,1,0,0,0,0,0,0,0,1
2026-03-11 04:00:00,27.7,7.91,3.98,6.39,0.0,1.0,Pond_01,Real_Data,Obs_Pond_01_20260311_04,Low,2,1.0,0,0,0,0,0,0,0,0,0,0
2026-03-11 04:00:00,27.7,7.91,3.98,6.39,0.0,1.0,Pond_01,Real_Data,Obs_Pond_01_20260311_04,Medium,2,1.0,0,1,0,0,0,0,0,0,0,1
2026-03-11 04:00:00,27.7,7.91,3.98,6.39,0.0,1.0,Pond_02,Real_Data,Obs_Pond_02_20260311_04,Low,2,1.0,0,0,0,0,0,0,0,0,0,0
2026-03-11 04:00:00,27.7,7.91,3.98,6.39,0.0,1.0,Pond_02,Real_Data,Obs_Pond_02_20260311_04,Medium,2,1.0,0,1,0,0,0,0,0,0,0,1
2026-03-11 04:00:00,27.20094236887045,7.6972384202643775,3.467369420067925,5.97392943408855,,,Pond_03,Real_Data,Obs_Pond_03_20260311_04,Low,1,1.0,0,0,0,0,0,0,0,0,0,0
2026-03-11 04:00:00,27.673906205094337,7.943728427659395,3.96003929663675,6.371343947960811,0.0,1.0,Pond_04,Mock_Data,Obs_Pond_04_20260311_04,Low,2,1.0,0,0,0,0,0,0,0,0,0,0
2026-03-11 04:00:00,27.673906205094337,7.943728427659395,3.96003929663675,6.371343947960811,0.0,1.0,Pond_04,Mock_Data,Obs_Pond_04_20260311_04,Medium,2,1.0,0,1,0,0,0,0,0,0,0,1
2026-03-11 04:00:00,27.737134099191703,7.884822949417699,3.9861837814849057,6.376510536155122,0.0,1.0,Pond_05,Mock_Data,Obs_Pond_05_20260311_04,Low,4,1.0,0,0,0,0,0,0,0,0,0,0
2026-03-11 04:00:00,27.737134099191703,7.884822949417699,3.9861837814849057,6.376510536155122,0.0,1.0,Pond_05,Mock_Data,Obs_Pond_05_20260311_04,Medium,4,1.0,0,1,0,0,0,0,0,0,0,1
2026-03-11 08:00:00,27.7,7.91,3.98,6.39,1.0,1.0,Pond_01,Real_Data,Obs_Pond_01_20260311_08,Low,2,1.0,0,0,0,0,0,0,0,0,0,0
2026-03-11 08:00:00,27.7,7.91,3.98,6.39,1.0,1.0,Pond_01,Real_Data,Obs_Pond_01_20260311_08,Medium,2,1.0,0,1,0,0,0,0,0,0,0,1
2026-03-11 08:00:00,27.7,7.909999999999999,3.9800000000000004,6.39,0.0,1.0,Pond_02,Real_Data,Obs_Pond_02_20260311_08,Low,2,1.0,0,0,0,0,0,0,0,0,0,0
2026-03-11 08:00:00,27.7,7.909999999999999,3.9800000000000004,6.39,0.0,1.0,Pond_02,Real_Data,Obs_Pond_02_20260311_08,Medium,2,1.0,0,1,0,0,0,0,0,0,0,1
2026-03-11 08:00:00,27.465375960958823,7.849975283039095,2.6369363841969076,6.37199281098554,,,Pond_03,Real_Data,Obs_Pond_03_20260311_08,Unknown,0,1.0,0,-1,0,0,0,0,0,0,0,0
2026-03-11 08:00:00,27.717961055642572,7.90001227436026,3.973534960534008,6.400639139259285,0.0,1.0,Pond_04,Mock_Data,Obs_Pond_04_20260311_08,Low,2,1.0,0,0,0,0,0,0,0,0,0,0
2026-03-11 08:00:00,27.717961055642572,7.90001227436026,3.973534960534008,6.400639139259285,0.0,1.0,Pond_04,Mock_Data,Obs_Pond_04_20260311_08,Medium,2,1.0,0,1,0,0,0,0,0,0,0,1
2026-03-11 08:00:00,27.625139696781673,7.902368102630893,3.933620851823071,6.293203468433932,0.0,2.0,Pond_05,Mock_Data,Obs_Pond_05_20260311_08,Medium,3,1.0,0,1,0,0,0,0,0,0,0,1
2026-03-11 12:00:00,27.7,7.91,3.98,6.39,1.0,1.0,Pond_01,Real_Data,Obs_Pond_01_20260311_12,Low,2,1.0,0,0,0,0,0,0,0,0,0,0
2026-03-11 12:00:00,27.7,7.91,3.98,6.39,1.0,1.0,Pond_01,Real_Data,Obs_Pond_01_20260311_12,Medium,2,1.0,0,1,0,0,0,0,0,0,0,1
2026-03-11 12:00:00,27.7,7.91,3.98,6.39,0.0,1.0,Pond_02,Real_Data,Obs_Pond_02_20260311_12,Low,2,1.0,0,0,0,0,0,0,0,0,0,0
2026-03-11 12:00:00,27.7,7.91,3.98,6.39,0.0,1.0,Pond_02,Real_Data,Obs_Pond_02_20260311_12,Medium,2,1.0,0,1,0,0,0,0,0,0,0,1
2026-03-11 12:00:00,27.223870625764448,7.801966376330615,3.3356847971395176,6.19334312520519,,,Pond_03,Real_Data,Obs_Pond_03_20260311_12,Low,1,1.0,0,0,0,0,0,0,0,0,0,0
2026-03-11 12:00:00,27.82863914289996,7.9067657628436985,3.918206358495772,6.473212765231689,0.0,1.0,Pond_04,Mock_Data,Obs_Pond_04_20260311_12,Low,2,1.0,0,0,0,0,0,0,0,0,0,0
2026-03-11 12:00:00,27.82863914289996,7.9067657628436985,3.918206358495772,6.473212765231689,0.0,1.0,Pond_04,Mock_Data,Obs_Pond_04_20260311_12,Medium,2,1.0,0,1,0,0,0,0,0,0,0,1
2026-03-11 12:00:00,27.750151072495015,7.945333517900178,3.9945125532666577,6.318723947802646,0.0,1.0,Pond_05,Mock_Data,Obs_Pond_05_20260311_12,Low,2,1.0,0,0,0,0,0,0,0,0,0,0
2026-03-11 12:00:00,27.750151072495015,7.945333517900178,3.9945125532666577,6.318723947802646,0.0,1.0,Pond_05,Mock_Data,Obs_Pond_05_20260311_12,Medium,2,1.0,0,1,0,0,0,0,0,0,0,1
2026-03-11 16:00:00,27.7,7.91,3.98,6.39,0.0,1.0,Pond_01,Real_Data,Obs_Pond_01_20260311_16,Low,2,1.0,0,0,0,0,0,0,0,0,0,0
2026-03-11 16:00:00,27.7,7.91,3.98,6.39,0.0,1.0,Pond_01,Real_Data,Obs_Pond_01_20260311_16,Medium,2,1.0,0,1,0,0,0,0,0,0,0,1
2026-03-11 16:00:00,27.7,7.91,3.98,6.39,0.0,1.0,Pond_02,Real_Data,Obs_Pond_02_20260311_16,Low,2,1.0,0,0,0,0,0,0,0,0,0,0
2026-03-11 16:00:00,27.7,7.91,3.98,6.39,0.0,1.0,Pond_02,Real_Data,Obs_Pond_02_20260311_16,Medium,2,1.0,0,1,0,0,0,0,0,0,0,1
2026-03-11 16:00:00,27.6174203296526,7.6201440668397025,3.094456430720665,5.79584016912266,,,Pond_03,Real_Data,Obs_Pond_03_20260311_16,Unknown,0,1.0,0,-1,0,0,0,0,0,0,0,0
2026-03-11 16:00:00,27.753994744187036,7.9084144285813895,3.957377971848863,6.326431886128513,0.0,1.0,Pond_04,Mock_Data,Obs_Pond_04_20260311_16,Low,2,1.0,0,0,0,0,0,0,0,0,0,0
2026-03-11 16:00:00,27.753994744187036,7.9084144285813895,3.957377971848863,6.326431886128513,0.0,1.0,Pond_04,Mock_Data,Obs_Pond_04_20260311_16,Medium,2,1.0,0,1,0,0,0,0,0,0,0,1
2026-03-11 16:00:00,27.647331922048792,7.911464951761426,3.9602658759248084,6.451414621622208,0.0,1.0,Pond_05,Mock_Data,Obs_Pond_05_20260311_16,Low,2,1.0,0,0,0,0,0,0,0,0,0,0
2026-03-11 16:00:00,27.647331922048792,7.911464951761426,3.9602658759248084,6.451414621622208,0.0,1.0,Pond_05,Mock_Data,Obs_Pond_05_20260311_16,Medium,2,1.0,0,1,0,0,0,0,0,0,0,1
2026-03-11 20:00:00,27.7,7.91,3.98,6.39,1.0,1.0,Pond_01,Real_Data,Obs_Pond_01_20260311_20,Low,2,1.0,0,0,0,0,0,0,0,0,0,0
2026-03-11 20:00:00,27.7,7.91,3.98,6.39,1.0,1.0,Pond_01,Real_Data,Obs_Pond_01_20260311_20,Medium,2,1.0,0,1,0,0,0,0,0,0,0,1
2026-03-11 20:00:00,27.7,7.910000000000001,3.9800000000000004,6.39,0.0,1.0,Pond_02,Real_Data,Obs_Pond_02_20260311_20,Low,2,1.0,0,0,0,0,0,0,0,0,0,0
2026-03-11 20:00:00,27.7,7.910000000000001,3.9800000000000004,6.39,0.0,1.0,Pond_02,Real_Data,Obs_Pond_02_20260311_20,Medium,2,1.0,0,1,0,0,0,0,0,0,0,1
2026-03-11 20:00:00,26.94719607004715,7.959605639435518,3.6674302657530973,5.84076744778202,,,Pond_03,Real_Data,Obs_Pond_03_20260311_20,Low,1,1.0,0,0,0,0,0,0,0,0,0,0
2026-03-11 20:00:00,27.67979215013762,7.90031559253572,4.001285065805957,6.461988937848233,0.0,2.0,Pond_04,Mock_Data,Obs_Pond_04_20260311_20,High,3,1.0,0,2,0,0,0,0,0,0,1,0
2026-03-11 20:00:00,27.67979215013762,7.90031559253572,4.001285065805957,6.461988937848233,0.0,2.0,Pond_04,Mock_Data,Obs_Pond_04_20260311_20,Medium,3,1.0,0,1,0,0,0,0,0,0,0,1
2026-03-11 20:00:00,27.670063306169574,7.912708371956456,4.025131429578818,6.445120818197282,0.0,1.0,Pond_05,Mock_Data,Obs_Pond_05_20260311_20,High,2,1.0,0,2,0,0,0,0,0,0,1,0
2026-03-11 20:00:00,27.670063306169574,7.912708371956456,4.025131429578818,6.445120818197282,0.0,1.0,Pond_05,Mock_Data,Obs_Pond_05_20260311_20,Low,2,1.0,0,0,0,0,0,0,0,0,0,0
2026-03-12 00:00:00,27.7,7.91,3.98,6.39,1.0,1.0,Pond_01,Real_Data,Obs_Pond_01_20260312_00,Low,2,1.0,0,0,0,0,0,0,0,0,0,0
2026-03-12 00:00:00,27.7,7.91,3.98,6.39,1.0,1.0,Pond_01,Real_Data,Obs_Pond_01_20260312_00,Medium,2,1.0,0,1,0,0,0,0,0,0,0,1
2026-03-12 00:00:00,27.7,7.91,3.98,6.39,0.0,1.0,Pond_02,Real_Data,Obs_Pond_02_20260312_00,Low,2,1.0,0,0,0,0,0,0,0,0,0,0
2026-03-12 00:00:00,27.7,7.91,3.98,6.39,0.0,1.0,Pond_02,Real_Data,Obs_Pond_02_20260312_00,Medium,2,1.0,0,1,0,0,0,0,0,0,0,1
2026-03-12 00:00:00,27.00912898298785,7.915364430447035,3.04371653658625,6.86420741280469,,,Pond_03,Real_Data,Obs_Pond_03_20260312_00,Unknown,0,1.0,0,-1,0,0,0,0,0,0,0,0
2026-03-12 00:00:00,27.774454596667557,7.9141816933126305,4.035882744169118,6.473182294987446,0.0,2.0,Pond_04,Mock_Data,Obs_Pond_04_20260312_00,High,3,1.0,0,2,0,0,0,0,0,0,1,0
2026-03-12 00:00:00,27.774454596667557,7.9141816933126305,4.035882744169118,6.473182294987446,0.0,2.0,Pond_04,Mock_Data,Obs_Pond_04_20260312_00,Medium,3,1.0,0,1,0,0,0,0,0,0,0,1
2026-03-12 00:00:00,27.732893223390896,7.959443723663807,4.013353722261469,6.412925506092213,0.0,1.0,Pond_05,Mock_Data,Obs_Pond_05_20260312_00,High,2,1.0,0,2,0,0,0,0,0,0,1,0
2026-03-12 00:00:00,27.732893223390896,7.959443723663807,4.013353722261469,6.412925506092213,0.0,1.0,Pond_05,Mock_Data,Obs_Pond_05_20260312_00,Low,2,1.0,0,0,0,0,0,0,0,0,0,0
2026-03-12 04:00:00,27.7,7.91,3.98,6.39,0.0,1.0,Pond_01,Real_Data,Obs_Pond_01_20260312_04,Low,2,1.0,0,0,0,0,0,0,0,0,0,0
2026-03-12 04:00:00,27.7,7.91,3.98,6.39,0.0,1.0,Pond_01,Real_Data,Obs_Pond_01_20260312_04,Medium,2,1.0,0,1,0,0,0,0,0,0,0,1
2026-03-12 04:00:00,27.7,7.91,3.98,6.39,0.0,1.0,Pond_02,Real_Data,Obs_Pond_02_20260312_04,Low,2,1.0,0,0,0,0,0,0,0,0,0,0
2026-03-12 04:00:00,27.7,7.91,3.98,6.39,0.0,1.0,Pond_02,Real_Data,Obs_Pond_02_20260312_04,Medium,2,1.0,0,1,0,0,0,0,0,0,0,1
2026-03-12 04:00:00,27.45086427283025,7.908382934932015,3.016480659743935,5.87900048502755,,,Pond_03,Real_Data,Obs_Pond_03_20260312_04,Unknown,0,1.0,0,-1,0,0,0,0,0,0,0,0
2026-03-12 04:00:00,27.67470634768073,7.893741041834426,3.9322623836964947,6.382543391777651,0.0,1.0,Pond_04,Mock_Data,Obs_Pond_04_20260312_04,Low,2,1.0,0,0,0,0,0,0,0,0,0,0
2026-03-12 04:00:00,27.67470634768073,7.893741041834426,3.9322623836964947,6.382543391777651,0.0,1.0,Pond_04,Mock_Data,Obs_Pond_04_20260312_04,Medium,2,1.0,0,1,0,0,0,0,0,0,0,1
2026-03-12 04:00:00,27.658878372462194,7.8799955377195765,3.9586264963392437,6.2813054890990365,0.0,1.0,Pond_05,Mock_Data,Obs_Pond_05_20260312_04,Low,2,1.0,0,0,0,0,0,0,0,0,0,0
2026-03-12 04:00:00,27.658878372462194,7.8799955377195765,3.9586264963392437,6.2813054890990365,0.0,1.0,Pond_05,Mock_Data,Obs_Pond_05_20260312_04,Medium,2,1.0,0,1,0,0,0,0,0,0,0,1
2026-03-12 08:00:00,27.7,7.91,3.98,6.39,0.0,1.0,Pond_01,Real_Data,Obs_Pond_01_20260312_08,Low,2,1.0,0,0,0,0,0,0,0,0,0,0
2026-03-12 08:00:00,27.7,7.91,3.98,6.39,0.0,1.0,Pond_01,Real_Data,Obs_Pond_01_20260312_08,Medium,2,1.0,0,1,0,0,0,0,0,0,0,1
2026-03-12 08:00:00,27.7,7.91,3.98,6.39,0.0,1.0,Pond_02,Real_Data,Obs_Pond_02_20260312_08,Low,2,1.0,0,0,0,0,0,0,0,0,0,0
2026-03-12 08:00:00,27.7,7.91,3.98,6.39,0.0,1.0,Pond_02,Real_Data,Obs_Pond_02_20260312_08,Medium,2,1.0,0,1,0,0,0,0,0,0,0,1
2026-03-12 08:00:00,27.36206817897615,7.6855667917841775,3.23996772707169,6.16429238531239,,,Pond_03,Real_Data,Obs_Pond_03_20260312_08,Unknown,0,1.0,0,-1,0,0,0,0,0,0,0,0
2026-03-12 08:00:00,27.573671344108675,7.885757533790726,3.964240369646237,6.255994426374332,0.0,2.0,Pond_04,Mock_Data,Obs_Pond_04_20260312_08,Medium,3,1.0,0,1,0,0,0,0,0,0,0,1
2026-03-12 08:00:00,27.702328994815222,7.92707692762935,3.9745385887119022,6.367365051329129,0.0,2.0,Pond_05,Mock_Data,Obs_Pond_05_20260312_08,Low,5,1.0,0,0,0,0,0,0,0,0,0,0
2026-03-12 08:00:00,27.702328994815222,7.92707692762935,3.9745385887119022,6.367365051329129,0.0,2.0,Pond_05,Mock_Data,Obs_Pond_05_20260312_08,Medium,5,1.0,0,1,0,0,0,0,0,0,0,1
2026-03-12 12:00:00,27.7,7.91,3.98,6.39,1.0,1.0,Pond_01,Real_Data,Obs_Pond_01_20260312_12,Low,2,1.0,0,0,0,0,0,0,0,0,0,0
2026-03-12 12:00:00,27.7,7.91,3.98,6.39,1.0,1.0,Pond_01,Real_Data,Obs_Pond_01_20260312_12,Medium,2,1.0,0,1,0,0,0,0,0,0,0,1
2026-03-12 12:00:00,27.7,7.91,3.98,6.39,0.0,1.0,Pond_02,Real_Data,Obs_Pond_02_20260312_12,Low,2,1.0,0,0,0,0,0,0,0,0,0,0
2026-03-12 12:00:00,27.7,7.91,3.98,6.39,0.0,1.0,Pond_02,Real_Data,Obs_Pond_02_20260312_12,Medium,2,1.0,0,1,0,0,0,0,0,0,0,1
2026-03-12 12:00:00,27.191211812297325,7.632819037019638,3.2431733067229476,6.89897150779856,,,Pond_03,Real_Data,Obs_Pond_03_20260312_12,Unknown,0,1.0,0,-1,0,0,0,0,0,0,0,0
2026-03-12 12:00:00,27.637515992530098,7.923352070626542,3.9734763856277024,6.351613051825108,0.0,1.0,Pond_04,Mock_Data,Obs_Pond_04_20260312_12,Low,2,1.0,0,0,0,0,0,0,0,0,0,0
2026-03-12 12:00:00,27.637515992530098,7.923352070626542,3.9734763856277024,6.351613051825108,0.0,1.0,Pond_04,Mock_Data,Obs_Pond_04_20260312_12,Medium,2,1.0,0,1,0,0,0,0,0,0,0,1
2026-03-12 12:00:00,27.680494582771576,7.945678917412855,3.9562373539083,6.312635231632488,0.0,2.0,Pond_05,Mock_Data,Obs_Pond_05_20260312_12,Medium,3,1.0,0,1,0,0,0,0,0,0,0,1
2026-03-12 16:00:00,27.7,7.91,3.98,6.39,0.0,1.0,Pond_01,Real_Data,Obs_Pond_01_20260312_16,Low,2,1.0,0,0,0,0,0,0,0,0,0,0
2026-03-12 16:00:00,27.7,7.91,3.98,6.39,0.0,1.0,Pond_01,Real_Data,Obs_Pond_01_20260312_16,Medium,2,1.0,0,1,0,0,0,0,0,0,0,1
2026-03-12 16:00:00,27.7,7.91,3.98,6.39,0.0,1.0,Pond_02,Real_Data,Obs_Pond_02_20260312_16,Low,2,1.0,0,0,0,0,0,0,0,0,0,0
2026-03-12 16:00:00,27.7,7.91,3.98,6.39,0.0,1.0,Pond_02,Real_Data,Obs_Pond_02_20260312_16,Medium,2,1.0,0,1,0,0,0,0,0,0,0,1
2026-03-12 16:00:00,26.87780599058675,7.8122908608606405,3.0122912522021674,5.472941004076,,,Pond_03,Real_Data,Obs_Pond_03_20260312_16,Unknown,0,1.0,0,-1,0,0,0,0,0,0,0,0
2026-03-12 16:00:00,27.584043087281255,7.923498268775984,3.919817333584887,6.471911585133598,0.0,1.0,Pond_04,Mock_Data,Obs_Pond_04_20260312_16,Low,2,1.0,0,0,0,0,0,0,0,0,0,0
2026-03-12 16:00:00,27.584043087281255,7.923498268775984,3.919817333584887,6.471911585133598,0.0,1.0,Pond_04,Mock_Data,Obs_Pond_04_20260312_16,Medium,2,1.0,0,1,0,0,0,0,0,0,0,1
2026-03-12 16:00:00,27.708018590679888,7.903034450301003,3.9187978683084657,6.464303861982819,0.0,1.0,Pond_05,Mock_Data,Obs_Pond_05_20260312_16,Low,2,1.0,0,0,0,0,0,0,0,0,0,0
2026-03-12 16:00:00,27.708018590679888,7.903034450301003,3.9187978683084657,6.464303861982819,0.0,1.0,Pond_05,Mock_Data,Obs_Pond_05_20260312_16,Medium,2,1.0,0,1,0,0,0,0,0,0,0,1
2026-03-12 20:00:00,27.7,7.91,3.98,6.39,1.0,1.0,Pond_01,Real_Data,Obs_Pond_01_20260312_20,Low,2,1.0,0,0,0,0,0,0,0,0,0,0
2026-03-12 20:00:00,27.7,7.91,3.98,6.39,1.0,1.0,Pond_01,Real_Data,Obs_Pond_01_20260312_20,Medium,2,1.0,0,1,0,0,0,0,0,0,0,1
2026-03-12 20:00:00,27.7,7.910000000000001,3.9800000000000004,6.39,0.0,1.0,Pond_02,Real_Data,Obs_Pond_02_20260312_20,Low,2,1.0,0,0,0,0,0,0,0,0,0,0
2026-03-12 20:00:00,27.7,7.910000000000001,3.9800000000000004,6.39,0.0,1.0,Pond_02,Real_Data,Obs_Pond_02_20260312_20,Medium,2,1.0,0,1,0,0,0,0,0,0,0,1
2026-03-12 20:00:00,27.39892245623415,7.866433964271335,3.2579428928122027,6.50727985740102,,,Pond_03,Real_Data,Obs_Pond_03_20260312_20,Unknown,0,1.0,0,-1,0,0,0,0,0,0,0,0
2026-03-12 20:00:00,27.678212211668047,7.892753995083376,4.005497384630625,6.388555769384842,0.0,1.0,Pond_04,Mock_Data,Obs_Pond_04_20260312_20,High,2,1.0,0,2,0,0,0,0,0,0,1,0
2026-03-12 20:00:00,27.678212211668047,7.892753995083376,4.005497384630625,6.388555769384842,0.0,1.0,Pond_04,Mock_Data,Obs_Pond_04_20260312_20,Low,2,1.0,0,0,0,0,0,0,0,0,0,0
2026-03-12 20:00:00,27.55243513532285,7.928432060541557,3.9430293946775437,6.353135076115429,0.0,1.0,Pond_05,Mock_Data,Obs_Pond_05_20260312_20,Low,2,1.0,0,0,0,0,0,0,0,0,0,0
2026-03-12 20:00:00,27.55243513532285,7.928432060541557,3.9430293946775437,6.353135076115429,0.0,1.0,Pond_05,Mock_Data,Obs_Pond_05_20260312_20,Medium,2,1.0,0,1,0,0,0,0,0,0,0,1
2026-03-13 00:00:00,27.7,7.91,3.98,6.39,1.0,1.0,Pond_01,Real_Data,Obs_Pond_01_20260313_00,Low,2,1.0,0,0,0,0,0,0,0,0,0,0
2026-03-13 00:00:00,27.7,7.91,3.98,6.39,1.0,1.0,Pond_01,Real_Data,Obs_Pond_01_20260313_00,Medium,2,1.0,0,1,0,0,0,0,0,0,0,1
2026-03-13 00:00:00,27.7,7.91,3.98,6.39,0.0,1.0,Pond_02,Real_Data,Obs_Pond_02_20260313_00,Low,2,1.0,0,0,0,0,0,0,0,0,0,0
2026-03-13 00:00:00,27.7,7.91,3.98,6.39,0.0,1.0,Pond_02,Real_Data,Obs_Pond_02_20260313_00,Medium,2,1.0,0,1,0,0,0,0,0,0,0,1
2026-03-13 00:00:00,26.9714358736172,7.962271325291355,3.192794748889315,5.67029129028701,,,Pond_03,Real_Data,Obs_Pond_03_20260313_00,Unknown,0,1.0,0,-1,0,0,0,0,0,0,0,0
2026-03-13 00:00:00,27.701141622627347,7.929198062422134,3.9487834892585565,6.326889148769475,0.0,1.0,Pond_04,Mock_Data,Obs_Pond_04_20260313_00,Low,2,1.0,0,0,0,0,0,0,0,0,0,0
2026-03-13 00:00:00,27.701141622627347,7.929198062422134,3.9487834892585565,6.326889148769475,0.0,1.0,Pond_04,Mock_Data,Obs_Pond_04_20260313_00,Medium,2,1.0,0,1,0,0,0,0,0,0,0,1
2026-03-13 00:00:00,27.586591206555557,7.888943701060539,3.9885465966445213,6.321429691604257,0.0,1.0,Pond_05,Mock_Data,Obs_Pond_05_20260313_00,Low,2,1.0,0,0,0,0,0,0,0,0,0,0
2026-03-13 00:00:00,27.586591206555557,7.888943701060539,3.9885465966445213,6.321429691604257,0.0,1.0,Pond_05,Mock_Data,Obs_Pond_05_20260313_00,Medium,2,1.0,0,1,0,0,0,0,0,0,0,1
2026-03-13 04:00:00,27.7,7.91,3.98,6.39,1.0,1.0,Pond_01,Real_Data,Obs_Pond_01_20260313_04,Low,2,1.0,0,0,0,0,0,0,0,0,0,0
2026-03-13 04:00:00,27.7,7.91,3.98,6.39,1.0,1.0,Pond_01,Real_Data,Obs_Pond_01_20260313_04,Medium,2,1.0,0,1,0,0,0,0,0,0,0,1
2026-03-13 04:00:00,27.7,7.91,3.98,6.39,0.0,1.0,Pond_02,Real_Data,Obs_Pond_02_20260313_04,Low,2,1.0,0,0,0,0,0,0,0,0,0,0
2026-03-13 04:00:00,27.7,7.91,3.98,6.39,0.0,1.0,Pond_02,Real_Data,Obs_Pond_02_20260313_04,Medium,2,1.0,0,1,0,0,0,0,0,0,0,1
2026-03-13 04:00:00,27.3794262381271,7.8008280805082,3.6947425820432276,5.95911341194797,,,Pond_03,Real_Data,Obs_Pond_03_20260313_04,Low,1,1.0,0,0,0,0,0,0,0,0,0,0
2026-03-13 04:00:00,27.80391027078594,7.896457815240347,3.971575294960623,6.358120980891462,0.0,2.0,Pond_04,Mock_Data,Obs_Pond_04_20260313_04,Low,5,1.0,0,0,0,0,0,0,0,0,0,0
2026-03-13 04:00:00,27.80391027078594,7.896457815240347,3.971575294960623,6.358120980891462,0.0,2.0,Pond_04,Mock_Data,Obs_Pond_04_20260313_04,Medium,5,1.0,0,1,0,0,0,0,0,0,0,1
2026-03-13 04:00:00,27.73817935685687,7.895275198044899,3.9940243124459984,6.391881774385612,0.0,1.0,Pond_05,Mock_Data,Obs_Pond_05_20260313_04,Low,2,1.0,0,0,0,0,0,0,0,0,0,0
2026-03-13 04:00:00,27.73817935685687,7.895275198044899,3.9940243124459984,6.391881774385612,0.0,1.0,Pond_05,Mock_Data,Obs_Pond_05_20260313_04,Medium,2,1.0,0,1,0,0,0,0,0,0,0,1
2026-03-13 08:00:00,27.7,7.91,3.98,6.39,1.0,1.0,Pond_01,Real_Data,Obs_Pond_01_20260313_08,Low,2,1.0,0,0,0,0,0,0,0,0,0,0
2026-03-13 08:00:00,27.7,7.91,3.98,6.39,1.0,1.0,Pond_01,Real_Data,Obs_Pond_01_20260313_08,Medium,2,1.0,0,1,0,0,0,0,0,0,0,1
2026-03-13 08:00:00,27.7,7.909999999999999,3.9800000000000004,6.39,0.0,1.0,Pond_02,Real_Data,Obs_Pond_02_20260313_08,Low,2,1.0,0,0,0,0,0,0,0,0,0,0
2026-03-13 08:00:00,27.7,7.909999999999999,3.9800000000000004,6.39,0.0,1.0,Pond_02,Real_Data,Obs_Pond_02_20260313_08,Medium,2,1.0,0,1,0,0,0,0,0,0,0,1
2026-03-13 08:00:00,27.83139260723795,7.7999962285967825,3.2062167876990975,6.44254922963825,,,Pond_03,Real_Data,Obs_Pond_03_20260313_08,Unknown,0,1.0,0,-1,0,0,0,0,0,0,0,0
2026-03-13 08:00:00,27.720263872491042,7.915428326981641,3.9605131618416536,6.443089289425775,0.0,1.0,Pond_04,Mock_Data,Obs_Pond_04_20260313_08,Low,2,1.0,0,0,0,0,0,0,0,0,0,0
2026-03-13 08:00:00,27.720263872491042,7.915428326981641,3.9605131618416536,6.443089289425775,0.0,1.0,Pond_04,Mock_Data,Obs_Pond_04_20260313_08,Medium,2,1.0,0,1,0,0,0,0,0,0,0,1
2026-03-13 08:00:00,27.764287402771334,7.918254385947503,3.9864049850181797,6.349571097327517,0.0,1.0,Pond_05,Mock_Data,Obs_Pond_05_20260313_08,Low,4,1.0,0,0,0,0,0,0,0,0,0,0
2026-03-13 08:00:00,27.764287402771334,7.918254385947503,3.9864049850181797,6.349571097327517,0.0,1.0,Pond_05,Mock_Data,Obs_Pond_05_20260313_08,Medium,4,1.0,0,1,0,0,0,0,0,0,0,1
2026-03-13 12:00:00,27.7,7.91,3.98,6.39,1.0,1.0,Pond_01,Real_Data,Obs_Pond_01_20260313_12,Low,2,1.0,0,0,0,0,0,0,0,0,0,0
2026-03-13 12:00:00,27.7,7.91,3.98,6.39,1.0,1.0,Pond_01,Real_Data,Obs_Pond_01_20260313_12,Medium,2,1.0,0,1,0,0,0,0,0,0,0,1
2026-03-13 12:00:00,27.7,7.910000000000001,3.98,6.39,0.0,1.0,Pond_02,Real_Data,Obs_Pond_02_20260313_12,Low,2,1.0,0,0,0,0,0,0,0,0,0,0
2026-03-13 12:00:00,27.7,7.910000000000001,3.98,6.39,0.0,1.0,Pond_02,Real_Data,Obs_Pond_02_20260313_12,Medium,2,1.0,0,1,0,0,0,0,0,0,0,1
2026-03-13 12:00:00,27.145368317945,7.896702696244938,3.1711241672581,6.11270207928269,,,Pond_03,Real_Data,Obs_Pond_03_20260313_12,Unknown,0,1.0,0,-1,0,0,0,0,0,0,0,0
2026-03-13 12:00:00,27.686419536769332,7.927589680054036,3.945965852219152,6.424528914046604,0.0,1.0,Pond_04,Mock_Data,Obs_Pond_04_20260313_12,Low,2,1.0,0,0,0,0,0,0,0,0,0,0
2026-03-13 12:00:00,27.686419536769332,7.927589680054036,3.945965852219152,6.424528914046604,0.0,1.0,Pond_04,Mock_Data,Obs_Pond_04_20260313_12,Medium,2,1.0,0,1,0,0,0,0,0,0,0,1
2026-03-13 12:00:00,27.64356548901757,7.927122733957793,3.966990084387899,6.483705726010454,0.0,2.0,Pond_05,Mock_Data,Obs_Pond_05_20260313_12,Medium,3,1.0,0,1,0,0,0,0,0,0,0,1
2026-03-13 16:00:00,27.7,7.91,3.98,6.39,0.0,1.0,Pond_01,Real_Data,Obs_Pond_01_20260313_16,Low,2,1.0,0,0,0,0,0,0,0,0,0,0
2026-03-13 16:00:00,27.7,7.91,3.98,6.39,0.0,1.0,Pond_01,Real_Data,Obs_Pond_01_20260313_16,Medium,2,1.0,0,1,0,0,0,0,0,0,0,1
2026-03-13 16:00:00,27.699999999999996,7.910000000000001,3.98,6.39,0.0,1.0,Pond_02,Real_Data,Obs_Pond_02_20260313_16,Low,2,1.0,0,0,0,0,0,0,0,0,0,0
2026-03-13 16:00:00,27.699999999999996,7.910000000000001,3.98,6.39,0.0,1.0,Pond_02,Real_Data,Obs_Pond_02_20260313_16,Medium,2,1.0,0,1,0,0,0,0,0,0,0,1
2026-03-13 16:00:00,27.445104990691725,7.983106051668803,3.0105333323680026,6.3130152301065,,,Pond_03,Real_Data,Obs_Pond_03_20260313_16,Unknown,0,1.0,0,-1,0,0,0,0,0,0,0,0
2026-03-13 16:00:00,27.751408876371986,7.909279284970886,3.9796962392240824,6.37491026270374,0.0,1.0,Pond_04,Mock_Data,Obs_Pond_04_20260313_16,Low,4,1.0,0,0,0,0,0,0,0,0,0,0
2026-03-13 16:00:00,27.751408876371986,7.909279284970886,3.9796962392240824,6.37491026270374,0.0,1.0,Pond_04,Mock_Data,Obs_Pond_04_20260313_16,Medium,4,1.0,0,1,0,0,0,0,0,0,0,1
2026-03-13 16:00:00,27.68487444059621,7.934034934504273,4.020231315865591,6.343593077511346,0.0,1.0,Pond_05,Mock_Data,Obs_Pond_05_20260313_16,High,2,1.0,0,2,0,0,0,0,0,0,1,0
2026-03-13 16:00:00,27.68487444059621,7.934034934504273,4.020231315865591,6.343593077511346,0.0,1.0,Pond_05,Mock_Data,Obs_Pond_05_20260313_16,Low,2,1.0,0,0,0,0,0,0,0,0,0,0
2026-03-13 20:00:00,27.7,7.91,3.98,6.39,0.0,1.0,Pond_01,Real_Data,Obs_Pond_01_20260313_20,Low,2,1.0,0,0,0,0,0,0,0,0,0,0
2026-03-13 20:00:00,27.7,7.91,3.98,6.39,0.0,1.0,Pond_01,Real_Data,Obs_Pond_01_20260313_20,Medium,2,1.0,0,1,0,0,0,0,0,0,0,1
2026-03-13 20:00:00,27.7,7.91,3.98,6.39,0.0,1.0,Pond_02,Real_Data,Obs_Pond_02_20260313_20,Low,2,1.0,0,0,0,0,0,0,0,0,0,0
2026-03-13 20:00:00,27.7,7.91,3.98,6.39,0.0,1.0,Pond_02,Real_Data,Obs_Pond_02_20260313_20,Medium,2,1.0,0,1,0,0,0,0,0,0,0,1
2026-03-13 20:00:00,27.2880173887062,7.812369813977337,3.0232100920599576,6.33804479625382,,,Pond_03,Real_Data,Obs_Pond_03_20260313_20,Unknown,0,1.0,0,-1,0,0,0,0,0,0,0,0
2026-03-13 20:00:00,27.562947652727,7.919750479102749,3.9707034964001156,6.36683323409716,0.0,1.0,Pond_04,Mock_Data,Obs_Pond_04_20260313_20,Low,2,1.0,0,0,0,0,0,0,0,0,0,0
2026-03-13 20:00:00,27.562947652727,7.919750479102749,3.9707034964001156,6.36683323409716,0.0,1.0,Pond_04,Mock_Data,Obs_Pond_04_20260313_20,Medium,2,1.0,0,1,0,0,0,0,0,0,0,1
2026-03-13 20:00:00,27.718267523128166,7.943655715435784,3.9827397555730943,6.301631853055432,0.0,1.0,Pond_05,Mock_Data,Obs_Pond_05_20260313_20,Low,2,1.0,0,0,0,0,0,0,0,0,0,0
2026-03-13 20:00:00,27.718267523128166,7.943655715435784,3.9827397555730943,6.301631853055432,0.0,1.0,Pond_05,Mock_Data,Obs_Pond_05_20260313_20,Medium,2,1.0,0,1,0,0,0,0,0,0,0,1
2026-03-14 00:00:00,27.7,7.91,3.98,6.39,1.0,1.0,Pond_01,Real_Data,Obs_Pond_01_20260314_00,Low,2,1.0,0,0,0,0,0,0,0,0,0,0
2026-03-14 00:00:00,27.7,7.91,3.98,6.39,1.0,1.0,Pond_01,Real_Data,Obs_Pond_01_20260314_00,Medium,2,1.0,0,1,0,0,0,0,0,0,0,1
2026-03-14 00:00:00,27.7,7.909999999999999,3.98,6.39,0.0,1.0,Pond_02,Real_Data,Obs_Pond_02_20260314_00,Low,2,1.0,0,0,0,0,0,0,0,0,0,0
2026-03-14 00:00:00,27.7,7.909999999999999,3.98,6.39,0.0,1.0,Pond_02,Real_Data,Obs_Pond_02_20260314_00,Medium,2,1.0,0,1,0,0,0,0,0,0,0,1
2026-03-14 00:00:00,28.129366872930774,7.852755351174532,3.419327680872385,6.45035040782582,,,Pond_03,Real_Data,Obs_Pond_03_20260314_00,Low,1,1.0,0,0,0,0,0,0,0,0,0,0
2026-03-14 00:00:00,27.71460404892858,7.898926801358038,3.9639664908942884,6.365258545949736,0.0,1.0,Pond_04,Mock_Data,Obs_Pond_04_20260314_00,Low,4,1.0,0,0,0,0,0,0,0,0,0,0
2026-03-14 00:00:00,27.71460404892858,7.898926801358038,3.9639664908942884,6.365258545949736,0.0,1.0,Pond_04,Mock_Data,Obs_Pond_04_20260314_00,Medium,4,1.0,0,1,0,0,0,0,0,0,0,1
2026-03-14 00:00:00,27.74296756471268,7.908553822094766,4.010322408623715,6.25403292195883,0.0,1.0,Pond_05,Mock_Data,Obs_Pond_05_20260314_00,High,2,1.0,0,2,0,0,0,0,0,0,1,0
2026-03-14 00:00:00,27.74296756471268,7.908553822094766,4.010322408623715,6.25403292195883,0.0,1.0,Pond_05,Mock_Data,Obs_Pond_05_20260314_00,Low,2,1.0,0,0,0,0,0,0,0,0,0,0
2026-03-14 04:00:00,27.7,7.91,3.98,6.39,0.0,1.0,Pond_01,Real_Data,Obs_Pond_01_20260314_04,Low,2,1.0,0,0,0,0,0,0,0,0,0,0
2026-03-14 04:00:00,27.7,7.91,3.98,6.39,0.0,1.0,Pond_01,Real_Data,Obs_Pond_01_20260314_04,Medium,2,1.0,0,1,0,0,0,0,0,0,0,1
2026-03-14 04:00:00,27.7,7.91,3.98,6.39,0.0,1.0,Pond_02,Real_Data,Obs_Pond_02_20260314_04,Low,2,1.0,0,0,0,0,0,0,0,0,0,0
2026-03-14 04:00:00,27.7,7.91,3.98,6.39,0.0,1.0,Pond_02,Real_Data,Obs_Pond_02_20260314_04,Medium,2,1.0,0,1,0,0,0,0,0,0,0,1
2026-03-14 04:00:00,27.734505720706423,7.8174532960519425,3.4767180137533176,6.13842533685414,,,Pond_03,Real_Data,Obs_Pond_03_20260314_04,Low,1,1.0,0,0,0,0,0,0,0,0,0,0
2026-03-14 04:00:00,27.7477803795285,7.905787396152494,3.9485906992940367,6.331745259796212,0.0,2.0,Pond_04,Mock_Data,Obs_Pond_04_20260314_04,Medium,3,1.0,0,1,0,0,0,0,0,0,0,1
2026-03-14 04:00:00,27.574318894704238,7.935593224987845,3.9035195995863234,6.388055680943232,0.0,1.0,Pond_05,Mock_Data,Obs_Pond_05_20260314_04,Low,2,1.0,0,0,0,0,0,0,0,0,0,0
2026-03-14 04:00:00,27.574318894704238,7.935593224987845,3.9035195995863234,6.388055680943232,0.0,1.0,Pond_05,Mock_Data,Obs_Pond_05_20260314_04,Medium,2,1.0,0,1,0,0,0,0,0,0,0,1
2026-03-14 08:00:00,27.7,7.91,3.98,6.39,0.0,1.0,Pond_01,Real_Data,Obs_Pond_01_20260314_08,Low,2,1.0,0,0,0,0,0,0,0,0,0,0
2026-03-14 08:00:00,27.7,7.91,3.98,6.39,0.0,1.0,Pond_01,Real_Data,Obs_Pond_01_20260314_08,Medium,2,1.0,0,1,0,0,0,0,0,0,0,1
2026-03-14 08:00:00,27.699999999999996,7.91,3.98,6.39,0.0,1.0,Pond_02,Real_Data,Obs_Pond_02_20260314_08,Low,2,1.0,0,0,0,0,0,0,0,0,0,0
2026-03-14 08:00:00,27.699999999999996,7.91,3.98,6.39,0.0,1.0,Pond_02,Real_Data,Obs_Pond_02_20260314_08,Medium,2,1.0,0,1,0,0,0,0,0,0,0,1
2026-03-14 08:00:00,27.57229870664275,7.973772622343575,3.0214516154824,6.83320869072132,,,Pond_03,Real_Data,Obs_Pond_03_20260314_08,Unknown,0,1.0,0,-1,0,0,0,0,0,0,0,0
2026-03-14 08:00:00,27.608353091371587,7.905585996277635,3.993777042151439,6.492018920327424,0.0,1.0,Pond_04,Mock_Data,Obs_Pond_04_20260314_08,Low,2,1.0,0,0,0,0,0,0,0,0,0,0
2026-03-14 08:00:00,27.608353091371587,7.905585996277635,3.993777042151439,6.492018920327424,0.0,1.0,Pond_04,Mock_Data,Obs_Pond_04_20260314_08,Medium,2,1.0,0,1,0,0,0,0,0,0,0,1
2026-03-14 08:00:00,27.645080748730287,7.902660356405793,3.810876678570874,6.354511349348038,0.0,1.0,Pond_05,Mock_Data,Obs_Pond_05_20260314_08,Low,2,1.0,0,0,0,0,0,0,0,0,0,0
2026-03-14 08:00:00,27.645080748730287,7.902660356405793,3.810876678570874,6.354511349348038,0.0,1.0,Pond_05,Mock_Data,Obs_Pond_05_20260314_08,Medium,2,1.0,0,1,0,0,0,0,0,0,0,1
2026-03-14 12:00:00,27.7,7.91,3.98,6.39,1.0,1.0,Pond_01,Real_Data,Obs_Pond_01_20260314_12,Low,2,1.0,0,0,0,0,0,0,0,0,0,0
2026-03-14 12:00:00,27.7,7.91,3.98,6.39,1.0,1.0,Pond_01,Real_Data,Obs_Pond_01_20260314_12,Medium,2,1.0,0,1,0,0,0,0,0,0,0,1
2026-03-14 12:00:00,27.7,7.91,3.98,6.39,0.0,1.0,Pond_02,Real_Data,Obs_Pond_02_20260314_12,Low,2,1.0,0,0,0,0,0,0,0,0,0,0
2026-03-14 12:00:00,27.7,7.91,3.98,6.39,0.0,1.0,Pond_02,Real_Data,Obs_Pond_02_20260314_12,Medium,2,1.0,0,1,0,0,0,0,0,0,0,1
2026-03-14 12:00:00,27.084484699050776,7.759754601893032,3.2126967008216925,5.27547368677129,,,Pond_03,Real_Data,Obs_Pond_03_20260314_12,Unknown,0,1.0,0,-1,0,0,0,0,0,0,0,0
2026-03-14 12:00:00,27.770893072751313,7.893991991104935,4.051299517356646,6.369643876973802,0.0,1.0,Pond_04,Mock_Data,Obs_Pond_04_20260314_12,High,4,1.0,0,2,0,0,0,0,0,0,1,0
2026-03-14 12:00:00,27.770893072751313,7.893991991104935,4.051299517356646,6.369643876973802,0.0,1.0,Pond_04,Mock_Data,Obs_Pond_04_20260314_12,Low,4,1.0,0,0,0,0,0,0,0,0,0,0
2026-03-14 12:00:00,27.679385800372625,7.929342492059925,3.992236174477603,6.299757645755404,0.0,1.0,Pond_05,Mock_Data,Obs_Pond_05_20260314_12,Low,2,1.0,0,0,0,0,0,0,0,0,0,0
2026-03-14 12:00:00,27.679385800372625,7.929342492059925,3.992236174477603,6.299757645755404,0.0,1.0,Pond_05,Mock_Data,Obs_Pond_05_20260314_12,Medium,2,1.0,0,1,0,0,0,0,0,0,0,1
2026-03-14 16:00:00,27.7,7.91,3.98,6.39,0.0,1.0,Pond_01,Real_Data,Obs_Pond_01_20260314_16,Low,2,1.0,0,0,0,0,0,0,0,0,0,0
2026-03-14 16:00:00,27.7,7.91,3.98,6.39,0.0,1.0,Pond_01,Real_Data,Obs_Pond_01_20260314_16,Medium,2,1.0,0,1,0,0,0,0,0,0,0,1
2026-03-14 16:00:00,27.699999999999996,7.91,3.9799999999999995,6.39,0.0,1.0,Pond_02,Real_Data,Obs_Pond_02_20260314_16,Low,2,1.0,0,0,0,0,0,0,0,0,0,0
2026-03-14 16:00:00,27.699999999999996,7.91,3.9799999999999995,6.39,0.0,1.0,Pond_02,Real_Data,Obs_Pond_02_20260314_16,Medium,2,1.0,0,1,0,0,0,0,0,0,0,1
2026-03-14 16:00:00,27.80260545504475,7.786270565412248,3.057140591331385,6.14789639257694,,,Pond_03,Real_Data,Obs_Pond_03_20260314_16,Unknown,0,1.0,0,-1,0,0,0,0,0,0,0,0
2026-03-14 16:00:00,27.72098095354074,7.906209637757794,3.986031560250263,6.466869547419477,0.0,1.0,Pond_04,Mock_Data,Obs_Pond_04_20260314_16,Low,2,1.0,0,0,0,0,0,0,0,0,0,0
2026-03-14 16:00:00,27.72098095354074,7.906209637757794,3.986031560250263,6.466869547419477,0.0,1.0,Pond_04,Mock_Data,Obs_Pond_04_20260314_16,Medium,2,1.0,0,1,0,0,0,0,0,0,0,1
2026-03-14 16:00:00,27.743582594923346,7.914448940338327,3.9185679471348953,6.465105500468418,0.0,1.0,Pond_05,Mock_Data,Obs_Pond_05_20260314_16,Low,2,1.0,0,0,0,0,0,0,0,0,0,0
2026-03-14 16:00:00,27.743582594923346,7.914448940338327,3.9185679471348953,6.465105500468418,0.0,1.0,Pond_05,Mock_Data,Obs_Pond_05_20260314_16,Medium,2,1.0,0,1,0,0,0,0,0,0,0,1
2026-03-14 20:00:00,27.7,7.91,3.98,6.39,1.0,1.0,Pond_01,Real_Data,Obs_Pond_01_20260314_20,Low,2,1.0,0,0,0,0,0,0,0,0,0,0
2026-03-14 20:00:00,27.7,7.91,3.98,6.39,1.0,1.0,Pond_01,Real_Data,Obs_Pond_01_20260314_20,Medium,2,1.0,0,1,0,0,0,0,0,0,0,1
2026-03-14 20:00:00,27.7,7.91,3.98,6.39,0.0,1.0,Pond_02,Real_Data,Obs_Pond_02_20260314_20,Low,2,1.0,0,0,0,0,0,0,0,0,0,0
2026-03-14 20:00:00,27.7,7.91,3.98,6.39,0.0,1.0,Pond_02,Real_Data,Obs_Pond_02_20260314_20,Medium,2,1.0,0,1,0,0,0,0,0,0,0,1
2026-03-14 20:00:00,27.177651758722476,7.835053854133688,2.982528135103315,6.50058392106387,,,Pond_03,Real_Data,Obs_Pond_03_20260314_20,Unknown,0,1.0,0,-1,0,0,0,0,0,0,0,0
2026-03-14 20:00:00,27.674259294235707,7.876794783671192,4.0229499312244625,6.486078591565831,0.0,1.0,Pond_04,Mock_Data,Obs_Pond_04_20260314_20,High,2,1.0,0,2,0,0,0,0,0,0,1,0
2026-03-14 20:00:00,27.674259294235707,7.876794783671192,4.0229499312244625,6.486078591565831,0.0,1.0,Pond_04,Mock_Data,Obs_Pond_04_20260314_20,Low,2,1.0,0,0,0,0,0,0,0,0,0,0
2026-03-14 20:00:00,27.854859705282387,7.919556151653693,3.9708396554912313,6.43213981303433,0.0,1.0,Pond_05,Mock_Data,Obs_Pond_05_20260314_20,Low,2,1.0,0,0,0,0,0,0,0,0,0,0
2026-03-14 20:00:00,27.854859705282387,7.919556151653693,3.9708396554912313,6.43213981303433,0.0,1.0,Pond_05,Mock_Data,Obs_Pond_05_20260314_20,Medium,2,1.0,0,1,0,0,0,0,0,0,0,1
2026-03-15 00:00:00,27.7,7.91,3.98,6.39,1.0,1.0,Pond_01,Real_Data,Obs_Pond_01_20260315_00,Low,2,1.0,0,0,0,0,0,0,0,0,0,0
2026-03-15 00:00:00,27.7,7.91,3.98,6.39,1.0,1.0,Pond_01,Real_Data,Obs_Pond_01_20260315_00,Medium,2,1.0,0,1,0,0,0,0,0,0,0,1
2026-03-15 00:00:00,27.7,7.91,3.9800000000000004,6.39,0.0,1.0,Pond_02,Real_Data,Obs_Pond_02_20260315_00,Low,2,1.0,0,0,0,0,0,0,0,0,0,0
2026-03-15 00:00:00,27.7,7.91,3.9800000000000004,6.39,0.0,1.0,Pond_02,Real_Data,Obs_Pond_02_20260315_00,Medium,2,1.0,0,1,0,0,0,0,0,0,0,1
2026-03-15 00:00:00,27.476861050318025,7.772605527255305,3.39489342862456,6.91828584835238,,,Pond_03,Real_Data,Obs_Pond_03_20260315_00,Low,1,1.0,0,0,0,0,0,0,0,0,0,0
2026-03-15 00:00:00,27.739221588886192,7.899468762937565,3.920057379557698,6.453048243603075,0.0,1.0,Pond_04,Mock_Data,Obs_Pond_04_20260315_00,Low,2,1.0,0,0,0,0,0,0,0,0,0,0
2026-03-15 00:00:00,27.739221588886192,7.899468762937565,3.920057379557698,6.453048243603075,0.0,1.0,Pond_04,Mock_Data,Obs_Pond_04_20260315_00,Medium,2,1.0,0,1,0,0,0,0,0,0,0,1
2026-03-15 00:00:00,27.685867567704403,7.919080785487408,3.9669743902471675,6.388217902150024,0.0,1.0,Pond_05,Mock_Data,Obs_Pond_05_20260315_00,Low,2,1.0,0,0,0,0,0,0,0,0,0,0
2026-03-15 00:00:00,27.685867567704403,7.919080785487408,3.9669743902471675,6.388217902150024,0.0,1.0,Pond_05,Mock_Data,Obs_Pond_05_20260315_00,Medium,2,1.0,0,1,0,0,0,0,0,0,0,1
2026-03-15 04:00:00,27.7,7.91,3.98,6.39,0.0,1.0,Pond_01,Real_Data,Obs_Pond_01_20260315_04,Low,2,1.0,0,0,0,0,0,0,0,0,0,0
2026-03-15 04:00:00,27.7,7.91,3.98,6.39,0.0,1.0,Pond_01,Real_Data,Obs_Pond_01_20260315_04,Medium,2,1.0,0,1,0,0,0,0,0,0,0,1
2026-03-15 04:00:00,27.699999999999996,7.91,3.9799999999999995,6.39,0.0,1.0,Pond_02,Real_Data,Obs_Pond_02_20260315_04,Low,2,1.0,0,0,0,0,0,0,0,0,0,0
2026-03-15 04:00:00,27.699999999999996,7.91,3.9799999999999995,6.39,0.0,1.0,Pond_02,Real_Data,Obs_Pond_02_20260315_04,Medium,2,1.0,0,1,0,0,0,0,0,0,0,1
2026-03-15 04:00:00,27.238602784820827,8.008925800672262,2.9079054665339674,6.36164819630325,,,Pond_03,Real_Data,Obs_Pond_03_20260315_04,Unknown,0,1.0,0,-1,0,0,0,0,0,0,0,0
2026-03-15 04:00:00,27.840743890629543,7.903891746990814,3.9868022478317435,6.362741054243955,0.0,1.0,Pond_04,Mock_Data,Obs_Pond_04_20260315_04,Low,4,1.0,0,0,0,0,0,0,0,0,0,0
2026-03-15 04:00:00,27.840743890629543,7.903891746990814,3.9868022478317435,6.362741054243955,0.0,1.0,Pond_04,Mock_Data,Obs_Pond_04_20260315_04,Medium,4,1.0,0,1,0,0,0,0,0,0,0,1
2026-03-15 04:00:00,27.612791603952957,7.875592181731706,4.04844443327994,6.476163913021618,0.0,1.0,Pond_05,Mock_Data,Obs_Pond_05_20260315_04,High,2,1.0,0,2,0,0,0,0,0,0,1,0
2026-03-15 04:00:00,27.612791603952957,7.875592181731706,4.04844443327994,6.476163913021618,0.0,1.0,Pond_05,Mock_Data,Obs_Pond_05_20260315_04,Low,2,1.0,0,0,0,0,0,0,0,0,0,0
2026-03-15 08:00:00,27.7,7.91,3.98,6.39,1.0,1.0,Pond_01,Real_Data,Obs_Pond_01_20260315_08,Low,2,1.0,0,0,0,0,0,0,0,0,0,0
2026-03-15 08:00:00,27.7,7.91,3.98,6.39,1.0,1.0,Pond_01,Real_Data,Obs_Pond_01_20260315_08,Medium,2,1.0,0,1,0,0,0,0,0,0,0,1
2026-03-15 08:00:00,27.699999999999996,7.910000000000001,3.98,6.39,0.0,1.0,Pond_02,Real_Data,Obs_Pond_02_20260315_08,Low,2,1.0,0,0,0,0,0,0,0,0,0,0
2026-03-15 08:00:00,27.699999999999996,7.910000000000001,3.98,6.39,0.0,1.0,Pond_02,Real_Data,Obs_Pond_02_20260315_08,Medium,2,1.0,0,1,0,0,0,0,0,0,0,1
2026-03-15 08:00:00,27.284577214157522,7.799023026889075,3.32673915597597,6.86932878419077,,,Pond_03,Real_Data,Obs_Pond_03_20260315_08,Low,1,1.0,0,0,0,0,0,0,0,0,0,0
2026-03-15 08:00:00,27.711272578862076,7.904507036300093,3.932684437326632,6.415497541029209,0.0,1.0,Pond_04,Mock_Data,Obs_Pond_04_20260315_08,Low,2,1.0,0,0,0,0,0,0,0,0,0,0
2026-03-15 08:00:00,27.711272578862076,7.904507036300093,3.932684437326632,6.415497541029209,0.0,1.0,Pond_04,Mock_Data,Obs_Pond_04_20260315_08,Medium,2,1.0,0,1,0,0,0,0,0,0,0,1
2026-03-15 08:00:00,27.724933699891107,7.885896765826156,3.9972467727040635,6.431842409320608,0.0,1.0,Pond_05,Mock_Data,Obs_Pond_05_20260315_08,Low,2,1.0,0,0,0,0,0,0,0,0,0,0
2026-03-15 08:00:00,27.724933699891107,7.885896765826156,3.9972467727040635,6.431842409320608,0.0,1.0,Pond_05,Mock_Data,Obs_Pond_05_20260315_08,Medium,2,1.0,0,1,0,0,0,0,0,0,0,1
2026-03-15 12:00:00,27.7,7.91,3.98,6.39,1.0,1.0,Pond_01,Real_Data,Obs_Pond_01_20260315_12,Low,2,1.0,0,0,0,0,0,0,0,0,0,0
2026-03-15 12:00:00,27.7,7.91,3.98,6.39,1.0,1.0,Pond_01,Real_Data,Obs_Pond_01_20260315_12,Medium,2,1.0,0,1,0,0,0,0,0,0,0,1
2026-03-15 12:00:00,27.7,7.909999999999999,3.9799999999999995,6.39,0.0,1.0,Pond_02,Real_Data,Obs_Pond_02_20260315_12,Low,2,1.0,0,0,0,0,0,0,0,0,0,0
2026-03-15 12:00:00,27.7,7.909999999999999,3.9799999999999995,6.39,0.0,1.0,Pond_02,Real_Data,Obs_Pond_02_20260315_12,Medium,2,1.0,0,1,0,0,0,0,0,0,0,1
2026-03-15 12:00:00,27.462867805487576,7.792891086340941,3.66840216463771,5.84673726161357,,,Pond_03,Real_Data,Obs_Pond_03_20260315_12,Low,1,1.0,0,0,0,0,0,0,0,0,0,0
2026-03-15 12:00:00,27.715385405793732,7.904821851879913,3.91631897990456,6.388471928445648,0.0,1.0,Pond_04,Mock_Data,Obs_Pond_04_20260315_12,Low,4,1.0,0,0,0,0,0,0,0,0,0,0
2026-03-15 12:00:00,27.715385405793732,7.904821851879913,3.91631897990456,6.388471928445648,0.0,1.0,Pond_04,Mock_Data,Obs_Pond_04_20260315_12,Medium,4,1.0,0,1,0,0,0,0,0,0,0,1
2026-03-15 12:00:00,27.78187901163567,7.912198676519777,3.9871513939684307,6.338032602443379,0.0,2.0,Pond_05,Mock_Data,Obs_Pond_05_20260315_12,Medium,3,1.0,0,1,0,0,0,0,0,0,0,1
2026-03-15 16:00:00,27.7,7.91,3.98,6.39,1.0,1.0,Pond_01,Real_Data,Obs_Pond_01_20260315_16,Low,2,1.0,0,0,0,0,0,0,0,0,0,0
2026-03-15 16:00:00,27.7,7.91,3.98,6.39,1.0,1.0,Pond_01,Real_Data,Obs_Pond_01_20260315_16,Medium,2,1.0,0,1,0,0,0,0,0,0,0,1
2026-03-15 16:00:00,27.7,7.91,3.98,6.39,0.0,1.0,Pond_02,Real_Data,Obs_Pond_02_20260315_16,Low,2,1.0,0,0,0,0,0,0,0,0,0,0
2026-03-15 16:00:00,27.7,7.91,3.98,6.39,0.0,1.0,Pond_02,Real_Data,Obs_Pond_02_20260315_16,Medium,2,1.0,0,1,0,0,0,0,0,0,0,1
2026-03-15 16:00:00,26.94032948577465,7.7489442171682175,3.10110376561092,6.47825313717626,,,Pond_03,Real_Data,Obs_Pond_03_20260315_16,Unknown,0,1.0,0,-1,0,0,0,0,0,0,0,0
2026-03-15 16:00:00,27.671527527387877,7.908675662286029,3.948120298751356,6.33292678246269,0.0,1.0,Pond_04,Mock_Data,Obs_Pond_04_20260315_16,Low,2,1.0,0,0,0,0,0,0,0,0,0,0
2026-03-15 16:00:00,27.671527527387877,7.908675662286029,3.948120298751356,6.33292678246269,0.0,1.0,Pond_04,Mock_Data,Obs_Pond_04_20260315_16,Medium,2,1.0,0,1,0,0,0,0,0,0,0,1
2026-03-15 16:00:00,27.70669501715185,7.873821642242207,4.016088801498531,6.324368135038823,0.0,1.0,Pond_05,Mock_Data,Obs_Pond_05_20260315_16,High,2,1.0,0,2,0,0,0,0,0,0,1,0
2026-03-15 16:00:00,27.70669501715185,7.873821642242207,4.016088801498531,6.324368135038823,0.0,1.0,Pond_05,Mock_Data,Obs_Pond_05_20260315_16,Low,2,1.0,0,0,0,0,0,0,0,0,0,0
2026-03-15 20:00:00,27.7,7.91,3.98,6.39,1.0,1.0,Pond_01,Real_Data,Obs_Pond_01_20260315_20,Low,2,1.0,0,0,0,0,0,0,0,0,0,0
2026-03-15 20:00:00,27.7,7.91,3.98,6.39,1.0,1.0,Pond_01,Real_Data,Obs_Pond_01_20260315_20,Medium,2,1.0,0,1,0,0,0,0,0,0,0,1
2026-03-15 20:00:00,27.7,7.91,3.98,6.39,0.0,1.0,Pond_02,Real_Data,Obs_Pond_02_20260315_20,Low,2,1.0,0,0,0,0,0,0,0,0,0,0
2026-03-15 20:00:00,27.7,7.91,3.98,6.39,0.0,1.0,Pond_02,Real_Data,Obs_Pond_02_20260315_20,Medium,2,1.0,0,1,0,0,0,0,0,0,0,1
2026-03-15 20:00:00,27.596761290842725,7.7135619961107125,3.21264160088106,6.25228028870038,,,Pond_03,Real_Data,Obs_Pond_03_20260315_20,Unknown,0,1.0,0,-1,0,0,0,0,0,0,0,0
2026-03-15 20:00:00,27.647324270397476,7.920280105392491,4.031391485140258,6.410484884064514,0.0,1.0,Pond_04,Mock_Data,Obs_Pond_04_20260315_20,High,2,1.0,0,2,0,0,0,0,0,0,1,0
2026-03-15 20:00:00,27.647324270397476,7.920280105392491,4.031391485140258,6.410484884064514,0.0,1.0,Pond_04,Mock_Data,Obs_Pond_04_20260315_20,Low,2,1.0,0,0,0,0,0,0,0,0,0,0
2026-03-15 20:00:00,27.643803388802652,7.927822690405316,3.995888622227964,6.441659557932526,0.0,1.0,Pond_05,Mock_Data,Obs_Pond_05_20260315_20,Low,2,1.0,0,0,0,0,0,0,0,0,0,0
2026-03-15 20:00:00,27.643803388802652,7.927822690405316,3.995888622227964,6.441659557932526,0.0,1.0,Pond_05,Mock_Data,Obs_Pond_05_20260315_20,Medium,2,1.0,0,1,0,0,0,0,0,0,0,1
2026-03-16 00:00:00,27.7,7.91,3.98,6.39,0.0,1.0,Pond_01,Real_Data,Obs_Pond_01_20260316_00,Low,2,1.0,0,0,0,0,0,0,0,0,0,0
2026-03-16 00:00:00,27.7,7.91,3.98,6.39,0.0,1.0,Pond_01,Real_Data,Obs_Pond_01_20260316_00,Medium,2,1.0,0,1,0,0,0,0,0,0,0,1
2026-03-16 00:00:00,27.7,7.910000000000001,3.9800000000000004,6.39,0.0,1.0,Pond_02,Real_Data,Obs_Pond_02_20260316_00,Low,2,1.0,0,0,0,0,0,0,0,0,0,0
2026-03-16 00:00:00,27.7,7.910000000000001,3.9800000000000004,6.39,0.0,1.0,Pond_02,Real_Data,Obs_Pond_02_20260316_00,Medium,2,1.0,0,1,0,0,0,0,0,0,0,1
2026-03-16 00:00:00,27.418621219293026,7.919538363074825,3.421457342631572,6.22209008566887,,,Pond_03,Real_Data,Obs_Pond_03_20260316_00,Low,1,1.0,0,0,0,0,0,0,0,0,0,0
2026-03-16 00:00:00,27.75146653495995,7.928751249840657,4.02096212065267,6.315537837853248,0.0,1.0,Pond_04,Mock_Data,Obs_Pond_04_20260316_00,High,2,1.0,0,2,0,0,0,0,0,0,1,0
2026-03-16 00:00:00,27.75146653495995,7.928751249840657,4.02096212065267,6.315537837853248,0.0,1.0,Pond_04,Mock_Data,Obs_Pond_04_20260316_00,Low,2,1.0,0,0,0,0,0,0,0,0,0,0
2026-03-16 00:00:00,27.759379142388195,7.928687758258116,3.9602662022663386,6.415032522908369,0.0,1.0,Pond_05,Mock_Data,Obs_Pond_05_20260316_00,Low,2,1.0,0,0,0,0,0,0,0,0,0,0
2026-03-16 00:00:00,27.759379142388195,7.928687758258116,3.9602662022663386,6.415032522908369,0.0,1.0,Pond_05,Mock_Data,Obs_Pond_05_20260316_00,Medium,2,1.0,0,1,0,0,0,0,0,0,0,1
2026-03-16 04:00:00,27.7,7.91,3.98,6.39,1.0,1.0,Pond_01,Real_Data,Obs_Pond_01_20260316_04,Low,2,1.0,0,0,0,0,0,0,0,0,0,0
2026-03-16 04:00:00,27.7,7.91,3.98,6.39,1.0,1.0,Pond_01,Real_Data,Obs_Pond_01_20260316_04,Medium,2,1.0,0,1,0,0,0,0,0,0,0,1
2026-03-16 04:00:00,27.7,7.910000000000001,3.9800000000000004,6.39,0.0,1.0,Pond_02,Real_Data,Obs_Pond_02_20260316_04,Low,2,1.0,0,0,0,0,0,0,0,0,0,0
2026-03-16 04:00:00,27.7,7.910000000000001,3.9800000000000004,6.39,0.0,1.0,Pond_02,Real_Data,Obs_Pond_02_20260316_04,Medium,2,1.0,0,1,0,0,0,0,0,0,0,1
2026-03-16 04:00:00,27.060979336001775,7.979730127401558,3.43420871228104,5.56813323152889,,,Pond_03,Real_Data,Obs_Pond_03_20260316_04,Low,1,1.0,0,0,0,0,0,0,0,0,0,0
2026-03-16 04:00:00,27.646937531445822,7.89606784193609,3.9904777083113445,6.4650077952118865,0.0,1.0,Pond_04,Mock_Data,Obs_Pond_04_20260316_04,Low,2,1.0,0,0,0,0,0,0,0,0,0,0
2026-03-16 04:00:00,27.646937531445822,7.89606784193609,3.9904777083113445,6.4650077952118865,0.0,1.0,Pond_04,Mock_Data,Obs_Pond_04_20260316_04,Medium,2,1.0,0,1,0,0,0,0,0,0,0,1
2026-03-16 04:00:00,27.74112841225385,7.917015136649679,4.026199152695151,6.40072040648454,0.0,1.0,Pond_05,Mock_Data,Obs_Pond_05_20260316_04,High,2,1.0,0,2,0,0,0,0,0,0,1,0
2026-03-16 04:00:00,27.74112841225385,7.917015136649679,4.026199152695151,6.40072040648454,0.0,1.0,Pond_05,Mock_Data,Obs_Pond_05_20260316_04,Low,2,1.0,0,0,0,0,0,0,0,0,0,0
2026-03-16 08:00:00,27.7,7.91,3.98,6.39,1.0,1.0,Pond_01,Real_Data,Obs_Pond_01_20260316_08,Low,2,1.0,0,0,0,0,0,0,0,0,0,0
2026-03-16 08:00:00,27.7,7.91,3.98,6.39,1.0,1.0,Pond_01,Real_Data,Obs_Pond_01_20260316_08,Medium,2,1.0,0,1,0,0,0,0,0,0,0,1
2026-03-16 08:00:00,27.7,7.910000000000001,3.98,6.39,0.0,1.0,Pond_02,Real_Data,Obs_Pond_02_20260316_08,Low,2,1.0,0,0,0,0,0,0,0,0,0,0
2026-03-16 08:00:00,27.7,7.910000000000001,3.98,6.39,0.0,1.0,Pond_02,Real_Data,Obs_Pond_02_20260316_08,Medium,2,1.0,0,1,0,0,0,0,0,0,0,1
2026-03-16 08:00:00,26.881243109212,7.838381477714832,3.3057882633779148,6.20217440982924,,,Pond_03,Real_Data,Obs_Pond_03_20260316_08,Low,1,1.0,0,0,0,0,0,0,0,0,0,0
2026-03-16 08:00:00,27.704435875433067,7.884201167118123,3.9139140850457785,6.360657132365662,0.0,1.0,Pond_04,Mock_Data,Obs_Pond_04_20260316_08,Low,4,1.0,0,0,0,0,0,0,0,0,0,0
2026-03-16 08:00:00,27.704435875433067,7.884201167118123,3.9139140850457785,6.360657132365662,0.0,1.0,Pond_04,Mock_Data,Obs_Pond_04_20260316_08,Medium,4,1.0,0,1,0,0,0,0,0,0,0,1
2026-03-16 08:00:00,27.63640064105712,7.885960830725993,3.9321505671157793,6.336539500085836,0.0,1.0,Pond_05,Mock_Data,Obs_Pond_05_20260316_08,Low,2,1.0,0,0,0,0,0,0,0,0,0,0
2026-03-16 08:00:00,27.63640064105712,7.885960830725993,3.9321505671157793,6.336539500085836,0.0,1.0,Pond_05,Mock_Data,Obs_Pond_05_20260316_08,Medium,2,1.0,0,1,0,0,0,0,0,0,0,1
2026-03-16 12:00:00,27.7,7.91,3.98,6.39,1.0,1.0,Pond_01,Real_Data,Obs_Pond_01_20260316_12,Low,2,1.0,0,0,0,0,0,0,0,0,0,0
2026-03-16 12:00:00,27.7,7.91,3.98,6.39,1.0,1.0,Pond_01,Real_Data,Obs_Pond_01_20260316_12,Medium,2,1.0,0,1,0,0,0,0,0,0,0,1
2026-03-16 12:00:00,27.7,7.91,3.98,6.39,0.0,1.0,Pond_02,Real_Data,Obs_Pond_02_20260316_12,Low,2,1.0,0,0,0,0,0,0,0,0,0,0
2026-03-16 12:00:00,27.7,7.91,3.98,6.39,0.0,1.0,Pond_02,Real_Data,Obs_Pond_02_20260316_12,Medium,2,1.0,0,1,0,0,0,0,0,0,0,1
2026-03-16 12:00:00,27.09919573433675,7.75470425094207,3.18405826899372,6.72572765026333,,,Pond_03,Real_Data,Obs_Pond_03_20260316_12,Unknown,0,1.0,0,-1,0,0,0,0,0,0,0,0
2026-03-16 12:00:00,27.670393456246256,7.887656656802942,3.971536907616375,6.402704221711002,0.0,2.0,Pond_04,Mock_Data,Obs_Pond_04_20260316_12,Medium,3,1.0,0,1,0,0,0,0,0,0,0,1
2026-03-16 12:00:00,27.723641825979698,7.939592709877292,3.9939375470353244,6.428394879163981,0.0,1.0,Pond_05,Mock_Data,Obs_Pond_05_20260316_12,Low,2,1.0,0,0,0,0,0,0,0,0,0,0
2026-03-16 12:00:00,27.723641825979698,7.939592709877292,3.9939375470353244,6.428394879163981,0.0,1.0,Pond_05,Mock_Data,Obs_Pond_05_20260316_12,Medium,2,1.0,0,1,0,0,0,0,0,0,0,1
2026-03-16 16:00:00,27.7,7.91,3.98,6.39,1.0,1.0,Pond_01,Real_Data,Obs_Pond_01_20260316_16,Low,2,1.0,0,0,0,0,0,0,0,0,0,0
2026-03-16 16:00:00,27.7,7.91,3.98,6.39,1.0,1.0,Pond_01,Real_Data,Obs_Pond_01_20260316_16,Medium,2,1.0,0,1,0,0,0,0,0,0,0,1
2026-03-16 16:00:00,27.7,7.910000000000001,3.98,6.39,0.0,1.0,Pond_02,Real_Data,Obs_Pond_02_20260316_16,Low,2,1.0,0,0,0,0,0,0,0,0,0,0
2026-03-16 16:00:00,27.7,7.910000000000001,3.98,6.39,0.0,1.0,Pond_02,Real_Data,Obs_Pond_02_20260316_16,Medium,2,1.0,0,1,0,0,0,0,0,0,0,1
2026-03-16 16:00:00,27.21226525584465,7.748077978743875,3.581502185560485,5.72202651129662,,,Pond_03,Real_Data,Obs_Pond_03_20260316_16,Low,1,1.0,0,0,0,0,0,0,0,0,0,0
2026-03-16 16:00:00,27.729688508499468,7.899553475891268,3.993008490798359,6.407891022494268,0.0,1.0,Pond_04,Mock_Data,Obs_Pond_04_20260316_16,Low,2,1.0,0,0,0,0,0,0,0,0,0,0
2026-03-16 16:00:00,27.729688508499468,7.899553475891268,3.993008490798359,6.407891022494268,0.0,1.0,Pond_04,Mock_Data,Obs_Pond_04_20260316_16,Medium,2,1.0,0,1,0,0,0,0,0,0,0,1
2026-03-16 16:00:00,27.761813307555343,7.953681532143092,3.913272963762499,6.342286529462867,0.0,1.0,Pond_05,Mock_Data,Obs_Pond_05_20260316_16,Low,4,1.0,0,0,0,0,0,0,0,0,0,0
2026-03-16 16:00:00,27.761813307555343,7.953681532143092,3.913272963762499,6.342286529462867,0.0,1.0,Pond_05,Mock_Data,Obs_Pond_05_20260316_16,Medium,4,1.0,0,1,0,0,0,0,0,0,0,1
2026-03-16 20:00:00,27.7,7.91,3.98,6.39,1.0,1.0,Pond_01,Real_Data,Obs_Pond_01_20260316_20,Low,2,1.0,0,0,0,0,0,0,0,0,0,0
2026-03-16 20:00:00,27.7,7.91,3.98,6.39,1.0,1.0,Pond_01,Real_Data,Obs_Pond_01_20260316_20,Medium,2,1.0,0,1,0,0,0,0,0,0,0,1
2026-03-16 20:00:00,27.7,7.910000000000001,3.98,6.39,0.0,1.0,Pond_02,Real_Data,Obs_Pond_02_20260316_20,Low,2,1.0,0,0,0,0,0,0,0,0,0,0
2026-03-16 20:00:00,27.7,7.910000000000001,3.98,6.39,0.0,1.0,Pond_02,Real_Data,Obs_Pond_02_20260316_20,Medium,2,1.0,0,1,0,0,0,0,0,0,0,1
2026-03-16 20:00:00,27.784154851172374,7.838508260327613,3.4046906451831775,6.85135973673875,,,Pond_03,Real_Data,Obs_Pond_03_20260316_20,Low,1,1.0,0,0,0,0,0,0,0,0,0,0
2026-03-16 20:00:00,27.720681309976523,7.902454161559766,3.9875686488560746,6.373648877436452,0.0,1.0,Pond_04,Mock_Data,Obs_Pond_04_20260316_20,Low,4,1.0,0,0,0,0,0,0,0,0,0,0
2026-03-16 20:00:00,27.720681309976523,7.902454161559766,3.9875686488560746,6.373648877436452,0.0,1.0,Pond_04,Mock_Data,Obs_Pond_04_20260316_20,Medium,4,1.0,0,1,0,0,0,0,0,0,0,1
2026-03-16 20:00:00,27.773256848593295,7.913153596903693,3.988793509166726,6.383559041121344,0.0,1.0,Pond_05,Mock_Data,Obs_Pond_05_20260316_20,Low,4,1.0,0,0,0,0,0,0,0,0,0,0
2026-03-16 20:00:00,27.773256848593295,7.913153596903693,3.988793509166726,6.383559041121344,0.0,1.0,Pond_05,Mock_Data,Obs_Pond_05_20260316_20,Medium,4,1.0,0,1,0,0,0,0,0,0,0,1
2026-03-17 00:00:00,27.7,7.91,3.98,6.39,0.0,1.0,Pond_01,Real_Data,Obs_Pond_01_20260317_00,Low,2,1.0,0,0,0,0,0,0,0,0,0,0
2026-03-17 00:00:00,27.7,7.91,3.98,6.39,0.0,1.0,Pond_01,Real_Data,Obs_Pond_01_20260317_00,Medium,2,1.0,0,1,0,0,0,0,0,0,0,1
2026-03-17 00:00:00,27.699999999999996,7.91,3.98,6.39,0.0,1.0,Pond_02,Real_Data,Obs_Pond_02_20260317_00,Low,2,1.0,0,0,0,0,0,0,0,0,0,0
2026-03-17 00:00:00,27.699999999999996,7.91,3.98,6.39,0.0,1.0,Pond_02,Real_Data,Obs_Pond_02_20260317_00,Medium,2,1.0,0,1,0,0,0,0,0,0,0,1
2026-03-17 00:00:00,27.024149852038274,7.93701417785162,3.2804292095154026,5.40431370036279,,,Pond_03,Real_Data,Obs_Pond_03_20260317_00,Unknown,0,1.0,0,-1,0,0,0,0,0,0,0,0
2026-03-17 00:00:00,27.76430962599654,7.893489872249878,3.9005005927838914,6.427052599329978,0.0,1.0,Pond_04,Mock_Data,Obs_Pond_04_20260317_00,Low,2,1.0,0,0,0,0,0,0,0,0,0,0
2026-03-17 00:00:00,27.76430962599654,7.893489872249878,3.9005005927838914,6.427052599329978,0.0,1.0,Pond_04,Mock_Data,Obs_Pond_04_20260317_00,Medium,2,1.0,0,1,0,0,0,0,0,0,0,1
2026-03-17 00:00:00,27.695881306764473,7.920946814781551,3.9883211929237943,6.48138163991868,0.0,1.0,Pond_05,Mock_Data,Obs_Pond_05_20260317_00,Low,2,1.0,0,0,0,0,0,0,0,0,0,0
2026-03-17 00:00:00,27.695881306764473,7.920946814781551,3.9883211929237943,6.48138163991868,0.0,1.0,Pond_05,Mock_Data,Obs_Pond_05_20260317_00,Medium,2,1.0,0,1,0,0,0,0,0,0,0,1
2026-03-17 04:00:00,27.7,7.91,3.98,6.39,0.0,1.0,Pond_01,Real_Data,Obs_Pond_01_20260317_04,Low,2,1.0,0,0,0,0,0,0,0,0,0,0
2026-03-17 04:00:00,27.7,7.91,3.98,6.39,0.0,1.0,Pond_01,Real_Data,Obs_Pond_01_20260317_04,Medium,2,1.0,0,1,0,0,0,0,0,0,0,1
2026-03-17 04:00:00,27.7,7.909999999999999,3.9800000000000004,6.39,0.0,1.0,Pond_02,Real_Data,Obs_Pond_02_20260317_04,Low,2,1.0,0,0,0,0,0,0,0,0,0,0
2026-03-17 04:00:00,27.7,7.909999999999999,3.9800000000000004,6.39,0.0,1.0,Pond_02,Real_Data,Obs_Pond_02_20260317_04,Medium,2,1.0,0,1,0,0,0,0,0,0,0,1
2026-03-17 04:00:00,27.05613385333105,7.6536907553423426,3.2823554220247924,6.27309821165816,,,Pond_03,Real_Data,Obs_Pond_03_20260317_04,Unknown,0,1.0,0,-1,0,0,0,0,0,0,0,0
2026-03-17 04:00:00,27.668387757942263,7.882208881778443,3.941611895287171,6.360007498178898,0.0,1.0,Pond_04,Mock_Data,Obs_Pond_04_20260317_04,Low,2,1.0,0,0,0,0,0,0,0,0,0,0
2026-03-17 04:00:00,27.668387757942263,7.882208881778443,3.941611895287171,6.360007498178898,0.0,1.0,Pond_04,Mock_Data,Obs_Pond_04_20260317_04,Medium,2,1.0,0,1,0,0,0,0,0,0,0,1
2026-03-17 04:00:00,27.6778052349808,7.914325646726053,4.0522842171112865,6.3482650675677235,0.0,1.0,Pond_05,Mock_Data,Obs_Pond_05_20260317_04,High,2,1.0,0,2,0,0,0,0,0,0,1,0
2026-03-17 04:00:00,27.6778052349808,7.914325646726053,4.0522842171112865,6.3482650675677235,0.0,1.0,Pond_05,Mock_Data,Obs_Pond_05_20260317_04,Low,2,1.0,0,0,0,0,0,0,0,0,0,0
2026-03-17 08:00:00,27.7,7.91,3.98,6.39,1.0,1.0,Pond_01,Real_Data,Obs_Pond_01_20260317_08,Low,2,1.0,0,0,0,0,0,0,0,0,0,0
2026-03-17 08:00:00,27.7,7.91,3.98,6.39,1.0,1.0,Pond_01,Real_Data,Obs_Pond_01_20260317_08,Medium,2,1.0,0,1,0,0,0,0,0,0,0,1
2026-03-17 08:00:00,27.7,7.910000000000001,3.98,6.39,0.0,1.0,Pond_02,Real_Data,Obs_Pond_02_20260317_08,Low,2,1.0,0,0,0,0,0,0,0,0,0,0
2026-03-17 08:00:00,27.7,7.910000000000001,3.98,6.39,0.0,1.0,Pond_02,Real_Data,Obs_Pond_02_20260317_08,Medium,2,1.0,0,1,0,0,0,0,0,0,0,1
2026-03-17 08:00:00,27.017950170335627,7.721249911101113,3.46542469836416,6.36967866291556,,,Pond_03,Real_Data,Obs_Pond_03_20260317_08,Low,1,1.0,0,0,0,0,0,0,0,0,0,0
2026-03-17 08:00:00,27.68327239712494,7.9002199329818925,3.977237139606517,6.445026709978522,0.0,1.0,Pond_04,Mock_Data,Obs_Pond_04_20260317_08,Low,2,1.0,0,0,0,0,0,0,0,0,0,0
2026-03-17 08:00:00,27.68327239712494,7.9002199329818925,3.977237139606517,6.445026709978522,0.0,1.0,Pond_04,Mock_Data,Obs_Pond_04_20260317_08,Medium,2,1.0,0,1,0,0,0,0,0,0,0,1
2026-03-17 08:00:00,27.77606986211007,7.92137208805279,3.9125225459335664,6.290657991364277,0.0,1.0,Pond_05,Mock_Data,Obs_Pond_05_20260317_08,Low,2,1.0,0,0,0,0,0,0,0,0,0,0
2026-03-17 08:00:00,27.77606986211007,7.92137208805279,3.9125225459335664,6.290657991364277,0.0,1.0,Pond_05,Mock_Data,Obs_Pond_05_20260317_08,Medium,2,1.0,0,1,0,0,0,0,0,0,0,1
2026-03-17 12:00:00,27.7,7.91,3.98,6.39,1.0,1.0,Pond_01,Real_Data,Obs_Pond_01_20260317_12,Low,2,1.0,0,0,0,0,0,0,0,0,0,0
2026-03-17 12:00:00,27.7,7.91,3.98,6.39,1.0,1.0,Pond_01,Real_Data,Obs_Pond_01_20260317_12,Medium,2,1.0,0,1,0,0,0,0,0,0,0,1
2026-03-17 12:00:00,27.7,7.91,3.98,6.39,0.0,1.0,Pond_02,Real_Data,Obs_Pond_02_20260317_12,Low,2,1.0,0,0,0,0,0,0,0,0,0,0
2026-03-17 12:00:00,27.7,7.91,3.98,6.39,0.0,1.0,Pond_02,Real_Data,Obs_Pond_02_20260317_12,Medium,2,1.0,0,1,0,0,0,0,0,0,0,1
2026-03-17 12:00:00,27.172462353512724,7.98775350039392,3.202079586530875,6.49170357134157,,,Pond_03,Real_Data,Obs_Pond_03_20260317_12,Unknown,0,1.0,0,-1,0,0,0,0,0,0,0,0
2026-03-17 12:00:00,27.639333488942476,7.913890119452359,4.00312341781856,6.304994762731309,0.0,2.0,Pond_04,Mock_Data,Obs_Pond_04_20260317_12,High,3,1.0,0,2,0,0,0,0,0,0,1,0
2026-03-17 12:00:00,27.639333488942476,7.913890119452359,4.00312341781856,6.304994762731309,0.0,2.0,Pond_04,Mock_Data,Obs_Pond_04_20260317_12,Medium,3,1.0,0,1,0,0,0,0,0,0,0,1
2026-03-17 12:00:00,27.624990869244893,7.907436440999893,3.954091365371845,6.323526467676681,0.0,1.0,Pond_05,Mock_Data,Obs_Pond_05_20260317_12,Low,2,1.0,0,0,0,0,0,0,0,0,0,0
2026-03-17 12:00:00,27.624990869244893,7.907436440999893,3.954091365371845,6.323526467676681,0.0,1.0,Pond_05,Mock_Data,Obs_Pond_05_20260317_12,Medium,2,1.0,0,1,0,0,0,0,0,0,0,1
2026-03-17 16:00:00,27.7,7.91,3.98,6.39,1.0,1.0,Pond_01,Real_Data,Obs_Pond_01_20260317_16,Low,2,1.0,0,0,0,0,0,0,0,0,0,0
2026-03-17 16:00:00,27.7,7.91,3.98,6.39,1.0,1.0,Pond_01,Real_Data,Obs_Pond_01_20260317_16,Medium,2,1.0,0,1,0,0,0,0,0,0,0,1
2026-03-17 16:00:00,27.7,7.909999999999999,3.9800000000000004,6.39,0.0,1.0,Pond_02,Real_Data,Obs_Pond_02_20260317_16,Low,2,1.0,0,0,0,0,0,0,0,0,0,0
2026-03-17 16:00:00,27.7,7.909999999999999,3.9800000000000004,6.39,0.0,1.0,Pond_02,Real_Data,Obs_Pond_02_20260317_16,Medium,2,1.0,0,1,0,0,0,0,0,0,0,1
2026-03-17 16:00:00,26.74805454315215,7.903512201696593,3.3490355423056175,5.87363798733809,,,Pond_03,Real_Data,Obs_Pond_03_20260317_16,Low,1,1.0,0,0,0,0,0,0,0,0,0,0
2026-03-17 16:00:00,27.67246146180067,7.922758522968237,3.885308890587061,6.397981492070735,0.0,1.0,Pond_04,Mock_Data,Obs_Pond_04_20260317_16,Low,2,1.0,0,0,0,0,0,0,0,0,0,0
2026-03-17 16:00:00,27.67246146180067,7.922758522968237,3.885308890587061,6.397981492070735,0.0,1.0,Pond_04,Mock_Data,Obs_Pond_04_20260317_16,Medium,2,1.0,0,1,0,0,0,0,0,0,0,1
2026-03-17 16:00:00,27.72718437041875,7.909258879310611,4.015471847730528,6.452794861556207,0.0,1.0,Pond_05,Mock_Data,Obs_Pond_05_20260317_16,High,2,1.0,0,2,0,0,0,0,0,0,1,0
2026-03-17 16:00:00,27.72718437041875,7.909258879310611,4.015471847730528,6.452794861556207,0.0,1.0,Pond_05,Mock_Data,Obs_Pond_05_20260317_16,Low,2,1.0,0,0,0,0,0,0,0,0,0,0
2026-03-17 20:00:00,27.7,7.91,3.98,6.39,1.0,1.0,Pond_01,Real_Data,Obs_Pond_01_20260317_20,Low,2,1.0,0,0,0,0,0,0,0,0,0,0
2026-03-17 20:00:00,27.7,7.91,3.98,6.39,1.0,1.0,Pond_01,Real_Data,Obs_Pond_01_20260317_20,Medium,2,1.0,0,1,0,0,0,0,0,0,0,1
2026-03-17 20:00:00,27.7,7.91,3.98,6.39,0.0,1.0,Pond_02,Real_Data,Obs_Pond_02_20260317_20,Low,2,1.0,0,0,0,0,0,0,0,0,0,0
2026-03-17 20:00:00,27.7,7.91,3.98,6.39,0.0,1.0,Pond_02,Real_Data,Obs_Pond_02_20260317_20,Medium,2,1.0,0,1,0,0,0,0,0,0,0,1
2026-03-17 20:00:00,27.052619172184276,7.768882029671848,3.173976500064615,5.95920704066384,,,Pond_03,Real_Data,Obs_Pond_03_20260317_20,Unknown,0,1.0,0,-1,0,0,0,0,0,0,0,0
2026-03-17 20:00:00,27.723386139232815,7.898047827486795,3.973009651372234,6.512452903287425,0.0,1.0,Pond_04,Mock_Data,Obs_Pond_04_20260317_20,Low,2,1.0,0,0,0,0,0,0,0,0,0,0
2026-03-17 20:00:00,27.723386139232815,7.898047827486795,3.973009651372234,6.512452903287425,0.0,1.0,Pond_04,Mock_Data,Obs_Pond_04_20260317_20,Medium,2,1.0,0,1,0,0,0,0,0,0,0,1
2026-03-17 20:00:00,27.615081919979353,7.929420246344364,3.994457975855732,6.406087524269875,0.0,1.0,Pond_05,Mock_Data,Obs_Pond_05_20260317_20,Low,2,1.0,0,0,0,0,0,0,0,0,0,0
2026-03-17 20:00:00,27.615081919979353,7.929420246344364,3.994457975855732,6.406087524269875,0.0,1.0,Pond_05,Mock_Data,Obs_Pond_05_20260317_20,Medium,2,1.0,0,1,0,0,0,0,0,0,0,1
2026-03-18 00:00:00,27.7,7.91,3.98,6.39,1.0,1.0,Pond_01,Real_Data,Obs_Pond_01_20260318_00,Low,2,1.0,0,0,0,0,0,0,0,0,0,0
2026-03-18 00:00:00,27.7,7.91,3.98,6.39,1.0,1.0,Pond_01,Real_Data,Obs_Pond_01_20260318_00,Medium,2,1.0,0,1,0,0,0,0,0,0,0,1
2026-03-18 00:00:00,27.699999999999996,7.91,3.98,6.39,0.0,1.0,Pond_02,Real_Data,Obs_Pond_02_20260318_00,Low,2,1.0,0,0,0,0,0,0,0,0,0,0
2026-03-18 00:00:00,27.699999999999996,7.91,3.98,6.39,0.0,1.0,Pond_02,Real_Data,Obs_Pond_02_20260318_00,Medium,2,1.0,0,1,0,0,0,0,0,0,0,1
2026-03-18 00:00:00,27.095512218583323,7.878430135159448,3.4358602309345976,6.32722913882996,,,Pond_03,Real_Data,Obs_Pond_03_20260318_00,Low,1,1.0,0,0,0,0,0,0,0,0,0,0
2026-03-18 00:00:00,27.746920270481652,7.901144569299187,3.986167877201797,6.326824156528268,0.0,1.0,Pond_04,Mock_Data,Obs_Pond_04_20260318_00,Low,2,1.0,0,0,0,0,0,0,0,0,0,0
2026-03-18 00:00:00,27.746920270481652,7.901144569299187,3.986167877201797,6.326824156528268,0.0,1.0,Pond_04,Mock_Data,Obs_Pond_04_20260318_00,Medium,2,1.0,0,1,0,0,0,0,0,0,0,1
2026-03-18 00:00:00,27.766034999417403,7.96029448365617,3.9877742675903782,6.381860759627518,0.0,1.0,Pond_05,Mock_Data,Obs_Pond_05_20260318_00,Low,4,1.0,0,0,0,0,0,0,0,0,0,0
2026-03-18 00:00:00,27.766034999417403,7.96029448365617,3.9877742675903782,6.381860759627518,0.0,1.0,Pond_05,Mock_Data,Obs_Pond_05_20260318_00,Medium,4,1.0,0,1,0,0,0,0,0,0,0,1
2026-03-18 04:00:00,27.7,7.91,3.98,6.39,1.0,1.0,Pond_01,Real_Data,Obs_Pond_01_20260318_04,Low,2,1.0,0,0,0,0,0,0,0,0,0,0
2026-03-18 04:00:00,27.7,7.91,3.98,6.39,1.0,1.0,Pond_01,Real_Data,Obs_Pond_01_20260318_04,Medium,2,1.0,0,1,0,0,0,0,0,0,0,1
2026-03-18 04:00:00,27.7,7.91,3.98,6.39,0.0,1.0,Pond_02,Real_Data,Obs_Pond_02_20260318_04,Low,2,1.0,0,0,0,0,0,0,0,0,0,0
2026-03-18 04:00:00,27.7,7.91,3.98,6.39,0.0,1.0,Pond_02,Real_Data,Obs_Pond_02_20260318_04,Medium,2,1.0,0,1,0,0,0,0,0,0,0,1
2026-03-18 04:00:00,27.68160964845605,7.7721592014879555,3.635430867710965,6.44020648513115,,,Pond_03,Real_Data,Obs_Pond_03_20260318_04,Low,1,1.0,0,0,0,0,0,0,0,0,0,0
2026-03-18 04:00:00,27.64284161546449,7.890129888792227,4.016632977821318,6.347197071491774,0.0,1.0,Pond_04,Mock_Data,Obs_Pond_04_20260318_04,High,2,1.0,0,2,0,0,0,0,0,0,1,0
2026-03-18 04:00:00,27.64284161546449,7.890129888792227,4.016632977821318,6.347197071491774,0.0,1.0,Pond_04,Mock_Data,Obs_Pond_04_20260318_04,Low,2,1.0,0,0,0,0,0,0,0,0,0,0
2026-03-18 04:00:00,27.684005617623804,7.879979905152767,3.938774006871277,6.357848222118332,0.0,1.0,Pond_05,Mock_Data,Obs_Pond_05_20260318_04,Low,2,1.0,0,0,0,0,0,0,0,0,0,0
2026-03-18 04:00:00,27.684005617623804,7.879979905152767,3.938774006871277,6.357848222118332,0.0,1.0,Pond_05,Mock_Data,Obs_Pond_05_20260318_04,Medium,2,1.0,0,1,0,0,0,0,0,0,0,1
2026-03-18 08:00:00,27.7,7.91,3.98,6.39,1.0,1.0,Pond_01,Real_Data,Obs_Pond_01_20260318_08,Low,2,1.0,0,0,0,0,0,0,0,0,0,0
2026-03-18 08:00:00,27.7,7.91,3.98,6.39,1.0,1.0,Pond_01,Real_Data,Obs_Pond_01_20260318_08,Medium,2,1.0,0,1,0,0,0,0,0,0,0,1
2026-03-18 08:00:00,27.7,7.91,3.98,6.39,0.0,1.0,Pond_02,Real_Data,Obs_Pond_02_20260318_08,Low,2,1.0,0,0,0,0,0,0,0,0,0,0
2026-03-18 08:00:00,27.7,7.91,3.98,6.39,0.0,1.0,Pond_02,Real_Data,Obs_Pond_02_20260318_08,Medium,2,1.0,0,1,0,0,0,0,0,0,0,1
2026-03-18 08:00:00,27.60297642418595,7.816477981191713,3.3070193193009647,5.46905669462965,,,Pond_03,Real_Data,Obs_Pond_03_20260318_08,Low,1,1.0,0,0,0,0,0,0,0,0,0,0
2026-03-18 08:00:00,27.75390060575101,7.909325886531072,4.009874150623779,6.422455808461009,0.0,1.0,Pond_04,Mock_Data,Obs_Pond_04_20260318_08,High,2,1.0,0,2,0,0,0,0,0,0,1,0
2026-03-18 08:00:00,27.75390060575101,7.909325886531072,4.009874150623779,6.422455808461009,0.0,1.0,Pond_04,Mock_Data,Obs_Pond_04_20260318_08,Low,2,1.0,0,0,0,0,0,0,0,0,0,0
2026-03-18 08:00:00,27.778630335035746,7.907774069953351,3.954525506072649,6.420652865498464,0.0,2.0,Pond_05,Mock_Data,Obs_Pond_05_20260318_08,Medium,3,1.0,0,1,0,0,0,0,0,0,0,1
2026-03-18 12:00:00,27.7,7.91,3.98,6.39,1.0,1.0,Pond_01,Real_Data,Obs_Pond_01_20260318_12,Low,2,1.0,0,0,0,0,0,0,0,0,0,0
2026-03-18 12:00:00,27.7,7.91,3.98,6.39,1.0,1.0,Pond_01,Real_Data,Obs_Pond_01_20260318_12,Medium,2,1.0,0,1,0,0,0,0,0,0,0,1
2026-03-18 12:00:00,27.7,7.91,3.98,6.39,0.0,1.0,Pond_02,Real_Data,Obs_Pond_02_20260318_12,Low,2,1.0,0,0,0,0,0,0,0,0,0,0
2026-03-18 12:00:00,27.7,7.91,3.98,6.39,0.0,1.0,Pond_02,Real_Data,Obs_Pond_02_20260318_12,Medium,2,1.0,0,1,0,0,0,0,0,0,0,1
2026-03-18 12:00:00,27.187366372561577,7.728915153335612,3.5120801177383174,6.99485692552009,,,Pond_03,Real_Data,Obs_Pond_03_20260318_12,Low,1,1.0,0,0,0,0,0,0,0,0,0,0
2026-03-18 12:00:00,27.78402622392418,7.8918081341551165,4.005118904264204,6.401341472837176,0.0,2.0,Pond_04,Mock_Data,Obs_Pond_04_20260318_12,High,3,1.0,0,2,0,0,0,0,0,0,1,0
2026-03-18 12:00:00,27.78402622392418,7.8918081341551165,4.005118904264204,6.401341472837176,0.0,2.0,Pond_04,Mock_Data,Obs_Pond_04_20260318_12,Medium,3,1.0,0,1,0,0,0,0,0,0,0,1
2026-03-18 12:00:00,27.730459136292584,7.884688762357709,4.033682810809353,6.336374852173705,0.0,2.0,Pond_05,Mock_Data,Obs_Pond_05_20260318_12,High,3,1.0,0,2,0,0,0,0,0,0,1,0
2026-03-18 12:00:00,27.730459136292584,7.884688762357709,4.033682810809353,6.336374852173705,0.0,2.0,Pond_05,Mock_Data,Obs_Pond_05_20260318_12,Medium,3,1.0,0,1,0,0,0,0,0,0,0,1
2026-03-18 16:00:00,27.7,7.91,3.98,6.39,1.0,1.0,Pond_01,Real_Data,Obs_Pond_01_20260318_16,Low,2,1.0,0,0,0,0,0,0,0,0,0,0
2026-03-18 16:00:00,27.7,7.91,3.98,6.39,1.0,1.0,Pond_01,Real_Data,Obs_Pond_01_20260318_16,Medium,2,1.0,0,1,0,0,0,0,0,0,0,1
2026-03-18 16:00:00,27.7,7.91,3.98,6.39,0.0,1.0,Pond_02,Real_Data,Obs_Pond_02_20260318_16,Low,2,1.0,0,0,0,0,0,0,0,0,0,0
2026-03-18 16:00:00,27.7,7.91,3.98,6.39,0.0,1.0,Pond_02,Real_Data,Obs_Pond_02_20260318_16,Medium,2,1.0,0,1,0,0,0,0,0,0,0,1
2026-03-18 16:00:00,27.293443392638576,7.7484409940027525,3.5097597315370974,5.62560430912462,,,Pond_03,Real_Data,Obs_Pond_03_20260318_16,Low,1,1.0,0,0,0,0,0,0,0,0,0,0
2026-03-18 16:00:00,27.725625850982777,7.9222889113713135,3.945508722526899,6.412144015411012,0.0,1.0,Pond_04,Mock_Data,Obs_Pond_04_20260318_16,Low,2,1.0,0,0,0,0,0,0,0,0,0,0
2026-03-18 16:00:00,27.725625850982777,7.9222889113713135,3.945508722526899,6.412144015411012,0.0,1.0,Pond_04,Mock_Data,Obs_Pond_04_20260318_16,Medium,2,1.0,0,1,0,0,0,0,0,0,0,1
2026-03-18 16:00:00,27.624181390854353,7.944135933429725,3.977779062468649,6.409304284134936,0.0,1.0,Pond_05,Mock_Data,Obs_Pond_05_20260318_16,Low,2,1.0,0,0,0,0,0,0,0,0,0,0
2026-03-18 16:00:00,27.624181390854353,7.944135933429725,3.977779062468649,6.409304284134936,0.0,1.0,Pond_05,Mock_Data,Obs_Pond_05_20260318_16,Medium,2,1.0,0,1,0,0,0,0,0,0,0,1
2026-03-18 20:00:00,27.7,7.91,3.98,6.39,1.0,1.0,Pond_01,Real_Data,Obs_Pond_01_20260318_20,Low,2,1.0,0,0,0,0,0,0,0,0,0,0
2026-03-18 20:00:00,27.7,7.91,3.98,6.39,1.0,1.0,Pond_01,Real_Data,Obs_Pond_01_20260318_20,Medium,2,1.0,0,1,0,0,0,0,0,0,0,1
2026-03-18 20:00:00,27.7,7.909999999999999,3.98,6.39,0.0,1.0,Pond_02,Real_Data,Obs_Pond_02_20260318_20,Low,2,1.0,0,0,0,0,0,0,0,0,0,0
2026-03-18 20:00:00,27.7,7.909999999999999,3.98,6.39,0.0,1.0,Pond_02,Real_Data,Obs_Pond_02_20260318_20,Medium,2,1.0,0,1,0,0,0,0,0,0,0,1
2026-03-18 20:00:00,27.591606000775123,7.81764113552475,3.3865969930324624,7.06922053152561,,,Pond_03,Real_Data,Obs_Pond_03_20260318_20,Low,1,1.0,0,0,0,0,0,0,0,0,0,0
2026-03-18 20:00:00,27.816329050698677,7.871707747323824,3.8977320931001302,6.420894573430238,0.0,1.0,Pond_04,Mock_Data,Obs_Pond_04_20260318_20,Low,2,1.0,0,0,0,0,0,0,0,0,0,0
2026-03-18 20:00:00,27.816329050698677,7.871707747323824,3.8977320931001302,6.420894573430238,0.0,1.0,Pond_04,Mock_Data,Obs_Pond_04_20260318_20,Medium,2,1.0,0,1,0,0,0,0,0,0,0,1
2026-03-18 20:00:00,27.788302409118057,7.897397820088888,3.9961844978763676,6.3438176771625825,0.0,1.0,Pond_05,Mock_Data,Obs_Pond_05_20260318_20,Low,4,1.0,0,0,0,0,0,0,0,0,0,0
2026-03-18 20:00:00,27.788302409118057,7.897397820088888,3.9961844978763676,6.3438176771625825,0.0,1.0,Pond_05,Mock_Data,Obs_Pond_05_20260318_20,Medium,4,1.0,0,1,0,0,0,0,0,0,0,1
2026-03-19 00:00:00,27.7,7.91,3.98,6.39,1.0,1.0,Pond_01,Real_Data,Obs_Pond_01_20260319_00,Low,2,1.0,0,0,0,0,0,0,0,0,0,0
2026-03-19 00:00:00,27.7,7.91,3.98,6.39,1.0,1.0,Pond_01,Real_Data,Obs_Pond_01_20260319_00,Medium,2,1.0,0,1,0,0,0,0,0,0,0,1
2026-03-19 00:00:00,27.7,7.91,3.98,6.39,0.0,1.0,Pond_02,Real_Data,Obs_Pond_02_20260319_00,Low,2,1.0,0,0,0,0,0,0,0,0,0,0
2026-03-19 00:00:00,27.7,7.91,3.98,6.39,0.0,1.0,Pond_02,Real_Data,Obs_Pond_02_20260319_00,Medium,2,1.0,0,1,0,0,0,0,0,0,0,1
2026-03-19 00:00:00,27.22395205172655,7.868755025809488,3.3479607131714424,5.56944535238474,,,Pond_03,Real_Data,Obs_Pond_03_20260319_00,Low,1,1.0,0,0,0,0,0,0,0,0,0,0
2026-03-19 00:00:00,27.652038382454656,7.902288880300069,3.963052625049248,6.430085782739851,0.0,1.0,Pond_04,Mock_Data,Obs_Pond_04_20260319_00,Low,2,1.0,0,0,0,0,0,0,0,0,0,0
2026-03-19 00:00:00,27.652038382454656,7.902288880300069,3.963052625049248,6.430085782739851,0.0,1.0,Pond_04,Mock_Data,Obs_Pond_04_20260319_00,Medium,2,1.0,0,1,0,0,0,0,0,0,0,1
2026-03-19 00:00:00,27.79615051783305,7.87905512830455,3.975033389888115,6.3333083945087605,0.0,1.0,Pond_05,Mock_Data,Obs_Pond_05_20260319_00,Low,2,1.0,0,0,0,0,0,0,0,0,0,0
2026-03-19 00:00:00,27.79615051783305,7.87905512830455,3.975033389888115,6.3333083945087605,0.0,1.0,Pond_05,Mock_Data,Obs_Pond_05_20260319_00,Medium,2,1.0,0,1,0,0,0,0,0,0,0,1
2026-03-19 04:00:00,27.7,7.91,3.98,6.39,0.0,1.0,Pond_01,Real_Data,Obs_Pond_01_20260319_04,Low,2,1.0,0,0,0,0,0,0,0,0,0,0
2026-03-19 04:00:00,27.7,7.91,3.98,6.39,0.0,1.0,Pond_01,Real_Data,Obs_Pond_01_20260319_04,Medium,2,1.0,0,1,0,0,0,0,0,0,0,1
2026-03-19 04:00:00,27.7,7.91,3.98,6.39,0.0,1.0,Pond_02,Real_Data,Obs_Pond_02_20260319_04,Low,2,1.0,0,0,0,0,0,0,0,0,0,0
2026-03-19 04:00:00,27.7,7.91,3.98,6.39,0.0,1.0,Pond_02,Real_Data,Obs_Pond_02_20260319_04,Medium,2,1.0,0,1,0,0,0,0,0,0,0,1
2026-03-19 04:00:00,27.3502826574138,7.9628987918918,3.6462887188312028,6.19909330328988,,,Pond_03,Real_Data,Obs_Pond_03_20260319_04,Low,1,1.0,0,0,0,0,0,0,0,0,0,0
2026-03-19 04:00:00,27.622852822286237,7.916456293551089,4.023187663232098,-1.5,0.0,1.0,Pond_04,Mock_Data,Obs_Pond_04_20260319_04,High,2,0.5,1,2,0,1,0,0,1,1,1,0
2026-03-19 04:00:00,27.622852822286237,7.916456293551089,4.023187663232098,-1.5,0.0,1.0,Pond_04,Mock_Data,Obs_Pond_04_20260319_04,Low,2,0.5,1,0,0,1,0,0,1,1,0,0
2026-03-19 04:00:00,27.754686583080364,7.923683899622358,3.9289885429741203,6.349739532885685,0.0,1.0,Pond_05,Mock_Data,Obs_Pond_05_20260319_04,Low,4,1.0,0,0,0,0,0,0,0,0,0,0
2026-03-19 04:00:00,27.754686583080364,7.923683899622358,3.9289885429741203,6.349739532885685,0.0,1.0,Pond_05,Mock_Data,Obs_Pond_05_20260319_04,Medium,4,1.0,0,1,0,0,0,0,0,0,0,1
2026-03-19 08:00:00,27.7,7.91,3.98,6.39,0.0,1.0,Pond_01,Real_Data,Obs_Pond_01_20260319_08,Low,2,1.0,0,0,0,0,0,0,0,0,0,0
2026-03-19 08:00:00,27.7,7.91,3.98,6.39,0.0,1.0,Pond_01,Real_Data,Obs_Pond_01_20260319_08,Medium,2,1.0,0,1,0,0,0,0,0,0,0,1
2026-03-19 08:00:00,27.7,7.91,3.98,6.39,0.0,1.0,Pond_02,Real_Data,Obs_Pond_02_20260319_08,Low,2,1.0,0,0,0,0,0,0,0,0,0,0
2026-03-19 08:00:00,27.7,7.91,3.98,6.39,0.0,1.0,Pond_02,Real_Data,Obs_Pond_02_20260319_08,Medium,2,1.0,0,1,0,0,0,0,0,0,0,1
2026-03-19 08:00:00,27.2486811876646,7.983927373186912,3.1461004774159176,6.80151035236694,,,Pond_03,Real_Data,Obs_Pond_03_20260319_08,Unknown,0,1.0,0,-1,0,0,0,0,0,0,0,0
2026-03-19 08:00:00,27.58974994688872,7.913941749162896,4.040082001539274,6.4158820639572784,0.0,1.0,Pond_04,Mock_Data,Obs_Pond_04_20260319_08,High,2,1.0,0,2,0,0,0,0,0,0,1,0
2026-03-19 08:00:00,27.58974994688872,7.913941749162896,4.040082001539274,6.4158820639572784,0.0,1.0,Pond_04,Mock_Data,Obs_Pond_04_20260319_08,Low,2,1.0,0,0,0,0,0,0,0,0,0,0
2026-03-19 08:00:00,27.65279465524673,7.947401229181062,4.020263387393419,6.366291173240481,0.0,1.0,Pond_05,Mock_Data,Obs_Pond_05_20260319_08,High,2,1.0,0,2,0,0,0,0,0,0,1,0
2026-03-19 08:00:00,27.65279465524673,7.947401229181062,4.020263387393419,6.366291173240481,0.0,1.0,Pond_05,Mock_Data,Obs_Pond_05_20260319_08,Low,2,1.0,0,0,0,0,0,0,0,0,0,0
2026-03-19 12:00:00,27.7,7.91,3.98,6.39,0.0,1.0,Pond_01,Real_Data,Obs_Pond_01_20260319_12,Low,2,1.0,0,0,0,0,0,0,0,0,0,0
2026-03-19 12:00:00,27.7,7.91,3.98,6.39,0.0,1.0,Pond_01,Real_Data,Obs_Pond_01_20260319_12,Medium,2,1.0,0,1,0,0,0,0,0,0,0,1
2026-03-19 12:00:00,27.7,7.91,3.98,6.39,0.0,1.0,Pond_02,Real_Data,Obs_Pond_02_20260319_12,Low,2,1.0,0,0,0,0,0,0,0,0,0,0
2026-03-19 12:00:00,27.7,7.91,3.98,6.39,0.0,1.0,Pond_02,Real_Data,Obs_Pond_02_20260319_12,Medium,2,1.0,0,1,0,0,0,0,0,0,0,1
2026-03-19 12:00:00,27.09768498566895,7.733960283858927,3.3666751031368873,6.74064442004255,,,Pond_03,Real_Data,Obs_Pond_03_20260319_12,Low,1,1.0,0,0,0,0,0,0,0,0,0,0
2026-03-19 12:00:00,27.792729008341876,7.967743580492911,4.010636961174348,6.374763392438452,0.0,1.0,Pond_04,Mock_Data,Obs_Pond_04_20260319_12,High,4,1.0,0,2,0,0,0,0,0,0,1,0
2026-03-19 12:00:00,27.792729008341876,7.967743580492911,4.010636961174348,6.374763392438452,0.0,1.0,Pond_04,Mock_Data,Obs_Pond_04_20260319_12,Low,4,1.0,0,0,0,0,0,0,0,0,0,0
2026-03-19 12:00:00,27.681032399703394,7.924228755269819,4.0016980233691655,6.386916155681804,0.0,1.0,Pond_05,Mock_Data,Obs_Pond_05_20260319_12,High,2,1.0,0,2,0,0,0,0,0,0,1,0
2026-03-19 12:00:00,27.681032399703394,7.924228755269819,4.0016980233691655,6.386916155681804,0.0,1.0,Pond_05,Mock_Data,Obs_Pond_05_20260319_12,Low,2,1.0,0,0,0,0,0,0,0,0,0,0
2026-03-19 16:00:00,27.7,7.91,3.98,6.39,1.0,1.0,Pond_01,Real_Data,Obs_Pond_01_20260319_16,Low,2,1.0,0,0,0,0,0,0,0,0,0,0
2026-03-19 16:00:00,27.7,7.91,3.98,6.39,1.0,1.0,Pond_01,Real_Data,Obs_Pond_01_20260319_16,Medium,2,1.0,0,1,0,0,0,0,0,0,0,1
2026-03-19 16:00:00,27.7,7.910000000000001,3.9800000000000004,6.39,0.0,1.0,Pond_02,Real_Data,Obs_Pond_02_20260319_16,Low,2,1.0,0,0,0,0,0,0,0,0,0,0
2026-03-19 16:00:00,27.7,7.910000000000001,3.9800000000000004,6.39,0.0,1.0,Pond_02,Real_Data,Obs_Pond_02_20260319_16,Medium,2,1.0,0,1,0,0,0,0,0,0,0,1
2026-03-19 16:00:00,27.679272463955325,7.848041075961085,3.5598728906562798,6.2207105155704,,,Pond_03,Real_Data,Obs_Pond_03_20260319_16,Low,1,1.0,0,0,0,0,0,0,0,0,0,0
2026-03-19 16:00:00,27.740559412539252,7.917500354022758,3.998512018488522,6.432476337414647,0.0,1.0,Pond_04,Mock_Data,Obs_Pond_04_20260319_16,Low,2,1.0,0,0,0,0,0,0,0,0,0,0
2026-03-19 16:00:00,27.740559412539252,7.917500354022758,3.998512018488522,6.432476337414647,0.0,1.0,Pond_04,Mock_Data,Obs_Pond_04_20260319_16,Medium,2,1.0,0,1,0,0,0,0,0,0,0,1
2026-03-19 16:00:00,27.709013985449754,7.914391242066438,4.079412842884659,6.404870191596086,0.0,1.0,Pond_05,Mock_Data,Obs_Pond_05_20260319_16,High,2,1.0,0,2,0,0,0,0,0,0,1,0
2026-03-19 16:00:00,27.709013985449754,7.914391242066438,4.079412842884659,6.404870191596086,0.0,1.0,Pond_05,Mock_Data,Obs_Pond_05_20260319_16,Low,2,1.0,0,0,0,0,0,0,0,0,0,0
2026-03-19 20:00:00,27.7,7.91,3.98,6.39,1.0,1.0,Pond_01,Real_Data,Obs_Pond_01_20260319_20,Low,2,1.0,0,0,0,0,0,0,0,0,0,0
2026-03-19 20:00:00,27.7,7.91,3.98,6.39,1.0,1.0,Pond_01,Real_Data,Obs_Pond_01_20260319_20,Medium,2,1.0,0,1,0,0,0,0,0,0,0,1
2026-03-19 20:00:00,27.7,7.910000000000001,3.98,6.39,0.0,1.0,Pond_02,Real_Data,Obs_Pond_02_20260319_20,Low,2,1.0,0,0,0,0,0,0,0,0,0,0
2026-03-19 20:00:00,27.7,7.910000000000001,3.98,6.39,0.0,1.0,Pond_02,Real_Data,Obs_Pond_02_20260319_20,Medium,2,1.0,0,1,0,0,0,0,0,0,0,1
2026-03-19 20:00:00,27.273049316021524,7.65652838792054,2.9154363364594675,6.62766515030812,,,Pond_03,Real_Data,Obs_Pond_03_20260319_20,Unknown,0,1.0,0,-1,0,0,0,0,0,0,0,0
2026-03-19 20:00:00,27.69655470672028,7.88847122811442,3.9963690378754,6.509986889124997,0.0,1.0,Pond_04,Mock_Data,Obs_Pond_04_20260319_20,Low,2,1.0,0,0,0,0,0,0,0,0,0,0
2026-03-19 20:00:00,27.69655470672028,7.88847122811442,3.9963690378754,6.509986889124997,0.0,1.0,Pond_04,Mock_Data,Obs_Pond_04_20260319_20,Medium,2,1.0,0,1,0,0,0,0,0,0,0,1
2026-03-19 20:00:00,27.656382062356887,7.918772731705232,3.9362108695977143,6.157061589908993,0.0,1.0,Pond_05,Mock_Data,Obs_Pond_05_20260319_20,Low,2,1.0,0,0,0,0,0,0,0,0,0,0
2026-03-19 20:00:00,27.656382062356887,7.918772731705232,3.9362108695977143,6.157061589908993,0.0,1.0,Pond_05,Mock_Data,Obs_Pond_05_20260319_20,Medium,2,1.0,0,1,0,0,0,0,0,0,0,1
2026-03-20 00:00:00,27.7,7.91,3.98,6.39,0.0,1.0,Pond_01,Real_Data,Obs_Pond_01_20260320_00,Low,2,1.0,0,0,0,0,0,0,0,0,0,0
2026-03-20 00:00:00,27.7,7.91,3.98,6.39,0.0,1.0,Pond_01,Real_Data,Obs_Pond_01_20260320_00,Medium,2,1.0,0,1,0,0,0,0,0,0,0,1
2026-03-20 00:00:00,27.7,7.910000000000001,3.9800000000000004,6.39,0.0,1.0,Pond_02,Real_Data,Obs_Pond_02_20260320_00,Low,2,1.0,0,0,0,0,0,0,0,0,0,0
2026-03-20 00:00:00,27.7,7.910000000000001,3.9800000000000004,6.39,0.0,1.0,Pond_02,Real_Data,Obs_Pond_02_20260320_00,Medium,2,1.0,0,1,0,0,0,0,0,0,0,1
2026-03-20 00:00:00,26.81665187375785,7.808179683860395,3.1078310767619524,6.53564315154835,,,Pond_03,Real_Data,Obs_Pond_03_20260320_00,Unknown,0,1.0,0,-1,0,0,0,0,0,0,0,0
2026-03-20 00:00:00,27.71735323805993,7.90795307147114,3.9560216593086386,6.381623526531233,0.0,1.0,Pond_04,Mock_Data,Obs_Pond_04_20260320_00,Low,4,1.0,0,0,0,0,0,0,0,0,0,0
2026-03-20 00:00:00,27.71735323805993,7.90795307147114,3.9560216593086386,6.381623526531233,0.0,1.0,Pond_04,Mock_Data,Obs_Pond_04_20260320_00,Medium,4,1.0,0,1,0,0,0,0,0,0,0,1
2026-03-20 00:00:00,27.80489637120379,7.9403367784782,4.015467126154116,6.33899289469298,0.0,1.0,Pond_05,Mock_Data,Obs_Pond_05_20260320_00,High,2,1.0,0,2,0,0,0,0,0,0,1,0
2026-03-20 00:00:00,27.80489637120379,7.9403367784782,4.015467126154116,6.33899289469298,0.0,1.0,Pond_05,Mock_Data,Obs_Pond_05_20260320_00,Low,2,1.0,0,0,0,0,0,0,0,0,0,0
2026-03-20 04:00:00,27.7,7.91,3.98,6.39,1.0,1.0,Pond_01,Real_Data,Obs_Pond_01_20260320_04,Low,2,1.0,0,0,0,0,0,0,0,0,0,0
2026-03-20 04:00:00,27.7,7.91,3.98,6.39,1.0,1.0,Pond_01,Real_Data,Obs_Pond_01_20260320_04,Medium,2,1.0,0,1,0,0,0,0,0,0,0,1
2026-03-20 04:00:00,27.7,7.909999999999999,3.9799999999999995,6.39,0.0,1.0,Pond_02,Real_Data,Obs_Pond_02_20260320_04,Low,2,1.0,0,0,0,0,0,0,0,0,0,0
2026-03-20 04:00:00,27.7,7.909999999999999,3.9799999999999995,6.39,0.0,1.0,Pond_02,Real_Data,Obs_Pond_02_20260320_04,Medium,2,1.0,0,1,0,0,0,0,0,0,0,1
2026-03-20 04:00:00,27.5079539912833,7.940475100734517,3.541558045502275,6.33062830333879,,,Pond_03,Real_Data,Obs_Pond_03_20260320_04,Low,1,1.0,0,0,0,0,0,0,0,0,0,0
2026-03-20 04:00:00,27.630239042751523,7.871914021163717,3.974392150871712,6.328453680999379,0.0,1.0,Pond_04,Mock_Data,Obs_Pond_04_20260320_04,Low,2,1.0,0,0,0,0,0,0,0,0,0,0
2026-03-20 04:00:00,27.630239042751523,7.871914021163717,3.974392150871712,6.328453680999379,0.0,1.0,Pond_04,Mock_Data,Obs_Pond_04_20260320_04,Medium,2,1.0,0,1,0,0,0,0,0,0,0,1
2026-03-20 04:00:00,27.708945758155597,7.891255564462461,3.9234497609862764,6.365270429917379,0.0,1.0,Pond_05,Mock_Data,Obs_Pond_05_20260320_04,Low,4,1.0,0,0,0,0,0,0,0,0,0,0
2026-03-20 04:00:00,27.708945758155597,7.891255564462461,3.9234497609862764,6.365270429917379,0.0,1.0,Pond_05,Mock_Data,Obs_Pond_05_20260320_04,Medium,4,1.0,0,1,0,0,0,0,0,0,0,1
2026-03-20 08:00:00,27.7,7.91,3.98,6.39,1.0,1.0,Pond_01,Real_Data,Obs_Pond_01_20260320_08,Low,2,1.0,0,0,0,0,0,0,0,0,0,0
2026-03-20 08:00:00,27.7,7.91,3.98,6.39,1.0,1.0,Pond_01,Real_Data,Obs_Pond_01_20260320_08,Medium,2,1.0,0,1,0,0,0,0,0,0,0,1
2026-03-20 08:00:00,27.7,7.91,3.98,6.39,0.0,1.0,Pond_02,Real_Data,Obs_Pond_02_20260320_08,Low,2,1.0,0,0,0,0,0,0,0,0,0,0
2026-03-20 08:00:00,27.7,7.91,3.98,6.39,0.0,1.0,Pond_02,Real_Data,Obs_Pond_02_20260320_08,Medium,2,1.0,0,1,0,0,0,0,0,0,0,1
2026-03-20 08:00:00,27.39465579605815,7.792316559091073,3.0023042039589973,5.48972648842538,,,Pond_03,Real_Data,Obs_Pond_03_20260320_08,Unknown,0,1.0,0,-1,0,0,0,0,0,0,0,0
2026-03-20 08:00:00,27.851594544344945,7.908271793563714,4.051965777023245,6.459917589655638,0.0,1.0,Pond_04,Mock_Data,Obs_Pond_04_20260320_08,High,2,1.0,0,2,0,0,0,0,0,0,1,0
2026-03-20 08:00:00,27.851594544344945,7.908271793563714,4.051965777023245,6.459917589655638,0.0,1.0,Pond_04,Mock_Data,Obs_Pond_04_20260320_08,Low,2,1.0,0,0,0,0,0,0,0,0,0,0
2026-03-20 08:00:00,27.532438931329725,7.907601792972702,3.9867843596862316,6.48505207067654,0.0,1.0,Pond_05,Mock_Data,Obs_Pond_05_20260320_08,Low,2,1.0,0,0,0,0,0,0,0,0,0,0
2026-03-20 08:00:00,27.532438931329725,7.907601792972702,3.9867843596862316,6.48505207067654,0.0,1.0,Pond_05,Mock_Data,Obs_Pond_05_20260320_08,Medium,2,1.0,0,1,0,0,0,0,0,0,0,1
2026-03-20 12:00:00,27.7,7.91,3.98,6.39,0.0,1.0,Pond_01,Real_Data,Obs_Pond_01_20260320_12,Low,2,1.0,0,0,0,0,0,0,0,0,0,0
2026-03-20 12:00:00,27.7,7.91,3.98,6.39,0.0,1.0,Pond_01,Real_Data,Obs_Pond_01_20260320_12,Medium,2,1.0,0,1,0,0,0,0,0,0,0,1
2026-03-20 12:00:00,27.7,7.909999999999999,3.9799999999999995,6.39,0.0,1.0,Pond_02,Real_Data,Obs_Pond_02_20260320_12,Low,2,1.0,0,0,0,0,0,0,0,0,0,0
2026-03-20 12:00:00,27.7,7.909999999999999,3.9799999999999995,6.39,0.0,1.0,Pond_02,Real_Data,Obs_Pond_02_20260320_12,Medium,2,1.0,0,1,0,0,0,0,0,0,0,1
2026-03-20 12:00:00,27.309483632494377,7.610310812026068,3.7624881777336627,6.35380539484303,,,Pond_03,Real_Data,Obs_Pond_03_20260320_12,Medium,1,1.0,0,1,0,0,0,0,0,0,0,1
2026-03-20 12:00:00,27.70800949007279,7.8921377504017425,3.9393594405585293,6.3823973373783165,0.0,1.0,Pond_04,Mock_Data,Obs_Pond_04_20260320_12,Low,4,1.0,0,0,0,0,0,0,0,0,0,0
2026-03-20 12:00:00,27.70800949007279,7.8921377504017425,3.9393594405585293,6.3823973373783165,0.0,1.0,Pond_04,Mock_Data,Obs_Pond_04_20260320_12,Medium,4,1.0,0,1,0,0,0,0,0,0,0,1
2026-03-20 12:00:00,27.721034221881176,7.900293493030395,4.022104330803989,6.321792523079176,0.0,1.0,Pond_05,Mock_Data,Obs_Pond_05_20260320_12,High,2,1.0,0,2,0,0,0,0,0,0,1,0
2026-03-20 12:00:00,27.721034221881176,7.900293493030395,4.022104330803989,6.321792523079176,0.0,1.0,Pond_05,Mock_Data,Obs_Pond_05_20260320_12,Low,2,1.0,0,0,0,0,0,0,0,0,0,0
2026-03-20 16:00:00,27.7,7.91,3.98,6.39,1.0,1.0,Pond_01,Real_Data,Obs_Pond_01_20260320_16,Low,2,1.0,0,0,0,0,0,0,0,0,0,0
2026-03-20 16:00:00,27.7,7.91,3.98,6.39,1.0,1.0,Pond_01,Real_Data,Obs_Pond_01_20260320_16,Medium,2,1.0,0,1,0,0,0,0,0,0,0,1
2026-03-20 16:00:00,27.7,7.909999999999999,3.9799999999999995,6.39,0.0,1.0,Pond_02,Real_Data,Obs_Pond_02_20260320_16,Low,2,1.0,0,0,0,0,0,0,0,0,0,0
2026-03-20 16:00:00,27.7,7.909999999999999,3.9799999999999995,6.39,0.0,1.0,Pond_02,Real_Data,Obs_Pond_02_20260320_16,Medium,2,1.0,0,1,0,0,0,0,0,0,0,1
2026-03-20 16:00:00,27.4546647949388,7.803859990281833,3.579981396110025,6.03976198511386,,,Pond_03,Real_Data,Obs_Pond_03_20260320_16,Low,1,1.0,0,0,0,0,0,0,0,0,0,0
2026-03-20 16:00:00,27.70678059516257,7.9296276462363675,4.049624906929241,6.252785231474279,0.0,1.0,Pond_04,Mock_Data,Obs_Pond_04_20260320_16,High,2,1.0,0,2,0,0,0,0,0,0,1,0
2026-03-20 16:00:00,27.70678059516257,7.9296276462363675,4.049624906929241,6.252785231474279,0.0,1.0,Pond_04,Mock_Data,Obs_Pond_04_20260320_16,Low,2,1.0,0,0,0,0,0,0,0,0,0,0
2026-03-20 16:00:00,27.67842023133551,7.884958826070967,3.8906551216593526,6.400281407179628,0.0,1.0,Pond_05,Mock_Data,Obs_Pond_05_20260320_16,Low,2,1.0,0,0,0,0,0,0,0,0,0,0
2026-03-20 16:00:00,27.67842023133551,7.884958826070967,3.8906551216593526,6.400281407179628,0.0,1.0,Pond_05,Mock_Data,Obs_Pond_05_20260320_16,Medium,2,1.0,0,1,0,0,0,0,0,0,0,1
2026-03-20 20:00:00,27.7,7.91,3.98,6.39,0.0,1.0,Pond_01,Real_Data,Obs_Pond_01_20260320_20,Low,2,1.0,0,0,0,0,0,0,0,0,0,0
2026-03-20 20:00:00,27.7,7.91,3.98,6.39,0.0,1.0,Pond_01,Real_Data,Obs_Pond_01_20260320_20,Medium,2,1.0,0,1,0,0,0,0,0,0,0,1
2026-03-20 20:00:00,27.7,7.91,3.98,6.39,0.0,1.0,Pond_02,Real_Data,Obs_Pond_02_20260320_20,Low,2,1.0,0,0,0,0,0,0,0,0,0,0
2026-03-20 20:00:00,27.7,7.91,3.98,6.39,0.0,1.0,Pond_02,Real_Data,Obs_Pond_02_20260320_20,Medium,2,1.0,0,1,0,0,0,0,0,0,0,1
2026-03-20 20:00:00,27.886629857342548,7.977729376595545,3.357869686816,5.63586653122435,,,Pond_03,Real_Data,Obs_Pond_03_20260320_20,Low,1,1.0,0,0,0,0,0,0,0,0,0,0
2026-03-20 20:00:00,27.7449850440959,7.898216848714286,3.966115014382095,6.443518847119295,0.0,1.0,Pond_04,Mock_Data,Obs_Pond_04_20260320_20,Low,2,1.0,0,0,0,0,0,0,0,0,0,0
2026-03-20 20:00:00,27.7449850440959,7.898216848714286,3.966115014382095,6.443518847119295,0.0,1.0,Pond_04,Mock_Data,Obs_Pond_04_20260320_20,Medium,2,1.0,0,1,0,0,0,0,0,0,0,1
2026-03-20 20:00:00,27.695355842608418,7.902959032232821,3.9711638643460394,6.484418517655245,0.0,1.0,Pond_05,Mock_Data,Obs_Pond_05_20260320_20,Low,2,1.0,0,0,0,0,0,0,0,0,0,0
2026-03-20 20:00:00,27.695355842608418,7.902959032232821,3.9711638643460394,6.484418517655245,0.0,1.0,Pond_05,Mock_Data,Obs_Pond_05_20260320_20,Medium,2,1.0,0,1,0,0,0,0,0,0,0,1
2026-03-21 00:00:00,27.7,7.91,3.98,6.39,0.0,1.0,Pond_01,Real_Data,Obs_Pond_01_20260321_00,Low,2,1.0,0,0,0,0,0,0,0,0,0,0
2026-03-21 00:00:00,27.7,7.91,3.98,6.39,0.0,1.0,Pond_01,Real_Data,Obs_Pond_01_20260321_00,Medium,2,1.0,0,1,0,0,0,0,0,0,0,1
2026-03-21 00:00:00,27.699999999999996,7.909999999999999,3.98,6.39,0.0,1.0,Pond_02,Real_Data,Obs_Pond_02_20260321_00,Low,2,1.0,0,0,0,0,0,0,0,0,0,0
2026-03-21 00:00:00,27.699999999999996,7.909999999999999,3.98,6.39,0.0,1.0,Pond_02,Real_Data,Obs_Pond_02_20260321_00,Medium,2,1.0,0,1,0,0,0,0,0,0,0,1
2026-03-21 00:00:00,27.128752569741323,7.98091066702695,3.5197933604297074,6.01131256522697,,,Pond_03,Real_Data,Obs_Pond_03_20260321_00,Low,1,1.0,0,0,0,0,0,0,0,0,0,0
2026-03-21 00:00:00,27.729814296755578,7.9074963246290855,4.037149058290644,6.356191391941898,0.0,1.0,Pond_04,Mock_Data,Obs_Pond_04_20260321_00,High,4,1.0,0,2,0,0,0,0,0,0,1,0
2026-03-21 00:00:00,27.729814296755578,7.9074963246290855,4.037149058290644,6.356191391941898,0.0,1.0,Pond_04,Mock_Data,Obs_Pond_04_20260321_00,Low,4,1.0,0,0,0,0,0,0,0,0,0,0
2026-03-21 00:00:00,27.677151941301194,7.933751571740479,3.955715915059101,6.307079579244442,0.0,1.0,Pond_05,Mock_Data,Obs_Pond_05_20260321_00,Low,2,1.0,0,0,0,0,0,0,0,0,0,0
2026-03-21 00:00:00,27.677151941301194,7.933751571740479,3.955715915059101,6.307079579244442,0.0,1.0,Pond_05,Mock_Data,Obs_Pond_05_20260321_00,Medium,2,1.0,0,1,0,0,0,0,0,0,0,1
2026-03-21 04:00:00,27.7,7.91,3.98,6.39,1.0,1.0,Pond_01,Real_Data,Obs_Pond_01_20260321_04,Low,2,1.0,0,0,0,0,0,0,0,0,0,0
2026-03-21 04:00:00,27.7,7.91,3.98,6.39,1.0,1.0,Pond_01,Real_Data,Obs_Pond_01_20260321_04,Medium,2,1.0,0,1,0,0,0,0,0,0,0,1
2026-03-21 04:00:00,27.7,7.91,3.98,6.39,0.0,1.0,Pond_02,Real_Data,Obs_Pond_02_20260321_04,Low,2,1.0,0,0,0,0,0,0,0,0,0,0
2026-03-21 04:00:00,27.7,7.91,3.98,6.39,0.0,1.0,Pond_02,Real_Data,Obs_Pond_02_20260321_04,Medium,2,1.0,0,1,0,0,0,0,0,0,0,1
2026-03-21 04:00:00,27.3865060669177,7.8022681076576275,3.347692776242225,6.37924652234931,,,Pond_03,Real_Data,Obs_Pond_03_20260321_04,Low,1,1.0,0,0,0,0,0,0,0,0,0,0
2026-03-21 04:00:00,27.71387695765129,7.896372474334839,3.919341930506861,6.384282377917051,0.0,1.0,Pond_04,Mock_Data,Obs_Pond_04_20260321_04,Low,4,1.0,0,0,0,0,0,0,0,0,0,0
2026-03-21 04:00:00,27.71387695765129,7.896372474334839,3.919341930506861,6.384282377917051,0.0,1.0,Pond_04,Mock_Data,Obs_Pond_04_20260321_04,Medium,4,1.0,0,1,0,0,0,0,0,0,0,1
2026-03-21 04:00:00,27.7500229928506,7.922148989149587,3.949733494244983,6.414881473356603,0.0,1.0,Pond_05,Mock_Data,Obs_Pond_05_20260321_04,Low,2,1.0,0,0,0,0,0,0,0,0,0,0
2026-03-21 04:00:00,27.7500229928506,7.922148989149587,3.949733494244983,6.414881473356603,0.0,1.0,Pond_05,Mock_Data,Obs_Pond_05_20260321_04,Medium,2,1.0,0,1,0,0,0,0,0,0,0,1
2026-03-21 08:00:00,27.7,7.91,3.98,6.39,0.0,1.0,Pond_01,Real_Data,Obs_Pond_01_20260321_08,Low,2,1.0,0,0,0,0,0,0,0,0,0,0
2026-03-21 08:00:00,27.7,7.91,3.98,6.39,0.0,1.0,Pond_01,Real_Data,Obs_Pond_01_20260321_08,Medium,2,1.0,0,1,0,0,0,0,0,0,0,1
2026-03-21 08:00:00,27.7,7.91,3.98,6.39,0.0,1.0,Pond_02,Real_Data,Obs_Pond_02_20260321_08,Low,2,1.0,0,0,0,0,0,0,0,0,0,0
2026-03-21 08:00:00,27.7,7.91,3.98,6.39,0.0,1.0,Pond_02,Real_Data,Obs_Pond_02_20260321_08,Medium,2,1.0,0,1,0,0,0,0,0,0,0,1
2026-03-21 08:00:00,27.650906377625,7.81520952905378,3.6098635036324676,6.00267507810108,,,Pond_03,Real_Data,Obs_Pond_03_20260321_08,Low,1,1.0,0,0,0,0,0,0,0,0,0,0
2026-03-21 08:00:00,27.651004183626043,7.947284161852081,4.005262609163703,6.410966190784829,0.0,1.0,Pond_04,Mock_Data,Obs_Pond_04_20260321_08,High,2,1.0,0,2,0,0,0,0,0,0,1,0
2026-03-21 08:00:00,27.651004183626043,7.947284161852081,4.005262609163703,6.410966190784829,0.0,1.0,Pond_04,Mock_Data,Obs_Pond_04_20260321_08,Low,2,1.0,0,0,0,0,0,0,0,0,0,0
2026-03-21 08:00:00,27.769401378395283,7.923815198719215,3.996609330773866,6.339332587558016,0.0,1.0,Pond_05,Mock_Data,Obs_Pond_05_20260321_08,Low,2,1.0,0,0,0,0,0,0,0,0,0,0
2026-03-21 08:00:00,27.769401378395283,7.923815198719215,3.996609330773866,6.339332587558016,0.0,1.0,Pond_05,Mock_Data,Obs_Pond_05_20260321_08,Medium,2,1.0,0,1,0,0,0,0,0,0,0,1
2026-03-21 12:00:00,27.7,7.91,3.98,6.39,1.0,1.0,Pond_01,Real_Data,Obs_Pond_01_20260321_12,Low,2,1.0,0,0,0,0,0,0,0,0,0,0
2026-03-21 12:00:00,27.7,7.91,3.98,6.39,1.0,1.0,Pond_01,Real_Data,Obs_Pond_01_20260321_12,Medium,2,1.0,0,1,0,0,0,0,0,0,0,1
2026-03-21 12:00:00,27.7,7.91,3.98,6.39,0.0,1.0,Pond_02,Real_Data,Obs_Pond_02_20260321_12,Low,2,1.0,0,0,0,0,0,0,0,0,0,0
2026-03-21 12:00:00,27.7,7.91,3.98,6.39,0.0,1.0,Pond_02,Real_Data,Obs_Pond_02_20260321_12,Medium,2,1.0,0,1,0,0,0,0,0,0,0,1
2026-03-21 12:00:00,27.28162333250245,7.954259345694785,2.986777115201482,6.20880147145252,,,Pond_03,Real_Data,Obs_Pond_03_20260321_12,Unknown,0,1.0,0,-1,0,0,0,0,0,0,0,0
2026-03-21 12:00:00,27.72922292667807,7.903111965969383,3.948232458564156,6.402030991787528,0.0,2.0,Pond_04,Mock_Data,Obs_Pond_04_20260321_12,Medium,3,1.0,0,1,0,0,0,0,0,0,0,1
2026-03-21 12:00:00,27.717544426219668,7.913140705734532,4.02832094554097,6.358129897035875,0.0,1.0,Pond_05,Mock_Data,Obs_Pond_05_20260321_12,High,4,1.0,0,2,0,0,0,0,0,0,1,0
2026-03-21 12:00:00,27.717544426219668,7.913140705734532,4.02832094554097,6.358129897035875,0.0,1.0,Pond_05,Mock_Data,Obs_Pond_05_20260321_12,Low,4,1.0,0,0,0,0,0,0,0,0,0,0
2026-03-21 16:00:00,27.7,7.91,3.98,6.39,1.0,1.0,Pond_01,Real_Data,Obs_Pond_01_20260321_16,Low,2,1.0,0,0,0,0,0,0,0,0,0,0
2026-03-21 16:00:00,27.7,7.91,3.98,6.39,1.0,1.0,Pond_01,Real_Data,Obs_Pond_01_20260321_16,Medium,2,1.0,0,1,0,0,0,0,0,0,0,1
2026-03-21 16:00:00,27.700000000000003,7.91,3.98,6.39,0.0,1.0,Pond_02,Real_Data,Obs_Pond_02_20260321_16,Low,2,1.0,0,0,0,0,0,0,0,0,0,0
2026-03-21 16:00:00,27.700000000000003,7.91,3.98,6.39,0.0,1.0,Pond_02,Real_Data,Obs_Pond_02_20260321_16,Medium,2,1.0,0,1,0,0,0,0,0,0,0,1
2026-03-21 16:00:00,26.910322461627974,7.619565483402525,3.255405025199278,6.19401303365997,,,Pond_03,Real_Data,Obs_Pond_03_20260321_16,Unknown,0,1.0,0,-1,0,0,0,0,0,0,0,0
2026-03-21 16:00:00,27.816653139143675,7.949293383726807,3.9189774951933742,6.434805371828163,0.0,1.0,Pond_04,Mock_Data,Obs_Pond_04_20260321_16,Low,2,1.0,0,0,0,0,0,0,0,0,0,0
2026-03-21 16:00:00,27.816653139143675,7.949293383726807,3.9189774951933742,6.434805371828163,0.0,1.0,Pond_04,Mock_Data,Obs_Pond_04_20260321_16,Medium,2,1.0,0,1,0,0,0,0,0,0,0,1
2026-03-21 16:00:00,27.678968544139373,7.921221021621831,3.974253381208085,6.339279600580046,0.0,1.0,Pond_05,Mock_Data,Obs_Pond_05_20260321_16,Low,2,1.0,0,0,0,0,0,0,0,0,0,0
2026-03-21 16:00:00,27.678968544139373,7.921221021621831,3.974253381208085,6.339279600580046,0.0,1.0,Pond_05,Mock_Data,Obs_Pond_05_20260321_16,Medium,2,1.0,0,1,0,0,0,0,0,0,0,1
2026-03-21 20:00:00,27.7,7.91,3.98,6.39,1.0,1.0,Pond_01,Real_Data,Obs_Pond_01_20260321_20,Low,2,1.0,0,0,0,0,0,0,0,0,0,0
2026-03-21 20:00:00,27.7,7.91,3.98,6.39,1.0,1.0,Pond_01,Real_Data,Obs_Pond_01_20260321_20,Medium,2,1.0,0,1,0,0,0,0,0,0,0,1
2026-03-21 20:00:00,27.7,7.910000000000001,3.9800000000000004,6.39,0.0,1.0,Pond_02,Real_Data,Obs_Pond_02_20260321_20,Low,2,1.0,0,0,0,0,0,0,0,0,0,0
2026-03-21 20:00:00,27.7,7.910000000000001,3.9800000000000004,6.39,0.0,1.0,Pond_02,Real_Data,Obs_Pond_02_20260321_20,Medium,2,1.0,0,1,0,0,0,0,0,0,0,1
2026-03-21 20:00:00,27.376081121030676,7.770455975143248,3.3750538221623674,5.83771131733435,,,Pond_03,Real_Data,Obs_Pond_03_20260321_20,Low,1,1.0,0,0,0,0,0,0,0,0,0,0
2026-03-21 20:00:00,27.783392895334124,7.927456906847512,3.9894225985944765,6.3624968936746615,0.0,1.0,Pond_04,Mock_Data,Obs_Pond_04_20260321_20,Low,4,1.0,0,0,0,0,0,0,0,0,0,0
2026-03-21 20:00:00,27.783392895334124,7.927456906847512,3.9894225985944765,6.3624968936746615,0.0,1.0,Pond_04,Mock_Data,Obs_Pond_04_20260321_20,Medium,4,1.0,0,1,0,0,0,0,0,0,0,1
2026-03-21 20:00:00,27.6974378044954,7.8928338748625615,3.988860020627221,6.343779611191966,0.0,1.0,Pond_05,Mock_Data,Obs_Pond_05_20260321_20,Low,2,1.0,0,0,0,0,0,0,0,0,0,0
2026-03-21 20:00:00,27.6974378044954,7.8928338748625615,3.988860020627221,6.343779611191966,0.0,1.0,Pond_05,Mock_Data,Obs_Pond_05_20260321_20,Medium,2,1.0,0,1,0,0,0,0,0,0,0,1
2026-03-22 00:00:00,27.7,7.91,3.98,6.39,1.0,1.0,Pond_01,Real_Data,Obs_Pond_01_20260322_00,Low,2,1.0,0,0,0,0,0,0,0,0,0,0
2026-03-22 00:00:00,27.7,7.91,3.98,6.39,1.0,1.0,Pond_01,Real_Data,Obs_Pond_01_20260322_00,Medium,2,1.0,0,1,0,0,0,0,0,0,0,1
2026-03-22 00:00:00,27.7,7.91,3.98,6.39,0.0,1.0,Pond_02,Real_Data,Obs_Pond_02_20260322_00,Low,2,1.0,0,0,0,0,0,0,0,0,0,0
2026-03-22 00:00:00,27.7,7.91,3.98,6.39,0.0,1.0,Pond_02,Real_Data,Obs_Pond_02_20260322_00,Medium,2,1.0,0,1,0,0,0,0,0,0,0,1
2026-03-22 00:00:00,27.385755013768925,7.864179064612082,3.293047081482918,6.38946954657666,,,Pond_03,Real_Data,Obs_Pond_03_20260322_00,Unknown,0,1.0,0,-1,0,0,0,0,0,0,0,0
2026-03-22 00:00:00,27.7987501605783,7.920336394693151,4.0235257013115655,6.422405154964823,0.0,1.0,Pond_04,Mock_Data,Obs_Pond_04_20260322_00,High,2,1.0,0,2,0,0,0,0,0,0,1,0
2026-03-22 00:00:00,27.7987501605783,7.920336394693151,4.0235257013115655,6.422405154964823,0.0,1.0,Pond_04,Mock_Data,Obs_Pond_04_20260322_00,Low,2,1.0,0,0,0,0,0,0,0,0,0,0
2026-03-22 00:00:00,27.70121483902259,7.903363540437525,3.984928685178884,6.5619021403910835,0.0,1.0,Pond_05,Mock_Data,Obs_Pond_05_20260322_00,Low,2,1.0,0,0,0,0,0,0,0,0,0,0
2026-03-22 00:00:00,27.70121483902259,7.903363540437525,3.984928685178884,6.5619021403910835,0.0,1.0,Pond_05,Mock_Data,Obs_Pond_05_20260322_00,Medium,2,1.0,0,1,0,0,0,0,0,0,0,1
2026-03-22 04:00:00,27.7,7.91,3.98,6.39,1.0,1.0,Pond_01,Real_Data,Obs_Pond_01_20260322_04,Low,2,1.0,0,0,0,0,0,0,0,0,0,0
2026-03-22 04:00:00,27.7,7.91,3.98,6.39,1.0,1.0,Pond_01,Real_Data,Obs_Pond_01_20260322_04,Medium,2,1.0,0,1,0,0,0,0,0,0,0,1
2026-03-22 04:00:00,27.7,7.91,3.98,6.39,0.0,1.0,Pond_02,Real_Data,Obs_Pond_02_20260322_04,Low,2,1.0,0,0,0,0,0,0,0,0,0,0
2026-03-22 04:00:00,27.7,7.91,3.98,6.39,0.0,1.0,Pond_02,Real_Data,Obs_Pond_02_20260322_04,Medium,2,1.0,0,1,0,0,0,0,0,0,0,1
2026-03-22 04:00:00,27.3892878810092,7.759799084180062,3.4686873052823723,6.9552330823872,,,Pond_03,Real_Data,Obs_Pond_03_20260322_04,Low,1,1.0,0,0,0,0,0,0,0,0,0,0
2026-03-22 04:00:00,27.668313423365717,7.917906314895842,3.943568403696416,6.373608350680096,0.0,1.0,Pond_04,Mock_Data,Obs_Pond_04_20260322_04,Low,2,1.0,0,0,0,0,0,0,0,0,0,0
2026-03-22 04:00:00,27.668313423365717,7.917906314895842,3.943568403696416,6.373608350680096,0.0,1.0,Pond_04,Mock_Data,Obs_Pond_04_20260322_04,Medium,2,1.0,0,1,0,0,0,0,0,0,0,1
2026-03-22 04:00:00,27.65026314308409,7.914116922955948,3.9800777623306263,6.443331541940686,0.0,1.0,Pond_05,Mock_Data,Obs_Pond_05_20260322_04,Low,2,1.0,0,0,0,0,0,0,0,0,0,0
2026-03-22 04:00:00,27.65026314308409,7.914116922955948,3.9800777623306263,6.443331541940686,0.0,1.0,Pond_05,Mock_Data,Obs_Pond_05_20260322_04,Medium,2,1.0,0,1,0,0,0,0,0,0,0,1
2026-03-22 08:00:00,27.7,7.91,3.98,6.39,1.0,1.0,Pond_01,Real_Data,Obs_Pond_01_20260322_08,Low,2,1.0,0,0,0,0,0,0,0,0,0,0
2026-03-22 08:00:00,27.7,7.91,3.98,6.39,1.0,1.0,Pond_01,Real_Data,Obs_Pond_01_20260322_08,Medium,2,1.0,0,1,0,0,0,0,0,0,0,1
2026-03-22 08:00:00,27.7,7.91,3.98,6.39,0.0,1.0,Pond_02,Real_Data,Obs_Pond_02_20260322_08,Low,2,1.0,0,0,0,0,0,0,0,0,0,0
2026-03-22 08:00:00,27.7,7.91,3.98,6.39,0.0,1.0,Pond_02,Real_Data,Obs_Pond_02_20260322_08,Medium,2,1.0,0,1,0,0,0,0,0,0,0,1
2026-03-22 08:00:00,27.6424819424263,7.84931915609449,3.0294851992735623,6.22774924863817,,,Pond_03,Real_Data,Obs_Pond_03_20260322_08,Unknown,0,1.0,0,-1,0,0,0,0,0,0,0,0
2026-03-22 08:00:00,27.63866152698273,7.918443736256097,3.915366474137004,6.436659515850138,0.0,1.0,Pond_04,Mock_Data,Obs_Pond_04_20260322_08,Low,2,1.0,0,0,0,0,0,0,0,0,0,0
2026-03-22 08:00:00,27.63866152698273,7.918443736256097,3.915366474137004,6.436659515850138,0.0,1.0,Pond_04,Mock_Data,Obs_Pond_04_20260322_08,Medium,2,1.0,0,1,0,0,0,0,0,0,0,1
2026-03-22 08:00:00,27.73588361592664,7.9159504489489825,3.933030483059901,6.459580165082334,0.0,1.0,Pond_05,Mock_Data,Obs_Pond_05_20260322_08,Low,2,1.0,0,0,0,0,0,0,0,0,0,0
2026-03-22 08:00:00,27.73588361592664,7.9159504489489825,3.933030483059901,6.459580165082334,0.0,1.0,Pond_05,Mock_Data,Obs_Pond_05_20260322_08,Medium,2,1.0,0,1,0,0,0,0,0,0,0,1
2026-03-22 12:00:00,27.7,7.91,3.98,6.39,0.0,1.0,Pond_01,Real_Data,Obs_Pond_01_20260322_12,Low,2,1.0,0,0,0,0,0,0,0,0,0,0
2026-03-22 12:00:00,27.7,7.91,3.98,6.39,0.0,1.0,Pond_01,Real_Data,Obs_Pond_01_20260322_12,Medium,2,1.0,0,1,0,0,0,0,0,0,0,1
2026-03-22 12:00:00,27.7,7.91,3.98,6.39,0.0,1.0,Pond_02,Real_Data,Obs_Pond_02_20260322_12,Low,2,1.0,0,0,0,0,0,0,0,0,0,0
2026-03-22 12:00:00,27.7,7.91,3.98,6.39,0.0,1.0,Pond_02,Real_Data,Obs_Pond_02_20260322_12,Medium,2,1.0,0,1,0,0,0,0,0,0,0,1
2026-03-22 12:00:00,27.05333978042175,7.824566703104967,3.0885547008362497,5.86453732511246,,,Pond_03,Real_Data,Obs_Pond_03_20260322_12,Unknown,0,1.0,0,-1,0,0,0,0,0,0,0,0
2026-03-22 12:00:00,27.6922033750781,7.868667164752447,3.976039901436934,6.428863483419287,0.0,1.0,Pond_04,Mock_Data,Obs_Pond_04_20260322_12,Low,2,1.0,0,0,0,0,0,0,0,0,0,0
2026-03-22 12:00:00,27.6922033750781,7.868667164752447,3.976039901436934,6.428863483419287,0.0,1.0,Pond_04,Mock_Data,Obs_Pond_04_20260322_12,Medium,2,1.0,0,1,0,0,0,0,0,0,0,1
2026-03-22 12:00:00,27.728514709196286,7.916865414799979,4.027793142116543,6.421071808658746,0.0,1.0,Pond_05,Mock_Data,Obs_Pond_05_20260322_12,High,2,1.0,0,2,0,0,0,0,0,0,1,0
2026-03-22 12:00:00,27.728514709196286,7.916865414799979,4.027793142116543,6.421071808658746,0.0,1.0,Pond_05,Mock_Data,Obs_Pond_05_20260322_12,Low,2,1.0,0,0,0,0,0,0,0,0,0,0
2026-03-22 16:00:00,27.7,7.91,3.98,6.39,1.0,1.0,Pond_01,Real_Data,Obs_Pond_01_20260322_16,Low,2,1.0,0,0,0,0,0,0,0,0,0,0
2026-03-22 16:00:00,27.7,7.91,3.98,6.39,1.0,1.0,Pond_01,Real_Data,Obs_Pond_01_20260322_16,Medium,2,1.0,0,1,0,0,0,0,0,0,0,1
2026-03-22 16:00:00,27.7,7.910000000000001,3.9800000000000004,6.39,0.0,1.0,Pond_02,Real_Data,Obs_Pond_02_20260322_16,Low,2,1.0,0,0,0,0,0,0,0,0,0,0
2026-03-22 16:00:00,27.7,7.910000000000001,3.9800000000000004,6.39,0.0,1.0,Pond_02,Real_Data,Obs_Pond_02_20260322_16,Medium,2,1.0,0,1,0,0,0,0,0,0,0,1
2026-03-22 16:00:00,27.374452995888024,7.857997591217613,3.0013991487466427,6.40450033605717,,,Pond_03,Real_Data,Obs_Pond_03_20260322_16,Unknown,0,1.0,0,-1,0,0,0,0,0,0,0,0
2026-03-22 16:00:00,27.70345398583236,7.90402022858694,3.976230024407391,6.330922444829895,0.0,1.0,Pond_04,Mock_Data,Obs_Pond_04_20260322_16,Low,2,1.0,0,0,0,0,0,0,0,0,0,0
2026-03-22 16:00:00,27.70345398583236,7.90402022858694,3.976230024407391,6.330922444829895,0.0,1.0,Pond_04,Mock_Data,Obs_Pond_04_20260322_16,Medium,2,1.0,0,1,0,0,0,0,0,0,0,1
2026-03-22 16:00:00,27.795480854060553,7.907033837861382,3.992728028230397,6.288556983128064,0.0,1.0,Pond_05,Mock_Data,Obs_Pond_05_20260322_16,Low,2,1.0,0,0,0,0,0,0,0,0,0,0
2026-03-22 16:00:00,27.795480854060553,7.907033837861382,3.992728028230397,6.288556983128064,0.0,1.0,Pond_05,Mock_Data,Obs_Pond_05_20260322_16,Medium,2,1.0,0,1,0,0,0,0,0,0,0,1
2026-03-22 20:00:00,27.7,7.91,3.98,6.39,1.0,1.0,Pond_01,Real_Data,Obs_Pond_01_20260322_20,Low,2,1.0,0,0,0,0,0,0,0,0,0,0
2026-03-22 20:00:00,27.7,7.91,3.98,6.39,1.0,1.0,Pond_01,Real_Data,Obs_Pond_01_20260322_20,Medium,2,1.0,0,1,0,0,0,0,0,0,0,1
2026-03-22 20:00:00,27.7,7.910000000000001,3.98,6.39,0.0,1.0,Pond_02,Real_Data,Obs_Pond_02_20260322_20,Low,2,1.0,0,0,0,0,0,0,0,0,0,0
2026-03-22 20:00:00,27.7,7.910000000000001,3.98,6.39,0.0,1.0,Pond_02,Real_Data,Obs_Pond_02_20260322_20,Medium,2,1.0,0,1,0,0,0,0,0,0,0,1
2026-03-22 20:00:00,26.81780798530655,7.936289260202525,3.10407942046655,6.89309094715401,,,Pond_03,Real_Data,Obs_Pond_03_20260322_20,Unknown,0,1.0,0,-1,0,0,0,0,0,0,0,0
2026-03-22 20:00:00,27.767821048925285,7.928121736831977,4.0036420637028405,6.45858511224931,0.0,1.0,Pond_04,Mock_Data,Obs_Pond_04_20260322_20,High,2,1.0,0,2,0,0,0,0,0,0,1,0
2026-03-22 20:00:00,27.767821048925285,7.928121736831977,4.0036420637028405,6.45858511224931,0.0,1.0,Pond_04,Mock_Data,Obs_Pond_04_20260322_20,Low,2,1.0,0,0,0,0,0,0,0,0,0,0
2026-03-22 20:00:00,27.777810088480916,7.901907350125411,3.9970262249836854,6.414943538503001,0.0,2.0,Pond_05,Mock_Data,Obs_Pond_05_20260322_20,Medium,3,1.0,0,1,0,0,0,0,0,0,0,1
2026-03-23 00:00:00,27.7,7.91,3.98,6.39,0.0,1.0,Pond_01,Real_Data,Obs_Pond_01_20260323_00,Low,2,1.0,0,0,0,0,0,0,0,0,0,0
2026-03-23 00:00:00,27.7,7.91,3.98,6.39,0.0,1.0,Pond_01,Real_Data,Obs_Pond_01_20260323_00,Medium,2,1.0,0,1,0,0,0,0,0,0,0,1
2026-03-23 00:00:00,27.699999999999996,7.909999999999999,3.98,6.39,0.0,1.0,Pond_02,Real_Data,Obs_Pond_02_20260323_00,Low,2,1.0,0,0,0,0,0,0,0,0,0,0
2026-03-23 00:00:00,27.699999999999996,7.909999999999999,3.98,6.39,0.0,1.0,Pond_02,Real_Data,Obs_Pond_02_20260323_00,Medium,2,1.0,0,1,0,0,0,0,0,0,0,1
2026-03-23 00:00:00,27.782163360122098,7.943771621552868,3.04177914467065,6.41640496136435,,,Pond_03,Real_Data,Obs_Pond_03_20260323_00,Unknown,0,1.0,0,-1,0,0,0,0,0,0,0,0
2026-03-23 00:00:00,27.595096311277747,7.908951554714084,4.020943957173664,6.356151272201291,0.0,1.0,Pond_04,Mock_Data,Obs_Pond_04_20260323_00,High,2,1.0,0,2,0,0,0,0,0,0,1,0
2026-03-23 00:00:00,27.595096311277747,7.908951554714084,4.020943957173664,6.356151272201291,0.0,1.0,Pond_04,Mock_Data,Obs_Pond_04_20260323_00,Low,2,1.0,0,0,0,0,0,0,0,0,0,0
2026-03-23 00:00:00,27.657499951930074,7.977708407324979,3.945225479687061,6.457760782567743,0.0,1.0,Pond_05,Mock_Data,Obs_Pond_05_20260323_00,Low,2,1.0,0,0,0,0,0,0,0,0,0,0
2026-03-23 00:00:00,27.657499951930074,7.977708407324979,3.945225479687061,6.457760782567743,0.0,1.0,Pond_05,Mock_Data,Obs_Pond_05_20260323_00,Medium,2,1.0,0,1,0,0,0,0,0,0,0,1
2026-03-23 04:00:00,27.7,7.91,3.98,6.39,1.0,1.0,Pond_01,Real_Data,Obs_Pond_01_20260323_04,Low,2,1.0,0,0,0,0,0,0,0,0,0,0
2026-03-23 04:00:00,27.7,7.91,3.98,6.39,1.0,1.0,Pond_01,Real_Data,Obs_Pond_01_20260323_04,Medium,2,1.0,0,1,0,0,0,0,0,0,0,1
2026-03-23 04:00:00,27.7,7.91,3.9799999999999995,6.39,0.0,1.0,Pond_02,Real_Data,Obs_Pond_02_20260323_04,Low,2,1.0,0,0,0,0,0,0,0,0,0,0
2026-03-23 04:00:00,27.7,7.91,3.9799999999999995,6.39,0.0,1.0,Pond_02,Real_Data,Obs_Pond_02_20260323_04,Medium,2,1.0,0,1,0,0,0,0,0,0,0,1
2026-03-23 04:00:00,27.664715170928098,7.966282657324815,2.9711045313161977,6.09004461728324,,,Pond_03,Real_Data,Obs_Pond_03_20260323_04,Unknown,0,1.0,0,-1,0,0,0,0,0,0,0,0
2026-03-23 04:00:00,27.794805804375805,7.879870152715881,3.9774381776066905,6.441032824549857,0.0,1.0,Pond_04,Mock_Data,Obs_Pond_04_20260323_04,Low,2,1.0,0,0,0,0,0,0,0,0,0,0
2026-03-23 04:00:00,27.794805804375805,7.879870152715881,3.9774381776066905,6.441032824549857,0.0,1.0,Pond_04,Mock_Data,Obs_Pond_04_20260323_04,Medium,2,1.0,0,1,0,0,0,0,0,0,0,1
2026-03-23 04:00:00,27.750844386244783,7.929443182083037,3.9601996548047587,6.336103625604235,0.0,1.0,Pond_05,Mock_Data,Obs_Pond_05_20260323_04,Low,2,1.0,0,0,0,0,0,0,0,0,0,0
2026-03-23 04:00:00,27.750844386244783,7.929443182083037,3.9601996548047587,6.336103625604235,0.0,1.0,Pond_05,Mock_Data,Obs_Pond_05_20260323_04,Medium,2,1.0,0,1,0,0,0,0,0,0,0,1
2026-03-23 08:00:00,27.7,7.91,3.98,6.39,0.0,1.0,Pond_01,Real_Data,Obs_Pond_01_20260323_08,Low,2,1.0,0,0,0,0,0,0,0,0,0,0
2026-03-23 08:00:00,27.7,7.91,3.98,6.39,0.0,1.0,Pond_01,Real_Data,Obs_Pond_01_20260323_08,Medium,2,1.0,0,1,0,0,0,0,0,0,0,1
2026-03-23 08:00:00,27.7,7.909999999999999,3.9799999999999995,6.39,0.0,1.0,Pond_02,Real_Data,Obs_Pond_02_20260323_08,Low,2,1.0,0,0,0,0,0,0,0,0,0,0
2026-03-23 08:00:00,27.7,7.909999999999999,3.9799999999999995,6.39,0.0,1.0,Pond_02,Real_Data,Obs_Pond_02_20260323_08,Medium,2,1.0,0,1,0,0,0,0,0,0,0,1
2026-03-23 08:00:00,27.37093591145005,7.780976444385665,3.1895233258100752,6.09164764945119,,,Pond_03,Real_Data,Obs_Pond_03_20260323_08,Unknown,0,1.0,0,-1,0,0,0,0,0,0,0,0
2026-03-23 08:00:00,27.690206228764154,7.908876352475433,4.060004299253062,6.413196000414907,0.0,1.0,Pond_04,Mock_Data,Obs_Pond_04_20260323_08,High,2,1.0,0,2,0,0,0,0,0,0,1,0
2026-03-23 08:00:00,27.690206228764154,7.908876352475433,4.060004299253062,6.413196000414907,0.0,1.0,Pond_04,Mock_Data,Obs_Pond_04_20260323_08,Low,2,1.0,0,0,0,0,0,0,0,0,0,0
2026-03-23 08:00:00,27.64105725110112,7.918858639552932,3.9724055683705886,6.450965127176944,0.0,1.0,Pond_05,Mock_Data,Obs_Pond_05_20260323_08,Low,2,1.0,0,0,0,0,0,0,0,0,0,0
2026-03-23 08:00:00,27.64105725110112,7.918858639552932,3.9724055683705886,6.450965127176944,0.0,1.0,Pond_05,Mock_Data,Obs_Pond_05_20260323_08,Medium,2,1.0,0,1,0,0,0,0,0,0,0,1
2026-03-23 12:00:00,27.7,7.91,3.98,6.39,1.0,1.0,Pond_01,Real_Data,Obs_Pond_01_20260323_12,Low,2,1.0,0,0,0,0,0,0,0,0,0,0
2026-03-23 12:00:00,27.7,7.91,3.98,6.39,1.0,1.0,Pond_01,Real_Data,Obs_Pond_01_20260323_12,Medium,2,1.0,0,1,0,0,0,0,0,0,0,1
2026-03-23 12:00:00,27.7,7.91,3.98,6.39,0.0,1.0,Pond_02,Real_Data,Obs_Pond_02_20260323_12,Low,2,1.0,0,0,0,0,0,0,0,0,0,0
2026-03-23 12:00:00,27.7,7.91,3.98,6.39,0.0,1.0,Pond_02,Real_Data,Obs_Pond_02_20260323_12,Medium,2,1.0,0,1,0,0,0,0,0,0,0,1
2026-03-23 12:00:00,27.138655411052024,7.63864526978458,2.895172512339305,5.92361296323161,,,Pond_03,Real_Data,Obs_Pond_03_20260323_12,Unknown,0,1.0,0,-1,0,0,0,0,0,0,0,0
2026-03-23 12:00:00,27.67354071801741,7.946539147416698,3.9896683974971636,6.506090340651173,0.0,1.0,Pond_04,Mock_Data,Obs_Pond_04_20260323_12,Low,2,1.0,0,0,0,0,0,0,0,0,0,0
2026-03-23 12:00:00,27.67354071801741,7.946539147416698,3.9896683974971636,6.506090340651173,0.0,1.0,Pond_04,Mock_Data,Obs_Pond_04_20260323_12,Medium,2,1.0,0,1,0,0,0,0,0,0,0,1
2026-03-23 12:00:00,27.743135816966067,7.904999582118886,3.9138526802471367,6.434482296066014,0.0,1.0,Pond_05,Mock_Data,Obs_Pond_05_20260323_12,Low,2,1.0,0,0,0,0,0,0,0,0,0,0
2026-03-23 12:00:00,27.743135816966067,7.904999582118886,3.9138526802471367,6.434482296066014,0.0,1.0,Pond_05,Mock_Data,Obs_Pond_05_20260323_12,Medium,2,1.0,0,1,0,0,0,0,0,0,0,1
2026-03-23 16:00:00,27.7,7.91,3.98,6.39,1.0,1.0,Pond_01,Real_Data,Obs_Pond_01_20260323_16,Low,2,1.0,0,0,0,0,0,0,0,0,0,0
2026-03-23 16:00:00,27.7,7.91,3.98,6.39,1.0,1.0,Pond_01,Real_Data,Obs_Pond_01_20260323_16,Medium,2,1.0,0,1,0,0,0,0,0,0,0,1
2026-03-23 16:00:00,27.7,7.91,3.98,6.39,0.0,1.0,Pond_02,Real_Data,Obs_Pond_02_20260323_16,Low,2,1.0,0,0,0,0,0,0,0,0,0,0
2026-03-23 16:00:00,27.7,7.91,3.98,6.39,0.0,1.0,Pond_02,Real_Data,Obs_Pond_02_20260323_16,Medium,2,1.0,0,1,0,0,0,0,0,0,0,1
2026-03-23 16:00:00,27.4055231846761,8.03816846975789,3.6425829186161676,6.4626244499801,,,Pond_03,Real_Data,Obs_Pond_03_20260323_16,Low,1,1.0,0,0,0,0,0,0,0,0,0,0
2026-03-23 16:00:00,27.637266941670376,7.936735645047787,3.9650630232590873,6.3758870240526075,0.0,1.0,Pond_04,Mock_Data,Obs_Pond_04_20260323_16,Low,2,1.0,0,0,0,0,0,0,0,0,0,0
2026-03-23 16:00:00,27.637266941670376,7.936735645047787,3.9650630232590873,6.3758870240526075,0.0,1.0,Pond_04,Mock_Data,Obs_Pond_04_20260323_16,Medium,2,1.0,0,1,0,0,0,0,0,0,0,1
2026-03-23 16:00:00,27.667978807861196,7.9003250408630095,3.9072165119696756,6.506965438446769,0.0,1.0,Pond_05,Mock_Data,Obs_Pond_05_20260323_16,Low,2,1.0,0,0,0,0,0,0,0,0,0,0
2026-03-23 16:00:00,27.667978807861196,7.9003250408630095,3.9072165119696756,6.506965438446769,0.0,1.0,Pond_05,Mock_Data,Obs_Pond_05_20260323_16,Medium,2,1.0,0,1,0,0,0,0,0,0,0,1
2026-03-23 20:00:00,27.7,7.91,3.98,6.39,0.0,1.0,Pond_01,Real_Data,Obs_Pond_01_20260323_20,Low,2,1.0,0,0,0,0,0,0,0,0,0,0
2026-03-23 20:00:00,27.7,7.91,3.98,6.39,0.0,1.0,Pond_01,Real_Data,Obs_Pond_01_20260323_20,Medium,2,1.0,0,1,0,0,0,0,0,0,0,1
2026-03-23 20:00:00,27.699999999999996,7.91,3.98,6.39,0.0,1.0,Pond_02,Real_Data,Obs_Pond_02_20260323_20,Low,2,1.0,0,0,0,0,0,0,0,0,0,0
2026-03-23 20:00:00,27.699999999999996,7.91,3.98,6.39,0.0,1.0,Pond_02,Real_Data,Obs_Pond_02_20260323_20,Medium,2,1.0,0,1,0,0,0,0,0,0,0,1
2026-03-23 20:00:00,26.925962309354297,7.81752760941289,3.42076480230188,6.01424247359893,,,Pond_03,Real_Data,Obs_Pond_03_20260323_20,Low,1,1.0,0,0,0,0,0,0,0,0,0,0
2026-03-23 20:00:00,27.597427357631336,7.908670520330437,3.9105135613414816,6.367938926142984,0.0,1.0,Pond_04,Mock_Data,Obs_Pond_04_20260323_20,Low,2,1.0,0,0,0,0,0,0,0,0,0,0
2026-03-23 20:00:00,27.597427357631336,7.908670520330437,3.9105135613414816,6.367938926142984,0.0,1.0,Pond_04,Mock_Data,Obs_Pond_04_20260323_20,Medium,2,1.0,0,1,0,0,0,0,0,0,0,1
2026-03-23 20:00:00,27.636575904899637,7.907195395396124,3.9540973692500274,6.363614947813299,0.0,1.0,Pond_05,Mock_Data,Obs_Pond_05_20260323_20,Low,2,1.0,0,0,0,0,0,0,0,0,0,0
2026-03-23 20:00:00,27.636575904899637,7.907195395396124,3.9540973692500274,6.363614947813299,0.0,1.0,Pond_05,Mock_Data,Obs_Pond_05_20260323_20,Medium,2,1.0,0,1,0,0,0,0,0,0,0,1
2026-03-24 00:00:00,27.7,7.91,3.98,6.39,1.0,1.0,Pond_01,Real_Data,Obs_Pond_01_20260324_00,Low,2,1.0,0,0,0,0,0,0,0,0,0,0
2026-03-24 00:00:00,27.7,7.91,3.98,6.39,1.0,1.0,Pond_01,Real_Data,Obs_Pond_01_20260324_00,Medium,2,1.0,0,1,0,0,0,0,0,0,0,1
2026-03-24 00:00:00,27.7,7.910000000000001,3.9800000000000004,6.39,0.0,1.0,Pond_02,Real_Data,Obs_Pond_02_20260324_00,Low,2,1.0,0,0,0,0,0,0,0,0,0,0
2026-03-24 00:00:00,27.7,7.910000000000001,3.9800000000000004,6.39,0.0,1.0,Pond_02,Real_Data,Obs_Pond_02_20260324_00,Medium,2,1.0,0,1,0,0,0,0,0,0,0,1
2026-03-24 00:00:00,27.43759272101715,7.76769458928154,3.28085966561821,6.15330813006668,,,Pond_03,Real_Data,Obs_Pond_03_20260324_00,Unknown,0,1.0,0,-1,0,0,0,0,0,0,0,0
2026-03-24 00:00:00,27.75102241381541,7.930400817356854,3.9686748297901207,6.388773556369106,0.0,1.0,Pond_04,Mock_Data,Obs_Pond_04_20260324_00,Low,4,1.0,0,0,0,0,0,0,0,0,0,0
2026-03-24 00:00:00,27.75102241381541,7.930400817356854,3.9686748297901207,6.388773556369106,0.0,1.0,Pond_04,Mock_Data,Obs_Pond_04_20260324_00,Medium,4,1.0,0,1,0,0,0,0,0,0,0,1
2026-03-24 00:00:00,27.717357993155456,7.916278787423438,4.002529686382712,6.320680467657606,0.0,1.0,Pond_05,Mock_Data,Obs_Pond_05_20260324_00,High,2,1.0,0,2,0,0,0,0,0,0,1,0
2026-03-24 00:00:00,27.717357993155456,7.916278787423438,4.002529686382712,6.320680467657606,0.0,1.0,Pond_05,Mock_Data,Obs_Pond_05_20260324_00,Low,2,1.0,0,0,0,0,0,0,0,0,0,0
2026-03-24 04:00:00,27.7,7.91,3.98,6.39,0.0,1.0,Pond_01,Real_Data,Obs_Pond_01_20260324_04,Low,2,1.0,0,0,0,0,0,0,0,0,0,0
2026-03-24 04:00:00,27.7,7.91,3.98,6.39,0.0,1.0,Pond_01,Real_Data,Obs_Pond_01_20260324_04,Medium,2,1.0,0,1,0,0,0,0,0,0,0,1
2026-03-24 04:00:00,27.7,7.91,3.98,6.39,0.0,1.0,Pond_02,Real_Data,Obs_Pond_02_20260324_04,Low,2,1.0,0,0,0,0,0,0,0,0,0,0
2026-03-24 04:00:00,27.7,7.91,3.98,6.39,0.0,1.0,Pond_02,Real_Data,Obs_Pond_02_20260324_04,Medium,2,1.0,0,1,0,0,0,0,0,0,0,1
2026-03-24 04:00:00,27.246587755638352,7.893752030396597,3.08995702575466,6.46787278739593,,,Pond_03,Real_Data,Obs_Pond_03_20260324_04,Unknown,0,1.0,0,-1,0,0,0,0,0,0,0,0
2026-03-24 04:00:00,27.704544452553183,7.902141417348434,3.9654959020385907,6.370852705465677,0.0,2.0,Pond_04,Mock_Data,Obs_Pond_04_20260324_04,Low,5,1.0,0,0,0,0,0,0,0,0,0,0
2026-03-24 04:00:00,27.704544452553183,7.902141417348434,3.9654959020385907,6.370852705465677,0.0,2.0,Pond_04,Mock_Data,Obs_Pond_04_20260324_04,Medium,5,1.0,0,1,0,0,0,0,0,0,0,1
2026-03-24 04:00:00,27.534222853138193,7.8696800134166,3.9518384770424877,6.3671614061553985,0.0,1.0,Pond_05,Mock_Data,Obs_Pond_05_20260324_04,Low,2,1.0,0,0,0,0,0,0,0,0,0,0
2026-03-24 04:00:00,27.534222853138193,7.8696800134166,3.9518384770424877,6.3671614061553985,0.0,1.0,Pond_05,Mock_Data,Obs_Pond_05_20260324_04,Medium,2,1.0,0,1,0,0,0,0,0,0,0,1
2026-03-24 08:00:00,27.7,7.91,3.98,6.39,0.0,1.0,Pond_01,Real_Data,Obs_Pond_01_20260324_08,Low,2,1.0,0,0,0,0,0,0,0,0,0,0
2026-03-24 08:00:00,27.7,7.91,3.98,6.39,0.0,1.0,Pond_01,Real_Data,Obs_Pond_01_20260324_08,Medium,2,1.0,0,1,0,0,0,0,0,0,0,1
2026-03-24 08:00:00,27.699999999999996,7.91,3.98,6.39,0.0,1.0,Pond_02,Real_Data,Obs_Pond_02_20260324_08,Low,2,1.0,0,0,0,0,0,0,0,0,0,0
2026-03-24 08:00:00,27.699999999999996,7.91,3.98,6.39,0.0,1.0,Pond_02,Real_Data,Obs_Pond_02_20260324_08,Medium,2,1.0,0,1,0,0,0,0,0,0,0,1
2026-03-24 08:00:00,27.589037356048326,7.88730872415696,3.0064052669245425,6.01529838777106,,,Pond_03,Real_Data,Obs_Pond_03_20260324_08,Unknown,0,1.0,0,-1,0,0,0,0,0,0,0,0
2026-03-24 08:00:00,27.620044617586416,7.873465868459257,4.0214057531901375,6.440520265776438,0.0,1.0,Pond_04,Mock_Data,Obs_Pond_04_20260324_08,High,2,1.0,0,2,0,0,0,0,0,0,1,0
2026-03-24 08:00:00,27.620044617586416,7.873465868459257,4.0214057531901375,6.440520265776438,0.0,1.0,Pond_04,Mock_Data,Obs_Pond_04_20260324_08,Low,2,1.0,0,0,0,0,0,0,0,0,0,0
2026-03-24 08:00:00,27.59146963936929,7.876349408981651,3.9360718672617088,6.480663369351573,0.0,1.0,Pond_05,Mock_Data,Obs_Pond_05_20260324_08,Low,2,1.0,0,0,0,0,0,0,0,0,0,0
2026-03-24 08:00:00,27.59146963936929,7.876349408981651,3.9360718672617088,6.480663369351573,0.0,1.0,Pond_05,Mock_Data,Obs_Pond_05_20260324_08,Medium,2,1.0,0,1,0,0,0,0,0,0,0,1
2026-03-24 12:00:00,27.7,7.91,3.98,6.39,1.0,1.0,Pond_01,Real_Data,Obs_Pond_01_20260324_12,Low,2,1.0,0,0,0,0,0,0,0,0,0,0
2026-03-24 12:00:00,27.7,7.91,3.98,6.39,1.0,1.0,Pond_01,Real_Data,Obs_Pond_01_20260324_12,Medium,2,1.0,0,1,0,0,0,0,0,0,0,1
2026-03-24 12:00:00,27.7,7.91,3.98,6.39,0.0,1.0,Pond_02,Real_Data,Obs_Pond_02_20260324_12,Low,2,1.0,0,0,0,0,0,0,0,0,0,0
2026-03-24 12:00:00,27.7,7.91,3.98,6.39,0.0,1.0,Pond_02,Real_Data,Obs_Pond_02_20260324_12,Medium,2,1.0,0,1,0,0,0,0,0,0,0,1
2026-03-24 12:00:00,27.0929578619942,7.887630502814325,3.3729682813681396,6.62028683283227,,,Pond_03,Real_Data,Obs_Pond_03_20260324_12,Low,1,1.0,0,0,0,0,0,0,0,0,0,0
2026-03-24 12:00:00,27.619727397553795,7.890177753842254,3.999941046703863,6.287922034941221,0.0,1.0,Pond_04,Mock_Data,Obs_Pond_04_20260324_12,Low,2,1.0,0,0,0,0,0,0,0,0,0,0
2026-03-24 12:00:00,27.619727397553795,7.890177753842254,3.999941046703863,6.287922034941221,0.0,1.0,Pond_04,Mock_Data,Obs_Pond_04_20260324_12,Medium,2,1.0,0,1,0,0,0,0,0,0,0,1
2026-03-24 12:00:00,27.688998556897864,7.8963440736066195,3.9448729515710785,6.274527175257246,0.0,2.0,Pond_05,Mock_Data,Obs_Pond_05_20260324_12,Medium,3,1.0,0,1,0,0,0,0,0,0,0,1
2026-03-24 16:00:00,27.7,7.91,3.98,6.39,0.0,1.0,Pond_01,Real_Data,Obs_Pond_01_20260324_16,Low,2,1.0,0,0,0,0,0,0,0,0,0,0
2026-03-24 16:00:00,27.7,7.91,3.98,6.39,0.0,1.0,Pond_01,Real_Data,Obs_Pond_01_20260324_16,Medium,2,1.0,0,1,0,0,0,0,0,0,0,1
2026-03-24 16:00:00,27.7,7.909999999999999,3.9800000000000004,6.39,0.0,1.0,Pond_02,Real_Data,Obs_Pond_02_20260324_16,Low,2,1.0,0,0,0,0,0,0,0,0,0,0
2026-03-24 16:00:00,27.7,7.909999999999999,3.9800000000000004,6.39,0.0,1.0,Pond_02,Real_Data,Obs_Pond_02_20260324_16,Medium,2,1.0,0,1,0,0,0,0,0,0,0,1
2026-03-24 16:00:00,27.06026255080885,7.882483206812783,3.4064100378259927,6.20156962055651,,,Pond_03,Real_Data,Obs_Pond_03_20260324_16,Low,1,1.0,0,0,0,0,0,0,0,0,0,0
2026-03-24 16:00:00,27.679187125713838,7.943511201368508,3.929148783845003,6.323454772490352,0.0,1.0,Pond_04,Mock_Data,Obs_Pond_04_20260324_16,Low,2,1.0,0,0,0,0,0,0,0,0,0,0
2026-03-24 16:00:00,27.679187125713838,7.943511201368508,3.929148783845003,6.323454772490352,0.0,1.0,Pond_04,Mock_Data,Obs_Pond_04_20260324_16,Medium,2,1.0,0,1,0,0,0,0,0,0,0,1
2026-03-24 16:00:00,27.705109971146772,7.914441449396218,3.9603668626224087,6.259371899864951,0.0,1.0,Pond_05,Mock_Data,Obs_Pond_05_20260324_16,Low,2,1.0,0,0,0,0,0,0,0,0,0,0
2026-03-24 16:00:00,27.705109971146772,7.914441449396218,3.9603668626224087,6.259371899864951,0.0,1.0,Pond_05,Mock_Data,Obs_Pond_05_20260324_16,Medium,2,1.0,0,1,0,0,0,0,0,0,0,1
2026-03-24 20:00:00,27.7,7.91,3.98,6.39,1.0,1.0,Pond_01,Real_Data,Obs_Pond_01_20260324_20,Low,2,1.0,0,0,0,0,0,0,0,0,0,0
2026-03-24 20:00:00,27.7,7.91,3.98,6.39,1.0,1.0,Pond_01,Real_Data,Obs_Pond_01_20260324_20,Medium,2,1.0,0,1,0,0,0,0,0,0,0,1
2026-03-24 20:00:00,27.7,7.910000000000001,3.9800000000000004,6.39,0.0,1.0,Pond_02,Real_Data,Obs_Pond_02_20260324_20,Low,2,1.0,0,0,0,0,0,0,0,0,0,0
2026-03-24 20:00:00,27.7,7.910000000000001,3.9800000000000004,6.39,0.0,1.0,Pond_02,Real_Data,Obs_Pond_02_20260324_20,Medium,2,1.0,0,1,0,0,0,0,0,0,0,1
2026-03-24 20:00:00,27.05278105282655,7.703560781971525,3.3195684698157377,5.63409705562462,,,Pond_03,Real_Data,Obs_Pond_03_20260324_20,Low,1,1.0,0,0,0,0,0,0,0,0,0,0
2026-03-24 20:00:00,27.803450619579092,7.904125085851424,3.9874271446287386,6.322562993307298,0.0,1.0,Pond_04,Mock_Data,Obs_Pond_04_20260324_20,Low,2,1.0,0,0,0,0,0,0,0,0,0,0
2026-03-24 20:00:00,27.803450619579092,7.904125085851424,3.9874271446287386,6.322562993307298,0.0,1.0,Pond_04,Mock_Data,Obs_Pond_04_20260324_20,Medium,2,1.0,0,1,0,0,0,0,0,0,0,1
2026-03-24 20:00:00,27.67710859026313,7.904869544923574,3.964742555764188,6.3956457515724825,0.0,1.0,Pond_05,Mock_Data,Obs_Pond_05_20260324_20,Low,2,1.0,0,0,0,0,0,0,0,0,0,0
2026-03-24 20:00:00,27.67710859026313,7.904869544923574,3.964742555764188,6.3956457515724825,0.0,1.0,Pond_05,Mock_Data,Obs_Pond_05_20260324_20,Medium,2,1.0,0,1,0,0,0,0,0,0,0,1
2026-03-25 00:00:00,27.7,7.91,3.98,6.39,0.0,1.0,Pond_01,Real_Data,Obs_Pond_01_20260325_00,Low,2,1.0,0,0,0,0,0,0,0,0,0,0
2026-03-25 00:00:00,27.7,7.91,3.98,6.39,0.0,1.0,Pond_01,Real_Data,Obs_Pond_01_20260325_00,Medium,2,1.0,0,1,0,0,0,0,0,0,0,1
2026-03-25 00:00:00,27.7,7.91,3.98,6.39,0.0,1.0,Pond_02,Real_Data,Obs_Pond_02_20260325_00,Low,2,1.0,0,0,0,0,0,0,0,0,0,0
2026-03-25 00:00:00,27.7,7.91,3.98,6.39,0.0,1.0,Pond_02,Real_Data,Obs_Pond_02_20260325_00,Medium,2,1.0,0,1,0,0,0,0,0,0,0,1
2026-03-25 00:00:00,27.182021569053873,7.690885073100385,3.39761440138007,6.1284001760901,,,Pond_03,Real_Data,Obs_Pond_03_20260325_00,Low,1,1.0,0,0,0,0,0,0,0,0,0,0
2026-03-25 00:00:00,27.683909802402766,7.90478140114188,4.008954613226723,6.450016598704627,0.0,1.0,Pond_04,Mock_Data,Obs_Pond_04_20260325_00,High,2,1.0,0,2,0,0,0,0,0,0,1,0
2026-03-25 00:00:00,27.683909802402766,7.90478140114188,4.008954613226723,6.450016598704627,0.0,1.0,Pond_04,Mock_Data,Obs_Pond_04_20260325_00,Low,2,1.0,0,0,0,0,0,0,0,0,0,0
2026-03-25 00:00:00,27.602102123182796,7.941693629804612,4.073371445321545,6.362048309200365,0.0,2.0,Pond_05,Mock_Data,Obs_Pond_05_20260325_00,High,3,1.0,0,2,0,0,0,0,0,0,1,0
2026-03-25 00:00:00,27.602102123182796,7.941693629804612,4.073371445321545,6.362048309200365,0.0,2.0,Pond_05,Mock_Data,Obs_Pond_05_20260325_00,Medium,3,1.0,0,1,0,0,0,0,0,0,0,1
2026-03-25 04:00:00,27.7,7.91,3.98,6.39,0.0,1.0,Pond_01,Real_Data,Obs_Pond_01_20260325_04,Low,2,1.0,0,0,0,0,0,0,0,0,0,0
2026-03-25 04:00:00,27.7,7.91,3.98,6.39,0.0,1.0,Pond_01,Real_Data,Obs_Pond_01_20260325_04,Medium,2,1.0,0,1,0,0,0,0,0,0,0,1
2026-03-25 04:00:00,27.700000000000003,7.91,3.98,6.39,0.0,1.0,Pond_02,Real_Data,Obs_Pond_02_20260325_04,Low,2,1.0,0,0,0,0,0,0,0,0,0,0
2026-03-25 04:00:00,27.700000000000003,7.91,3.98,6.39,0.0,1.0,Pond_02,Real_Data,Obs_Pond_02_20260325_04,Medium,2,1.0,0,1,0,0,0,0,0,0,0,1
2026-03-25 04:00:00,27.4738417200311,7.844026756239825,3.218637087870365,6.88108889200314,,,Pond_03,Real_Data,Obs_Pond_03_20260325_04,Unknown,0,1.0,0,-1,0,0,0,0,0,0,0,0
2026-03-25 04:00:00,27.60683099800702,7.903570919200521,4.045884591619865,6.498033648460922,0.0,1.0,Pond_04,Mock_Data,Obs_Pond_04_20260325_04,High,2,1.0,0,2,0,0,0,0,0,0,1,0
2026-03-25 04:00:00,27.60683099800702,7.903570919200521,4.045884591619865,6.498033648460922,0.0,1.0,Pond_04,Mock_Data,Obs_Pond_04_20260325_04,Low,2,1.0,0,0,0,0,0,0,0,0,0,0
2026-03-25 04:00:00,27.64930477735855,7.878214694328848,4.025472397536141,6.390488054465179,0.0,2.0,Pond_05,Mock_Data,Obs_Pond_05_20260325_04,High,3,1.0,0,2,0,0,0,0,0,0,1,0
2026-03-25 04:00:00,27.64930477735855,7.878214694328848,4.025472397536141,6.390488054465179,0.0,2.0,Pond_05,Mock_Data,Obs_Pond_05_20260325_04,Medium,3,1.0,0,1,0,0,0,0,0,0,0,1
2026-03-25 08:00:00,27.7,7.91,3.98,6.39,0.0,1.0,Pond_01,Real_Data,Obs_Pond_01_20260325_08,Low,2,1.0,0,0,0,0,0,0,0,0,0,0
2026-03-25 08:00:00,27.7,7.91,3.98,6.39,0.0,1.0,Pond_01,Real_Data,Obs_Pond_01_20260325_08,Medium,2,1.0,0,1,0,0,0,0,0,0,0,1
2026-03-25 08:00:00,27.7,7.91,3.98,6.39,0.0,1.0,Pond_02,Real_Data,Obs_Pond_02_20260325_08,Low,2,1.0,0,0,0,0,0,0,0,0,0,0
2026-03-25 08:00:00,27.7,7.91,3.98,6.39,0.0,1.0,Pond_02,Real_Data,Obs_Pond_02_20260325_08,Medium,2,1.0,0,1,0,0,0,0,0,0,0,1
2026-03-25 08:00:00,27.97504393513555,8.009600876331177,3.40507279750321,5.68058774142097,,,Pond_03,Real_Data,Obs_Pond_03_20260325_08,Low,1,1.0,0,0,0,0,0,0,0,0,0,0
2026-03-25 08:00:00,27.68476815795857,7.950828180464328,4.018266777769215,6.3834035180956965,0.0,1.0,Pond_04,Mock_Data,Obs_Pond_04_20260325_08,High,2,1.0,0,2,0,0,0,0,0,0,1,0
2026-03-25 08:00:00,27.68476815795857,7.950828180464328,4.018266777769215,6.3834035180956965,0.0,1.0,Pond_04,Mock_Data,Obs_Pond_04_20260325_08,Low,2,1.0,0,0,0,0,0,0,0,0,0,0
2026-03-25 08:00:00,27.724248247655648,7.893889775244064,4.024185496243573,6.449701088052131,0.0,1.0,Pond_05,Mock_Data,Obs_Pond_05_20260325_08,High,2,1.0,0,2,0,0,0,0,0,0,1,0
2026-03-25 08:00:00,27.724248247655648,7.893889775244064,4.024185496243573,6.449701088052131,0.0,1.0,Pond_05,Mock_Data,Obs_Pond_05_20260325_08,Low,2,1.0,0,0,0,0,0,0,0,0,0,0
2026-03-25 12:00:00,27.7,7.91,3.98,6.39,1.0,1.0,Pond_01,Real_Data,Obs_Pond_01_20260325_12,Low,2,1.0,0,0,0,0,0,0,0,0,0,0
2026-03-25 12:00:00,27.7,7.91,3.98,6.39,1.0,1.0,Pond_01,Real_Data,Obs_Pond_01_20260325_12,Medium,2,1.0,0,1,0,0,0,0,0,0,0,1
2026-03-25 12:00:00,27.7,7.91,3.98,6.39,0.0,1.0,Pond_02,Real_Data,Obs_Pond_02_20260325_12,Low,2,1.0,0,0,0,0,0,0,0,0,0,0
2026-03-25 12:00:00,27.7,7.91,3.98,6.39,0.0,1.0,Pond_02,Real_Data,Obs_Pond_02_20260325_12,Medium,2,1.0,0,1,0,0,0,0,0,0,0,1
2026-03-25 12:00:00,27.589756934651398,7.9053857137797205,3.70547168395231,6.10706652809337,,,Pond_03,Real_Data,Obs_Pond_03_20260325_12,Low,1,1.0,0,0,0,0,0,0,0,0,0,0
2026-03-25 12:00:00,27.68309583079863,7.944863540980992,4.012805655981259,6.3793380777982875,0.0,1.0,Pond_04,Mock_Data,Obs_Pond_04_20260325_12,High,2,1.0,0,2,0,0,0,0,0,0,1,0
2026-03-25 12:00:00,27.68309583079863,7.944863540980992,4.012805655981259,6.3793380777982875,0.0,1.0,Pond_04,Mock_Data,Obs_Pond_04_20260325_12,Low,2,1.0,0,0,0,0,0,0,0,0,0,0
2026-03-25 12:00:00,27.736060460407117,7.942593554613347,4.030386034031389,6.355102527873505,0.0,1.0,Pond_05,Mock_Data,Obs_Pond_05_20260325_12,High,4,1.0,0,2,0,0,0,0,0,0,1,0
2026-03-25 12:00:00,27.736060460407117,7.942593554613347,4.030386034031389,6.355102527873505,0.0,1.0,Pond_05,Mock_Data,Obs_Pond_05_20260325_12,Low,4,1.0,0,0,0,0,0,0,0,0,0,0
2026-03-25 16:00:00,27.7,7.91,3.98,6.39,1.0,1.0,Pond_01,Real_Data,Obs_Pond_01_20260325_16,Low,2,1.0,0,0,0,0,0,0,0,0,0,0
2026-03-25 16:00:00,27.7,7.91,3.98,6.39,1.0,1.0,Pond_01,Real_Data,Obs_Pond_01_20260325_16,Medium,2,1.0,0,1,0,0,0,0,0,0,0,1
2026-03-25 16:00:00,27.7,7.909999999999999,3.9799999999999995,6.39,0.0,1.0,Pond_02,Real_Data,Obs_Pond_02_20260325_16,Low,2,1.0,0,0,0,0,0,0,0,0,0,0
2026-03-25 16:00:00,27.7,7.909999999999999,3.9799999999999995,6.39,0.0,1.0,Pond_02,Real_Data,Obs_Pond_02_20260325_16,Medium,2,1.0,0,1,0,0,0,0,0,0,0,1
2026-03-25 16:00:00,27.142284617148025,8.007691178821895,3.2654005816270324,6.25520337634028,,,Pond_03,Real_Data,Obs_Pond_03_20260325_16,Unknown,0,1.0,0,-1,0,0,0,0,0,0,0,0
2026-03-25 16:00:00,27.53283942722158,7.957574717211972,3.9825907460556826,6.394424138665696,0.0,1.0,Pond_04,Mock_Data,Obs_Pond_04_20260325_16,Low,2,1.0,0,0,0,0,0,0,0,0,0,0
2026-03-25 16:00:00,27.53283942722158,7.957574717211972,3.9825907460556826,6.394424138665696,0.0,1.0,Pond_04,Mock_Data,Obs_Pond_04_20260325_16,Medium,2,1.0,0,1,0,0,0,0,0,0,0,1
2026-03-25 16:00:00,27.69899444582267,7.912811438779924,3.9369335376049897,6.271710469035676,0.0,1.0,Pond_05,Mock_Data,Obs_Pond_05_20260325_16,Low,2,1.0,0,0,0,0,0,0,0,0,0,0
2026-03-25 16:00:00,27.69899444582267,7.912811438779924,3.9369335376049897,6.271710469035676,0.0,1.0,Pond_05,Mock_Data,Obs_Pond_05_20260325_16,Medium,2,1.0,0,1,0,0,0,0,0,0,0,1
2026-03-25 20:00:00,27.7,7.91,3.98,6.39,0.0,1.0,Pond_01,Real_Data,Obs_Pond_01_20260325_20,Low,2,1.0,0,0,0,0,0,0,0,0,0,0
2026-03-25 20:00:00,27.7,7.91,3.98,6.39,0.0,1.0,Pond_01,Real_Data,Obs_Pond_01_20260325_20,Medium,2,1.0,0,1,0,0,0,0,0,0,0,1
2026-03-25 20:00:00,27.7,7.91,3.98,6.39,0.0,1.0,Pond_02,Real_Data,Obs_Pond_02_20260325_20,Low,2,1.0,0,0,0,0,0,0,0,0,0,0
2026-03-25 20:00:00,27.7,7.91,3.98,6.39,0.0,1.0,Pond_02,Real_Data,Obs_Pond_02_20260325_20,Medium,2,1.0,0,1,0,0,0,0,0,0,0,1
2026-03-25 20:00:00,27.28748600108765,7.895338586823803,3.52417216839937,6.89420134721199,,,Pond_03,Real_Data,Obs_Pond_03_20260325_20,Low,1,1.0,0,0,0,0,0,0,0,0,0,0
2026-03-25 20:00:00,27.696634652401947,7.906589779017032,3.996742966524368,6.46337832973262,0.0,2.0,Pond_04,Mock_Data,Obs_Pond_04_20260325_20,Medium,3,1.0,0,1,0,0,0,0,0,0,0,1
2026-03-25 20:00:00,27.771703791464013,7.9289726476823965,3.927294934116226,6.519119066514721,0.0,1.0,Pond_05,Mock_Data,Obs_Pond_05_20260325_20,Low,2,1.0,0,0,0,0,0,0,0,0,0,0
2026-03-25 20:00:00,27.771703791464013,7.9289726476823965,3.927294934116226,6.519119066514721,0.0,1.0,Pond_05,Mock_Data,Obs_Pond_05_20260325_20,Medium,2,1.0,0,1,0,0,0,0,0,0,0,1
2026-03-26 00:00:00,27.7,7.91,3.98,6.39,1.0,1.0,Pond_01,Real_Data,Obs_Pond_01_20260326_00,Low,2,1.0,0,0,0,0,0,0,0,0,0,0
2026-03-26 00:00:00,27.7,7.91,3.98,6.39,1.0,1.0,Pond_01,Real_Data,Obs_Pond_01_20260326_00,Medium,2,1.0,0,1,0,0,0,0,0,0,0,1
2026-03-26 00:00:00,27.7,7.91,3.98,6.39,0.0,1.0,Pond_02,Real_Data,Obs_Pond_02_20260326_00,Low,2,1.0,0,0,0,0,0,0,0,0,0,0
2026-03-26 00:00:00,27.7,7.91,3.98,6.39,0.0,1.0,Pond_02,Real_Data,Obs_Pond_02_20260326_00,Medium,2,1.0,0,1,0,0,0,0,0,0,0,1
2026-03-26 00:00:00,27.092511135257624,7.723461816850295,3.3348127012072024,6.11933444016519,,,Pond_03,Real_Data,Obs_Pond_03_20260326_00,Low,1,1.0,0,0,0,0,0,0,0,0,0,0
2026-03-26 00:00:00,27.685686032282806,7.916338731182592,4.033875281815568,6.3314330882103045,0.0,1.0,Pond_04,Mock_Data,Obs_Pond_04_20260326_00,High,2,1.0,0,2,0,0,0,0,0,0,1,0
2026-03-26 00:00:00,27.685686032282806,7.916338731182592,4.033875281815568,6.3314330882103045,0.0,1.0,Pond_04,Mock_Data,Obs_Pond_04_20260326_00,Low,2,1.0,0,0,0,0,0,0,0,0,0,0
2026-03-26 00:00:00,27.724631778364042,7.953982496232315,3.9322747378934038,6.327020128588239,0.0,2.0,Pond_05,Mock_Data,Obs_Pond_05_20260326_00,Medium,3,1.0,0,1,0,0,0,0,0,0,0,1
2026-03-26 04:00:00,27.7,7.91,3.98,6.39,1.0,1.0,Pond_01,Real_Data,Obs_Pond_01_20260326_04,Low,2,1.0,0,0,0,0,0,0,0,0,0,0
2026-03-26 04:00:00,27.7,7.91,3.98,6.39,1.0,1.0,Pond_01,Real_Data,Obs_Pond_01_20260326_04,Medium,2,1.0,0,1,0,0,0,0,0,0,0,1
2026-03-26 04:00:00,27.7,7.910000000000001,3.9800000000000004,6.39,0.0,1.0,Pond_02,Real_Data,Obs_Pond_02_20260326_04,Low,2,1.0,0,0,0,0,0,0,0,0,0,0
2026-03-26 04:00:00,27.7,7.910000000000001,3.9800000000000004,6.39,0.0,1.0,Pond_02,Real_Data,Obs_Pond_02_20260326_04,Medium,2,1.0,0,1,0,0,0,0,0,0,0,1
2026-03-26 04:00:00,27.346913985965227,7.791892611462805,2.981126604278415,5.82348488007034,,,Pond_03,Real_Data,Obs_Pond_03_20260326_04,Unknown,0,1.0,0,-1,0,0,0,0,0,0,0,0
2026-03-26 04:00:00,27.74315281660754,7.877480402379371,3.9225342326820356,6.405054173723597,0.0,1.0,Pond_04,Mock_Data,Obs_Pond_04_20260326_04,Low,2,1.0,0,0,0,0,0,0,0,0,0,0
2026-03-26 04:00:00,27.74315281660754,7.877480402379371,3.9225342326820356,6.405054173723597,0.0,1.0,Pond_04,Mock_Data,Obs_Pond_04_20260326_04,Medium,2,1.0,0,1,0,0,0,0,0,0,0,1
2026-03-26 04:00:00,27.65367060919333,7.895123560916711,4.037540305746338,6.323116596666239,0.0,1.0,Pond_05,Mock_Data,Obs_Pond_05_20260326_04,High,2,1.0,0,2,0,0,0,0,0,0,1,0
2026-03-26 04:00:00,27.65367060919333,7.895123560916711,4.037540305746338,6.323116596666239,0.0,1.0,Pond_05,Mock_Data,Obs_Pond_05_20260326_04,Low,2,1.0,0,0,0,0,0,0,0,0,0,0
2026-03-26 08:00:00,27.7,7.91,3.98,6.39,1.0,1.0,Pond_01,Real_Data,Obs_Pond_01_20260326_08,Low,2,1.0,0,0,0,0,0,0,0,0,0,0
2026-03-26 08:00:00,27.7,7.91,3.98,6.39,1.0,1.0,Pond_01,Real_Data,Obs_Pond_01_20260326_08,Medium,2,1.0,0,1,0,0,0,0,0,0,0,1
2026-03-26 08:00:00,27.7,7.91,3.98,6.39,0.0,1.0,Pond_02,Real_Data,Obs_Pond_02_20260326_08,Low,2,1.0,0,0,0,0,0,0,0,0,0,0
2026-03-26 08:00:00,27.7,7.91,3.98,6.39,0.0,1.0,Pond_02,Real_Data,Obs_Pond_02_20260326_08,Medium,2,1.0,0,1,0,0,0,0,0,0,0,1
2026-03-26 08:00:00,26.83771945380125,8.07532739028779,3.4711034035289448,5.79688882603676,,,Pond_03,Real_Data,Obs_Pond_03_20260326_08,Low,1,1.0,0,0,0,0,0,0,0,0,0,0
2026-03-26 08:00:00,27.81460346718025,7.94166818263655,3.964933118533095,6.451588527018716,0.0,1.0,Pond_04,Mock_Data,Obs_Pond_04_20260326_08,Low,2,1.0,0,0,0,0,0,0,0,0,0,0
2026-03-26 08:00:00,27.81460346718025,7.94166818263655,3.964933118533095,6.451588527018716,0.0,1.0,Pond_04,Mock_Data,Obs_Pond_04_20260326_08,Medium,2,1.0,0,1,0,0,0,0,0,0,0,1
2026-03-26 08:00:00,27.682613698637823,7.907870518465812,3.9564065656592873,6.459705347726715,0.0,1.0,Pond_05,Mock_Data,Obs_Pond_05_20260326_08,Low,2,1.0,0,0,0,0,0,0,0,0,0,0
2026-03-26 08:00:00,27.682613698637823,7.907870518465812,3.9564065656592873,6.459705347726715,0.0,1.0,Pond_05,Mock_Data,Obs_Pond_05_20260326_08,Medium,2,1.0,0,1,0,0,0,0,0,0,0,1
2026-03-26 12:00:00,27.7,7.91,3.98,6.39,1.0,1.0,Pond_01,Real_Data,Obs_Pond_01_20260326_12,Low,2,1.0,0,0,0,0,0,0,0,0,0,0
2026-03-26 12:00:00,27.7,7.91,3.98,6.39,1.0,1.0,Pond_01,Real_Data,Obs_Pond_01_20260326_12,Medium,2,1.0,0,1,0,0,0,0,0,0,0,1
2026-03-26 12:00:00,27.7,7.91,3.98,6.39,0.0,1.0,Pond_02,Real_Data,Obs_Pond_02_20260326_12,Low,2,1.0,0,0,0,0,0,0,0,0,0,0
2026-03-26 12:00:00,27.7,7.91,3.98,6.39,0.0,1.0,Pond_02,Real_Data,Obs_Pond_02_20260326_12,Medium,2,1.0,0,1,0,0,0,0,0,0,0,1
2026-03-26 12:00:00,26.757122779649073,7.605575145983982,3.19872241561248,6.02101515233707,,,Pond_03,Real_Data,Obs_Pond_03_20260326_12,Unknown,0,1.0,0,-1,0,0,0,0,0,0,0,0
2026-03-26 12:00:00,27.769827649636,7.884960664837384,3.946688918916908,6.42164656156019,0.0,1.0,Pond_04,Mock_Data,Obs_Pond_04_20260326_12,Low,2,1.0,0,0,0,0,0,0,0,0,0,0
2026-03-26 12:00:00,27.769827649636,7.884960664837384,3.946688918916908,6.42164656156019,0.0,1.0,Pond_04,Mock_Data,Obs_Pond_04_20260326_12,Medium,2,1.0,0,1,0,0,0,0,0,0,0,1
2026-03-26 12:00:00,27.613046434122815,7.904158667642095,3.926044895917019,6.365717620822201,0.0,2.0,Pond_05,Mock_Data,Obs_Pond_05_20260326_12,Medium,3,1.0,0,1,0,0,0,0,0,0,0,1
2026-03-26 16:00:00,27.7,7.91,3.98,6.39,1.0,1.0,Pond_01,Real_Data,Obs_Pond_01_20260326_16,Low,2,1.0,0,0,0,0,0,0,0,0,0,0
2026-03-26 16:00:00,27.7,7.91,3.98,6.39,1.0,1.0,Pond_01,Real_Data,Obs_Pond_01_20260326_16,Medium,2,1.0,0,1,0,0,0,0,0,0,0,1
2026-03-26 16:00:00,27.699999999999996,7.91,3.9799999999999995,6.39,0.0,1.0,Pond_02,Real_Data,Obs_Pond_02_20260326_16,Low,2,1.0,0,0,0,0,0,0,0,0,0,0
2026-03-26 16:00:00,27.699999999999996,7.91,3.9799999999999995,6.39,0.0,1.0,Pond_02,Real_Data,Obs_Pond_02_20260326_16,Medium,2,1.0,0,1,0,0,0,0,0,0,0,1
2026-03-26 16:00:00,27.552866633862074,7.804120511425515,3.3513750075804176,5.8474290883065,,,Pond_03,Real_Data,Obs_Pond_03_20260326_16,Low,1,1.0,0,0,0,0,0,0,0,0,0,0
2026-03-26 16:00:00,27.6833335273307,7.914648065630387,3.996348060028478,6.40197301158202,0.0,1.0,Pond_04,Mock_Data,Obs_Pond_04_20260326_16,Low,2,1.0,0,0,0,0,0,0,0,0,0,0
2026-03-26 16:00:00,27.6833335273307,7.914648065630387,3.996348060028478,6.40197301158202,0.0,1.0,Pond_04,Mock_Data,Obs_Pond_04_20260326_16,Medium,2,1.0,0,1,0,0,0,0,0,0,0,1
2026-03-26 16:00:00,27.69329724309295,7.8680899414683,3.9614166061012175,6.3859966190487665,0.0,1.0,Pond_05,Mock_Data,Obs_Pond_05_20260326_16,Low,2,1.0,0,0,0,0,0,0,0,0,0,0
2026-03-26 16:00:00,27.69329724309295,7.8680899414683,3.9614166061012175,6.3859966190487665,0.0,1.0,Pond_05,Mock_Data,Obs_Pond_05_20260326_16,Medium,2,1.0,0,1,0,0,0,0,0,0,0,1
2026-03-26 20:00:00,27.7,7.91,3.98,6.39,0.0,1.0,Pond_01,Real_Data,Obs_Pond_01_20260326_20,Low,2,1.0,0,0,0,0,0,0,0,0,0,0
2026-03-26 20:00:00,27.7,7.91,3.98,6.39,0.0,1.0,Pond_01,Real_Data,Obs_Pond_01_20260326_20,Medium,2,1.0,0,1,0,0,0,0,0,0,0,1
2026-03-26 20:00:00,27.7,7.91,3.98,6.39,0.0,1.0,Pond_02,Real_Data,Obs_Pond_02_20260326_20,Low,2,1.0,0,0,0,0,0,0,0,0,0,0
2026-03-26 20:00:00,27.7,7.91,3.98,6.39,0.0,1.0,Pond_02,Real_Data,Obs_Pond_02_20260326_20,Medium,2,1.0,0,1,0,0,0,0,0,0,0,1
2026-03-26 20:00:00,27.458868304365474,7.596874226130002,3.0251796895261576,6.95829347225175,,,Pond_03,Real_Data,Obs_Pond_03_20260326_20,Unknown,0,1.0,0,-1,0,0,0,0,0,0,0,0
2026-03-26 20:00:00,27.631414431087222,7.886471821471482,4.033043862710335,6.453220984584229,0.0,1.0,Pond_04,Mock_Data,Obs_Pond_04_20260326_20,High,2,1.0,0,2,0,0,0,0,0,0,1,0
2026-03-26 20:00:00,27.631414431087222,7.886471821471482,4.033043862710335,6.453220984584229,0.0,1.0,Pond_04,Mock_Data,Obs_Pond_04_20260326_20,Low,2,1.0,0,0,0,0,0,0,0,0,0,0
2026-03-26 20:00:00,27.76893110505138,7.903344523292764,3.96971197291294,6.4204905710309115,0.0,1.0,Pond_05,Mock_Data,Obs_Pond_05_20260326_20,Low,2,1.0,0,0,0,0,0,0,0,0,0,0
2026-03-26 20:00:00,27.76893110505138,7.903344523292764,3.96971197291294,6.4204905710309115,0.0,1.0,Pond_05,Mock_Data,Obs_Pond_05_20260326_20,Medium,2,1.0,0,1,0,0,0,0,0,0,0,1
2026-03-27 00:00:00,27.7,7.91,3.98,6.39,1.0,1.0,Pond_01,Real_Data,Obs_Pond_01_20260327_00,Low,2,1.0,0,0,0,0,0,0,0,0,0,0
2026-03-27 00:00:00,27.7,7.91,3.98,6.39,1.0,1.0,Pond_01,Real_Data,Obs_Pond_01_20260327_00,Medium,2,1.0,0,1,0,0,0,0,0,0,0,1
2026-03-27 00:00:00,27.7,7.91,3.9799999999999995,6.39,0.0,1.0,Pond_02,Real_Data,Obs_Pond_02_20260327_00,Low,2,1.0,0,0,0,0,0,0,0,0,0,0
2026-03-27 00:00:00,27.7,7.91,3.9799999999999995,6.39,0.0,1.0,Pond_02,Real_Data,Obs_Pond_02_20260327_00,Medium,2,1.0,0,1,0,0,0,0,0,0,0,1
2026-03-27 00:00:00,27.489138672659575,7.672576610567238,3.4140854035873276,6.69471080932366,,,Pond_03,Real_Data,Obs_Pond_03_20260327_00,Low,1,1.0,0,0,0,0,0,0,0,0,0,0
2026-03-27 00:00:00,27.85950403395784,7.897373615315624,3.954260078599476,6.219277584326784,0.0,1.0,Pond_04,Mock_Data,Obs_Pond_04_20260327_00,Low,2,1.0,0,0,0,0,0,0,0,0,0,0
2026-03-27 00:00:00,27.85950403395784,7.897373615315624,3.954260078599476,6.219277584326784,0.0,1.0,Pond_04,Mock_Data,Obs_Pond_04_20260327_00,Medium,2,1.0,0,1,0,0,0,0,0,0,0,1
2026-03-27 00:00:00,27.742476195052348,7.928891589071738,3.991573256539579,6.458433602774243,0.0,2.0,Pond_05,Mock_Data,Obs_Pond_05_20260327_00,Medium,3,1.0,0,1,0,0,0,0,0,0,0,1
2026-03-27 04:00:00,27.7,7.91,3.98,6.39,1.0,1.0,Pond_01,Real_Data,Obs_Pond_01_20260327_04,Low,2,1.0,0,0,0,0,0,0,0,0,0,0
2026-03-27 04:00:00,27.7,7.91,3.98,6.39,1.0,1.0,Pond_01,Real_Data,Obs_Pond_01_20260327_04,Medium,2,1.0,0,1,0,0,0,0,0,0,0,1
2026-03-27 04:00:00,27.7,7.909999999999999,3.9799999999999995,6.39,0.0,1.0,Pond_02,Real_Data,Obs_Pond_02_20260327_04,Low,2,1.0,0,0,0,0,0,0,0,0,0,0
2026-03-27 04:00:00,27.7,7.909999999999999,3.9799999999999995,6.39,0.0,1.0,Pond_02,Real_Data,Obs_Pond_02_20260327_04,Medium,2,1.0,0,1,0,0,0,0,0,0,0,1
2026-03-27 04:00:00,27.74817735004995,7.653783777968295,3.1069434687045177,6.5529241626742,,,Pond_03,Real_Data,Obs_Pond_03_20260327_04,Unknown,0,1.0,0,-1,0,0,0,0,0,0,0,0
2026-03-27 04:00:00,27.703670524074422,7.89204755802809,3.8769365215377536,6.432811160689105,0.0,1.0,Pond_04,Mock_Data,Obs_Pond_04_20260327_04,Low,2,1.0,0,0,0,0,0,0,0,0,0,0
2026-03-27 04:00:00,27.703670524074422,7.89204755802809,3.8769365215377536,6.432811160689105,0.0,1.0,Pond_04,Mock_Data,Obs_Pond_04_20260327_04,Medium,2,1.0,0,1,0,0,0,0,0,0,0,1
2026-03-27 04:00:00,27.786900457078797,7.921591231160149,3.9908203312809136,6.368940317034725,0.0,1.0,Pond_05,Mock_Data,Obs_Pond_05_20260327_04,Low,4,1.0,0,0,0,0,0,0,0,0,0,0
2026-03-27 04:00:00,27.786900457078797,7.921591231160149,3.9908203312809136,6.368940317034725,0.0,1.0,Pond_05,Mock_Data,Obs_Pond_05_20260327_04,Medium,4,1.0,0,1,0,0,0,0,0,0,0,1
2026-03-27 08:00:00,27.7,7.91,3.98,6.39,1.0,1.0,Pond_01,Real_Data,Obs_Pond_01_20260327_08,Low,2,1.0,0,0,0,0,0,0,0,0,0,0
2026-03-27 08:00:00,27.7,7.91,3.98,6.39,1.0,1.0,Pond_01,Real_Data,Obs_Pond_01_20260327_08,Medium,2,1.0,0,1,0,0,0,0,0,0,0,1
2026-03-27 08:00:00,27.7,7.91,3.98,6.39,0.0,1.0,Pond_02,Real_Data,Obs_Pond_02_20260327_08,Low,2,1.0,0,0,0,0,0,0,0,0,0,0
2026-03-27 08:00:00,27.7,7.91,3.98,6.39,0.0,1.0,Pond_02,Real_Data,Obs_Pond_02_20260327_08,Medium,2,1.0,0,1,0,0,0,0,0,0,0,1
2026-03-27 08:00:00,27.547492219267525,7.845366018561925,3.2758118341522526,6.26038069702339,,,Pond_03,Real_Data,Obs_Pond_03_20260327_08,Unknown,0,1.0,0,-1,0,0,0,0,0,0,0,0
2026-03-27 08:00:00,27.70086337644953,7.896966039632567,3.9622261530980265,6.348691903412885,0.0,2.0,Pond_04,Mock_Data,Obs_Pond_04_20260327_08,Low,5,1.0,0,0,0,0,0,0,0,0,0,0
2026-03-27 08:00:00,27.70086337644953,7.896966039632567,3.9622261530980265,6.348691903412885,0.0,2.0,Pond_04,Mock_Data,Obs_Pond_04_20260327_08,Medium,5,1.0,0,1,0,0,0,0,0,0,0,1
2026-03-27 08:00:00,27.681226325929536,7.923274278484334,3.9442910874157873,6.485992445351092,0.0,1.0,Pond_05,Mock_Data,Obs_Pond_05_20260327_08,Low,2,1.0,0,0,0,0,0,0,0,0,0,0
2026-03-27 08:00:00,27.681226325929536,7.923274278484334,3.9442910874157873,6.485992445351092,0.0,1.0,Pond_05,Mock_Data,Obs_Pond_05_20260327_08,Medium,2,1.0,0,1,0,0,0,0,0,0,0,1
2026-03-27 12:00:00,27.7,7.91,3.98,6.39,1.0,1.0,Pond_01,Real_Data,Obs_Pond_01_20260327_12,Low,2,1.0,0,0,0,0,0,0,0,0,0,0
2026-03-27 12:00:00,27.7,7.91,3.98,6.39,1.0,1.0,Pond_01,Real_Data,Obs_Pond_01_20260327_12,Medium,2,1.0,0,1,0,0,0,0,0,0,0,1
2026-03-27 12:00:00,27.7,7.909999999999999,3.9800000000000004,6.39,0.0,1.0,Pond_02,Real_Data,Obs_Pond_02_20260327_12,Low,2,1.0,0,0,0,0,0,0,0,0,0,0
2026-03-27 12:00:00,27.7,7.909999999999999,3.9800000000000004,6.39,0.0,1.0,Pond_02,Real_Data,Obs_Pond_02_20260327_12,Medium,2,1.0,0,1,0,0,0,0,0,0,0,1
2026-03-27 12:00:00,27.275583502782126,7.84070390102972,3.574199206307865,6.91465910410682,,,Pond_03,Real_Data,Obs_Pond_03_20260327_12,Low,1,1.0,0,0,0,0,0,0,0,0,0,0
2026-03-27 12:00:00,27.698504659663694,7.8984402205508175,4.0193865239870155,6.274386528241922,0.0,1.0,Pond_04,Mock_Data,Obs_Pond_04_20260327_12,High,2,1.0,0,2,0,0,0,0,0,0,1,0
2026-03-27 12:00:00,27.698504659663694,7.8984402205508175,4.0193865239870155,6.274386528241922,0.0,1.0,Pond_04,Mock_Data,Obs_Pond_04_20260327_12,Low,2,1.0,0,0,0,0,0,0,0,0,0,0
2026-03-27 12:00:00,27.783435028037545,7.9019483988115775,4.009563654655893,6.255113734208192,0.0,1.0,Pond_05,Mock_Data,Obs_Pond_05_20260327_12,High,2,1.0,0,2,0,0,0,0,0,0,1,0
2026-03-27 12:00:00,27.783435028037545,7.9019483988115775,4.009563654655893,6.255113734208192,0.0,1.0,Pond_05,Mock_Data,Obs_Pond_05_20260327_12,Low,2,1.0,0,0,0,0,0,0,0,0,0,0
2026-03-27 16:00:00,27.7,7.91,3.98,6.39,1.0,1.0,Pond_01,Real_Data,Obs_Pond_01_20260327_16,Low,2,1.0,0,0,0,0,0,0,0,0,0,0
2026-03-27 16:00:00,27.7,7.91,3.98,6.39,1.0,1.0,Pond_01,Real_Data,Obs_Pond_01_20260327_16,Medium,2,1.0,0,1,0,0,0,0,0,0,0,1
2026-03-27 16:00:00,27.7,7.91,3.98,6.39,0.0,1.0,Pond_02,Real_Data,Obs_Pond_02_20260327_16,Low,2,1.0,0,0,0,0,0,0,0,0,0,0
2026-03-27 16:00:00,27.7,7.91,3.98,6.39,0.0,1.0,Pond_02,Real_Data,Obs_Pond_02_20260327_16,Medium,2,1.0,0,1,0,0,0,0,0,0,0,1
2026-03-27 16:00:00,27.792015219882774,7.9937808271738495,3.324332532799085,5.72903825227027,,,Pond_03,Real_Data,Obs_Pond_03_20260327_16,Low,1,1.0,0,0,0,0,0,0,0,0,0,0
2026-03-27 16:00:00,27.712277847181785,7.898244111570179,4.0031811516045535,6.422284958608755,0.0,1.0,Pond_04,Mock_Data,Obs_Pond_04_20260327_16,High,2,1.0,0,2,0,0,0,0,0,0,1,0
2026-03-27 16:00:00,27.712277847181785,7.898244111570179,4.0031811516045535,6.422284958608755,0.0,1.0,Pond_04,Mock_Data,Obs_Pond_04_20260327_16,Low,2,1.0,0,0,0,0,0,0,0,0,0,0
2026-03-27 16:00:00,27.688018463698462,7.895932072047525,3.9524396985189756,6.437984301173906,0.0,1.0,Pond_05,Mock_Data,Obs_Pond_05_20260327_16,Low,2,1.0,0,0,0,0,0,0,0,0,0,0
2026-03-27 16:00:00,27.688018463698462,7.895932072047525,3.9524396985189756,6.437984301173906,0.0,1.0,Pond_05,Mock_Data,Obs_Pond_05_20260327_16,Medium,2,1.0,0,1,0,0,0,0,0,0,0,1
2026-03-27 20:00:00,27.7,7.91,3.98,6.39,0.0,1.0,Pond_01,Real_Data,Obs_Pond_01_20260327_20,Low,2,1.0,0,0,0,0,0,0,0,0,0,0
2026-03-27 20:00:00,27.7,7.91,3.98,6.39,0.0,1.0,Pond_01,Real_Data,Obs_Pond_01_20260327_20,Medium,2,1.0,0,1,0,0,0,0,0,0,0,1
2026-03-27 20:00:00,27.7,7.91,3.98,6.39,0.0,1.0,Pond_02,Real_Data,Obs_Pond_02_20260327_20,Low,2,1.0,0,0,0,0,0,0,0,0,0,0
2026-03-27 20:00:00,27.7,7.91,3.98,6.39,0.0,1.0,Pond_02,Real_Data,Obs_Pond_02_20260327_20,Medium,2,1.0,0,1,0,0,0,0,0,0,0,1
2026-03-27 20:00:00,27.374602397767774,7.8065876393278275,2.95081255697876,6.14750340780264,,,Pond_03,Real_Data,Obs_Pond_03_20260327_20,Unknown,0,1.0,0,-1,0,0,0,0,0,0,0,0
2026-03-27 20:00:00,27.691052138136065,7.927868207314288,3.9984622363284115,6.476753293731994,0.0,2.0,Pond_04,Mock_Data,Obs_Pond_04_20260327_20,Medium,3,1.0,0,1,0,0,0,0,0,0,0,1
2026-03-27 20:00:00,27.791212956962198,7.937215169285345,3.97326178578705,6.336979705332689,0.0,1.0,Pond_05,Mock_Data,Obs_Pond_05_20260327_20,Low,2,1.0,0,0,0,0,0,0,0,0,0,0
2026-03-27 20:00:00,27.791212956962198,7.937215169285345,3.97326178578705,6.336979705332689,0.0,1.0,Pond_05,Mock_Data,Obs_Pond_05_20260327_20,Medium,2,1.0,0,1,0,0,0,0,0,0,0,1
2026-03-28 00:00:00,27.7,7.91,3.98,6.39,1.0,1.0,Pond_01,Real_Data,Obs_Pond_01_20260328_00,Low,2,1.0,0,0,0,0,0,0,0,0,0,0
2026-03-28 00:00:00,27.7,7.91,3.98,6.39,1.0,1.0,Pond_01,Real_Data,Obs_Pond_01_20260328_00,Medium,2,1.0,0,1,0,0,0,0,0,0,0,1
2026-03-28 00:00:00,27.7,7.910000000000001,3.98,6.39,0.0,1.0,Pond_02,Real_Data,Obs_Pond_02_20260328_00,Low,2,1.0,0,0,0,0,0,0,0,0,0,0
2026-03-28 00:00:00,27.7,7.910000000000001,3.98,6.39,0.0,1.0,Pond_02,Real_Data,Obs_Pond_02_20260328_00,Medium,2,1.0,0,1,0,0,0,0,0,0,0,1
2026-03-28 00:00:00,27.313730645569326,7.95072205688874,3.0318621295288475,6.05857842994571,,,Pond_03,Real_Data,Obs_Pond_03_20260328_00,Unknown,0,1.0,0,-1,0,0,0,0,0,0,0,0
2026-03-28 00:00:00,27.664442825247292,7.886309715515948,3.967927443872822,6.3813194502341855,0.0,1.0,Pond_04,Mock_Data,Obs_Pond_04_20260328_00,Low,2,1.0,0,0,0,0,0,0,0,0,0,0
2026-03-28 00:00:00,27.664442825247292,7.886309715515948,3.967927443872822,6.3813194502341855,0.0,1.0,Pond_04,Mock_Data,Obs_Pond_04_20260328_00,Medium,2,1.0,0,1,0,0,0,0,0,0,0,1
2026-03-28 00:00:00,27.698645257697034,7.899336608355366,4.009611845916797,6.476665683425396,0.0,1.0,Pond_05,Mock_Data,Obs_Pond_05_20260328_00,High,2,1.0,0,2,0,0,0,0,0,0,1,0
2026-03-28 00:00:00,27.698645257697034,7.899336608355366,4.009611845916797,6.476665683425396,0.0,1.0,Pond_05,Mock_Data,Obs_Pond_05_20260328_00,Low,2,1.0,0,0,0,0,0,0,0,0,0,0
2026-03-28 04:00:00,27.7,7.91,3.98,6.39,1.0,1.0,Pond_01,Real_Data,Obs_Pond_01_20260328_04,Low,2,1.0,0,0,0,0,0,0,0,0,0,0
2026-03-28 04:00:00,27.7,7.91,3.98,6.39,1.0,1.0,Pond_01,Real_Data,Obs_Pond_01_20260328_04,Medium,2,1.0,0,1,0,0,0,0,0,0,0,1
2026-03-28 04:00:00,27.7,7.91,3.98,6.39,0.0,1.0,Pond_02,Real_Data,Obs_Pond_02_20260328_04,Low,2,1.0,0,0,0,0,0,0,0,0,0,0
2026-03-28 04:00:00,27.7,7.91,3.98,6.39,0.0,1.0,Pond_02,Real_Data,Obs_Pond_02_20260328_04,Medium,2,1.0,0,1,0,0,0,0,0,0,0,1
2026-03-28 04:00:00,26.7524294905142,7.678053727716865,3.3577248055149598,6.86522967494237,,,Pond_03,Real_Data,Obs_Pond_03_20260328_04,Low,1,1.0,0,0,0,0,0,0,0,0,0,0
2026-03-28 04:00:00,27.666104154178672,7.914728812644686,3.9248516437785304,6.450178714553426,0.0,1.0,Pond_04,Mock_Data,Obs_Pond_04_20260328_04,Low,2,1.0,0,0,0,0,0,0,0,0,0,0
2026-03-28 04:00:00,27.666104154178672,7.914728812644686,3.9248516437785304,6.450178714553426,0.0,1.0,Pond_04,Mock_Data,Obs_Pond_04_20260328_04,Medium,2,1.0,0,1,0,0,0,0,0,0,0,1
2026-03-28 04:00:00,27.743836177483175,7.916305658226892,3.9523263918427025,6.398970807511361,0.0,2.0,Pond_05,Mock_Data,Obs_Pond_05_20260328_04,Medium,3,1.0,0,1,0,0,0,0,0,0,0,1
2026-03-28 08:00:00,27.7,7.91,3.98,6.39,0.0,1.0,Pond_01,Real_Data,Obs_Pond_01_20260328_08,Low,2,1.0,0,0,0,0,0,0,0,0,0,0
2026-03-28 08:00:00,27.7,7.91,3.98,6.39,0.0,1.0,Pond_01,Real_Data,Obs_Pond_01_20260328_08,Medium,2,1.0,0,1,0,0,0,0,0,0,0,1
2026-03-28 08:00:00,27.7,7.909999999999999,3.9800000000000004,6.39,0.0,1.0,Pond_02,Real_Data,Obs_Pond_02_20260328_08,Low,2,1.0,0,0,0,0,0,0,0,0,0,0
2026-03-28 08:00:00,27.7,7.909999999999999,3.9800000000000004,6.39,0.0,1.0,Pond_02,Real_Data,Obs_Pond_02_20260328_08,Medium,2,1.0,0,1,0,0,0,0,0,0,0,1
2026-03-28 08:00:00,27.5294134876847,8.00323360626839,3.646357442294485,6.52149266952549,,,Pond_03,Real_Data,Obs_Pond_03_20260328_08,Low,1,1.0,0,0,0,0,0,0,0,0,0,0
2026-03-28 08:00:00,27.697969860756288,7.936115277832911,4.002218101569502,6.4918233022940965,0.0,1.0,Pond_04,Mock_Data,Obs_Pond_04_20260328_08,High,2,1.0,0,2,0,0,0,0,0,0,1,0
2026-03-28 08:00:00,27.697969860756288,7.936115277832911,4.002218101569502,6.4918233022940965,0.0,1.0,Pond_04,Mock_Data,Obs_Pond_04_20260328_08,Low,2,1.0,0,0,0,0,0,0,0,0,0,0
2026-03-28 08:00:00,27.791431587744306,7.91350219509215,3.955451101968313,6.347502718468721,0.0,1.0,Pond_05,Mock_Data,Obs_Pond_05_20260328_08,Low,4,1.0,0,0,0,0,0,0,0,0,0,0
2026-03-28 08:00:00,27.791431587744306,7.91350219509215,3.955451101968313,6.347502718468721,0.0,1.0,Pond_05,Mock_Data,Obs_Pond_05_20260328_08,Medium,4,1.0,0,1,0,0,0,0,0,0,0,1
2026-03-28 12:00:00,27.7,7.91,3.98,6.39,1.0,1.0,Pond_01,Real_Data,Obs_Pond_01_20260328_12,Low,2,1.0,0,0,0,0,0,0,0,0,0,0
2026-03-28 12:00:00,27.7,7.91,3.98,6.39,1.0,1.0,Pond_01,Real_Data,Obs_Pond_01_20260328_12,Medium,2,1.0,0,1,0,0,0,0,0,0,0,1
2026-03-28 12:00:00,27.7,7.91,3.98,6.39,0.0,1.0,Pond_02,Real_Data,Obs_Pond_02_20260328_12,Low,2,1.0,0,0,0,0,0,0,0,0,0,0
2026-03-28 12:00:00,27.7,7.91,3.98,6.39,0.0,1.0,Pond_02,Real_Data,Obs_Pond_02_20260328_12,Medium,2,1.0,0,1,0,0,0,0,0,0,0,1
2026-03-28 12:00:00,27.560709502104928,7.78827621121762,3.40575687407879,6.58356656301623,,,Pond_03,Real_Data,Obs_Pond_03_20260328_12,Low,1,1.0,0,0,0,0,0,0,0,0,0,0
2026-03-28 12:00:00,27.66631701364147,7.898996128797311,3.94402801813437,6.473043315404621,0.0,1.0,Pond_04,Mock_Data,Obs_Pond_04_20260328_12,Low,2,1.0,0,0,0,0,0,0,0,0,0,0
2026-03-28 12:00:00,27.66631701364147,7.898996128797311,3.94402801813437,6.473043315404621,0.0,1.0,Pond_04,Mock_Data,Obs_Pond_04_20260328_12,Medium,2,1.0,0,1,0,0,0,0,0,0,0,1
2026-03-28 12:00:00,27.6880108148893,7.941341893462017,4.005511130769051,6.431861675336297,0.0,1.0,Pond_05,Mock_Data,Obs_Pond_05_20260328_12,High,2,1.0,0,2,0,0,0,0,0,0,1,0
2026-03-28 12:00:00,27.6880108148893,7.941341893462017,4.005511130769051,6.431861675336297,0.0,1.0,Pond_05,Mock_Data,Obs_Pond_05_20260328_12,Low,2,1.0,0,0,0,0,0,0,0,0,0,0
2026-03-28 16:00:00,27.7,7.91,3.98,6.39,0.0,1.0,Pond_01,Real_Data,Obs_Pond_01_20260328_16,Low,2,1.0,0,0,0,0,0,0,0,0,0,0
2026-03-28 16:00:00,27.7,7.91,3.98,6.39,0.0,1.0,Pond_01,Real_Data,Obs_Pond_01_20260328_16,Medium,2,1.0,0,1,0,0,0,0,0,0,0,1
2026-03-28 16:00:00,27.7,7.910000000000001,3.98,6.39,0.0,1.0,Pond_02,Real_Data,Obs_Pond_02_20260328_16,Low,2,1.0,0,0,0,0,0,0,0,0,0,0
2026-03-28 16:00:00,27.7,7.910000000000001,3.98,6.39,0.0,1.0,Pond_02,Real_Data,Obs_Pond_02_20260328_16,Medium,2,1.0,0,1,0,0,0,0,0,0,0,1
2026-03-28 16:00:00,27.378510624032927,7.972152741743282,3.1622709696118876,5.83339142257788,,,Pond_03,Real_Data,Obs_Pond_03_20260328_16,Unknown,0,1.0,0,-1,0,0,0,0,0,0,0,0
2026-03-28 16:00:00,27.65581582576084,7.894606502395521,4.074172361354353,6.493571826512191,0.0,1.0,Pond_04,Mock_Data,Obs_Pond_04_20260328_16,High,2,1.0,0,2,0,0,0,0,0,0,1,0
2026-03-28 16:00:00,27.65581582576084,7.894606502395521,4.074172361354353,6.493571826512191,0.0,1.0,Pond_04,Mock_Data,Obs_Pond_04_20260328_16,Low,2,1.0,0,0,0,0,0,0,0,0,0,0
2026-03-28 16:00:00,27.713536359914098,7.93082886241539,3.9430168584484604,6.446409237445593,0.0,1.0,Pond_05,Mock_Data,Obs_Pond_05_20260328_16,Low,2,1.0,0,0,0,0,0,0,0,0,0,0
2026-03-28 16:00:00,27.713536359914098,7.93082886241539,3.9430168584484604,6.446409237445593,0.0,1.0,Pond_05,Mock_Data,Obs_Pond_05_20260328_16,Medium,2,1.0,0,1,0,0,0,0,0,0,0,1
2026-03-28 20:00:00,27.7,7.91,3.98,6.39,1.0,1.0,Pond_01,Real_Data,Obs_Pond_01_20260328_20,Low,2,1.0,0,0,0,0,0,0,0,0,0,0
2026-03-28 20:00:00,27.7,7.91,3.98,6.39,1.0,1.0,Pond_01,Real_Data,Obs_Pond_01_20260328_20,Medium,2,1.0,0,1,0,0,0,0,0,0,0,1
2026-03-28 20:00:00,27.7,7.91,3.98,6.39,0.0,1.0,Pond_02,Real_Data,Obs_Pond_02_20260328_20,Low,2,1.0,0,0,0,0,0,0,0,0,0,0
2026-03-28 20:00:00,27.7,7.91,3.98,6.39,0.0,1.0,Pond_02,Real_Data,Obs_Pond_02_20260328_20,Medium,2,1.0,0,1,0,0,0,0,0,0,0,1
2026-03-28 20:00:00,26.936732364919152,7.941368616081228,3.3093291383234775,7.3661590154129,,,Pond_03,Real_Data,Obs_Pond_03_20260328_20,Low,1,1.0,0,0,0,0,0,0,0,0,0,0
2026-03-28 20:00:00,27.706596843018403,7.905057129278504,4.004598732354345,6.436869001358638,0.0,1.0,Pond_04,Mock_Data,Obs_Pond_04_20260328_20,High,2,1.0,0,2,0,0,0,0,0,0,1,0
2026-03-28 20:00:00,27.706596843018403,7.905057129278504,4.004598732354345,6.436869001358638,0.0,1.0,Pond_04,Mock_Data,Obs_Pond_04_20260328_20,Low,2,1.0,0,0,0,0,0,0,0,0,0,0
2026-03-28 20:00:00,27.77988735787413,7.8822272798064175,3.9634088055994527,6.430538771138783,0.0,1.0,Pond_05,Mock_Data,Obs_Pond_05_20260328_20,Low,2,1.0,0,0,0,0,0,0,0,0,0,0
2026-03-28 20:00:00,27.77988735787413,7.8822272798064175,3.9634088055994527,6.430538771138783,0.0,1.0,Pond_05,Mock_Data,Obs_Pond_05_20260328_20,Medium,2,1.0,0,1,0,0,0,0,0,0,0,1
2026-03-29 00:00:00,27.7,7.91,3.98,6.39,0.0,1.0,Pond_01,Real_Data,Obs_Pond_01_20260329_00,Low,2,1.0,0,0,0,0,0,0,0,0,0,0
2026-03-29 00:00:00,27.7,7.91,3.98,6.39,0.0,1.0,Pond_01,Real_Data,Obs_Pond_01_20260329_00,Medium,2,1.0,0,1,0,0,0,0,0,0,0,1
2026-03-29 00:00:00,27.7,7.91,3.98,6.39,0.0,1.0,Pond_02,Real_Data,Obs_Pond_02_20260329_00,Low,2,1.0,0,0,0,0,0,0,0,0,0,0
2026-03-29 00:00:00,27.7,7.91,3.98,6.39,0.0,1.0,Pond_02,Real_Data,Obs_Pond_02_20260329_00,Medium,2,1.0,0,1,0,0,0,0,0,0,0,1
2026-03-29 00:00:00,27.106757907530575,7.97901264264643,3.17725337265025,6.9193110522221,,,Pond_03,Real_Data,Obs_Pond_03_20260329_00,Unknown,0,1.0,0,-1,0,0,0,0,0,0,0,0
2026-03-29 00:00:00,27.6841957993225,7.935295471957749,3.954964011010964,6.394764005331562,0.0,1.0,Pond_04,Mock_Data,Obs_Pond_04_20260329_00,Low,2,1.0,0,0,0,0,0,0,0,0,0,0
2026-03-29 00:00:00,27.6841957993225,7.935295471957749,3.954964011010964,6.394764005331562,0.0,1.0,Pond_04,Mock_Data,Obs_Pond_04_20260329_00,Medium,2,1.0,0,1,0,0,0,0,0,0,0,1
2026-03-29 00:00:00,27.691756092113813,7.884536682258205,4.003962104063728,6.324969617707274,0.0,1.0,Pond_05,Mock_Data,Obs_Pond_05_20260329_00,High,2,1.0,0,2,0,0,0,0,0,0,1,0
2026-03-29 00:00:00,27.691756092113813,7.884536682258205,4.003962104063728,6.324969617707274,0.0,1.0,Pond_05,Mock_Data,Obs_Pond_05_20260329_00,Low,2,1.0,0,0,0,0,0,0,0,0,0,0
2026-03-29 04:00:00,27.7,7.91,3.98,6.39,1.0,1.0,Pond_01,Real_Data,Obs_Pond_01_20260329_04,Low,2,1.0,0,0,0,0,0,0,0,0,0,0
2026-03-29 04:00:00,27.7,7.91,3.98,6.39,1.0,1.0,Pond_01,Real_Data,Obs_Pond_01_20260329_04,Medium,2,1.0,0,1,0,0,0,0,0,0,0,1
2026-03-29 04:00:00,27.7,7.909999999999999,3.9800000000000004,6.39,0.0,1.0,Pond_02,Real_Data,Obs_Pond_02_20260329_04,Low,2,1.0,0,0,0,0,0,0,0,0,0,0
2026-03-29 04:00:00,27.7,7.909999999999999,3.9800000000000004,6.39,0.0,1.0,Pond_02,Real_Data,Obs_Pond_02_20260329_04,Medium,2,1.0,0,1,0,0,0,0,0,0,0,1
2026-03-29 04:00:00,27.4594778429971,7.848459037921493,3.2471911491194474,6.71456025795705,,,Pond_03,Real_Data,Obs_Pond_03_20260329_04,Unknown,0,1.0,0,-1,0,0,0,0,0,0,0,0
2026-03-29 04:00:00,27.79322168956719,7.91416202358038,3.9536387168371023,6.288827979400338,0.0,1.0,Pond_04,Mock_Data,Obs_Pond_04_20260329_04,Low,2,1.0,0,0,0,0,0,0,0,0,0,0
2026-03-29 04:00:00,27.79322168956719,7.91416202358038,3.9536387168371023,6.288827979400338,0.0,1.0,Pond_04,Mock_Data,Obs_Pond_04_20260329_04,Medium,2,1.0,0,1,0,0,0,0,0,0,0,1
2026-03-29 04:00:00,27.618127404019663,7.922412888158406,4.068566926864433,6.359431937911528,0.0,1.0,Pond_05,Mock_Data,Obs_Pond_05_20260329_04,High,2,1.0,0,2,0,0,0,0,0,0,1,0
2026-03-29 04:00:00,27.618127404019663,7.922412888158406,4.068566926864433,6.359431937911528,0.0,1.0,Pond_05,Mock_Data,Obs_Pond_05_20260329_04,Low,2,1.0,0,0,0,0,0,0,0,0,0,0
2026-03-29 08:00:00,27.7,7.91,3.98,6.39,1.0,1.0,Pond_01,Real_Data,Obs_Pond_01_20260329_08,Low,2,1.0,0,0,0,0,0,0,0,0,0,0
2026-03-29 08:00:00,27.7,7.91,3.98,6.39,1.0,1.0,Pond_01,Real_Data,Obs_Pond_01_20260329_08,Medium,2,1.0,0,1,0,0,0,0,0,0,0,1
2026-03-29 08:00:00,27.7,7.909999999999999,3.9800000000000004,6.39,0.0,1.0,Pond_02,Real_Data,Obs_Pond_02_20260329_08,Low,2,1.0,0,0,0,0,0,0,0,0,0,0
2026-03-29 08:00:00,27.7,7.909999999999999,3.9800000000000004,6.39,0.0,1.0,Pond_02,Real_Data,Obs_Pond_02_20260329_08,Medium,2,1.0,0,1,0,0,0,0,0,0,0,1
2026-03-29 08:00:00,26.812563004708824,7.8120728789125575,3.133204904603425,6.38764025492397,,,Pond_03,Real_Data,Obs_Pond_03_20260329_08,Unknown,0,1.0,0,-1,0,0,0,0,0,0,0,0
2026-03-29 08:00:00,27.535685480978938,7.898609791333125,3.9759924964507127,6.374459943568705,0.0,1.0,Pond_04,Mock_Data,Obs_Pond_04_20260329_08,Low,2,1.0,0,0,0,0,0,0,0,0,0,0
2026-03-29 08:00:00,27.535685480978938,7.898609791333125,3.9759924964507127,6.374459943568705,0.0,1.0,Pond_04,Mock_Data,Obs_Pond_04_20260329_08,Medium,2,1.0,0,1,0,0,0,0,0,0,0,1
2026-03-29 08:00:00,27.8328295676239,7.908620482851791,4.006103409668961,6.389742780302745,0.0,1.0,Pond_05,Mock_Data,Obs_Pond_05_20260329_08,High,4,1.0,0,2,0,0,0,0,0,0,1,0
2026-03-29 08:00:00,27.8328295676239,7.908620482851791,4.006103409668961,6.389742780302745,0.0,1.0,Pond_05,Mock_Data,Obs_Pond_05_20260329_08,Low,4,1.0,0,0,0,0,0,0,0,0,0,0
2026-03-29 12:00:00,27.7,7.91,3.98,6.39,1.0,1.0,Pond_01,Real_Data,Obs_Pond_01_20260329_12,Low,2,1.0,0,0,0,0,0,0,0,0,0,0
2026-03-29 12:00:00,27.7,7.91,3.98,6.39,1.0,1.0,Pond_01,Real_Data,Obs_Pond_01_20260329_12,Medium,2,1.0,0,1,0,0,0,0,0,0,0,1
2026-03-29 12:00:00,27.7,7.91,3.98,6.39,0.0,1.0,Pond_02,Real_Data,Obs_Pond_02_20260329_12,Low,2,1.0,0,0,0,0,0,0,0,0,0,0
2026-03-29 12:00:00,27.7,7.91,3.98,6.39,0.0,1.0,Pond_02,Real_Data,Obs_Pond_02_20260329_12,Medium,2,1.0,0,1,0,0,0,0,0,0,0,1
2026-03-29 12:00:00,27.092511488894523,7.894535035840502,3.41041606683614,5.9247046378801,,,Pond_03,Real_Data,Obs_Pond_03_20260329_12,Low,1,1.0,0,0,0,0,0,0,0,0,0,0
2026-03-29 12:00:00,27.76765464578812,7.92037520277976,3.969673322980166,6.336744829834483,0.0,1.0,Pond_04,Mock_Data,Obs_Pond_04_20260329_12,Low,2,1.0,0,0,0,0,0,0,0,0,0,0
2026-03-29 12:00:00,27.76765464578812,7.92037520277976,3.969673322980166,6.336744829834483,0.0,1.0,Pond_04,Mock_Data,Obs_Pond_04_20260329_12,Medium,2,1.0,0,1,0,0,0,0,0,0,0,1
2026-03-29 12:00:00,27.670882685360517,7.900240282215416,4.0003789520264705,6.3873942499915755,0.0,1.0,Pond_05,Mock_Data,Obs_Pond_05_20260329_12,High,2,1.0,0,2,0,0,0,0,0,0,1,0
2026-03-29 12:00:00,27.670882685360517,7.900240282215416,4.0003789520264705,6.3873942499915755,0.0,1.0,Pond_05,Mock_Data,Obs_Pond_05_20260329_12,Low,2,1.0,0,0,0,0,0,0,0,0,0,0
2026-03-29 16:00:00,27.7,7.91,3.98,6.39,1.0,1.0,Pond_01,Real_Data,Obs_Pond_01_20260329_16,Low,2,1.0,0,0,0,0,0,0,0,0,0,0
2026-03-29 16:00:00,27.7,7.91,3.98,6.39,1.0,1.0,Pond_01,Real_Data,Obs_Pond_01_20260329_16,Medium,2,1.0,0,1,0,0,0,0,0,0,0,1
2026-03-29 16:00:00,27.7,7.91,3.98,6.39,0.0,1.0,Pond_02,Real_Data,Obs_Pond_02_20260329_16,Low,2,1.0,0,0,0,0,0,0,0,0,0,0
2026-03-29 16:00:00,27.7,7.91,3.98,6.39,0.0,1.0,Pond_02,Real_Data,Obs_Pond_02_20260329_16,Medium,2,1.0,0,1,0,0,0,0,0,0,0,1
2026-03-29 16:00:00,27.41692802908345,7.694677848390753,3.143632771721745,6.20583516166232,,,Pond_03,Real_Data,Obs_Pond_03_20260329_16,Unknown,0,1.0,0,-1,0,0,0,0,0,0,0,0
2026-03-29 16:00:00,27.77723584343219,7.886364834821001,4.028154860668267,6.527105710811181,0.0,1.0,Pond_04,Mock_Data,Obs_Pond_04_20260329_16,High,2,1.0,0,2,0,0,0,0,0,0,1,0
2026-03-29 16:00:00,27.77723584343219,7.886364834821001,4.028154860668267,6.527105710811181,0.0,1.0,Pond_04,Mock_Data,Obs_Pond_04_20260329_16,Low,2,1.0,0,0,0,0,0,0,0,0,0,0
2026-03-29 16:00:00,27.70984014381035,7.931776924386306,4.0028867328910485,6.437350114541908,0.0,2.0,Pond_05,Mock_Data,Obs_Pond_05_20260329_16,High,3,1.0,0,2,0,0,0,0,0,0,1,0
2026-03-29 16:00:00,27.70984014381035,7.931776924386306,4.0028867328910485,6.437350114541908,0.0,2.0,Pond_05,Mock_Data,Obs_Pond_05_20260329_16,Medium,3,1.0,0,1,0,0,0,0,0,0,0,1
2026-03-29 20:00:00,27.7,7.91,3.98,6.39,1.0,1.0,Pond_01,Real_Data,Obs_Pond_01_20260329_20,Low,2,1.0,0,0,0,0,0,0,0,0,0,0
2026-03-29 20:00:00,27.7,7.91,3.98,6.39,1.0,1.0,Pond_01,Real_Data,Obs_Pond_01_20260329_20,Medium,2,1.0,0,1,0,0,0,0,0,0,0,1
2026-03-29 20:00:00,27.7,7.91,3.98,6.39,0.0,1.0,Pond_02,Real_Data,Obs_Pond_02_20260329_20,Low,2,1.0,0,0,0,0,0,0,0,0,0,0
2026-03-29 20:00:00,27.7,7.91,3.98,6.39,0.0,1.0,Pond_02,Real_Data,Obs_Pond_02_20260329_20,Medium,2,1.0,0,1,0,0,0,0,0,0,0,1
2026-03-29 20:00:00,27.23773641793025,7.734265716848538,3.43576516895447,6.08153640370899,,,Pond_03,Real_Data,Obs_Pond_03_20260329_20,Low,1,1.0,0,0,0,0,0,0,0,0,0,0
2026-03-29 20:00:00,27.571485477615592,7.924609597444735,3.988037762536396,6.378891945816547,0.0,1.0,Pond_04,Mock_Data,Obs_Pond_04_20260329_20,Low,2,1.0,0,0,0,0,0,0,0,0,0,0
2026-03-29 20:00:00,27.571485477615592,7.924609597444735,3.988037762536396,6.378891945816547,0.0,1.0,Pond_04,Mock_Data,Obs_Pond_04_20260329_20,Medium,2,1.0,0,1,0,0,0,0,0,0,0,1
2026-03-29 20:00:00,27.771652524775885,7.914019472932545,3.933726929422675,6.262749076486204,0.0,1.0,Pond_05,Mock_Data,Obs_Pond_05_20260329_20,Low,2,1.0,0,0,0,0,0,0,0,0,0,0
2026-03-29 20:00:00,27.771652524775885,7.914019472932545,3.933726929422675,6.262749076486204,0.0,1.0,Pond_05,Mock_Data,Obs_Pond_05_20260329_20,Medium,2,1.0,0,1,0,0,0,0,0,0,0,1
2026-03-30 00:00:00,27.7,7.91,3.98,6.39,1.0,1.0,Pond_01,Real_Data,Obs_Pond_01_20260330_00,Low,2,1.0,0,0,0,0,0,0,0,0,0,0
2026-03-30 00:00:00,27.7,7.91,3.98,6.39,1.0,1.0,Pond_01,Real_Data,Obs_Pond_01_20260330_00,Medium,2,1.0,0,1,0,0,0,0,0,0,0,1
2026-03-30 00:00:00,27.7,7.91,3.98,6.39,0.0,1.0,Pond_02,Real_Data,Obs_Pond_02_20260330_00,Low,2,1.0,0,0,0,0,0,0,0,0,0,0
2026-03-30 00:00:00,27.7,7.91,3.98,6.39,0.0,1.0,Pond_02,Real_Data,Obs_Pond_02_20260330_00,Medium,2,1.0,0,1,0,0,0,0,0,0,0,1
2026-03-30 00:00:00,27.3162740807625,7.887397913095195,3.3349242699222,5.95714800099702,,,Pond_03,Real_Data,Obs_Pond_03_20260330_00,Low,1,1.0,0,0,0,0,0,0,0,0,0,0
2026-03-30 00:00:00,27.678759264998973,7.9187612900194475,3.9484540123879186,6.397780989555086,0.0,1.0,Pond_04,Mock_Data,Obs_Pond_04_20260330_00,Low,2,1.0,0,0,0,0,0,0,0,0,0,0
2026-03-30 00:00:00,27.678759264998973,7.9187612900194475,3.9484540123879186,6.397780989555086,0.0,1.0,Pond_04,Mock_Data,Obs_Pond_04_20260330_00,Medium,2,1.0,0,1,0,0,0,0,0,0,0,1
2026-03-30 00:00:00,27.66228384691433,7.9111247825761755,3.984984219645574,6.411114397947265,0.0,1.0,Pond_05,Mock_Data,Obs_Pond_05_20260330_00,Low,2,1.0,0,0,0,0,0,0,0,0,0,0
2026-03-30 00:00:00,27.66228384691433,7.9111247825761755,3.984984219645574,6.411114397947265,0.0,1.0,Pond_05,Mock_Data,Obs_Pond_05_20260330_00,Medium,2,1.0,0,1,0,0,0,0,0,0,0,1
2026-03-30 04:00:00,27.7,7.91,3.98,6.39,1.0,1.0,Pond_01,Real_Data,Obs_Pond_01_20260330_04,Low,2,1.0,0,0,0,0,0,0,0,0,0,0
2026-03-30 04:00:00,27.7,7.91,3.98,6.39,1.0,1.0,Pond_01,Real_Data,Obs_Pond_01_20260330_04,Medium,2,1.0,0,1,0,0,0,0,0,0,0,1
2026-03-30 04:00:00,27.7,7.91,3.98,6.39,0.0,1.0,Pond_02,Real_Data,Obs_Pond_02_20260330_04,Low,2,1.0,0,0,0,0,0,0,0,0,0,0
2026-03-30 04:00:00,27.7,7.91,3.98,6.39,0.0,1.0,Pond_02,Real_Data,Obs_Pond_02_20260330_04,Medium,2,1.0,0,1,0,0,0,0,0,0,0,1
2026-03-30 04:00:00,27.53871340145555,7.661241897710762,2.6075738626016625,5.52853365330303,,,Pond_03,Real_Data,Obs_Pond_03_20260330_04,Unknown,0,1.0,0,-1,0,0,0,0,0,0,0,0
2026-03-30 04:00:00,27.676977056831188,7.903400021890801,4.0615107044484775,6.424829014084327,0.0,1.0,Pond_04,Mock_Data,Obs_Pond_04_20260330_04,High,2,1.0,0,2,0,0,0,0,0,0,1,0
2026-03-30 04:00:00,27.676977056831188,7.903400021890801,4.0615107044484775,6.424829014084327,0.0,1.0,Pond_04,Mock_Data,Obs_Pond_04_20260330_04,Low,2,1.0,0,0,0,0,0,0,0,0,0,0
2026-03-30 04:00:00,27.63752952942974,7.9267209561805325,3.9787165492933423,6.371686251138008,0.0,1.0,Pond_05,Mock_Data,Obs_Pond_05_20260330_04,Low,2,1.0,0,0,0,0,0,0,0,0,0,0
2026-03-30 04:00:00,27.63752952942974,7.9267209561805325,3.9787165492933423,6.371686251138008,0.0,1.0,Pond_05,Mock_Data,Obs_Pond_05_20260330_04,Medium,2,1.0,0,1,0,0,0,0,0,0,0,1
2026-03-30 08:00:00,27.7,7.91,3.98,6.39,1.0,1.0,Pond_01,Real_Data,Obs_Pond_01_20260330_08,Low,2,1.0,0,0,0,0,0,0,0,0,0,0
2026-03-30 08:00:00,27.7,7.91,3.98,6.39,1.0,1.0,Pond_01,Real_Data,Obs_Pond_01_20260330_08,Medium,2,1.0,0,1,0,0,0,0,0,0,0,1
2026-03-30 08:00:00,27.7,7.91,3.98,6.39,0.0,1.0,Pond_02,Real_Data,Obs_Pond_02_20260330_08,Low,2,1.0,0,0,0,0,0,0,0,0,0,0
2026-03-30 08:00:00,27.7,7.91,3.98,6.39,0.0,1.0,Pond_02,Real_Data,Obs_Pond_02_20260330_08,Medium,2,1.0,0,1,0,0,0,0,0,0,0,1
2026-03-30 08:00:00,27.55808262661245,7.9314897032605725,3.39949160439694,5.98659940903095,,,Pond_03,Real_Data,Obs_Pond_03_20260330_08,Low,1,1.0,0,0,0,0,0,0,0,0,0,0
2026-03-30 08:00:00,27.612758490722204,7.892019182604172,3.982126042286834,6.3927537089554765,0.0,1.0,Pond_04,Mock_Data,Obs_Pond_04_20260330_08,Low,2,1.0,0,0,0,0,0,0,0,0,0,0
2026-03-30 08:00:00,27.612758490722204,7.892019182604172,3.982126042286834,6.3927537089554765,0.0,1.0,Pond_04,Mock_Data,Obs_Pond_04_20260330_08,Medium,2,1.0,0,1,0,0,0,0,0,0,0,1
2026-03-30 08:00:00,27.71572734692989,7.90195697523843,3.993865858173362,6.337044561748068,0.0,2.0,Pond_05,Mock_Data,Obs_Pond_05_20260330_08,Medium,3,1.0,0,1,0,0,0,0,0,0,0,1
2026-03-30 12:00:00,27.7,7.91,3.98,6.39,0.0,1.0,Pond_01,Real_Data,Obs_Pond_01_20260330_12,Low,2,1.0,0,0,0,0,0,0,0,0,0,0
2026-03-30 12:00:00,27.7,7.91,3.98,6.39,0.0,1.0,Pond_01,Real_Data,Obs_Pond_01_20260330_12,Medium,2,1.0,0,1,0,0,0,0,0,0,0,1
2026-03-30 12:00:00,27.7,7.910000000000001,3.98,6.39,0.0,1.0,Pond_02,Real_Data,Obs_Pond_02_20260330_12,Low,2,1.0,0,0,0,0,0,0,0,0,0,0
2026-03-30 12:00:00,27.7,7.910000000000001,3.98,6.39,0.0,1.0,Pond_02,Real_Data,Obs_Pond_02_20260330_12,Medium,2,1.0,0,1,0,0,0,0,0,0,0,1
2026-03-30 12:00:00,27.97706534065245,7.6813229829313725,3.5634250345723526,6.13707088746463,,,Pond_03,Real_Data,Obs_Pond_03_20260330_12,Low,1,1.0,0,0,0,0,0,0,0,0,0,0
2026-03-30 12:00:00,27.651788747460113,7.890987934947785,4.013150293520582,6.497050810639238,0.0,1.0,Pond_04,Mock_Data,Obs_Pond_04_20260330_12,High,2,1.0,0,2,0,0,0,0,0,0,1,0
2026-03-30 12:00:00,27.651788747460113,7.890987934947785,4.013150293520582,6.497050810639238,0.0,1.0,Pond_04,Mock_Data,Obs_Pond_04_20260330_12,Low,2,1.0,0,0,0,0,0,0,0,0,0,0
2026-03-30 12:00:00,27.588860112643232,7.943631923545442,3.985023513038943,6.34310830791918,0.0,1.0,Pond_05,Mock_Data,Obs_Pond_05_20260330_12,Low,2,1.0,0,0,0,0,0,0,0,0,0,0
2026-03-30 12:00:00,27.588860112643232,7.943631923545442,3.985023513038943,6.34310830791918,0.0,1.0,Pond_05,Mock_Data,Obs_Pond_05_20260330_12,Medium,2,1.0,0,1,0,0,0,0,0,0,0,1
2026-03-30 16:00:00,27.7,7.91,3.98,6.39,1.0,1.0,Pond_01,Real_Data,Obs_Pond_01_20260330_16,Low,2,1.0,0,0,0,0,0,0,0,0,0,0
2026-03-30 16:00:00,27.7,7.91,3.98,6.39,1.0,1.0,Pond_01,Real_Data,Obs_Pond_01_20260330_16,Medium,2,1.0,0,1,0,0,0,0,0,0,0,1
2026-03-30 16:00:00,27.700000000000003,7.91,3.98,6.39,0.0,1.0,Pond_02,Real_Data,Obs_Pond_02_20260330_16,Low,2,1.0,0,0,0,0,0,0,0,0,0,0
2026-03-30 16:00:00,27.700000000000003,7.91,3.98,6.39,0.0,1.0,Pond_02,Real_Data,Obs_Pond_02_20260330_16,Medium,2,1.0,0,1,0,0,0,0,0,0,0,1
2026-03-30 16:00:00,27.51947819191625,7.713953853230013,2.9517089156689122,6.20814940095613,,,Pond_03,Real_Data,Obs_Pond_03_20260330_16,Unknown,0,1.0,0,-1,0,0,0,0,0,0,0,0
2026-03-30 16:00:00,27.63116340468821,7.92146746448934,3.953774913185401,6.3506766301852835,0.0,1.0,Pond_04,Mock_Data,Obs_Pond_04_20260330_16,Low,2,1.0,0,0,0,0,0,0,0,0,0,0
2026-03-30 16:00:00,27.63116340468821,7.92146746448934,3.953774913185401,6.3506766301852835,0.0,1.0,Pond_04,Mock_Data,Obs_Pond_04_20260330_16,Medium,2,1.0,0,1,0,0,0,0,0,0,0,1
2026-03-30 16:00:00,27.682154776567423,7.893102813762401,3.996371626165345,6.376450891240737,0.0,1.0,Pond_05,Mock_Data,Obs_Pond_05_20260330_16,Low,2,1.0,0,0,0,0,0,0,0,0,0,0
2026-03-30 16:00:00,27.682154776567423,7.893102813762401,3.996371626165345,6.376450891240737,0.0,1.0,Pond_05,Mock_Data,Obs_Pond_05_20260330_16,Medium,2,1.0,0,1,0,0,0,0,0,0,0,1
2026-03-30 20:00:00,27.7,7.91,3.98,6.39,1.0,1.0,Pond_01,Real_Data,Obs_Pond_01_20260330_20,Low,2,1.0,0,0,0,0,0,0,0,0,0,0
2026-03-30 20:00:00,27.7,7.91,3.98,6.39,1.0,1.0,Pond_01,Real_Data,Obs_Pond_01_20260330_20,Medium,2,1.0,0,1,0,0,0,0,0,0,0,1
2026-03-30 20:00:00,27.7,7.910000000000001,3.9800000000000004,6.39,0.0,1.0,Pond_02,Real_Data,Obs_Pond_02_20260330_20,Low,2,1.0,0,0,0,0,0,0,0,0,0,0
2026-03-30 20:00:00,27.7,7.910000000000001,3.9800000000000004,6.39,0.0,1.0,Pond_02,Real_Data,Obs_Pond_02_20260330_20,Medium,2,1.0,0,1,0,0,0,0,0,0,0,1
2026-03-30 20:00:00,27.588890727278198,7.770978803093155,3.50533342923201,5.86439362879994,,,Pond_03,Real_Data,Obs_Pond_03_20260330_20,Low,1,1.0,0,0,0,0,0,0,0,0,0,0
2026-03-30 20:00:00,27.808610620232038,7.9363515957928294,3.9956565666651787,6.4022904180125995,0.0,1.0,Pond_04,Mock_Data,Obs_Pond_04_20260330_20,Low,2,1.0,0,0,0,0,0,0,0,0,0,0
2026-03-30 20:00:00,27.808610620232038,7.9363515957928294,3.9956565666651787,6.4022904180125995,0.0,1.0,Pond_04,Mock_Data,Obs_Pond_04_20260330_20,Medium,2,1.0,0,1,0,0,0,0,0,0,0,1
2026-03-30 20:00:00,27.715188181374632,7.9240857639203774,3.9665703744803116,6.162573763020544,0.0,1.0,Pond_05,Mock_Data,Obs_Pond_05_20260330_20,Low,2,1.0,0,0,0,0,0,0,0,0,0,0
2026-03-30 20:00:00,27.715188181374632,7.9240857639203774,3.9665703744803116,6.162573763020544,0.0,1.0,Pond_05,Mock_Data,Obs_Pond_05_20260330_20,Medium,2,1.0,0,1,0,0,0,0,0,0,0,1
2026-03-31 00:00:00,27.7,7.91,3.98,6.39,0.0,1.0,Pond_01,Real_Data,Obs_Pond_01_20260331_00,Low,2,1.0,0,0,0,0,0,0,0,0,0,0
2026-03-31 00:00:00,27.7,7.91,3.98,6.39,0.0,1.0,Pond_01,Real_Data,Obs_Pond_01_20260331_00,Medium,2,1.0,0,1,0,0,0,0,0,0,0,1
2026-03-31 00:00:00,27.7,7.91,3.98,6.39,0.0,1.0,Pond_02,Real_Data,Obs_Pond_02_20260331_00,Low,2,1.0,0,0,0,0,0,0,0,0,0,0
2026-03-31 00:00:00,27.7,7.91,3.98,6.39,0.0,1.0,Pond_02,Real_Data,Obs_Pond_02_20260331_00,Medium,2,1.0,0,1,0,0,0,0,0,0,0,1
2026-03-31 00:00:00,26.905227110141723,7.789675692654187,3.572761954872445,6.88356940775775,,,Pond_03,Real_Data,Obs_Pond_03_20260331_00,Low,1,1.0,0,0,0,0,0,0,0,0,0,0
2026-03-31 00:00:00,27.757995962323548,7.896334953149112,3.9934142238569903,6.343109330528143,0.0,1.0,Pond_04,Mock_Data,Obs_Pond_04_20260331_00,Low,4,1.0,0,0,0,0,0,0,0,0,0,0
2026-03-31 00:00:00,27.757995962323548,7.896334953149112,3.9934142238569903,6.343109330528143,0.0,1.0,Pond_04,Mock_Data,Obs_Pond_04_20260331_00,Medium,4,1.0,0,1,0,0,0,0,0,0,0,1
2026-03-31 00:00:00,27.683267626834066,7.9407440055577165,3.982527058468139,6.345710114176266,0.0,1.0,Pond_05,Mock_Data,Obs_Pond_05_20260331_00,Low,2,1.0,0,0,0,0,0,0,0,0,0,0
2026-03-31 00:00:00,27.683267626834066,7.9407440055577165,3.982527058468139,6.345710114176266,0.0,1.0,Pond_05,Mock_Data,Obs_Pond_05_20260331_00,Medium,2,1.0,0,1,0,0,0,0,0,0,0,1
2026-03-31 04:00:00,27.7,7.91,3.98,6.39,0.0,1.0,Pond_01,Real_Data,Obs_Pond_01_20260331_04,Low,2,1.0,0,0,0,0,0,0,0,0,0,0
2026-03-31 04:00:00,27.7,7.91,3.98,6.39,0.0,1.0,Pond_01,Real_Data,Obs_Pond_01_20260331_04,Medium,2,1.0,0,1,0,0,0,0,0,0,0,1
2026-03-31 04:00:00,27.7,7.91,3.98,6.39,0.0,1.0,Pond_02,Real_Data,Obs_Pond_02_20260331_04,Low,2,1.0,0,0,0,0,0,0,0,0,0,0
2026-03-31 04:00:00,27.7,7.91,3.98,6.39,0.0,1.0,Pond_02,Real_Data,Obs_Pond_02_20260331_04,Medium,2,1.0,0,1,0,0,0,0,0,0,0,1
2026-03-31 04:00:00,27.45628968601855,7.933194331917928,3.4068853323126502,6.47321806383031,,,Pond_03,Real_Data,Obs_Pond_03_20260331_04,Low,1,1.0,0,0,0,0,0,0,0,0,0,0
2026-03-31 04:00:00,27.77881453918534,7.91982865155658,3.898523418286127,6.306634085630654,0.0,1.0,Pond_04,Mock_Data,Obs_Pond_04_20260331_04,Low,2,1.0,0,0,0,0,0,0,0,0,0,0
2026-03-31 04:00:00,27.77881453918534,7.91982865155658,3.898523418286127,6.306634085630654,0.0,1.0,Pond_04,Mock_Data,Obs_Pond_04_20260331_04,Medium,2,1.0,0,1,0,0,0,0,0,0,0,1
2026-03-31 04:00:00,27.604332596109078,7.88046825889664,3.9270593432805736,6.3346879859591585,0.0,1.0,Pond_05,Mock_Data,Obs_Pond_05_20260331_04,Low,2,1.0,0,0,0,0,0,0,0,0,0,0
2026-03-31 04:00:00,27.604332596109078,7.88046825889664,3.9270593432805736,6.3346879859591585,0.0,1.0,Pond_05,Mock_Data,Obs_Pond_05_20260331_04,Medium,2,1.0,0,1,0,0,0,0,0,0,0,1
2026-03-31 08:00:00,27.7,7.91,3.98,6.39,1.0,1.0,Pond_01,Real_Data,Obs_Pond_01_20260331_08,Low,2,1.0,0,0,0,0,0,0,0,0,0,0
2026-03-31 08:00:00,27.7,7.91,3.98,6.39,1.0,1.0,Pond_01,Real_Data,Obs_Pond_01_20260331_08,Medium,2,1.0,0,1,0,0,0,0,0,0,0,1
2026-03-31 08:00:00,27.7,7.91,3.98,6.39,0.0,1.0,Pond_02,Real_Data,Obs_Pond_02_20260331_08,Low,2,1.0,0,0,0,0,0,0,0,0,0,0
2026-03-31 08:00:00,27.7,7.91,3.98,6.39,0.0,1.0,Pond_02,Real_Data,Obs_Pond_02_20260331_08,Medium,2,1.0,0,1,0,0,0,0,0,0,0,1
2026-03-31 08:00:00,27.58067498173415,7.724056993929015,3.2673382674005573,6.33650665813759,,,Pond_03,Real_Data,Obs_Pond_03_20260331_08,Unknown,0,1.0,0,-1,0,0,0,0,0,0,0,0
2026-03-31 08:00:00,27.74473125183047,7.865250313335704,4.066893228230324,6.35136377280486,0.0,1.0,Pond_04,Mock_Data,Obs_Pond_04_20260331_08,High,4,1.0,0,2,0,0,0,0,0,0,1,0
2026-03-31 08:00:00,27.74473125183047,7.865250313335704,4.066893228230324,6.35136377280486,0.0,1.0,Pond_04,Mock_Data,Obs_Pond_04_20260331_08,Low,4,1.0,0,0,0,0,0,0,0,0,0,0
2026-03-31 08:00:00,27.798811605955795,7.902638264189546,3.966206460857002,6.423647880265875,0.0,1.0,Pond_05,Mock_Data,Obs_Pond_05_20260331_08,Low,2,1.0,0,0,0,0,0,0,0,0,0,0
2026-03-31 08:00:00,27.798811605955795,7.902638264189546,3.966206460857002,6.423647880265875,0.0,1.0,Pond_05,Mock_Data,Obs_Pond_05_20260331_08,Medium,2,1.0,0,1,0,0,0,0,0,0,0,1
2026-03-31 12:00:00,27.7,7.91,3.98,6.39,0.0,1.0,Pond_01,Real_Data,Obs_Pond_01_20260331_12,Low,2,1.0,0,0,0,0,0,0,0,0,0,0
2026-03-31 12:00:00,27.7,7.91,3.98,6.39,0.0,1.0,Pond_01,Real_Data,Obs_Pond_01_20260331_12,Medium,2,1.0,0,1,0,0,0,0,0,0,0,1
2026-03-31 12:00:00,27.7,7.91,3.98,6.39,0.0,1.0,Pond_02,Real_Data,Obs_Pond_02_20260331_12,Low,2,1.0,0,0,0,0,0,0,0,0,0,0
2026-03-31 12:00:00,27.7,7.91,3.98,6.39,0.0,1.0,Pond_02,Real_Data,Obs_Pond_02_20260331_12,Medium,2,1.0,0,1,0,0,0,0,0,0,0,1
2026-03-31 12:00:00,27.947883271997675,7.7694323057591825,3.6024301687812477,5.65155568476541,,,Pond_03,Real_Data,Obs_Pond_03_20260331_12,Low,1,1.0,0,0,0,0,0,0,0,0,0,0
2026-03-31 12:00:00,27.630018215164096,7.897464723728002,4.035649108712265,6.38766094409375,0.0,2.0,Pond_04,Mock_Data,Obs_Pond_04_20260331_12,High,3,1.0,0,2,0,0,0,0,0,0,1,0
2026-03-31 12:00:00,27.630018215164096,7.897464723728002,4.035649108712265,6.38766094409375,0.0,2.0,Pond_04,Mock_Data,Obs_Pond_04_20260331_12,Medium,3,1.0,0,1,0,0,0,0,0,0,0,1
2026-03-31 12:00:00,27.70641758420357,7.934491021190281,4.039968991977716,6.33912702786084,0.0,1.0,Pond_05,Mock_Data,Obs_Pond_05_20260331_12,High,2,1.0,0,2,0,0,0,0,0,0,1,0
2026-03-31 12:00:00,27.70641758420357,7.934491021190281,4.039968991977716,6.33912702786084,0.0,1.0,Pond_05,Mock_Data,Obs_Pond_05_20260331_12,Low,2,1.0,0,0,0,0,0,0,0,0,0,0
2026-03-31 16:00:00,27.7,7.91,3.98,6.39,1.0,1.0,Pond_01,Real_Data,Obs_Pond_01_20260331_16,Low,2,1.0,0,0,0,0,0,0,0,0,0,0
2026-03-31 16:00:00,27.7,7.91,3.98,6.39,1.0,1.0,Pond_01,Real_Data,Obs_Pond_01_20260331_16,Medium,2,1.0,0,1,0,0,0,0,0,0,0,1
2026-03-31 16:00:00,27.7,7.91,3.98,6.39,0.0,1.0,Pond_02,Real_Data,Obs_Pond_02_20260331_16,Low,2,1.0,0,0,0,0,0,0,0,0,0,0
2026-03-31 16:00:00,27.7,7.91,3.98,6.39,0.0,1.0,Pond_02,Real_Data,Obs_Pond_02_20260331_16,Medium,2,1.0,0,1,0,0,0,0,0,0,0,1
2026-03-31 16:00:00,27.55321480859355,7.90000619358051,3.47901808485976,7.33913884154063,,,Pond_03,Real_Data,Obs_Pond_03_20260331_16,Low,1,1.0,0,0,0,0,0,0,0,0,0,0
2026-03-31 16:00:00,27.667488767696376,7.90933403952047,3.962874009072637,6.3628874529158,0.0,1.0,Pond_04,Mock_Data,Obs_Pond_04_20260331_16,Low,2,1.0,0,0,0,0,0,0,0,0,0,0
2026-03-31 16:00:00,27.667488767696376,7.90933403952047,3.962874009072637,6.3628874529158,0.0,1.0,Pond_04,Mock_Data,Obs_Pond_04_20260331_16,Medium,2,1.0,0,1,0,0,0,0,0,0,0,1
2026-03-31 16:00:00,27.788706808780496,7.93481344536671,3.9937461558837577,6.3764145054404455,0.0,2.0,Pond_05,Mock_Data,Obs_Pond_05_20260331_16,Low,5,1.0,0,0,0,0,0,0,0,0,0,0
2026-03-31 16:00:00,27.788706808780496,7.93481344536671,3.9937461558837577,6.3764145054404455,0.0,2.0,Pond_05,Mock_Data,Obs_Pond_05_20260331_16,Medium,5,1.0,0,1,0,0,0,0,0,0,0,1
2026-03-31 20:00:00,27.7,7.91,3.98,6.39,1.0,1.0,Pond_01,Real_Data,Obs_Pond_01_20260331_20,Low,2,1.0,0,0,0,0,0,0,0,0,0,0
2026-03-31 20:00:00,27.7,7.91,3.98,6.39,1.0,1.0,Pond_01,Real_Data,Obs_Pond_01_20260331_20,Medium,2,1.0,0,1,0,0,0,0,0,0,0,1
2026-03-31 20:00:00,27.7,7.909999999999999,3.98,6.39,0.0,1.0,Pond_02,Real_Data,Obs_Pond_02_20260331_20,Low,2,1.0,0,0,0,0,0,0,0,0,0,0
2026-03-31 20:00:00,27.7,7.909999999999999,3.98,6.39,0.0,1.0,Pond_02,Real_Data,Obs_Pond_02_20260331_20,Medium,2,1.0,0,1,0,0,0,0,0,0,0,1
2026-03-31 20:00:00,27.470873508083976,7.7198862377159125,3.0479023677590624,6.80611357432611,,,Pond_03,Real_Data,Obs_Pond_03_20260331_20,Unknown,0,1.0,0,-1,0,0,0,0,0,0,0,0
2026-03-31 20:00:00,27.730332803261177,7.890494719277324,3.932473101249726,6.346270209314596,0.0,1.0,Pond_04,Mock_Data,Obs_Pond_04_20260331_20,Low,4,1.0,0,0,0,0,0,0,0,0,0,0
2026-03-31 20:00:00,27.730332803261177,7.890494719277324,3.932473101249726,6.346270209314596,0.0,1.0,Pond_04,Mock_Data,Obs_Pond_04_20260331_20,Medium,4,1.0,0,1,0,0,0,0,0,0,0,1
2026-03-31 20:00:00,27.683882226330468,7.906322819822995,3.979097941285184,6.487402355022381,0.0,1.0,Pond_05,Mock_Data,Obs_Pond_05_20260331_20,Low,2,1.0,0,0,0,0,0,0,0,0,0,0
2026-03-31 20:00:00,27.683882226330468,7.906322819822995,3.979097941285184,6.487402355022381,0.0,1.0,Pond_05,Mock_Data,Obs_Pond_05_20260331_20,Medium,2,1.0,0,1,0,0,0,0,0,0,0,1
2026-04-01 00:00:00,27.7,7.91,3.98,6.39,0.0,1.0,Pond_01,Real_Data,Obs_Pond_01_20260401_00,Low,2,1.0,0,0,0,0,0,0,0,0,0,0
2026-04-01 00:00:00,27.7,7.91,3.98,6.39,0.0,1.0,Pond_01,Real_Data,Obs_Pond_01_20260401_00,Medium,2,1.0,0,1,0,0,0,0,0,0,0,1
2026-04-01 00:00:00,27.7,7.91,3.98,6.39,0.0,1.0,Pond_02,Real_Data,Obs_Pond_02_20260401_00,Low,2,1.0,0,0,0,0,0,0,0,0,0,0
2026-04-01 00:00:00,27.7,7.91,3.98,6.39,0.0,1.0,Pond_02,Real_Data,Obs_Pond_02_20260401_00,Medium,2,1.0,0,1,0,0,0,0,0,0,0,1
2026-04-01 00:00:00,27.662300467587773,7.649949305147187,3.403616766503415,6.43237480484393,,,Pond_03,Real_Data,Obs_Pond_03_20260401_00,Low,1,1.0,0,0,0,0,0,0,0,0,0,0
2026-04-01 00:00:00,27.624249102172133,7.889919585871475,3.994985919528093,6.301184134924969,0.0,1.0,Pond_04,Mock_Data,Obs_Pond_04_20260401_00,Low,2,1.0,0,0,0,0,0,0,0,0,0,0
2026-04-01 00:00:00,27.624249102172133,7.889919585871475,3.994985919528093,6.301184134924969,0.0,1.0,Pond_04,Mock_Data,Obs_Pond_04_20260401_00,Medium,2,1.0,0,1,0,0,0,0,0,0,0,1
2026-04-01 00:00:00,27.645454397463716,7.89424730444296,4.061755722452573,6.452798189386408,0.0,1.0,Pond_05,Mock_Data,Obs_Pond_05_20260401_00,High,2,1.0,0,2,0,0,0,0,0,0,1,0
2026-04-01 00:00:00,27.645454397463716,7.89424730444296,4.061755722452573,6.452798189386408,0.0,1.0,Pond_05,Mock_Data,Obs_Pond_05_20260401_00,Low,2,1.0,0,0,0,0,0,0,0,0,0,0
2026-04-01 04:00:00,27.7,7.91,3.98,6.39,1.0,1.0,Pond_01,Real_Data,Obs_Pond_01_20260401_04,Low,2,1.0,0,0,0,0,0,0,0,0,0,0
2026-04-01 04:00:00,27.7,7.91,3.98,6.39,1.0,1.0,Pond_01,Real_Data,Obs_Pond_01_20260401_04,Medium,2,1.0,0,1,0,0,0,0,0,0,0,1
2026-04-01 04:00:00,27.7,7.910000000000001,3.98,6.39,0.0,1.0,Pond_02,Real_Data,Obs_Pond_02_20260401_04,Low,2,1.0,0,0,0,0,0,0,0,0,0,0
2026-04-01 04:00:00,27.7,7.910000000000001,3.98,6.39,0.0,1.0,Pond_02,Real_Data,Obs_Pond_02_20260401_04,Medium,2,1.0,0,1,0,0,0,0,0,0,0,1
2026-04-01 04:00:00,27.521971232046326,7.71672443293395,3.2435456105204152,5.6372503207408,,,Pond_03,Real_Data,Obs_Pond_03_20260401_04,Unknown,0,1.0,0,-1,0,0,0,0,0,0,0,0
2026-04-01 04:00:00,27.74419363575761,7.89568158167266,3.983738171003629,6.3847514743176825,0.0,2.0,Pond_04,Mock_Data,Obs_Pond_04_20260401_04,Low,5,1.0,0,0,0,0,0,0,0,0,0,0
2026-04-01 04:00:00,27.74419363575761,7.89568158167266,3.983738171003629,6.3847514743176825,0.0,2.0,Pond_04,Mock_Data,Obs_Pond_04_20260401_04,Medium,5,1.0,0,1,0,0,0,0,0,0,0,1
2026-04-01 04:00:00,27.716684585882998,7.930497017115347,3.921324465459063,6.446982876902633,0.0,1.0,Pond_05,Mock_Data,Obs_Pond_05_20260401_04,Low,2,1.0,0,0,0,0,0,0,0,0,0,0
2026-04-01 04:00:00,27.716684585882998,7.930497017115347,3.921324465459063,6.446982876902633,0.0,1.0,Pond_05,Mock_Data,Obs_Pond_05_20260401_04,Medium,2,1.0,0,1,0,0,0,0,0,0,0,1
2026-04-01 08:00:00,27.7,7.91,3.98,6.39,0.0,1.0,Pond_01,Real_Data,Obs_Pond_01_20260401_08,Low,2,1.0,0,0,0,0,0,0,0,0,0,0
2026-04-01 08:00:00,27.7,7.91,3.98,6.39,0.0,1.0,Pond_01,Real_Data,Obs_Pond_01_20260401_08,Medium,2,1.0,0,1,0,0,0,0,0,0,0,1
2026-04-01 08:00:00,27.7,7.91,3.98,6.39,0.0,1.0,Pond_02,Real_Data,Obs_Pond_02_20260401_08,Low,2,1.0,0,0,0,0,0,0,0,0,0,0
2026-04-01 08:00:00,27.7,7.91,3.98,6.39,0.0,1.0,Pond_02,Real_Data,Obs_Pond_02_20260401_08,Medium,2,1.0,0,1,0,0,0,0,0,0,0,1
2026-04-01 08:00:00,26.739621047179973,7.735567836900442,3.29121817853378,6.02369946034891,,,Pond_03,Real_Data,Obs_Pond_03_20260401_08,Unknown,0,1.0,0,-1,0,0,0,0,0,0,0,0
2026-04-01 08:00:00,27.68510396003686,7.916265147945689,3.9953354859401204,6.294969507122062,0.0,1.0,Pond_04,Mock_Data,Obs_Pond_04_20260401_08,Low,2,1.0,0,0,0,0,0,0,0,0,0,0
2026-04-01 08:00:00,27.68510396003686,7.916265147945689,3.9953354859401204,6.294969507122062,0.0,1.0,Pond_04,Mock_Data,Obs_Pond_04_20260401_08,Medium,2,1.0,0,1,0,0,0,0,0,0,0,1
2026-04-01 08:00:00,27.68662491071709,7.93537746326246,3.932163268285116,6.358430597300427,0.0,1.0,Pond_05,Mock_Data,Obs_Pond_05_20260401_08,Low,2,1.0,0,0,0,0,0,0,0,0,0,0
2026-04-01 08:00:00,27.68662491071709,7.93537746326246,3.932163268285116,6.358430597300427,0.0,1.0,Pond_05,Mock_Data,Obs_Pond_05_20260401_08,Medium,2,1.0,0,1,0,0,0,0,0,0,0,1
2026-04-01 12:00:00,27.7,7.91,3.98,6.39,1.0,1.0,Pond_01,Real_Data,Obs_Pond_01_20260401_12,Low,2,1.0,0,0,0,0,0,0,0,0,0,0
2026-04-01 12:00:00,27.7,7.91,3.98,6.39,1.0,1.0,Pond_01,Real_Data,Obs_Pond_01_20260401_12,Medium,2,1.0,0,1,0,0,0,0,0,0,0,1
2026-04-01 12:00:00,27.7,7.91,3.98,6.39,0.0,1.0,Pond_02,Real_Data,Obs_Pond_02_20260401_12,Low,2,1.0,0,0,0,0,0,0,0,0,0,0
2026-04-01 12:00:00,27.7,7.91,3.98,6.39,0.0,1.0,Pond_02,Real_Data,Obs_Pond_02_20260401_12,Medium,2,1.0,0,1,0,0,0,0,0,0,0,1
2026-04-01 12:00:00,27.82655212805335,7.81195462009162,3.114812884837335,5.87038005101359,,,Pond_03,Real_Data,Obs_Pond_03_20260401_12,Unknown,0,1.0,0,-1,0,0,0,0,0,0,0,0
2026-04-01 12:00:00,27.676767558605682,7.905983322303881,3.9882603007027955,6.438001272589103,0.0,1.0,Pond_04,Mock_Data,Obs_Pond_04_20260401_12,Low,2,1.0,0,0,0,0,0,0,0,0,0,0
2026-04-01 12:00:00,27.676767558605682,7.905983322303881,3.9882603007027955,6.438001272589103,0.0,1.0,Pond_04,Mock_Data,Obs_Pond_04_20260401_12,Medium,2,1.0,0,1,0,0,0,0,0,0,0,1
2026-04-01 12:00:00,27.626999052618896,7.885027481939247,4.053847497436066,6.424295159446324,0.0,1.0,Pond_05,Mock_Data,Obs_Pond_05_20260401_12,High,2,1.0,0,2,0,0,0,0,0,0,1,0
2026-04-01 12:00:00,27.626999052618896,7.885027481939247,4.053847497436066,6.424295159446324,0.0,1.0,Pond_05,Mock_Data,Obs_Pond_05_20260401_12,Low,2,1.0,0,0,0,0,0,0,0,0,0,0
2026-04-01 16:00:00,27.7,7.91,3.98,6.39,1.0,1.0,Pond_01,Real_Data,Obs_Pond_01_20260401_16,Low,2,1.0,0,0,0,0,0,0,0,0,0,0
2026-04-01 16:00:00,27.7,7.91,3.98,6.39,1.0,1.0,Pond_01,Real_Data,Obs_Pond_01_20260401_16,Medium,2,1.0,0,1,0,0,0,0,0,0,0,1
2026-04-01 16:00:00,27.699999999999996,7.91,3.9799999999999995,6.39,0.0,1.0,Pond_02,Real_Data,Obs_Pond_02_20260401_16,Low,2,1.0,0,0,0,0,0,0,0,0,0,0
2026-04-01 16:00:00,27.699999999999996,7.91,3.9799999999999995,6.39,0.0,1.0,Pond_02,Real_Data,Obs_Pond_02_20260401_16,Medium,2,1.0,0,1,0,0,0,0,0,0,0,1
2026-04-01 16:00:00,27.128662451632074,7.782282023606678,3.2438685590906324,6.05574768312959,,,Pond_03,Real_Data,Obs_Pond_03_20260401_16,Unknown,0,1.0,0,-1,0,0,0,0,0,0,0,0
2026-04-01 16:00:00,27.744067286186635,7.862008217679605,4.00182774629378,6.395206475893667,0.0,1.0,Pond_04,Mock_Data,Obs_Pond_04_20260401_16,High,2,1.0,0,2,0,0,0,0,0,0,1,0
2026-04-01 16:00:00,27.744067286186635,7.862008217679605,4.00182774629378,6.395206475893667,0.0,1.0,Pond_04,Mock_Data,Obs_Pond_04_20260401_16,Low,2,1.0,0,0,0,0,0,0,0,0,0,0
2026-04-01 16:00:00,27.791101336870295,7.884185883516639,3.9819817116209344,6.375228203429833,0.0,1.0,Pond_05,Mock_Data,Obs_Pond_05_20260401_16,Low,4,1.0,0,0,0,0,0,0,0,0,0,0
2026-04-01 16:00:00,27.791101336870295,7.884185883516639,3.9819817116209344,6.375228203429833,0.0,1.0,Pond_05,Mock_Data,Obs_Pond_05_20260401_16,Medium,4,1.0,0,1,0,0,0,0,0,0,0,1
2026-04-01 20:00:00,27.7,7.91,3.98,6.39,0.0,1.0,Pond_01,Real_Data,Obs_Pond_01_20260401_20,Low,2,1.0,0,0,0,0,0,0,0,0,0,0
2026-04-01 20:00:00,27.7,7.91,3.98,6.39,0.0,1.0,Pond_01,Real_Data,Obs_Pond_01_20260401_20,Medium,2,1.0,0,1,0,0,0,0,0,0,0,1
2026-04-01 20:00:00,27.7,7.91,3.98,6.39,0.0,1.0,Pond_02,Real_Data,Obs_Pond_02_20260401_20,Low,2,1.0,0,0,0,0,0,0,0,0,0,0
2026-04-01 20:00:00,27.7,7.91,3.98,6.39,0.0,1.0,Pond_02,Real_Data,Obs_Pond_02_20260401_20,Medium,2,1.0,0,1,0,0,0,0,0,0,0,1
2026-04-01 20:00:00,27.139325820615525,7.815565621255047,2.966667929679335,6.72132230626562,,,Pond_03,Real_Data,Obs_Pond_03_20260401_20,Unknown,0,1.0,0,-1,0,0,0,0,0,0,0,0
2026-04-01 20:00:00,27.727536681902002,7.864528299589092,4.042403918851335,6.2979484535601316,0.0,1.0,Pond_04,Mock_Data,Obs_Pond_04_20260401_20,High,2,1.0,0,2,0,0,0,0,0,0,1,0
2026-04-01 20:00:00,27.727536681902002,7.864528299589092,4.042403918851335,6.2979484535601316,0.0,1.0,Pond_04,Mock_Data,Obs_Pond_04_20260401_20,Low,2,1.0,0,0,0,0,0,0,0,0,0,0
2026-04-01 20:00:00,27.66142995214346,7.914829916358514,3.9695404736416777,6.377615749223408,0.0,1.0,Pond_05,Mock_Data,Obs_Pond_05_20260401_20,Low,2,1.0,0,0,0,0,0,0,0,0,0,0
2026-04-01 20:00:00,27.66142995214346,7.914829916358514,3.9695404736416777,6.377615749223408,0.0,1.0,Pond_05,Mock_Data,Obs_Pond_05_20260401_20,Medium,2,1.0,0,1,0,0,0,0,0,0,0,1
2026-04-02 00:00:00,27.7,7.91,3.98,6.39,0.0,1.0,Pond_01,Real_Data,Obs_Pond_01_20260402_00,Low,2,1.0,0,0,0,0,0,0,0,0,0,0
2026-04-02 00:00:00,27.7,7.91,3.98,6.39,0.0,1.0,Pond_01,Real_Data,Obs_Pond_01_20260402_00,Medium,2,1.0,0,1,0,0,0,0,0,0,0,1
2026-04-02 00:00:00,27.7,7.91,3.98,6.39,0.0,1.0,Pond_02,Real_Data,Obs_Pond_02_20260402_00,Low,2,1.0,0,0,0,0,0,0,0,0,0,0
2026-04-02 00:00:00,27.7,7.91,3.98,6.39,0.0,1.0,Pond_02,Real_Data,Obs_Pond_02_20260402_00,Medium,2,1.0,0,1,0,0,0,0,0,0,0,1
2026-04-02 00:00:00,27.313348728923874,7.605175591146355,3.1967804821324375,5.47951340797603,,,Pond_03,Real_Data,Obs_Pond_03_20260402_00,Unknown,0,1.0,0,-1,0,0,0,0,0,0,0,0
2026-04-02 00:00:00,27.677626308028234,7.896987697660584,4.004495078218049,6.3704719258797144,0.0,1.0,Pond_04,Mock_Data,Obs_Pond_04_20260402_00,High,2,1.0,0,2,0,0,0,0,0,0,1,0
2026-04-02 00:00:00,27.677626308028234,7.896987697660584,4.004495078218049,6.3704719258797144,0.0,1.0,Pond_04,Mock_Data,Obs_Pond_04_20260402_00,Low,2,1.0,0,0,0,0,0,0,0,0,0,0
2026-04-02 00:00:00,27.585935145345314,7.923494646161146,3.9282935433606836,6.415873644574111,0.0,1.0,Pond_05,Mock_Data,Obs_Pond_05_20260402_00,Low,2,1.0,0,0,0,0,0,0,0,0,0,0
2026-04-02 00:00:00,27.585935145345314,7.923494646161146,3.9282935433606836,6.415873644574111,0.0,1.0,Pond_05,Mock_Data,Obs_Pond_05_20260402_00,Medium,2,1.0,0,1,0,0,0,0,0,0,0,1
2026-04-02 04:00:00,27.7,7.91,3.98,6.39,1.0,1.0,Pond_01,Real_Data,Obs_Pond_01_20260402_04,Low,2,1.0,0,0,0,0,0,0,0,0,0,0
2026-04-02 04:00:00,27.7,7.91,3.98,6.39,1.0,1.0,Pond_01,Real_Data,Obs_Pond_01_20260402_04,Medium,2,1.0,0,1,0,0,0,0,0,0,0,1
2026-04-02 04:00:00,27.7,7.91,3.98,6.39,0.0,1.0,Pond_02,Real_Data,Obs_Pond_02_20260402_04,Low,2,1.0,0,0,0,0,0,0,0,0,0,0
2026-04-02 04:00:00,27.7,7.91,3.98,6.39,0.0,1.0,Pond_02,Real_Data,Obs_Pond_02_20260402_04,Medium,2,1.0,0,1,0,0,0,0,0,0,0,1
2026-04-02 04:00:00,27.5241956397132,8.134350487880347,3.4268396338420826,6.31241986183042,,,Pond_03,Real_Data,Obs_Pond_03_20260402_04,Low,1,1.0,0,0,0,0,0,0,0,0,0,0
2026-04-02 04:00:00,27.771858501905026,7.9198136397534835,3.9347416854619177,6.3424976233603525,0.0,1.0,Pond_04,Mock_Data,Obs_Pond_04_20260402_04,Low,4,1.0,0,0,0,0,0,0,0,0,0,0
2026-04-02 04:00:00,27.771858501905026,7.9198136397534835,3.9347416854619177,6.3424976233603525,0.0,1.0,Pond_04,Mock_Data,Obs_Pond_04_20260402_04,Medium,4,1.0,0,1,0,0,0,0,0,0,0,1
2026-04-02 04:00:00,27.782323444667366,7.90358741035179,3.999303455717683,6.35229691846291,0.0,1.0,Pond_05,Mock_Data,Obs_Pond_05_20260402_04,Low,4,1.0,0,0,0,0,0,0,0,0,0,0
2026-04-02 04:00:00,27.782323444667366,7.90358741035179,3.999303455717683,6.35229691846291,0.0,1.0,Pond_05,Mock_Data,Obs_Pond_05_20260402_04,Medium,4,1.0,0,1,0,0,0,0,0,0,0,1
2026-04-02 08:00:00,27.7,7.91,3.98,6.39,1.0,1.0,Pond_01,Real_Data,Obs_Pond_01_20260402_08,Low,2,1.0,0,0,0,0,0,0,0,0,0,0
2026-04-02 08:00:00,27.7,7.91,3.98,6.39,1.0,1.0,Pond_01,Real_Data,Obs_Pond_01_20260402_08,Medium,2,1.0,0,1,0,0,0,0,0,0,0,1
2026-04-02 08:00:00,27.7,7.910000000000001,3.98,6.39,0.0,1.0,Pond_02,Real_Data,Obs_Pond_02_20260402_08,Low,2,1.0,0,0,0,0,0,0,0,0,0,0
2026-04-02 08:00:00,27.7,7.910000000000001,3.98,6.39,0.0,1.0,Pond_02,Real_Data,Obs_Pond_02_20260402_08,Medium,2,1.0,0,1,0,0,0,0,0,0,0,1
2026-04-02 08:00:00,27.050199899289574,7.8248722213666175,3.1211146798095424,6.3307507828392,,,Pond_03,Real_Data,Obs_Pond_03_20260402_08,Unknown,0,1.0,0,-1,0,0,0,0,0,0,0,0
2026-04-02 08:00:00,27.632992673042335,7.851088457540456,4.038750035826047,6.4101574402544665,0.0,2.0,Pond_04,Mock_Data,Obs_Pond_04_20260402_08,High,3,1.0,0,2,0,0,0,0,0,0,1,0
2026-04-02 08:00:00,27.632992673042335,7.851088457540456,4.038750035826047,6.4101574402544665,0.0,2.0,Pond_04,Mock_Data,Obs_Pond_04_20260402_08,Medium,3,1.0,0,1,0,0,0,0,0,0,0,1
2026-04-02 08:00:00,27.6687421993079,7.924565305253003,4.00347564134521,6.484290489669815,0.0,1.0,Pond_05,Mock_Data,Obs_Pond_05_20260402_08,High,2,1.0,0,2,0,0,0,0,0,0,1,0
2026-04-02 08:00:00,27.6687421993079,7.924565305253003,4.00347564134521,6.484290489669815,0.0,1.0,Pond_05,Mock_Data,Obs_Pond_05_20260402_08,Low,2,1.0,0,0,0,0,0,0,0,0,0,0
2026-04-02 12:00:00,27.7,7.91,3.98,6.39,1.0,1.0,Pond_01,Real_Data,Obs_Pond_01_20260402_12,Low,2,1.0,0,0,0,0,0,0,0,0,0,0
2026-04-02 12:00:00,27.7,7.91,3.98,6.39,1.0,1.0,Pond_01,Real_Data,Obs_Pond_01_20260402_12,Medium,2,1.0,0,1,0,0,0,0,0,0,0,1
2026-04-02 12:00:00,27.7,7.91,3.98,6.39,0.0,1.0,Pond_02,Real_Data,Obs_Pond_02_20260402_12,Low,2,1.0,0,0,0,0,0,0,0,0,0,0
2026-04-02 12:00:00,27.7,7.91,3.98,6.39,0.0,1.0,Pond_02,Real_Data,Obs_Pond_02_20260402_12,Medium,2,1.0,0,1,0,0,0,0,0,0,0,1
2026-04-02 12:00:00,26.9247867446263,7.885612007259815,3.150711078169055,6.39570420869599,,,Pond_03,Real_Data,Obs_Pond_03_20260402_12,Unknown,0,1.0,0,-1,0,0,0,0,0,0,0,0
2026-04-02 12:00:00,27.73817741065272,7.8992848685713435,4.050738875780883,6.4746560389308625,0.0,2.0,Pond_04,Mock_Data,Obs_Pond_04_20260402_12,High,3,1.0,0,2,0,0,0,0,0,0,1,0
2026-04-02 12:00:00,27.73817741065272,7.8992848685713435,4.050738875780883,6.4746560389308625,0.0,2.0,Pond_04,Mock_Data,Obs_Pond_04_20260402_12,Medium,3,1.0,0,1,0,0,0,0,0,0,0,1
2026-04-02 12:00:00,27.662325376076165,7.894773368834437,3.9328083546513457,6.3798869940533605,0.0,1.0,Pond_05,Mock_Data,Obs_Pond_05_20260402_12,Low,2,1.0,0,0,0,0,0,0,0,0,0,0
2026-04-02 12:00:00,27.662325376076165,7.894773368834437,3.9328083546513457,6.3798869940533605,0.0,1.0,Pond_05,Mock_Data,Obs_Pond_05_20260402_12,Medium,2,1.0,0,1,0,0,0,0,0,0,0,1
2026-04-02 16:00:00,27.7,7.91,3.98,6.39,1.0,1.0,Pond_01,Real_Data,Obs_Pond_01_20260402_16,Low,2,1.0,0,0,0,0,0,0,0,0,0,0
2026-04-02 16:00:00,27.7,7.91,3.98,6.39,1.0,1.0,Pond_01,Real_Data,Obs_Pond_01_20260402_16,Medium,2,1.0,0,1,0,0,0,0,0,0,0,1
2026-04-02 16:00:00,27.7,7.91,3.98,6.39,0.0,1.0,Pond_02,Real_Data,Obs_Pond_02_20260402_16,Low,2,1.0,0,0,0,0,0,0,0,0,0,0
2026-04-02 16:00:00,27.7,7.91,3.98,6.39,0.0,1.0,Pond_02,Real_Data,Obs_Pond_02_20260402_16,Medium,2,1.0,0,1,0,0,0,0,0,0,0,1
2026-04-02 16:00:00,27.28800001797895,7.812548784178647,3.4250330999308023,6.3951302915226,,,Pond_03,Real_Data,Obs_Pond_03_20260402_16,Low,1,1.0,0,0,0,0,0,0,0,0,0,0
2026-04-02 16:00:00,27.73676207387399,7.898716280873697,4.115908186334065,6.271573635143785,0.0,2.0,Pond_04,Mock_Data,Obs_Pond_04_20260402_16,High,3,1.0,0,2,0,0,0,0,0,0,1,0
2026-04-02 16:00:00,27.73676207387399,7.898716280873697,4.115908186334065,6.271573635143785,0.0,2.0,Pond_04,Mock_Data,Obs_Pond_04_20260402_16,Medium,3,1.0,0,1,0,0,0,0,0,0,0,1
2026-04-02 16:00:00,27.590576342540686,7.864657091112827,3.973951695028085,6.429052511285214,0.0,1.0,Pond_05,Mock_Data,Obs_Pond_05_20260402_16,Low,2,1.0,0,0,0,0,0,0,0,0,0,0
2026-04-02 16:00:00,27.590576342540686,7.864657091112827,3.973951695028085,6.429052511285214,0.0,1.0,Pond_05,Mock_Data,Obs_Pond_05_20260402_16,Medium,2,1.0,0,1,0,0,0,0,0,0,0,1
2026-04-02 20:00:00,27.7,7.91,3.98,6.39,1.0,1.0,Pond_01,Real_Data,Obs_Pond_01_20260402_20,Low,2,1.0,0,0,0,0,0,0,0,0,0,0
2026-04-02 20:00:00,27.7,7.91,3.98,6.39,1.0,1.0,Pond_01,Real_Data,Obs_Pond_01_20260402_20,Medium,2,1.0,0,1,0,0,0,0,0,0,0,1
2026-04-02 20:00:00,27.7,7.91,3.98,6.39,0.0,1.0,Pond_02,Real_Data,Obs_Pond_02_20260402_20,Low,2,1.0,0,0,0,0,0,0,0,0,0,0
2026-04-02 20:00:00,27.7,7.91,3.98,6.39,0.0,1.0,Pond_02,Real_Data,Obs_Pond_02_20260402_20,Medium,2,1.0,0,1,0,0,0,0,0,0,0,1
2026-04-02 20:00:00,26.996925986947776,7.82149734006274,3.4983470033901978,5.73954735272425,,,Pond_03,Real_Data,Obs_Pond_03_20260402_20,Low,1,1.0,0,0,0,0,0,0,0,0,0,0
2026-04-02 20:00:00,27.680813446411374,7.939768508028539,3.931557966979813,6.397264462676153,0.0,1.0,Pond_04,Mock_Data,Obs_Pond_04_20260402_20,Low,2,1.0,0,0,0,0,0,0,0,0,0,0
2026-04-02 20:00:00,27.680813446411374,7.939768508028539,3.931557966979813,6.397264462676153,0.0,1.0,Pond_04,Mock_Data,Obs_Pond_04_20260402_20,Medium,2,1.0,0,1,0,0,0,0,0,0,0,1
2026-04-02 20:00:00,27.807908419819913,7.9009107836197305,3.9655334620983473,6.481928329917286,0.0,1.0,Pond_05,Mock_Data,Obs_Pond_05_20260402_20,Low,2,1.0,0,0,0,0,0,0,0,0,0,0
2026-04-02 20:00:00,27.807908419819913,7.9009107836197305,3.9655334620983473,6.481928329917286,0.0,1.0,Pond_05,Mock_Data,Obs_Pond_05_20260402_20,Medium,2,1.0,0,1,0,0,0,0,0,0,0,1
2026-04-03 00:00:00,27.7,7.91,3.98,6.39,0.0,1.0,Pond_01,Real_Data,Obs_Pond_01_20260403_00,Low,2,1.0,0,0,0,0,0,0,0,0,0,0
2026-04-03 00:00:00,27.7,7.91,3.98,6.39,0.0,1.0,Pond_01,Real_Data,Obs_Pond_01_20260403_00,Medium,2,1.0,0,1,0,0,0,0,0,0,0,1
2026-04-03 00:00:00,27.7,7.910000000000001,3.98,6.39,0.0,1.0,Pond_02,Real_Data,Obs_Pond_02_20260403_00,Low,2,1.0,0,0,0,0,0,0,0,0,0,0
2026-04-03 00:00:00,27.7,7.910000000000001,3.98,6.39,0.0,1.0,Pond_02,Real_Data,Obs_Pond_02_20260403_00,Medium,2,1.0,0,1,0,0,0,0,0,0,0,1
2026-04-03 00:00:00,26.8642144545812,7.94750241410278,3.56019469328009,6.78926913468843,,,Pond_03,Real_Data,Obs_Pond_03_20260403_00,Low,1,1.0,0,0,0,0,0,0,0,0,0,0
2026-04-03 00:00:00,27.72021463636324,7.901744426267845,3.990472417434304,6.379886826315873,0.0,1.0,Pond_04,Mock_Data,Obs_Pond_04_20260403_00,Low,4,1.0,0,0,0,0,0,0,0,0,0,0
2026-04-03 00:00:00,27.72021463636324,7.901744426267845,3.990472417434304,6.379886826315873,0.0,1.0,Pond_04,Mock_Data,Obs_Pond_04_20260403_00,Medium,4,1.0,0,1,0,0,0,0,0,0,0,1
2026-04-03 00:00:00,27.620074388699734,7.911355813182269,3.9910370442675833,6.4551540102528335,0.0,1.0,Pond_05,Mock_Data,Obs_Pond_05_20260403_00,Low,2,1.0,0,0,0,0,0,0,0,0,0,0
2026-04-03 00:00:00,27.620074388699734,7.911355813182269,3.9910370442675833,6.4551540102528335,0.0,1.0,Pond_05,Mock_Data,Obs_Pond_05_20260403_00,Medium,2,1.0,0,1,0,0,0,0,0,0,0,1
2026-04-03 04:00:00,27.7,7.91,3.98,6.39,1.0,1.0,Pond_01,Real_Data,Obs_Pond_01_20260403_04,Low,2,1.0,0,0,0,0,0,0,0,0,0,0
2026-04-03 04:00:00,27.7,7.91,3.98,6.39,1.0,1.0,Pond_01,Real_Data,Obs_Pond_01_20260403_04,Medium,2,1.0,0,1,0,0,0,0,0,0,0,1
2026-04-03 04:00:00,27.7,7.91,3.98,6.39,0.0,1.0,Pond_02,Real_Data,Obs_Pond_02_20260403_04,Low,2,1.0,0,0,0,0,0,0,0,0,0,0
2026-04-03 04:00:00,27.7,7.91,3.98,6.39,0.0,1.0,Pond_02,Real_Data,Obs_Pond_02_20260403_04,Medium,2,1.0,0,1,0,0,0,0,0,0,0,1
2026-04-03 04:00:00,27.26443683080505,7.71695795091395,3.05992545755057,6.50848302407001,,,Pond_03,Real_Data,Obs_Pond_03_20260403_04,Unknown,0,1.0,0,-1,0,0,0,0,0,0,0,0
2026-04-03 04:00:00,27.62245248327853,7.9182119861938896,3.8902255186524344,6.43239842794372,0.0,1.0,Pond_04,Mock_Data,Obs_Pond_04_20260403_04,Low,2,1.0,0,0,0,0,0,0,0,0,0,0
2026-04-03 04:00:00,27.62245248327853,7.9182119861938896,3.8902255186524344,6.43239842794372,0.0,1.0,Pond_04,Mock_Data,Obs_Pond_04_20260403_04,Medium,2,1.0,0,1,0,0,0,0,0,0,0,1
2026-04-03 04:00:00,27.703622862198873,7.904085485398686,3.9317409478044447,6.301019828624275,0.0,1.0,Pond_05,Mock_Data,Obs_Pond_05_20260403_04,Low,2,1.0,0,0,0,0,0,0,0,0,0,0
2026-04-03 04:00:00,27.703622862198873,7.904085485398686,3.9317409478044447,6.301019828624275,0.0,1.0,Pond_05,Mock_Data,Obs_Pond_05_20260403_04,Medium,2,1.0,0,1,0,0,0,0,0,0,0,1
2026-04-03 08:00:00,27.7,7.91,3.98,6.39,0.0,1.0,Pond_01,Real_Data,Obs_Pond_01_20260403_08,Low,2,1.0,0,0,0,0,0,0,0,0,0,0
2026-04-03 08:00:00,27.7,7.91,3.98,6.39,0.0,1.0,Pond_01,Real_Data,Obs_Pond_01_20260403_08,Medium,2,1.0,0,1,0,0,0,0,0,0,0,1
2026-04-03 08:00:00,27.7,7.91,3.98,6.39,0.0,1.0,Pond_02,Real_Data,Obs_Pond_02_20260403_08,Low,2,1.0,0,0,0,0,0,0,0,0,0,0
2026-04-03 08:00:00,27.7,7.91,3.98,6.39,0.0,1.0,Pond_02,Real_Data,Obs_Pond_02_20260403_08,Medium,2,1.0,0,1,0,0,0,0,0,0,0,1
2026-04-03 08:00:00,26.967065409666525,7.752773256159815,3.452218449374065,4.96739018640857,,,Pond_03,Real_Data,Obs_Pond_03_20260403_08,Low,1,1.0,0,0,0,0,0,0,0,0,0,0
2026-04-03 08:00:00,27.757273777597444,7.913028812134039,4.003850299962115,6.403464415722016,0.0,1.0,Pond_04,Mock_Data,Obs_Pond_04_20260403_08,High,2,1.0,0,2,0,0,0,0,0,0,1,0
2026-04-03 08:00:00,27.757273777597444,7.913028812134039,4.003850299962115,6.403464415722016,0.0,1.0,Pond_04,Mock_Data,Obs_Pond_04_20260403_08,Low,2,1.0,0,0,0,0,0,0,0,0,0,0
2026-04-03 08:00:00,27.756566758652742,7.885157421272044,4.033980598148964,-1.5,0.0,2.0,Pond_05,Mock_Data,Obs_Pond_05_20260403_08,High,3,0.5,1,2,0,1,0,0,1,1,1,0
2026-04-03 08:00:00,27.756566758652742,7.885157421272044,4.033980598148964,-1.5,0.0,2.0,Pond_05,Mock_Data,Obs_Pond_05_20260403_08,Medium,3,0.5,1,1,0,1,0,0,1,1,0,1
2026-04-03 12:00:00,27.7,7.91,3.98,6.39,0.0,1.0,Pond_01,Real_Data,Obs_Pond_01_20260403_12,Low,2,1.0,0,0,0,0,0,0,0,0,0,0
2026-04-03 12:00:00,27.7,7.91,3.98,6.39,0.0,1.0,Pond_01,Real_Data,Obs_Pond_01_20260403_12,Medium,2,1.0,0,1,0,0,0,0,0,0,0,1
2026-04-03 12:00:00,27.7,7.91,3.98,6.39,0.0,1.0,Pond_02,Real_Data,Obs_Pond_02_20260403_12,Low,2,1.0,0,0,0,0,0,0,0,0,0,0
2026-04-03 12:00:00,27.7,7.91,3.98,6.39,0.0,1.0,Pond_02,Real_Data,Obs_Pond_02_20260403_12,Medium,2,1.0,0,1,0,0,0,0,0,0,0,1
2026-04-03 12:00:00,27.109310848206952,7.677559076854745,3.2601295581657874,5.89147772445713,,,Pond_03,Real_Data,Obs_Pond_03_20260403_12,Unknown,0,1.0,0,-1,0,0,0,0,0,0,0,0
2026-04-03 12:00:00,27.688539248723465,7.864316747440727,3.956363081458566,6.34250943799425,0.0,1.0,Pond_04,Mock_Data,Obs_Pond_04_20260403_12,Low,2,1.0,0,0,0,0,0,0,0,0,0,0
2026-04-03 12:00:00,27.688539248723465,7.864316747440727,3.956363081458566,6.34250943799425,0.0,1.0,Pond_04,Mock_Data,Obs_Pond_04_20260403_12,Medium,2,1.0,0,1,0,0,0,0,0,0,0,1
2026-04-03 12:00:00,27.72613919433939,7.871069156250143,4.019487851787605,6.443727114187896,0.0,2.0,Pond_05,Mock_Data,Obs_Pond_05_20260403_12,High,3,1.0,0,2,0,0,0,0,0,0,1,0
2026-04-03 12:00:00,27.72613919433939,7.871069156250143,4.019487851787605,6.443727114187896,0.0,2.0,Pond_05,Mock_Data,Obs_Pond_05_20260403_12,Medium,3,1.0,0,1,0,0,0,0,0,0,0,1
2026-04-03 16:00:00,27.7,7.91,3.98,6.39,1.0,1.0,Pond_01,Real_Data,Obs_Pond_01_20260403_16,Low,2,1.0,0,0,0,0,0,0,0,0,0,0
2026-04-03 16:00:00,27.7,7.91,3.98,6.39,1.0,1.0,Pond_01,Real_Data,Obs_Pond_01_20260403_16,Medium,2,1.0,0,1,0,0,0,0,0,0,0,1
2026-04-03 16:00:00,27.7,7.91,3.98,6.39,0.0,1.0,Pond_02,Real_Data,Obs_Pond_02_20260403_16,Low,2,1.0,0,0,0,0,0,0,0,0,0,0
2026-04-03 16:00:00,27.7,7.91,3.98,6.39,0.0,1.0,Pond_02,Real_Data,Obs_Pond_02_20260403_16,Medium,2,1.0,0,1,0,0,0,0,0,0,0,1
2026-04-03 16:00:00,27.633392041204324,7.876783472215937,3.751851876739277,5.30890316217303,,,Pond_03,Real_Data,Obs_Pond_03_20260403_16,Medium,1,1.0,0,1,0,0,0,0,0,0,0,1
2026-04-03 16:00:00,27.667600166012495,7.926471771534874,4.06293379577351,6.369850174634227,0.0,1.0,Pond_04,Mock_Data,Obs_Pond_04_20260403_16,High,2,1.0,0,2,0,0,0,0,0,0,1,0
2026-04-03 16:00:00,27.667600166012495,7.926471771534874,4.06293379577351,6.369850174634227,0.0,1.0,Pond_04,Mock_Data,Obs_Pond_04_20260403_16,Low,2,1.0,0,0,0,0,0,0,0,0,0,0
2026-04-03 16:00:00,27.696302458990104,7.89897699325019,3.9643408492722205,6.446325536650039,0.0,2.0,Pond_05,Mock_Data,Obs_Pond_05_20260403_16,Medium,3,1.0,0,1,0,0,0,0,0,0,0,1
2026-04-03 20:00:00,27.7,7.91,3.98,6.39,0.0,1.0,Pond_01,Real_Data,Obs_Pond_01_20260403_20,Low,2,1.0,0,0,0,0,0,0,0,0,0,0
2026-04-03 20:00:00,27.7,7.91,3.98,6.39,0.0,1.0,Pond_01,Real_Data,Obs_Pond_01_20260403_20,Medium,2,1.0,0,1,0,0,0,0,0,0,0,1
2026-04-03 20:00:00,27.7,7.910000000000001,3.9800000000000004,6.39,0.0,1.0,Pond_02,Real_Data,Obs_Pond_02_20260403_20,Low,2,1.0,0,0,0,0,0,0,0,0,0,0
2026-04-03 20:00:00,27.7,7.910000000000001,3.9800000000000004,6.39,0.0,1.0,Pond_02,Real_Data,Obs_Pond_02_20260403_20,Medium,2,1.0,0,1,0,0,0,0,0,0,0,1
2026-04-03 20:00:00,26.88219504197205,7.833452221193093,3.0825962435727,6.37398174862843,,,Pond_03,Real_Data,Obs_Pond_03_20260403_20,Unknown,0,1.0,0,-1,0,0,0,0,0,0,0,0
2026-04-03 20:00:00,27.765020524129067,7.914618496091253,3.9466006913740603,6.339727051735886,0.0,1.0,Pond_04,Mock_Data,Obs_Pond_04_20260403_20,Low,2,1.0,0,0,0,0,0,0,0,0,0,0
2026-04-03 20:00:00,27.765020524129067,7.914618496091253,3.9466006913740603,6.339727051735886,0.0,1.0,Pond_04,Mock_Data,Obs_Pond_04_20260403_20,Medium,2,1.0,0,1,0,0,0,0,0,0,0,1
2026-04-03 20:00:00,27.594525993410482,7.929247385949335,3.970668608764087,6.319689955269924,0.0,1.0,Pond_05,Mock_Data,Obs_Pond_05_20260403_20,Low,2,1.0,0,0,0,0,0,0,0,0,0,0
2026-04-03 20:00:00,27.594525993410482,7.929247385949335,3.970668608764087,6.319689955269924,0.0,1.0,Pond_05,Mock_Data,Obs_Pond_05_20260403_20,Medium,2,1.0,0,1,0,0,0,0,0,0,0,1
2026-04-04 00:00:00,27.7,7.91,3.98,6.39,0.0,1.0,Pond_01,Real_Data,Obs_Pond_01_20260404_00,Low,2,1.0,0,0,0,0,0,0,0,0,0,0
2026-04-04 00:00:00,27.7,7.91,3.98,6.39,0.0,1.0,Pond_01,Real_Data,Obs_Pond_01_20260404_00,Medium,2,1.0,0,1,0,0,0,0,0,0,0,1
2026-04-04 00:00:00,27.7,7.91,3.98,6.39,0.0,1.0,Pond_02,Real_Data,Obs_Pond_02_20260404_00,Low,2,1.0,0,0,0,0,0,0,0,0,0,0
2026-04-04 00:00:00,27.7,7.91,3.98,6.39,0.0,1.0,Pond_02,Real_Data,Obs_Pond_02_20260404_00,Medium,2,1.0,0,1,0,0,0,0,0,0,0,1
2026-04-04 00:00:00,27.242028936564775,7.845689134127838,3.9265798417365048,5.65717369239711,,,Pond_03,Real_Data,Obs_Pond_03_20260404_00,Medium,1,1.0,0,1,0,0,0,0,0,0,0,1
2026-04-04 00:00:00,27.65634280919736,7.9208982117452225,3.907166982572751,6.457955143351503,0.0,1.0,Pond_04,Mock_Data,Obs_Pond_04_20260404_00,Low,2,1.0,0,0,0,0,0,0,0,0,0,0
2026-04-04 00:00:00,27.65634280919736,7.9208982117452225,3.907166982572751,6.457955143351503,0.0,1.0,Pond_04,Mock_Data,Obs_Pond_04_20260404_00,Medium,2,1.0,0,1,0,0,0,0,0,0,0,1
2026-04-04 00:00:00,27.6498109912428,7.936935176833459,3.974117844765604,6.348504993027599,0.0,1.0,Pond_05,Mock_Data,Obs_Pond_05_20260404_00,Low,2,1.0,0,0,0,0,0,0,0,0,0,0
2026-04-04 00:00:00,27.6498109912428,7.936935176833459,3.974117844765604,6.348504993027599,0.0,1.0,Pond_05,Mock_Data,Obs_Pond_05_20260404_00,Medium,2,1.0,0,1,0,0,0,0,0,0,0,1
2026-04-04 04:00:00,27.687686567164175,7.909776119402985,3.97115671641791,6.39,0.0,1.0,Pond_01,Real_Data,Obs_Pond_01_20260404_04,Low,2,1.0,0,0,0,0,0,0,0,0,0,0
2026-04-04 04:00:00,27.687686567164175,7.909776119402985,3.97115671641791,6.39,0.0,1.0,Pond_01,Real_Data,Obs_Pond_01_20260404_04,Medium,2,1.0,0,1,0,0,0,0,0,0,0,1
2026-04-04 04:00:00,27.7,7.91,3.98,6.39,0.0,1.0,Pond_02,Real_Data,Obs_Pond_02_20260404_04,Low,2,1.0,0,0,0,0,0,0,0,0,0,0
2026-04-04 04:00:00,27.7,7.91,3.98,6.39,0.0,1.0,Pond_02,Real_Data,Obs_Pond_02_20260404_04,Medium,2,1.0,0,1,0,0,0,0,0,0,0,1
2026-04-04 04:00:00,27.90964760869995,8.03152741441292,3.9962515238767473,6.38730392235717,,,Pond_03,Real_Data,Obs_Pond_03_20260404_04,Low,3,1.0,0,0,0,0,0,0,0,0,0,0
2026-04-04 04:00:00,27.90964760869995,8.03152741441292,3.9962515238767473,6.38730392235717,,,Pond_03,Real_Data,Obs_Pond_03_20260404_04,Medium,3,1.0,0,1,0,0,0,0,0,0,0,1
2026-04-04 04:00:00,27.60038619892194,7.993961856131135,3.950837094761798,6.3913459354390945,0.0,1.0,Pond_04,Mock_Data,Obs_Pond_04_20260404_04,Low,2,1.0,0,0,0,0,0,0,0,0,0,0
2026-04-04 04:00:00,27.60038619892194,7.993961856131135,3.950837094761798,6.3913459354390945,0.0,1.0,Pond_04,Mock_Data,Obs_Pond_04_20260404_04,Medium,2,1.0,0,1,0,0,0,0,0,0,0,1
2026-04-04 04:00:00,27.699326957077236,7.935242872498874,3.937598150453907,6.45281124451392,0.0,1.0,Pond_05,Mock_Data,Obs_Pond_05_20260404_04,Low,2,1.0,0,0,0,0,0,0,0,0,0,0
2026-04-04 04:00:00,27.699326957077236,7.935242872498874,3.937598150453907,6.45281124451392,0.0,1.0,Pond_05,Mock_Data,Obs_Pond_05_20260404_04,Medium,2,1.0,0,1,0,0,0,0,0,0,0,1
2026-04-04 08:00:00,27.626119402985076,7.9086567164179105,3.9269402985074597,6.40298507462687,0.0,1.0,Pond_01,Real_Data,Obs_Pond_01_20260404_08,Low,2,1.0,0,0,0,0,0,0,0,0,0,0
2026-04-04 08:00:00,27.626119402985076,7.9086567164179105,3.9269402985074597,6.40298507462687,0.0,1.0,Pond_01,Real_Data,Obs_Pond_01_20260404_08,Medium,2,1.0,0,1,0,0,0,0,0,0,0,1
2026-04-04 08:00:00,27.7,7.910000000000001,3.98,6.39,0.0,1.0,Pond_02,Real_Data,Obs_Pond_02_20260404_08,Low,2,1.0,0,0,0,0,0,0,0,0,0,0
2026-04-04 08:00:00,27.7,7.910000000000001,3.98,6.39,0.0,1.0,Pond_02,Real_Data,Obs_Pond_02_20260404_08,Medium,2,1.0,0,1,0,0,0,0,0,0,0,1
2026-04-04 08:00:00,27.197538689028526,7.987201785736818,2.822309347112425,6.09630638008281,,,Pond_03,Real_Data,Obs_Pond_03_20260404_08,Unknown,0,1.0,0,-1,0,0,0,0,0,0,0,0
2026-04-04 08:00:00,27.529635175540488,7.8639695129537035,3.8417625930519756,6.523054617805881,0.0,1.0,Pond_04,Mock_Data,Obs_Pond_04_20260404_08,Low,2,1.0,0,0,0,0,0,0,0,0,0,0
2026-04-04 08:00:00,27.529635175540488,7.8639695129537035,3.8417625930519756,6.523054617805881,0.0,1.0,Pond_04,Mock_Data,Obs_Pond_04_20260404_08,Medium,2,1.0,0,1,0,0,0,0,0,0,0,1
2026-04-04 08:00:00,27.577328153727443,7.89116211969306,3.9078208177761518,6.354876160352701,0.0,1.0,Pond_05,Mock_Data,Obs_Pond_05_20260404_08,Low,2,1.0,0,0,0,0,0,0,0,0,0,0
2026-04-04 08:00:00,27.577328153727443,7.89116211969306,3.9078208177761518,6.354876160352701,0.0,1.0,Pond_05,Mock_Data,Obs_Pond_05_20260404_08,Medium,2,1.0,0,1,0,0,0,0,0,0,0,1
2026-04-04 12:00:00,27.56044776119405,7.907462686567167,3.8797761194029876,6.42029850746269,1.0,1.0,Pond_01,Real_Data,Obs_Pond_01_20260404_12,Low,2,1.0,0,0,0,0,0,0,0,0,0,0
2026-04-04 12:00:00,27.56044776119405,7.907462686567167,3.8797761194029876,6.42029850746269,1.0,1.0,Pond_01,Real_Data,Obs_Pond_01_20260404_12,Medium,2,1.0,0,1,0,0,0,0,0,0,0,1
2026-04-04 12:00:00,27.7,7.91,3.98,6.39,0.0,1.0,Pond_02,Real_Data,Obs_Pond_02_20260404_12,Low,2,1.0,0,0,0,0,0,0,0,0,0,0
2026-04-04 12:00:00,27.7,7.91,3.98,6.39,0.0,1.0,Pond_02,Real_Data,Obs_Pond_02_20260404_12,Medium,2,1.0,0,1,0,0,0,0,0,0,0,1
2026-04-04 12:00:00,27.1668281320134,7.779578958487103,3.7113971885134376,6.83040175660708,,,Pond_03,Real_Data,Obs_Pond_03_20260404_12,Medium,1,1.0,0,1,0,0,0,0,0,0,0,1
2026-04-04 12:00:00,27.598009951967434,7.944443345648173,3.912161502413676,6.416467478698364,0.0,1.0,Pond_04,Mock_Data,Obs_Pond_04_20260404_12,Low,2,1.0,0,0,0,0,0,0,0,0,0,0
2026-04-04 12:00:00,27.598009951967434,7.944443345648173,3.912161502413676,6.416467478698364,0.0,1.0,Pond_04,Mock_Data,Obs_Pond_04_20260404_12,Medium,2,1.0,0,1,0,0,0,0,0,0,0,1
2026-04-04 12:00:00,27.573052548978616,7.882725107213902,3.868122789978959,6.401371227371381,0.0,1.0,Pond_05,Mock_Data,Obs_Pond_05_20260404_12,Low,2,1.0,0,0,0,0,0,0,0,0,0,0
2026-04-04 12:00:00,27.573052548978616,7.882725107213902,3.868122789978959,6.401371227371381,0.0,1.0,Pond_05,Mock_Data,Obs_Pond_05_20260404_12,Medium,2,1.0,0,1,0,0,0,0,0,0,0,1
2026-04-04 16:00:00,27.494776119402975,7.90626865671642,3.83261194029851,6.43761194029851,0.0,1.0,Pond_01,Real_Data,Obs_Pond_01_20260404_16,Low,2,1.0,0,0,0,0,0,0,0,0,0,0
2026-04-04 16:00:00,27.494776119402975,7.90626865671642,3.83261194029851,6.43761194029851,0.0,1.0,Pond_01,Real_Data,Obs_Pond_01_20260404_16,Medium,2,1.0,0,1,0,0,0,0,0,0,0,1
2026-04-04 16:00:00,27.7,7.910000000000001,3.9800000000000004,6.39,0.0,1.0,Pond_02,Real_Data,Obs_Pond_02_20260404_16,Low,2,1.0,0,0,0,0,0,0,0,0,0,0
2026-04-04 16:00:00,27.7,7.910000000000001,3.9800000000000004,6.39,0.0,1.0,Pond_02,Real_Data,Obs_Pond_02_20260404_16,Medium,2,1.0,0,1,0,0,0,0,0,0,0,1
2026-04-04 16:00:00,27.725488315777,7.933333493488265,3.6310264641893726,6.60980481753746,,,Pond_03,Real_Data,Obs_Pond_03_20260404_16,Low,1,1.0,0,0,0,0,0,0,0,0,0,0
2026-04-04 16:00:00,27.415411528931305,7.900105254752313,3.743571128192263,6.392872568532563,0.0,1.0,Pond_04,Mock_Data,Obs_Pond_04_20260404_16,Low,2,1.0,0,0,0,0,0,0,0,0,0,0
2026-04-04 16:00:00,27.415411528931305,7.900105254752313,3.743571128192263,6.392872568532563,0.0,1.0,Pond_04,Mock_Data,Obs_Pond_04_20260404_16,Medium,2,1.0,0,1,0,0,0,0,0,0,0,1
2026-04-04 16:00:00,27.53703248156922,7.916917413636625,3.9021544750690063,6.537136248918197,0.0,2.0,Pond_05,Mock_Data,Obs_Pond_05_20260404_16,Medium,3,1.0,0,1,0,0,0,0,0,0,0,1
2026-04-04 20:00:00,27.42910447761195,7.905074626865672,3.78544776119403,6.45492537313433,1.0,1.0,Pond_01,Real_Data,Obs_Pond_01_20260404_20,Low,2,1.0,0,0,0,0,0,0,0,0,0,0
2026-04-04 20:00:00,27.42910447761195,7.905074626865672,3.78544776119403,6.45492537313433,1.0,1.0,Pond_01,Real_Data,Obs_Pond_01_20260404_20,Medium,2,1.0,0,1,0,0,0,0,0,0,0,1
2026-04-04 20:00:00,27.7,7.91,3.98,6.39,0.0,1.0,Pond_02,Real_Data,Obs_Pond_02_20260404_20,Low,2,1.0,0,0,0,0,0,0,0,0,0,0
2026-04-04 20:00:00,27.7,7.91,3.98,6.39,0.0,1.0,Pond_02,Real_Data,Obs_Pond_02_20260404_20,Medium,2,1.0,0,1,0,0,0,0,0,0,0,1
2026-04-04 20:00:00,26.9934907022601,7.775817336813118,3.0234802247462174,7.11580850861179,,,Pond_03,Real_Data,Obs_Pond_03_20260404_20,Unknown,0,1.0,0,-1,0,0,0,0,0,0,0,0
2026-04-04 20:00:00,27.53787152621463,7.911235485506708,3.786674775353931,6.359326863744132,0.0,1.0,Pond_04,Mock_Data,Obs_Pond_04_20260404_20,Low,2,1.0,0,0,0,0,0,0,0,0,0,0
2026-04-04 20:00:00,27.53787152621463,7.911235485506708,3.786674775353931,6.359326863744132,0.0,1.0,Pond_04,Mock_Data,Obs_Pond_04_20260404_20,Medium,2,1.0,0,1,0,0,0,0,0,0,0,1
2026-04-04 20:00:00,27.488763096973027,7.918692335820171,3.826263389931666,6.451906615362683,0.0,1.0,Pond_05,Mock_Data,Obs_Pond_05_20260404_20,Low,2,1.0,0,0,0,0,0,0,0,0,0,0
2026-04-04 20:00:00,27.488763096973027,7.918692335820171,3.826263389931666,6.451906615362683,0.0,1.0,Pond_05,Mock_Data,Obs_Pond_05_20260404_20,Medium,2,1.0,0,1,0,0,0,0,0,0,0,1
2026-04-05 00:00:00,27.363432835820902,7.903880597014927,3.73828358208955,6.47223880597015,1.0,1.0,Pond_01,Real_Data,Obs_Pond_01_20260405_00,Low,2,1.0,0,0,0,0,0,0,0,0,0,0
2026-04-05 00:00:00,27.363432835820902,7.903880597014927,3.73828358208955,6.47223880597015,1.0,1.0,Pond_01,Real_Data,Obs_Pond_01_20260405_00,Medium,2,1.0,0,1,0,0,0,0,0,0,0,1
2026-04-05 00:00:00,27.7,7.909999999999999,3.98,6.39,0.0,1.0,Pond_02,Real_Data,Obs_Pond_02_20260405_00,Low,2,1.0,0,0,0,0,0,0,0,0,0,0
2026-04-05 00:00:00,27.7,7.909999999999999,3.98,6.39,0.0,1.0,Pond_02,Real_Data,Obs_Pond_02_20260405_00,Medium,2,1.0,0,1,0,0,0,0,0,0,0,1
2026-04-05 00:00:00,27.41185102665435,7.692353681044147,3.2523164395574673,6.32112615742219,,,Pond_03,Real_Data,Obs_Pond_03_20260405_00,Unknown,0,1.0,0,-1,0,0,0,0,0,0,0,0
2026-04-05 00:00:00,27.23438903147083,7.902904731011054,3.648693939590983,6.358361666323712,0.0,1.0,Pond_04,Mock_Data,Obs_Pond_04_20260405_00,Low,2,1.0,0,0,0,0,0,0,0,0,0,0
2026-04-05 00:00:00,27.28743081166557,7.912460967218899,3.778583372614221,6.426339444386929,0.0,1.0,Pond_05,Mock_Data,Obs_Pond_05_20260405_00,Low,2,1.0,0,0,0,0,0,0,0,0,0,0
2026-04-05 00:00:00,27.28743081166557,7.912460967218899,3.778583372614221,6.426339444386929,0.0,1.0,Pond_05,Mock_Data,Obs_Pond_05_20260405_00,Medium,2,1.0,0,1,0,0,0,0,0,0,0,1
2026-04-05 04:00:00,27.29776119402985,7.90268656716418,3.691119402985075,6.48955223880597,1.0,1.0,Pond_01,Real_Data,Obs_Pond_01_20260405_04,Low,2,1.0,0,0,0,0,0,0,0,0,0,0
2026-04-05 04:00:00,27.7,7.910000000000001,3.98,6.39,0.0,1.0,Pond_02,Real_Data,Obs_Pond_02_20260405_04,Low,2,1.0,0,0,0,0,0,0,0,0,0,0
2026-04-05 04:00:00,27.7,7.910000000000001,3.98,6.39,0.0,1.0,Pond_02,Real_Data,Obs_Pond_02_20260405_04,Medium,2,1.0,0,1,0,0,0,0,0,0,0,1
2026-04-05 04:00:00,28.138474579197474,7.847325278261325,3.4313821382372223,6.34139897302054,,,Pond_03,Real_Data,Obs_Pond_03_20260405_04,Low,3,1.0,0,0,0,0,0,0,0,0,0,0
2026-04-05 04:00:00,27.40291230186716,7.893590162171834,3.677309025391064,6.389506262126473,0.0,1.0,Pond_04,Mock_Data,Obs_Pond_04_20260405_04,Low,2,1.0,0,0,0,0,0,0,0,0,0,0
2026-04-05 04:00:00,27.4339154568361,7.859501356986797,3.7070695978503734,6.434126385989547,0.0,1.0,Pond_05,Mock_Data,Obs_Pond_05_20260405_04,Low,2,1.0,0,0,0,0,0,0,0,0,0,0
2026-04-05 08:00:00,27.232089552238826,7.901492537313432,3.6439552238806,6.50686567164179,0.0,1.0,Pond_01,Real_Data,Obs_Pond_01_20260405_08,Low,2,1.0,0,0,0,0,0,0,0,0,0,0
2026-04-05 08:00:00,27.7,7.91,3.98,6.39,0.0,1.0,Pond_02,Real_Data,Obs_Pond_02_20260405_08,Low,2,1.0,0,0,0,0,0,0,0,0,0,0
2026-04-05 08:00:00,27.7,7.91,3.98,6.39,0.0,1.0,Pond_02,Real_Data,Obs_Pond_02_20260405_08,Medium,2,1.0,0,1,0,0,0,0,0,0,0,1
2026-04-05 08:00:00,27.1632205221265,7.671315416049772,3.0801116121148175,5.66081833497563,,,Pond_03,Real_Data,Obs_Pond_03_20260405_08,Unknown,0,1.0,0,-1,0,0,0,0,0,0,0,0
2026-04-05 08:00:00,27.24516900471643,7.88927427431904,3.714813258309662,6.523736033567208,0.0,1.0,Pond_04,Mock_Data,Obs_Pond_04_20260405_08,Low,2,1.0,0,0,0,0,0,0,0,0,0,0
2026-04-05 08:00:00,27.24516900471643,7.88927427431904,3.714813258309662,6.523736033567208,0.0,1.0,Pond_04,Mock_Data,Obs_Pond_04_20260405_08,Medium,2,1.0,0,1,0,0,0,0,0,0,0,1
2026-04-05 08:00:00,27.27966006736116,7.882904942039449,3.5957790963181577,6.5278785338494005,0.0,2.0,Pond_05,Mock_Data,Obs_Pond_05_20260405_08,Low,3,1.0,0,0,0,0,0,0,0,0,0,0
2026-04-05 08:00:00,27.27966006736116,7.882904942039449,3.5957790963181577,6.5278785338494005,0.0,2.0,Pond_05,Mock_Data,Obs_Pond_05_20260405_08,Medium,3,1.0,0,1,0,0,0,0,0,0,0,1
2026-04-05 12:00:00,27.16641791044775,7.900298507462687,3.59679104477612,6.52417910447761,1.0,1.0,Pond_01,Real_Data,Obs_Pond_01_20260405_12,Low,2,1.0,0,0,0,0,0,0,0,0,0,0
2026-04-05 12:00:00,27.7,7.91,3.98,6.39,0.0,1.0,Pond_02,Real_Data,Obs_Pond_02_20260405_12,Low,2,1.0,0,0,0,0,0,0,0,0,0,0
2026-04-05 12:00:00,27.7,7.91,3.98,6.39,0.0,1.0,Pond_02,Real_Data,Obs_Pond_02_20260405_12,Medium,2,1.0,0,1,0,0,0,0,0,0,0,1
2026-04-05 12:00:00,26.954001566751224,8.045807277116399,3.193268072530845,5.6849760517943,,,Pond_03,Real_Data,Obs_Pond_03_20260405_12,Unknown,0,1.0,0,-1,0,0,0,0,0,0,0,0
2026-04-05 12:00:00,27.160423361430365,7.90736377903733,3.612341209306338,6.556307591956895,0.0,1.0,Pond_04,Mock_Data,Obs_Pond_04_20260405_12,Low,2,1.0,0,0,0,0,0,0,0,0,0,0
2026-04-05 12:00:00,27.16631166241174,7.8996619253528735,3.5950020602345774,6.439984250396223,0.0,1.0,Pond_05,Mock_Data,Obs_Pond_05_20260405_12,Low,2,1.0,0,0,0,0,0,0,0,0,0,0
2026-04-05 16:00:00,27.100746268656724,7.89910447761194,3.54962686567164,6.54149253731343,1.0,1.0,Pond_01,Real_Data,Obs_Pond_01_20260405_16,Low,2,1.0,0,0,0,0,0,0,0,0,0,0
2026-04-05 16:00:00,27.7,7.909999999999999,3.9799999999999995,6.39,0.0,1.0,Pond_02,Real_Data,Obs_Pond_02_20260405_16,Low,2,1.0,0,0,0,0,0,0,0,0,0,0
2026-04-05 16:00:00,27.7,7.909999999999999,3.9799999999999995,6.39,0.0,1.0,Pond_02,Real_Data,Obs_Pond_02_20260405_16,Medium,2,1.0,0,1,0,0,0,0,0,0,0,1
2026-04-05 16:00:00,27.170710072954574,7.959415766201688,3.636301392547575,7.07872571461431,,,Pond_03,Real_Data,Obs_Pond_03_20260405_16,Low,1,1.0,0,0,0,0,0,0,0,0,0,0
2026-04-05 16:00:00,27.066970660435565,7.866573491220184,3.5123953499831977,6.441632567088138,0.0,1.0,Pond_04,Mock_Data,Obs_Pond_04_20260405_16,Low,2,1.0,0,0,0,0,0,0,0,0,0,0
2026-04-05 16:00:00,27.168278791674258,7.90955132921114,3.591471710962666,6.525872054623646,0.0,1.0,Pond_05,Mock_Data,Obs_Pond_05_20260405_16,Low,2,1.0,0,0,0,0,0,0,0,0,0,0
2026-04-05 20:00:00,27.035074626865676,7.897910447761193,3.5024626865671626,6.55880597014925,1.0,1.0,Pond_01,Real_Data,Obs_Pond_01_20260405_20,Low,2,1.0,0,0,0,0,0,0,0,0,0,0
2026-04-05 20:00:00,27.7,7.91,3.9800000000000004,6.39,0.0,1.0,Pond_02,Real_Data,Obs_Pond_02_20260405_20,Low,2,1.0,0,0,0,0,0,0,0,0,0,0
2026-04-05 20:00:00,27.7,7.91,3.9800000000000004,6.39,0.0,1.0,Pond_02,Real_Data,Obs_Pond_02_20260405_20,Medium,2,1.0,0,1,0,0,0,0,0,0,0,1
2026-04-05 20:00:00,27.273066213261526,7.97025152489826,3.7115971996602353,6.01248238898534,,,Pond_03,Real_Data,Obs_Pond_03_20260405_20,Medium,1,1.0,0,1,0,0,0,0,0,0,0,1
2026-04-05 20:00:00,27.059814198944565,7.914004241595182,3.5011172762696345,6.615332042102032,0.0,1.0,Pond_04,Mock_Data,Obs_Pond_04_20260405_20,Low,2,1.0,0,0,0,0,0,0,0,0,0,0
2026-04-05 20:00:00,27.181689212635124,7.914362924775443,3.448209708873827,6.579851117492638,0.0,2.0,Pond_05,Mock_Data,Obs_Pond_05_20260405_20,Low,3,1.0,0,0,0,0,0,0,0,0,0,0
2026-04-05 20:00:00,27.181689212635124,7.914362924775443,3.448209708873827,6.579851117492638,0.0,2.0,Pond_05,Mock_Data,Obs_Pond_05_20260405_20,Medium,3,1.0,0,1,0,0,0,0,0,0,0,1
2026-04-06 00:00:00,26.96940298507465,7.896716417910447,3.45529850746269,6.57611940298507,1.0,1.0,Pond_01,Real_Data,Obs_Pond_01_20260406_00,Low,2,1.0,0,0,0,0,0,0,0,0,0,0
2026-04-06 00:00:00,27.7,7.91,3.9800000000000004,6.39,0.0,0.0,Pond_02,Real_Data,Obs_Pond_02_20260406_00,Medium,1,1.0,0,1,0,0,0,0,0,0,0,1
2026-04-06 00:00:00,27.363808398507924,7.790306881206877,3.1549726043615722,5.85379643856208,,,Pond_03,Real_Data,Obs_Pond_03_20260406_00,Unknown,0,1.0,0,-1,0,0,0,0,0,0,0,0
2026-04-06 00:00:00,26.967070281017495,7.887792446613457,3.456075346399681,6.545611721542148,0.0,1.0,Pond_04,Mock_Data,Obs_Pond_04_20260406_00,Low,2,1.0,0,0,0,0,0,0,0,0,0,0
2026-04-06 00:00:00,26.88022709153462,7.8998094779737835,3.482744965168874,6.65816710427205,0.0,1.0,Pond_05,Mock_Data,Obs_Pond_05_20260406_00,Low,2,1.0,0,0,0,0,0,0,0,0,0,0
2026-04-06 04:00:00,26.903731343283575,7.8955223880597,3.40813432835821,6.5934328358209,0.0,1.0,Pond_01,Real_Data,Obs_Pond_01_20260406_04,Low,2,1.0,0,0,0,0,0,0,0,0,0,0
2026-04-06 04:00:00,27.7,7.91,3.9800000000000004,6.39,0.0,0.0,Pond_02,Real_Data,Obs_Pond_02_20260406_04,Medium,1,1.0,0,1,0,0,0,0,0,0,0,1
2026-04-06 04:00:00,27.229759457578048,8.012363733765573,3.3095566348502174,6.13778277220495,,,Pond_03,Real_Data,Obs_Pond_03_20260406_04,Low,1,1.0,0,0,0,0,0,0,0,0,0,0
2026-04-06 04:00:00,26.972117078007756,7.87129162900376,3.428512874342714,6.602703536557578,0.0,2.0,Pond_04,Mock_Data,Obs_Pond_04_20260406_04,Low,3,1.0,0,0,0,0,0,0,0,0,0,0
2026-04-06 04:00:00,26.972117078007756,7.87129162900376,3.428512874342714,6.602703536557578,0.0,2.0,Pond_04,Mock_Data,Obs_Pond_04_20260406_04,Medium,3,1.0,0,1,0,0,0,0,0,0,0,1
2026-04-06 04:00:00,26.889768935021817,7.9026149994941814,3.5082789748399907,6.635591780560472,0.0,1.0,Pond_05,Mock_Data,Obs_Pond_05_20260406_04,Low,2,1.0,0,0,0,0,0,0,0,0,0,0
2026-04-06 08:00:00,26.83805970149255,7.894328358208957,3.3609701492537303,6.61074626865672,0.0,1.0,Pond_01,Real_Data,Obs_Pond_01_20260406_08,Low,2,1.0,0,0,0,0,0,0,0,0,0,0
2026-04-06 08:00:00,27.7,7.91,3.9800000000000004,6.39,0.0,0.0,Pond_02,Real_Data,Obs_Pond_02_20260406_08,Medium,1,1.0,0,1,0,0,0,0,0,0,0,1
2026-04-06 08:00:00,27.05632981737485,7.795742813024835,3.3901166487730525,6.12543466830407,,,Pond_03,Real_Data,Obs_Pond_03_20260406_08,Low,1,1.0,0,0,0,0,0,0,0,0,0,0
2026-04-06 08:00:00,26.845139850458935,7.884679257257832,3.302034902595551,6.7125659313497,0.0,1.0,Pond_04,Mock_Data,Obs_Pond_04_20260406_08,Low,2,1.0,0,0,0,0,0,0,0,0,0,0
2026-04-06 08:00:00,26.690637858746836,15.016149646044605,3.4067528196592876,6.565649544188901,0.0,1.0,Pond_05,Mock_Data,Obs_Pond_05_20260406_08,Low,2,0.5,1,0,1,0,0,0,1,1,0,0
2026-04-06 12:00:00,26.7723880597015,7.89313432835821,3.3138059701492524,6.62805970149254,0.0,1.0,Pond_01,Real_Data,Obs_Pond_01_20260406_12,Low,2,1.0,0,0,0,0,0,0,0,0,0,0
2026-04-06 12:00:00,27.7,7.91,3.9800000000000004,6.39,0.0,0.0,Pond_02,Real_Data,Obs_Pond_02_20260406_12,Medium,1,1.0,0,1,0,0,0,0,0,0,0,1
2026-04-06 12:00:00,27.53773151930365,7.72660180860991,3.2937589857440126,6.54516316209717,,,Pond_03,Real_Data,Obs_Pond_03_20260406_12,Unknown,0,1.0,0,-1,0,0,0,0,0,0,0,0
2026-04-06 12:00:00,26.78170418301774,7.920089913045632,3.3393558730389215,6.684699515566898,0.0,2.0,Pond_04,Mock_Data,Obs_Pond_04_20260406_12,Low,3,1.0,0,0,0,0,0,0,0,0,0,0
2026-04-06 12:00:00,26.78170418301774,7.920089913045632,3.3393558730389215,6.684699515566898,0.0,2.0,Pond_04,Mock_Data,Obs_Pond_04_20260406_12,Medium,3,1.0,0,1,0,0,0,0,0,0,0,1
2026-04-06 12:00:00,26.78432914021683,7.907835265094429,3.3747750933041702,6.70248267767978,0.0,1.0,Pond_05,Mock_Data,Obs_Pond_05_20260406_12,Low,2,1.0,0,0,0,0,0,0,0,0,0,0
2026-04-06 16:00:00,26.70671641791045,7.891940298507462,3.26664179104478,6.64537313432836,1.0,1.0,Pond_01,Real_Data,Obs_Pond_01_20260406_16,Low,1,1.0,0,0,0,0,0,0,0,0,0,0
2026-04-06 16:00:00,27.7,7.91,3.9800000000000004,6.39,0.0,0.0,Pond_02,Real_Data,Obs_Pond_02_20260406_16,Medium,1,1.0,0,1,0,0,0,0,0,0,0,1
2026-04-06 16:00:00,26.758141935133224,7.907977586594662,3.2956977912030174,5.85647690869632,,,Pond_03,Real_Data,Obs_Pond_03_20260406_16,Unknown,0,1.0,0,-1,0,0,0,0,0,0,0,0
2026-04-06 16:00:00,26.6841787165866,7.8804617324942505,3.1500357167429325,6.628414103093234,0.0,1.0,Pond_04,Mock_Data,Obs_Pond_04_20260406_16,Low,1,1.0,0,0,0,0,0,0,0,0,0,0
2026-04-06 16:00:00,26.72936457441714,7.8986487118377395,3.2760559691762,6.626457286484657,0.0,1.0,Pond_05,Mock_Data,Obs_Pond_05_20260406_16,Low,1,1.0,0,0,0,0,0,0,0,0,0,0
2026-04-06 20:00:00,26.641044776119426,7.890746268656717,3.2194776119403,6.66268656716418,1.0,1.0,Pond_01,Real_Data,Obs_Pond_01_20260406_20,Low,1,1.0,0,0,0,0,0,0,0,0,0,0
2026-04-06 20:00:00,27.7,7.91,3.9800000000000004,6.39,0.0,0.0,Pond_02,Real_Data,Obs_Pond_02_20260406_20,Medium,1,1.0,0,1,0,0,0,0,0,0,0,1
2026-04-06 20:00:00,27.075086666799223,7.82111041828168,3.1341367048767426,5.53522738127628,,,Pond_03,Real_Data,Obs_Pond_03_20260406_20,Unknown,0,1.0,0,-1,0,0,0,0,0,0,0,0
2026-04-06 20:00:00,26.63751512718021,7.898432171596924,3.1923186886334007,6.606403394628061,0.0,1.0,Pond_04,Mock_Data,Obs_Pond_04_20260406_20,Low,1,1.0,0,0,0,0,0,0,0,0,0,0
2026-04-06 20:00:00,26.638617398733818,7.892155804644005,3.2612122273776105,6.584645843277701,0.0,1.0,Pond_05,Mock_Data,Obs_Pond_05_20260406_20,Low,1,1.0,0,0,0,0,0,0,0,0,0,0
2026-04-07 00:00:00,26.6,7.89,3.19,6.68,1.0,1.0,Pond_01,Real_Data,Obs_Pond_01_20260407_00,Low,1,1.0,0,0,0,0,0,0,0,0,0,0
2026-04-07 00:00:00,27.7,7.91,3.9800000000000004,6.39,0.0,0.0,Pond_02,Real_Data,Obs_Pond_02_20260407_00,Medium,1,1.0,0,1,0,0,0,0,0,0,0,1
2026-04-07 00:00:00,26.62378350333545,7.847982270836642,3.1291237275849326,6.22753940958225,,,Pond_03,Real_Data,Obs_Pond_03_20260407_00,Unknown,0,1.0,0,-1,0,0,0,0,0,0,0,0
2026-04-07 00:00:00,26.61907841403897,7.874326956952633,3.1689469486271076,6.544102273286259,0.0,2.0,Pond_04,Mock_Data,Obs_Pond_04_20260407_00,Medium,2,1.0,0,1,0,0,0,0,0,0,0,1
2026-04-07 00:00:00,26.559430179641723,7.884245680786674,3.159048105210569,6.66913474194372,0.0,2.0,Pond_05,Mock_Data,Obs_Pond_05_20260407_00,Medium,2,1.0,0,1,0,0,0,0,0,0,0,1
2026-04-07 04:00:00,26.6,7.89,3.19,6.68,0.0,1.0,Pond_01,Real_Data,Obs_Pond_01_20260407_04,Low,1,1.0,0,0,0,0,0,0,0,0,0,0
2026-04-07 04:00:00,27.7,7.91,3.9800000000000004,6.39,0.0,0.0,Pond_02,Real_Data,Obs_Pond_02_20260407_04,Medium,1,1.0,0,1,0,0,0,0,0,0,0,1
2026-04-07 04:00:00,26.94222823542215,7.812606567986507,3.3439652627256597,6.27653329897936,,,Pond_03,Real_Data,Obs_Pond_03_20260407_04,Low,1,1.0,0,0,0,0,0,0,0,0,0,0
2026-04-07 04:00:00,26.493998982563014,7.906251234410383,3.217307344866486,6.634581930595296,0.0,1.0,Pond_04,Mock_Data,Obs_Pond_04_20260407_04,Low,1,1.0,0,0,0,0,0,0,0,0,0,0
2026-04-07 04:00:00,26.47296536124706,7.891743037232733,3.2243155014057683,6.770827458965429,0.0,1.0,Pond_05,Mock_Data,Obs_Pond_05_20260407_04,Low,1,1.0,0,0,0,0,0,0,0,0,0,0
2026-04-07 08:00:00,26.6,7.89,3.19,6.68,1.0,1.0,Pond_01,Real_Data,Obs_Pond_01_20260407_08,Low,1,1.0,0,0,0,0,0,0,0,0,0,0
2026-04-07 08:00:00,27.7,7.91,3.9800000000000004,6.39,0.0,0.0,Pond_02,Real_Data,Obs_Pond_02_20260407_08,Medium,1,1.0,0,1,0,0,0,0,0,0,0,1
2026-04-07 08:00:00,27.001298674996274,7.873440605661784,3.408091722526725,6.52311036014662,,,Pond_03,Real_Data,Obs_Pond_03_20260407_08,Low,1,1.0,0,0,0,0,0,0,0,0,0,0
2026-04-07 08:00:00,26.51643569893435,7.904698543067909,3.190975781339476,6.6666660869331595,0.0,1.0,Pond_04,Mock_Data,Obs_Pond_04_20260407_08,Low,1,1.0,0,0,0,0,0,0,0,0,0,0
2026-04-07 08:00:00,26.62315266184234,7.900390527851337,3.2182154516715884,6.690435721926711,0.0,1.0,Pond_05,Mock_Data,Obs_Pond_05_20260407_08,Low,1,1.0,0,0,0,0,0,0,0,0,0,0
2026-04-07 12:00:00,26.6,7.89,3.19,6.68,1.0,1.0,Pond_01,Real_Data,Obs_Pond_01_20260407_12,Low,1,1.0,0,0,0,0,0,0,0,0,0,0
2026-04-07 12:00:00,27.7,7.91,3.9800000000000004,6.39,0.0,0.0,Pond_02,Real_Data,Obs_Pond_02_20260407_12,Medium,1,1.0,0,1,0,0,0,0,0,0,0,1
2026-04-07 12:00:00,28.112716510229852,7.917524001746545,3.11081582505624,6.30184102415872,,,Pond_03,Real_Data,Obs_Pond_03_20260407_12,Unknown,0,1.0,0,-1,0,0,0,0,0,0,0,0
2026-04-07 12:00:00,26.646069586205133,7.929637563537761,3.1293959114580003,6.617654757227169,0.0,1.0,Pond_04,Mock_Data,Obs_Pond_04_20260407_12,Low,1,1.0,0,0,0,0,0,0,0,0,0,0
2026-04-07 12:00:00,26.69021189771157,7.895735162859375,3.202500188029622,6.680790817323635,0.0,1.0,Pond_05,Mock_Data,Obs_Pond_05_20260407_12,Low,1,1.0,0,0,0,0,0,0,0,0,0,0
2026-04-07 16:00:00,26.6,7.89,3.19,6.68,1.0,1.0,Pond_01,Real_Data,Obs_Pond_01_20260407_16,Low,1,1.0,0,0,0,0,0,0,0,0,0,0
2026-04-07 16:00:00,27.7,7.91,3.9800000000000004,6.39,0.0,0.0,Pond_02,Real_Data,Obs_Pond_02_20260407_16,Medium,1,1.0,0,1,0,0,0,0,0,0,0,1
2026-04-07 16:00:00,27.2460697642898,7.681735011690122,3.40759555942169,6.38770614749737,,,Pond_03,Real_Data,Obs_Pond_03_20260407_16,Low,1,1.0,0,0,0,0,0,0,0,0,0,0
2026-04-07 16:00:00,26.61059071747797,7.886235587042902,3.147529752616577,6.671710476915369,0.0,1.0,Pond_04,Mock_Data,Obs_Pond_04_20260407_16,Low,1,1.0,0,0,0,0,0,0,0,0,0,0
2026-04-07 16:00:00,26.563367024030622,7.898165616804449,3.246742691100006,6.7833979683047785,0.0,1.0,Pond_05,Mock_Data,Obs_Pond_05_20260407_16,Low,1,1.0,0,0,0,0,0,0,0,0,0,0
2026-04-07 20:00:00,26.6,7.89,3.19,6.68,1.0,1.0,Pond_01,Real_Data,Obs_Pond_01_20260407_20,Low,1,1.0,0,0,0,0,0,0,0,0,0,0
2026-04-07 20:00:00,27.7,7.91,3.9800000000000004,6.39,0.0,0.0,Pond_02,Real_Data,Obs_Pond_02_20260407_20,Medium,1,1.0,0,1,0,0,0,0,0,0,0,1
2026-04-07 20:00:00,27.19348908429525,7.9891637871441175,3.2578729119127825,5.74959066839382,,,Pond_03,Real_Data,Obs_Pond_03_20260407_20,Unknown,0,1.0,0,-1,0,0,0,0,0,0,0,0
2026-04-07 20:00:00,26.5885961985214,7.904337185255768,3.198566546237183,6.68485357441968,0.0,2.0,Pond_04,Mock_Data,Obs_Pond_04_20260407_20,Medium,2,1.0,0,1,0,0,0,0,0,0,0,1
2026-04-07 20:00:00,26.627276144507174,7.918790419116381,3.166769050717145,6.589602901013151,0.0,1.0,Pond_05,Mock_Data,Obs_Pond_05_20260407_20,Low,1,1.0,0,0,0,0,0,0,0,0,0,0
2026-04-08 00:00:00,26.6,7.89,3.19,6.68,0.0,1.0,Pond_01,Real_Data,Obs_Pond_01_20260408_00,Low,1,1.0,0,0,0,0,0,0,0,0,0,0
2026-04-08 00:00:00,26.6,7.889999999999999,3.19,6.68,0.0,1.0,Pond_02,Real_Data,Obs_Pond_02_20260408_00,Low,1,1.0,0,0,0,0,0,0,0,0,0,0
2026-04-08 00:00:00,26.9530712590387,7.922743440808573,3.2075922942214676,6.01732415677589,,,Pond_03,Real_Data,Obs_Pond_03_20260408_00,Unknown,0,1.0,0,-1,0,0,0,0,0,0,0,0
2026-04-08 00:00:00,26.601142586700053,7.892102747893147,3.186590829437361,6.665799238751229,0.0,1.0,Pond_04,Mock_Data,Obs_Pond_04_20260408_00,Low,1,1.0,0,0,0,0,0,0,0,0,0,0
2026-04-08 00:00:00,26.5028020319962,7.895685600786105,3.1819345843221236,6.598808092479939,0.0,1.0,Pond_05,Mock_Data,Obs_Pond_05_20260408_00,Low,1,1.0,0,0,0,0,0,0,0,0,0,0
2026-04-08 04:00:00,26.6,7.89,3.19,6.68,1.0,1.0,Pond_01,Real_Data,Obs_Pond_01_20260408_04,Low,1,1.0,0,0,0,0,0,0,0,0,0,0
2026-04-08 04:00:00,26.6,7.89,3.19,6.68,0.0,1.0,Pond_02,Real_Data,Obs_Pond_02_20260408_04,Low,1,1.0,0,0,0,0,0,0,0,0,0,0
2026-04-08 04:00:00,27.394538233509024,7.720781204551263,3.6196312959810673,6.85014640335409,,,Pond_03,Real_Data,Obs_Pond_03_20260408_04,Low,1,1.0,0,0,0,0,0,0,0,0,0,0
2026-04-08 04:00:00,26.62154408569883,7.917785867494095,3.1650297300993513,6.63894913985772,0.0,1.0,Pond_04,Mock_Data,Obs_Pond_04_20260408_04,Low,1,1.0,0,0,0,0,0,0,0,0,0,0
2026-04-08 04:00:00,26.628339343742404,7.87608428152683,3.1941160657937084,6.577951347505386,0.0,1.0,Pond_05,Mock_Data,Obs_Pond_05_20260408_04,Low,1,1.0,0,0,0,0,0,0,0,0,0,0
2026-04-08 08:00:00,26.6,7.89,3.19,6.68,1.0,1.0,Pond_01,Real_Data,Obs_Pond_01_20260408_08,Low,1,1.0,0,0,0,0,0,0,0,0,0,0
2026-04-08 08:00:00,26.6,7.89,3.19,6.68,0.0,1.0,Pond_02,Real_Data,Obs_Pond_02_20260408_08,Low,1,1.0,0,0,0,0,0,0,0,0,0,0
2026-04-08 08:00:00,27.684162321944225,7.69209789492329,3.4853452755509675,6.54935941404238,,,Pond_03,Real_Data,Obs_Pond_03_20260408_08,Low,1,1.0,0,0,0,0,0,0,0,0,0,0
2026-04-08 08:00:00,26.566544186215854,7.874586915347562,3.169267743646491,6.690651372095288,0.0,1.0,Pond_04,Mock_Data,Obs_Pond_04_20260408_08,Low,1,1.0,0,0,0,0,0,0,0,0,0,0
2026-04-08 08:00:00,26.575617065558173,7.908946149932534,3.1456059514480548,6.703534565918318,0.0,1.0,Pond_05,Mock_Data,Obs_Pond_05_20260408_08,Low,1,1.0,0,0,0,0,0,0,0,0,0,0
2026-04-08 12:00:00,26.6,7.89,3.19,6.68,1.0,1.0,Pond_01,Real_Data,Obs_Pond_01_20260408_12,Low,1,1.0,0,0,0,0,0,0,0,0,0,0
2026-04-08 12:00:00,26.6,7.89,3.19,6.68,0.0,1.0,Pond_02,Real_Data,Obs_Pond_02_20260408_12,Low,1,1.0,0,0,0,0,0,0,0,0,0,0
2026-04-08 12:00:00,27.5830545270991,7.693034004142603,3.40245830083276,6.81171629711154,,,Pond_03,Real_Data,Obs_Pond_03_20260408_12,Low,1,1.0,0,0,0,0,0,0,0,0,0,0
2026-04-08 12:00:00,26.551758497512342,7.9059742801685555,3.220016886701877,6.707910725790779,0.0,1.0,Pond_04,Mock_Data,Obs_Pond_04_20260408_12,Low,1,1.0,0,0,0,0,0,0,0,0,0,0
2026-04-08 12:00:00,26.552743204222956,7.860706202178006,3.199784693456011,6.690514859905933,0.0,1.0,Pond_05,Mock_Data,Obs_Pond_05_20260408_12,Low,1,1.0,0,0,0,0,0,0,0,0,0,0
2026-04-08 16:00:00,26.6,7.89,3.19,6.68,1.0,1.0,Pond_01,Real_Data,Obs_Pond_01_20260408_16,Low,1,1.0,0,0,0,0,0,0,0,0,0,0
2026-04-08 16:00:00,26.6,7.89,3.19,6.68,0.0,1.0,Pond_02,Real_Data,Obs_Pond_02_20260408_16,Low,1,1.0,0,0,0,0,0,0,0,0,0,0
2026-04-08 16:00:00,27.265093117806526,7.978369222759513,3.5107692577419125,6.50602555752018,,,Pond_03,Real_Data,Obs_Pond_03_20260408_16,Low,1,1.0,0,0,0,0,0,0,0,0,0,0
2026-04-08 16:00:00,26.612139036360222,7.885825332917135,3.167678492304117,6.61113593492095,0.0,1.0,Pond_04,Mock_Data,Obs_Pond_04_20260408_16,Low,1,1.0,0,0,0,0,0,0,0,0,0,0
2026-04-08 16:00:00,26.552870536061192,7.866812513919884,3.115884355982195,6.777431389840606,0.0,1.0,Pond_05,Mock_Data,Obs_Pond_05_20260408_16,Low,1,1.0,0,0,0,0,0,0,0,0,0,0
2026-04-08 20:00:00,26.6,7.89,3.19,6.68,1.0,1.0,Pond_01,Real_Data,Obs_Pond_01_20260408_20,Low,1,1.0,0,0,0,0,0,0,0,0,0,0
2026-04-08 20:00:00,26.6,7.889999999999999,3.19,6.68,0.0,1.0,Pond_02,Real_Data,Obs_Pond_02_20260408_20,Low,1,1.0,0,0,0,0,0,0,0,0,0,0
2026-04-08 20:00:00,27.366371553138524,7.841450672739528,2.9791427061116402,5.86939671098196,,,Pond_03,Real_Data,Obs_Pond_03_20260408_20,Unknown,0,1.0,0,-1,0,0,0,0,0,0,0,0
2026-04-08 20:00:00,26.53935772038288,7.888623687768507,3.1862017431105167,6.769107319724487,0.0,1.0,Pond_04,Mock_Data,Obs_Pond_04_20260408_20,Low,1,1.0,0,0,0,0,0,0,0,0,0,0
2026-04-08 20:00:00,26.575602853877058,7.8972011812637435,3.235141856233241,6.695376648700394,0.0,1.0,Pond_05,Mock_Data,Obs_Pond_05_20260408_20,Low,1,1.0,0,0,0,0,0,0,0,0,0,0
2026-04-09 00:00:00,26.6,7.89,3.19,6.68,1.0,1.0,Pond_01,Real_Data,Obs_Pond_01_20260409_00,Low,1,1.0,0,0,0,0,0,0,0,0,0,0
2026-04-09 00:00:00,26.6,7.89,3.19,6.68,0.0,1.0,Pond_02,Real_Data,Obs_Pond_02_20260409_00,Low,1,1.0,0,0,0,0,0,0,0,0,0,0
2026-04-09 00:00:00,27.74657742144755,7.942160070610754,3.3670386392552625,6.26717732702045,,,Pond_03,Real_Data,Obs_Pond_03_20260409_00,Low,1,1.0,0,0,0,0,0,0,0,0,0,0
2026-04-09 00:00:00,26.62530464699442,7.891967341530866,3.283561814074265,6.673773674521472,0.0,1.0,Pond_04,Mock_Data,Obs_Pond_04_20260409_00,Low,1,1.0,0,0,0,0,0,0,0,0,0,0
2026-04-09 00:00:00,26.62370428592838,7.901072491573882,3.1920108774807185,6.654475487453808,0.0,1.0,Pond_05,Mock_Data,Obs_Pond_05_20260409_00,Low,1,1.0,0,0,0,0,0,0,0,0,0,0
2026-04-09 04:00:00,26.6,7.89,3.19,6.68,1.0,1.0,Pond_01,Real_Data,Obs_Pond_01_20260409_04,Low,1,1.0,0,0,0,0,0,0,0,0,0,0
2026-04-09 04:00:00,26.6,7.89,3.19,6.68,0.0,1.0,Pond_02,Real_Data,Obs_Pond_02_20260409_04,Low,1,1.0,0,0,0,0,0,0,0,0,0,0
2026-04-09 04:00:00,27.66221657974355,7.788770026984735,3.7027400782277526,6.43502230556161,,,Pond_03,Real_Data,Obs_Pond_03_20260409_04,Low,1,1.0,0,0,0,0,0,0,0,0,0,0
2026-04-09 04:00:00,26.494469108951087,7.8954084966814335,3.128614643900392,6.68119044640448,0.0,1.0,Pond_04,Mock_Data,Obs_Pond_04_20260409_04,Low,1,1.0,0,0,0,0,0,0,0,0,0,0
2026-04-09 04:00:00,26.518668456879833,7.863303818476618,3.1675405026601453,6.680113355050681,0.0,1.0,Pond_05,Mock_Data,Obs_Pond_05_20260409_04,Low,1,1.0,0,0,0,0,0,0,0,0,0,0
2026-04-09 08:00:00,26.6,7.89,3.19,6.68,0.0,1.0,Pond_01,Real_Data,Obs_Pond_01_20260409_08,Low,1,1.0,0,0,0,0,0,0,0,0,0,0
2026-04-09 08:00:00,26.6,7.89,3.19,6.68,0.0,1.0,Pond_02,Real_Data,Obs_Pond_02_20260409_08,Low,1,1.0,0,0,0,0,0,0,0,0,0,0
2026-04-09 08:00:00,26.870177317512624,7.98484342545356,3.5292311813141,6.876513583819,,,Pond_03,Real_Data,Obs_Pond_03_20260409_08,Low,1,1.0,0,0,0,0,0,0,0,0,0,0
2026-04-09 08:00:00,26.6637899432161,7.887507836163768,3.110153535223981,6.724727224318123,0.0,1.0,Pond_04,Mock_Data,Obs_Pond_04_20260409_08,Low,1,1.0,0,0,0,0,0,0,0,0,0,0
2026-04-09 08:00:00,26.575385681686804,7.88179169116112,3.1540240598684575,6.687433802442489,0.0,1.0,Pond_05,Mock_Data,Obs_Pond_05_20260409_08,Low,1,1.0,0,0,0,0,0,0,0,0,0,0
2026-04-09 12:00:00,26.6,7.89,3.19,6.68,1.0,1.0,Pond_01,Real_Data,Obs_Pond_01_20260409_12,Low,1,1.0,0,0,0,0,0,0,0,0,0,0
2026-04-09 12:00:00,26.6,7.89,3.19,6.68,0.0,1.0,Pond_02,Real_Data,Obs_Pond_02_20260409_12,Low,1,1.0,0,0,0,0,0,0,0,0,0,0
2026-04-09 12:00:00,27.44700777308315,8.0377844731698,3.2222952743637725,6.26610175762485,,,Pond_03,Real_Data,Obs_Pond_03_20260409_12,Unknown,0,1.0,0,-1,0,0,0,0,0,0,0,0
2026-04-09 12:00:00,26.629292913019007,7.894603844408306,3.2237862732630607,6.694728745807891,0.0,1.0,Pond_04,Mock_Data,Obs_Pond_04_20260409_12,Low,1,1.0,0,0,0,0,0,0,0,0,0,0
2026-04-09 12:00:00,26.597429463272913,7.877004451143956,3.179885584825146,6.574420052708509,0.0,1.0,Pond_05,Mock_Data,Obs_Pond_05_20260409_12,Low,1,1.0,0,0,0,0,0,0,0,0,0,0
2026-04-09 16:00:00,26.6,7.89,3.19,6.68,1.0,1.0,Pond_01,Real_Data,Obs_Pond_01_20260409_16,Low,1,1.0,0,0,0,0,0,0,0,0,0,0
2026-04-09 16:00:00,26.6,7.889999999999999,3.19,6.68,0.0,1.0,Pond_02,Real_Data,Obs_Pond_02_20260409_16,Low,1,1.0,0,0,0,0,0,0,0,0,0,0
2026-04-09 16:00:00,26.74056586757085,7.874924959073385,3.301397103841645,5.12745063525478,,,Pond_03,Real_Data,Obs_Pond_03_20260409_16,Low,1,1.0,0,0,0,0,0,0,0,0,0,0
2026-04-09 16:00:00,26.61586943861665,7.92383774525472,3.1607387412736543,6.740195266618307,0.0,1.0,Pond_04,Mock_Data,Obs_Pond_04_20260409_16,Low,1,1.0,0,0,0,0,0,0,0,0,0,0
2026-04-09 16:00:00,26.531878476702193,7.879564767124831,3.2196759027189166,6.851170774629593,0.0,1.0,Pond_05,Mock_Data,Obs_Pond_05_20260409_16,Low,1,1.0,0,0,0,0,0,0,0,0,0,0
2026-04-09 20:00:00,26.6,7.89,3.19,6.68,0.0,1.0,Pond_01,Real_Data,Obs_Pond_01_20260409_20,Low,1,1.0,0,0,0,0,0,0,0,0,0,0
2026-04-09 20:00:00,26.6,7.89,3.19,6.68,0.0,1.0,Pond_02,Real_Data,Obs_Pond_02_20260409_20,Low,1,1.0,0,0,0,0,0,0,0,0,0,0
2026-04-09 20:00:00,27.324904870115127,7.86856545440111,3.200125346201685,6.31304703716371,,,Pond_03,Real_Data,Obs_Pond_03_20260409_20,Unknown,0,1.0,0,-1,0,0,0,0,0,0,0,0
2026-04-09 20:00:00,26.660909934116233,7.91112984846945,3.1762784559854595,6.698133303308175,0.0,1.0,Pond_04,Mock_Data,Obs_Pond_04_20260409_20,Low,1,1.0,0,0,0,0,0,0,0,0,0,0
2026-04-09 20:00:00,26.711362331445816,7.910232466781204,3.2136170276916722,6.71283241187918,0.0,2.0,Pond_05,Mock_Data,Obs_Pond_05_20260409_20,Medium,2,1.0,0,1,0,0,0,0,0,0,0,1
2026-04-10 00:00:00,26.6,7.89,3.19,6.68,1.0,1.0,Pond_01,Real_Data,Obs_Pond_01_20260410_00,Low,1,1.0,0,0,0,0,0,0,0,0,0,0
2026-04-10 00:00:00,26.6,7.889999999999999,3.19,6.68,0.0,1.0,Pond_02,Real_Data,Obs_Pond_02_20260410_00,Low,1,1.0,0,0,0,0,0,0,0,0,0,0
2026-04-10 00:00:00,27.717918582932423,7.817945836123263,3.05476187444474,6.26471991105131,,,Pond_03,Real_Data,Obs_Pond_03_20260410_00,Unknown,0,1.0,0,-1,0,0,0,0,0,0,0,0
2026-04-10 00:00:00,26.703230761594238,7.908636268400167,3.1563186434962693,6.641321567399903,0.0,1.0,Pond_04,Mock_Data,Obs_Pond_04_20260410_00,Low,1,1.0,0,0,0,0,0,0,0,0,0,0
2026-04-10 00:00:00,26.5470979643567,7.905148772794292,3.1595791063166514,6.693263057618064,0.0,1.0,Pond_05,Mock_Data,Obs_Pond_05_20260410_00,Low,1,1.0,0,0,0,0,0,0,0,0,0,0
2026-04-10 04:00:00,26.6,7.89,3.19,6.68,1.0,1.0,Pond_01,Real_Data,Obs_Pond_01_20260410_04,Low,1,1.0,0,0,0,0,0,0,0,0,0,0
2026-04-10 04:00:00,26.6,7.89,3.19,6.68,0.0,1.0,Pond_02,Real_Data,Obs_Pond_02_20260410_04,Low,1,1.0,0,0,0,0,0,0,0,0,0,0
2026-04-10 04:00:00,27.4087444367719,7.949487893589778,3.3584129607054622,6.59103677614004,,,Pond_03,Real_Data,Obs_Pond_03_20260410_04,Low,1,1.0,0,0,0,0,0,0,0,0,0,0
2026-04-10 04:00:00,26.66287349211414,7.8802323971510315,3.1787981185254544,6.702830725741698,0.0,1.0,Pond_04,Mock_Data,Obs_Pond_04_20260410_04,Low,1,1.0,0,0,0,0,0,0,0,0,0,0
2026-04-10 04:00:00,26.55850642880565,7.889589985395893,3.153521050806439,6.718850631410102,0.0,1.0,Pond_05,Mock_Data,Obs_Pond_05_20260410_04,Low,1,1.0,0,0,0,0,0,0,0,0,0,0
2026-04-10 08:00:00,26.6,7.89,3.19,6.68,0.0,1.0,Pond_01,Real_Data,Obs_Pond_01_20260410_08,Low,1,1.0,0,0,0,0,0,0,0,0,0,0
2026-04-10 08:00:00,26.6,7.89,3.19,6.68,0.0,1.0,Pond_02,Real_Data,Obs_Pond_02_20260410_08,Low,1,1.0,0,0,0,0,0,0,0,0,0,0
2026-04-10 08:00:00,26.847204114661274,7.994649458745332,3.5285098153009553,5.0732060764541,,,Pond_03,Real_Data,Obs_Pond_03_20260410_08,Low,1,1.0,0,0,0,0,0,0,0,0,0,0
2026-04-10 08:00:00,26.485897469317887,7.870933045869731,3.2589246526631834,6.607768064369375,0.0,2.0,Pond_04,Mock_Data,Obs_Pond_04_20260410_08,Medium,2,1.0,0,1,0,0,0,0,0,0,0,1
2026-04-10 08:00:00,26.539361738590678,7.878293575046578,3.218323700777206,6.724802792799014,0.0,1.0,Pond_05,Mock_Data,Obs_Pond_05_20260410_08,Low,1,1.0,0,0,0,0,0,0,0,0,0,0
2026-04-10 12:00:00,26.6,7.89,3.19,6.68,1.0,1.0,Pond_01,Real_Data,Obs_Pond_01_20260410_12,Low,1,1.0,0,0,0,0,0,0,0,0,0,0
2026-04-10 12:00:00,26.6,7.889999999999999,3.19,6.68,0.0,1.0,Pond_02,Real_Data,Obs_Pond_02_20260410_12,Low,1,1.0,0,0,0,0,0,0,0,0,0,0
2026-04-10 12:00:00,27.4119573403003,7.816577542167185,3.3714353034056,6.3166210531591,,,Pond_03,Real_Data,Obs_Pond_03_20260410_12,Low,1,1.0,0,0,0,0,0,0,0,0,0,0
2026-04-10 12:00:00,26.52068824278046,7.9104833958881855,3.2245856160595414,6.686856079391674,0.0,1.0,Pond_04,Mock_Data,Obs_Pond_04_20260410_12,Low,1,1.0,0,0,0,0,0,0,0,0,0,0
2026-04-10 12:00:00,26.711474823119996,7.861061035956603,3.158854327845865,6.671123356051047,0.0,1.0,Pond_05,Mock_Data,Obs_Pond_05_20260410_12,Low,1,1.0,0,0,0,0,0,0,0,0,0,0
2026-04-10 16:00:00,26.6,7.89,3.19,6.68,0.0,1.0,Pond_01,Real_Data,Obs_Pond_01_20260410_16,Low,1,1.0,0,0,0,0,0,0,0,0,0,0
2026-04-10 16:00:00,26.6,7.89,3.19,6.68,0.0,1.0,Pond_02,Real_Data,Obs_Pond_02_20260410_16,Low,1,1.0,0,0,0,0,0,0,0,0,0,0
2026-04-10 16:00:00,26.77028475545065,7.756542746528465,3.4405908997849526,5.73208482818468,,,Pond_03,Real_Data,Obs_Pond_03_20260410_16,Low,1,1.0,0,0,0,0,0,0,0,0,0,0
2026-04-10 16:00:00,26.5612719979894,7.9087840498084345,3.2271767526999433,6.677901362642673,0.0,2.0,Pond_04,Mock_Data,Obs_Pond_04_20260410_16,Medium,2,1.0,0,1,0,0,0,0,0,0,0,1
2026-04-10 16:00:00,26.634270611613125,7.920451369555538,3.1925831479013937,6.640134017364911,0.0,1.0,Pond_05,Mock_Data,Obs_Pond_05_20260410_16,Low,1,1.0,0,0,0,0,0,0,0,0,0,0
2026-04-10 20:00:00,26.6,7.89,3.19,6.68,1.0,1.0,Pond_01,Real_Data,Obs_Pond_01_20260410_20,Low,1,1.0,0,0,0,0,0,0,0,0,0,0
2026-04-10 20:00:00,26.6,7.89,3.19,6.68,0.0,1.0,Pond_02,Real_Data,Obs_Pond_02_20260410_20,Low,1,1.0,0,0,0,0,0,0,0,0,0,0
2026-04-10 20:00:00,27.545411621076624,7.844032244679667,3.53602912353504,5.81443937124705,,,Pond_03,Real_Data,Obs_Pond_03_20260410_20,Low,1,1.0,0,0,0,0,0,0,0,0,0,0
2026-04-10 20:00:00,26.601617196224783,7.921576760009411,3.1289361084518026,6.6668563968002665,0.0,1.0,Pond_04,Mock_Data,Obs_Pond_04_20260410_20,Low,1,1.0,0,0,0,0,0,0,0,0,0,0
2026-04-10 20:00:00,26.541947409382917,7.902696007895994,3.1953359664601653,6.717858259355233,0.0,1.0,Pond_05,Mock_Data,Obs_Pond_05_20260410_20,Low,1,1.0,0,0,0,0,0,0,0,0,0,0
2026-04-11 00:00:00,26.6,7.89,3.19,6.68,0.0,1.0,Pond_01,Real_Data,Obs_Pond_01_20260411_00,Low,1,1.0,0,0,0,0,0,0,0,0,0,0
2026-04-11 00:00:00,26.6,7.890000000000001,3.19,6.68,0.0,1.0,Pond_02,Real_Data,Obs_Pond_02_20260411_00,Low,1,1.0,0,0,0,0,0,0,0,0,0,0
2026-04-11 00:00:00,27.474102076886673,7.752461265644158,3.332224510150745,6.62671976625016,,,Pond_03,Real_Data,Obs_Pond_03_20260411_00,Low,1,1.0,0,0,0,0,0,0,0,0,0,0
2026-04-11 00:00:00,26.632085953108934,7.877049547743022,3.140365355162048,6.671882223916047,0.0,1.0,Pond_04,Mock_Data,Obs_Pond_04_20260411_00,Low,1,1.0,0,0,0,0,0,0,0,0,0,0
2026-04-11 00:00:00,26.66856732428431,7.874847718452733,3.203455277591343,6.704359536772852,0.0,1.0,Pond_05,Mock_Data,Obs_Pond_05_20260411_00,Low,1,1.0,0,0,0,0,0,0,0,0,0,0
2026-04-11 04:00:00,26.6,7.89,3.19,6.68,1.0,1.0,Pond_01,Real_Data,Obs_Pond_01_20260411_04,Low,1,1.0,0,0,0,0,0,0,0,0,0,0
2026-04-11 04:00:00,26.6,7.89,3.1900000000000004,6.68,0.0,1.0,Pond_02,Real_Data,Obs_Pond_02_20260411_04,Low,1,1.0,0,0,0,0,0,0,0,0,0,0
2026-04-11 04:00:00,27.6836384020568,7.7866473081658,3.1893397425806325,6.07461954672818,,,Pond_03,Real_Data,Obs_Pond_03_20260411_04,Unknown,0,1.0,0,-1,0,0,0,0,0,0,0,0
2026-04-11 04:00:00,26.555016369777857,7.885078055861267,3.067586584262374,6.561151976538709,0.0,1.0,Pond_04,Mock_Data,Obs_Pond_04_20260411_04,Low,1,1.0,0,0,0,0,0,0,0,0,0,0
2026-04-11 04:00:00,26.612439866088188,7.9054295328979824,3.2270063064769774,6.628851456641575,0.0,1.0,Pond_05,Mock_Data,Obs_Pond_05_20260411_04,Low,1,1.0,0,0,0,0,0,0,0,0,0,0
2026-04-11 08:00:00,26.6,7.89,3.19,6.68,0.0,1.0,Pond_01,Real_Data,Obs_Pond_01_20260411_08,Low,1,1.0,0,0,0,0,0,0,0,0,0,0
2026-04-11 08:00:00,26.6,7.89,3.19,6.68,0.0,1.0,Pond_02,Real_Data,Obs_Pond_02_20260411_08,Low,1,1.0,0,0,0,0,0,0,0,0,0,0
2026-04-11 08:00:00,26.903359456375973,7.661468149731512,3.7735111628123397,6.61581272540929,,,Pond_03,Real_Data,Obs_Pond_03_20260411_08,Medium,1,1.0,0,1,0,0,0,0,0,0,0,1
2026-04-11 08:00:00,26.611576326134312,7.854846452915961,3.1551016816282145,6.645345323066683,0.0,2.0,Pond_04,Mock_Data,Obs_Pond_04_20260411_08,Medium,2,1.0,0,1,0,0,0,0,0,0,0,1
2026-04-11 08:00:00,26.615945286144953,7.888494276792232,3.1355444439570497,6.769619078658663,0.0,1.0,Pond_05,Mock_Data,Obs_Pond_05_20260411_08,Low,1,1.0,0,0,0,0,0,0,0,0,0,0
2026-04-11 12:00:00,26.6,7.89,3.19,6.68,1.0,1.0,Pond_01,Real_Data,Obs_Pond_01_20260411_12,Low,1,1.0,0,0,0,0,0,0,0,0,0,0
2026-04-11 12:00:00,26.6,7.89,3.19,6.68,0.0,1.0,Pond_02,Real_Data,Obs_Pond_02_20260411_12,Low,1,1.0,0,0,0,0,0,0,0,0,0,0
2026-04-11 12:00:00,27.8099977989826,7.65467892390488,3.127395114046725,6.87805197607389,,,Pond_03,Real_Data,Obs_Pond_03_20260411_12,Unknown,0,1.0,0,-1,0,0,0,0,0,0,0,0
2026-04-11 12:00:00,26.55317925431916,7.88158469973581,3.2312504614837847,6.685863612182645,0.0,1.0,Pond_04,Mock_Data,Obs_Pond_04_20260411_12,Low,1,1.0,0,0,0,0,0,0,0,0,0,0
2026-04-11 12:00:00,26.57864833967906,7.883843845687471,3.1075959636615504,6.698526624002464,0.0,1.0,Pond_05,Mock_Data,Obs_Pond_05_20260411_12,Low,1,1.0,0,0,0,0,0,0,0,0,0,0
2026-04-11 16:00:00,26.6,7.89,3.19,6.68,1.0,1.0,Pond_01,Real_Data,Obs_Pond_01_20260411_16,Low,1,1.0,0,0,0,0,0,0,0,0,0,0
2026-04-11 16:00:00,26.6,7.89,3.1900000000000004,6.68,0.0,1.0,Pond_02,Real_Data,Obs_Pond_02_20260411_16,Low,1,1.0,0,0,0,0,0,0,0,0,0,0
2026-04-11 16:00:00,27.1478084924819,8.025286519117792,3.66306709389465,5.8573172304921,,,Pond_03,Real_Data,Obs_Pond_03_20260411_16,Low,1,1.0,0,0,0,0,0,0,0,0,0,0
2026-04-11 16:00:00,26.562096417185398,7.911368299351093,3.212289339724702,6.690095717439185,0.0,2.0,Pond_04,Mock_Data,Obs_Pond_04_20260411_16,Medium,2,1.0,0,1,0,0,0,0,0,0,0,1
2026-04-11 16:00:00,26.55354910227432,7.89933173329816,3.1655332034517207,6.726091682484739,0.0,2.0,Pond_05,Mock_Data,Obs_Pond_05_20260411_16,Medium,2,1.0,0,1,0,0,0,0,0,0,0,1
2026-04-11 20:00:00,26.6,7.89,3.19,6.68,1.0,1.0,Pond_01,Real_Data,Obs_Pond_01_20260411_20,Low,1,1.0,0,0,0,0,0,0,0,0,0,0
2026-04-11 20:00:00,26.600000000000005,7.889999999999999,3.19,6.68,0.0,1.0,Pond_02,Real_Data,Obs_Pond_02_20260411_20,Low,1,1.0,0,0,0,0,0,0,0,0,0,0
2026-04-11 20:00:00,27.1792363999622,7.794120213613035,3.1854501001469475,6.35419173641252,,,Pond_03,Real_Data,Obs_Pond_03_20260411_20,Unknown,0,1.0,0,-1,0,0,0,0,0,0,0,0
2026-04-11 20:00:00,26.512811213155853,7.879997483566462,3.180448945449764,6.615097260031792,0.0,2.0,Pond_04,Mock_Data,Obs_Pond_04_20260411_20,Medium,2,1.0,0,1,0,0,0,0,0,0,0,1
2026-04-11 20:00:00,26.6209356869822,7.874100917692985,3.267677046817391,6.7679066504888,0.0,2.0,Pond_05,Mock_Data,Obs_Pond_05_20260411_20,Medium,2,1.0,0,1,0,0,0,0,0,0,0,1
2026-04-12 00:00:00,26.6,7.89,3.19,6.68,1.0,1.0,Pond_01,Real_Data,Obs_Pond_01_20260412_00,Low,1,1.0,0,0,0,0,0,0,0,0,0,0
2026-04-12 00:00:00,26.6,7.889999999999999,3.19,6.68,0.0,1.0,Pond_02,Real_Data,Obs_Pond_02_20260412_00,Low,1,1.0,0,0,0,0,0,0,0,0,0,0
2026-04-12 00:00:00,27.10588343328925,7.94578858093743,3.411655303349445,6.12743682980816,,,Pond_03,Real_Data,Obs_Pond_03_20260412_00,Low,1,1.0,0,0,0,0,0,0,0,0,0,0
2026-04-12 00:00:00,26.54277542267789,7.903733061380895,3.1890384719025926,6.759935675779163,0.0,1.0,Pond_04,Mock_Data,Obs_Pond_04_20260412_00,Low,1,1.0,0,0,0,0,0,0,0,0,0,0
2026-04-12 00:00:00,26.56621396979412,7.882629229808826,3.2771906940587274,6.681382386720955,0.0,1.0,Pond_05,Mock_Data,Obs_Pond_05_20260412_00,Low,1,1.0,0,0,0,0,0,0,0,0,0,0
2026-04-12 04:00:00,26.6,7.89,3.19,6.68,0.0,1.0,Pond_01,Real_Data,Obs_Pond_01_20260412_04,Low,1,1.0,0,0,0,0,0,0,0,0,0,0
2026-04-12 04:00:00,26.6,7.89,3.1900000000000004,6.68,0.0,1.0,Pond_02,Real_Data,Obs_Pond_02_20260412_04,Low,1,1.0,0,0,0,0,0,0,0,0,0,0
2026-04-12 04:00:00,27.023970578387,7.652604985484739,3.336037296469385,6.35071378254582,,,Pond_03,Real_Data,Obs_Pond_03_20260412_04,Low,1,1.0,0,0,0,0,0,0,0,0,0,0
2026-04-12 04:00:00,26.51621880975904,7.885915264044982,3.1602971131014006,6.625296797886913,0.0,1.0,Pond_04,Mock_Data,Obs_Pond_04_20260412_04,Low,1,1.0,0,0,0,0,0,0,0,0,0,0
2026-04-12 04:00:00,26.712607592326144,7.892604347963105,3.2689554200044215,6.70001707823073,0.0,1.0,Pond_05,Mock_Data,Obs_Pond_05_20260412_04,Low,1,1.0,0,0,0,0,0,0,0,0,0,0
2026-04-12 08:00:00,26.6,7.89,3.19,6.68,0.0,1.0,Pond_01,Real_Data,Obs_Pond_01_20260412_08,Low,1,1.0,0,0,0,0,0,0,0,0,0,0
2026-04-12 08:00:00,26.6,7.89,3.1899999999999995,6.68,0.0,1.0,Pond_02,Real_Data,Obs_Pond_02_20260412_08,Low,1,1.0,0,0,0,0,0,0,0,0,0,0
2026-04-12 08:00:00,27.57655902913085,7.840740261009295,3.2601436832787276,7.08368073186165,,,Pond_03,Real_Data,Obs_Pond_03_20260412_08,Unknown,0,1.0,0,-1,0,0,0,0,0,0,0,0
2026-04-12 08:00:00,26.539512647906886,7.896948376971176,3.1988286508419477,6.741225990675809,0.0,1.0,Pond_04,Mock_Data,Obs_Pond_04_20260412_08,Low,1,1.0,0,0,0,0,0,0,0,0,0,0
2026-04-12 08:00:00,26.521325789227998,7.8792908504842005,3.181679163829301,6.731157204387135,0.0,1.0,Pond_05,Mock_Data,Obs_Pond_05_20260412_08,Low,1,1.0,0,0,0,0,0,0,0,0,0,0
2026-04-12 12:00:00,26.6,7.89,3.19,6.68,1.0,1.0,Pond_01,Real_Data,Obs_Pond_01_20260412_12,Low,1,1.0,0,0,0,0,0,0,0,0,0,0
2026-04-12 12:00:00,26.6,7.89,3.19,6.68,0.0,1.0,Pond_02,Real_Data,Obs_Pond_02_20260412_12,Low,1,1.0,0,0,0,0,0,0,0,0,0,0
2026-04-12 12:00:00,26.965574665646425,7.890475879642738,3.2158757905536177,6.18487517748525,,,Pond_03,Real_Data,Obs_Pond_03_20260412_12,Unknown,0,1.0,0,-1,0,0,0,0,0,0,0,0
2026-04-12 12:00:00,26.665307663814946,7.865391391858471,3.2230226060899176,6.706979425190202,0.0,1.0,Pond_04,Mock_Data,Obs_Pond_04_20260412_12,Low,1,1.0,0,0,0,0,0,0,0,0,0,0
2026-04-12 12:00:00,26.69521529082431,7.904346413939212,3.1131600034418057,6.634221457188739,0.0,1.0,Pond_05,Mock_Data,Obs_Pond_05_20260412_12,Low,1,1.0,0,0,0,0,0,0,0,0,0,0
2026-04-12 16:00:00,26.6,7.89,3.19,6.68,1.0,1.0,Pond_01,Real_Data,Obs_Pond_01_20260412_16,Low,1,1.0,0,0,0,0,0,0,0,0,0,0
2026-04-12 16:00:00,26.6,7.89,3.19,6.68,0.0,1.0,Pond_02,Real_Data,Obs_Pond_02_20260412_16,Low,1,1.0,0,0,0,0,0,0,0,0,0,0
2026-04-12 16:00:00,26.6623620401872,7.8768036958015095,3.1159889701451524,6.5668317018568,,,Pond_03,Real_Data,Obs_Pond_03_20260412_16,Unknown,0,1.0,0,-1,0,0,0,0,0,0,0,0
2026-04-12 16:00:00,26.541153603000815,7.891827046865214,3.12032731924093,6.639187566789485,0.0,1.0,Pond_04,Mock_Data,Obs_Pond_04_20260412_16,Low,1,1.0,0,0,0,0,0,0,0,0,0,0
2026-04-12 16:00:00,26.593100146580216,7.930076213507939,3.088974472340965,6.683413628372271,0.0,2.0,Pond_05,Mock_Data,Obs_Pond_05_20260412_16,Medium,2,1.0,0,1,0,0,0,0,0,0,0,1
2026-04-12 20:00:00,26.6,7.89,3.19,6.68,0.0,1.0,Pond_01,Real_Data,Obs_Pond_01_20260412_20,Low,1,1.0,0,0,0,0,0,0,0,0,0,0
2026-04-12 20:00:00,26.6,7.89,3.19,6.68,0.0,1.0,Pond_02,Real_Data,Obs_Pond_02_20260412_20,Low,1,1.0,0,0,0,0,0,0,0,0,0,0
2026-04-12 20:00:00,27.521936177219,8.012688539348304,3.312710794345605,6.12848158963217,,,Pond_03,Real_Data,Obs_Pond_03_20260412_20,Low,1,1.0,0,0,0,0,0,0,0,0,0,0
2026-04-12 20:00:00,26.76316239871688,7.825864559358809,3.202920000248496,6.792119615077916,0.0,1.0,Pond_04,Mock_Data,Obs_Pond_04_20260412_20,Low,1,1.0,0,0,0,0,0,0,0,0,0,0
2026-04-12 20:00:00,26.618538169833602,7.873826464734393,3.1635243303325242,6.687929010782,0.0,1.0,Pond_05,Mock_Data,Obs_Pond_05_20260412_20,Low,1,1.0,0,0,0,0,0,0,0,0,0,0
2026-04-13 00:00:00,26.6,7.89,3.19,6.68,1.0,1.0,Pond_01,Real_Data,Obs_Pond_01_20260413_00,Low,1,1.0,0,0,0,0,0,0,0,0,0,0
2026-04-13 00:00:00,26.6,7.89,3.19,6.68,0.0,1.0,Pond_02,Real_Data,Obs_Pond_02_20260413_00,Low,1,1.0,0,0,0,0,0,0,0,0,0,0
2026-04-13 00:00:00,27.05720702044975,7.75388906486446,3.510365251855105,6.59670614673329,,,Pond_03,Real_Data,Obs_Pond_03_20260413_00,Low,1,1.0,0,0,0,0,0,0,0,0,0,0
2026-04-13 00:00:00,26.63057722247575,7.88599260362134,3.2302040771660483,6.604615962941203,0.0,1.0,Pond_04,Mock_Data,Obs_Pond_04_20260413_00,Low,1,1.0,0,0,0,0,0,0,0,0,0,0
2026-04-13 00:00:00,26.65164144731447,7.854296659984636,3.181459599207255,6.61962019990249,0.0,1.0,Pond_05,Mock_Data,Obs_Pond_05_20260413_00,Low,1,1.0,0,0,0,0,0,0,0,0,0,0
2026-04-13 04:00:00,26.6,7.89,3.19,6.68,0.0,1.0,Pond_01,Real_Data,Obs_Pond_01_20260413_04,Low,1,1.0,0,0,0,0,0,0,0,0,0,0
2026-04-13 04:00:00,26.6,7.89,3.19,6.68,0.0,1.0,Pond_02,Real_Data,Obs_Pond_02_20260413_04,Low,1,1.0,0,0,0,0,0,0,0,0,0,0
2026-04-13 04:00:00,26.756708782915226,7.813233221981653,3.3363624540185075,5.75448152461366,,,Pond_03,Real_Data,Obs_Pond_03_20260413_04,Low,1,1.0,0,0,0,0,0,0,0,0,0,0
2026-04-13 04:00:00,26.611456659621883,15.806195758507169,3.172101994928562,6.73804910710086,0.0,1.0,Pond_04,Mock_Data,Obs_Pond_04_20260413_04,Low,1,0.5,1,0,1,0,0,0,1,1,0,0
2026-04-13 04:00:00,26.560935386950035,7.84707901983085,3.246079459935512,6.826370162949082,0.0,1.0,Pond_05,Mock_Data,Obs_Pond_05_20260413_04,Low,1,1.0,0,0,0,0,0,0,0,0,0,0
2026-04-13 08:00:00,26.6,7.89,3.19,6.68,1.0,1.0,Pond_01,Real_Data,Obs_Pond_01_20260413_08,Low,1,1.0,0,0,0,0,0,0,0,0,0,0
2026-04-13 08:00:00,26.6,7.89,3.19,6.68,0.0,1.0,Pond_02,Real_Data,Obs_Pond_02_20260413_08,Low,1,1.0,0,0,0,0,0,0,0,0,0,0
2026-04-13 08:00:00,27.296560710103826,7.781627648017448,3.02241167394153,7.13822800192944,,,Pond_03,Real_Data,Obs_Pond_03_20260413_08,Unknown,0,1.0,0,-1,0,0,0,0,0,0,0,0
2026-04-13 08:00:00,26.546796585403605,7.915858734100375,3.220212320836039,6.7431916949418635,0.0,1.0,Pond_04,Mock_Data,Obs_Pond_04_20260413_08,Low,1,1.0,0,0,0,0,0,0,0,0,0,0
2026-04-13 08:00:00,26.653568530730485,7.886773687103787,3.227417431230174,6.591122496998755,0.0,1.0,Pond_05,Mock_Data,Obs_Pond_05_20260413_08,Low,1,1.0,0,0,0,0,0,0,0,0,0,0
2026-04-13 12:00:00,26.6,7.89,3.19,6.68,0.0,1.0,Pond_01,Real_Data,Obs_Pond_01_20260413_12,Low,1,1.0,0,0,0,0,0,0,0,0,0,0
2026-04-13 12:00:00,26.6,7.89,3.19,6.68,0.0,1.0,Pond_02,Real_Data,Obs_Pond_02_20260413_12,Low,1,1.0,0,0,0,0,0,0,0,0,0,0
2026-04-13 12:00:00,27.0987856087737,7.930657010958635,3.0986197867072676,6.42240665399475,,,Pond_03,Real_Data,Obs_Pond_03_20260413_12,Unknown,0,1.0,0,-1,0,0,0,0,0,0,0,0
2026-04-13 12:00:00,26.643407163912794,7.906669039325631,3.3113603094503286,6.637647035221743,0.0,1.0,Pond_04,Mock_Data,Obs_Pond_04_20260413_12,Low,2,1.0,0,0,0,0,0,0,0,0,0,0
2026-04-13 12:00:00,26.432178863404307,7.875780535014404,3.199805093769573,6.598018353507304,0.0,1.0,Pond_05,Mock_Data,Obs_Pond_05_20260413_12,Low,1,1.0,0,0,0,0,0,0,0,0,0,0
2026-04-13 16:00:00,26.6,7.89,3.19,6.68,1.0,1.0,Pond_01,Real_Data,Obs_Pond_01_20260413_16,Low,1,1.0,0,0,0,0,0,0,0,0,0,0
2026-04-13 16:00:00,26.6,7.89,3.19,6.68,0.0,1.0,Pond_02,Real_Data,Obs_Pond_02_20260413_16,Low,1,1.0,0,0,0,0,0,0,0,0,0,0
2026-04-13 16:00:00,27.360731139792676,7.9433715035284145,3.413214419825305,6.71035022332622,,,Pond_03,Real_Data,Obs_Pond_03_20260413_16,Low,1,1.0,0,0,0,0,0,0,0,0,0,0
2026-04-13 16:00:00,26.564320358440476,7.900006281678274,3.1855010201445264,6.767941032808673,0.0,1.0,Pond_04,Mock_Data,Obs_Pond_04_20260413_16,Low,1,1.0,0,0,0,0,0,0,0,0,0,0
2026-04-13 16:00:00,26.55537303613304,7.894456910336918,3.151632293095073,6.76299987253301,0.0,1.0,Pond_05,Mock_Data,Obs_Pond_05_20260413_16,Low,1,1.0,0,0,0,0,0,0,0,0,0,0
2026-04-13 20:00:00,26.6,7.89,3.19,6.68,0.0,1.0,Pond_01,Real_Data,Obs_Pond_01_20260413_20,Low,1,1.0,0,0,0,0,0,0,0,0,0,0
2026-04-13 20:00:00,26.6,7.89,3.19,6.68,0.0,1.0,Pond_02,Real_Data,Obs_Pond_02_20260413_20,Low,1,1.0,0,0,0,0,0,0,0,0,0,0
2026-04-13 20:00:00,27.2231231757501,7.86812185376577,3.1704074073313624,6.1153340609114,,,Pond_03,Real_Data,Obs_Pond_03_20260413_20,Unknown,0,1.0,0,-1,0,0,0,0,0,0,0,0
2026-04-13 20:00:00,26.60756250936764,7.922613162873865,3.2069583393767496,6.664208332700984,0.0,1.0,Pond_04,Mock_Data,Obs_Pond_04_20260413_20,Low,1,1.0,0,0,0,0,0,0,0,0,0,0
2026-04-13 20:00:00,26.54272400415396,7.89284313725826,3.1485737763542763,6.725046272075663,0.0,1.0,Pond_05,Mock_Data,Obs_Pond_05_20260413_20,Low,1,1.0,0,0,0,0,0,0,0,0,0,0
2026-04-14 00:00:00,26.6,7.89,3.19,6.68,0.0,1.0,Pond_01,Real_Data,Obs_Pond_01_20260414_00,Low,1,1.0,0,0,0,0,0,0,0,0,0,0
2026-04-14 00:00:00,26.6,7.89,3.1899999999999995,6.68,0.0,1.0,Pond_02,Real_Data,Obs_Pond_02_20260414_00,Low,1,1.0,0,0,0,0,0,0,0,0,0,0
2026-04-14 00:00:00,27.2312433235841,7.765609712540078,3.48772962756181,5.79853874629375,,,Pond_03,Real_Data,Obs_Pond_03_20260414_00,Low,1,1.0,0,0,0,0,0,0,0,0,0,0
2026-04-14 00:00:00,26.758681195925764,7.869653489581592,3.158176968849212,6.698232422684415,0.0,1.0,Pond_04,Mock_Data,Obs_Pond_04_20260414_00,Low,1,1.0,0,0,0,0,0,0,0,0,0,0
2026-04-14 00:00:00,26.522304193408477,7.855624090679498,3.2009573005679086,6.615205275369911,0.0,1.0,Pond_05,Mock_Data,Obs_Pond_05_20260414_00,Low,1,1.0,0,0,0,0,0,0,0,0,0,0
2026-04-14 04:00:00,26.6,7.89,3.19,6.68,0.0,1.0,Pond_01,Real_Data,Obs_Pond_01_20260414_04,Low,1,1.0,0,0,0,0,0,0,0,0,0,0
2026-04-14 04:00:00,26.600000000000005,7.890000000000001,3.19,6.68,0.0,1.0,Pond_02,Real_Data,Obs_Pond_02_20260414_04,Low,1,1.0,0,0,0,0,0,0,0,0,0,0
2026-04-14 04:00:00,27.270879339751474,7.8960115600077,2.974439127326315,6.52191430191459,,,Pond_03,Real_Data,Obs_Pond_03_20260414_04,Unknown,0,1.0,0,-1,0,0,0,0,0,0,0,0
2026-04-14 04:00:00,26.594045938897345,7.927466671441474,3.197815061356755,6.696440604561662,0.0,1.0,Pond_04,Mock_Data,Obs_Pond_04_20260414_04,Low,1,1.0,0,0,0,0,0,0,0,0,0,0
2026-04-14 04:00:00,26.586676498269288,7.8510855623921,3.220054958490827,6.7183532883720245,0.0,1.0,Pond_05,Mock_Data,Obs_Pond_05_20260414_04,Low,1,1.0,0,0,0,0,0,0,0,0,0,0
2026-04-14 08:00:00,26.6,7.89,3.19,6.68,0.0,1.0,Pond_01,Real_Data,Obs_Pond_01_20260414_08,Low,1,1.0,0,0,0,0,0,0,0,0,0,0
2026-04-14 08:00:00,26.600000000000005,7.89,3.19,6.68,0.0,1.0,Pond_02,Real_Data,Obs_Pond_02_20260414_08,Low,1,1.0,0,0,0,0,0,0,0,0,0,0
2026-04-14 08:00:00,27.007651802142576,7.62152658256908,3.58126351725113,6.43668456731737,,,Pond_03,Real_Data,Obs_Pond_03_20260414_08,Low,1,1.0,0,0,0,0,0,0,0,0,0,0
2026-04-14 08:00:00,26.671235173344673,7.909987896677875,3.20984567126837,6.67151774235264,0.0,1.0,Pond_04,Mock_Data,Obs_Pond_04_20260414_08,Low,1,1.0,0,0,0,0,0,0,0,0,0,0
2026-04-14 08:00:00,26.623909861320747,7.896345351383092,3.206896863253429,6.772701975507591,0.0,1.0,Pond_05,Mock_Data,Obs_Pond_05_20260414_08,Low,1,1.0,0,0,0,0,0,0,0,0,0,0
2026-04-14 12:00:00,26.6,7.89,3.19,6.68,1.0,1.0,Pond_01,Real_Data,Obs_Pond_01_20260414_12,Low,1,1.0,0,0,0,0,0,0,0,0,0,0
2026-04-14 12:00:00,26.600000000000005,7.89,3.19,6.68,0.0,1.0,Pond_02,Real_Data,Obs_Pond_02_20260414_12,Low,1,1.0,0,0,0,0,0,0,0,0,0,0
2026-04-14 12:00:00,27.2042810828279,7.878971879028192,3.3483637987239447,5.77499556751684,,,Pond_03,Real_Data,Obs_Pond_03_20260414_12,Low,1,1.0,0,0,0,0,0,0,0,0,0,0
2026-04-14 12:00:00,26.556415159570776,7.884927820824801,3.1984010762868764,6.731206530567184,0.0,1.0,Pond_04,Mock_Data,Obs_Pond_04_20260414_12,Low,1,1.0,0,0,0,0,0,0,0,0,0,0
2026-04-14 12:00:00,26.64355283086334,7.892903842578467,3.145390925951455,6.678088739058055,0.0,1.0,Pond_05,Mock_Data,Obs_Pond_05_20260414_12,Low,1,1.0,0,0,0,0,0,0,0,0,0,0
2026-04-14 16:00:00,26.6,7.89,3.19,6.68,1.0,1.0,Pond_01,Real_Data,Obs_Pond_01_20260414_16,Low,1,1.0,0,0,0,0,0,0,0,0,0,0
2026-04-14 16:00:00,26.6,7.89,3.19,6.68,0.0,1.0,Pond_02,Real_Data,Obs_Pond_02_20260414_16,Low,1,1.0,0,0,0,0,0,0,0,0,0,0
2026-04-14 16:00:00,27.38706864068835,7.959120250168468,3.54431724726858,6.76383452031725,,,Pond_03,Real_Data,Obs_Pond_03_20260414_16,Low,1,1.0,0,0,0,0,0,0,0,0,0,0
2026-04-14 16:00:00,26.597831315555133,7.914349778562109,3.1460334875963403,6.730112715630451,0.0,1.0,Pond_04,Mock_Data,Obs_Pond_04_20260414_16,Low,1,1.0,0,0,0,0,0,0,0,0,0,0
2026-04-14 16:00:00,26.614930214737804,7.8808696812101235,3.2180550335173796,6.844128448952252,0.0,1.0,Pond_05,Mock_Data,Obs_Pond_05_20260414_16,Low,1,1.0,0,0,0,0,0,0,0,0,0,0
2026-04-14 20:00:00,26.6,7.89,3.19,6.68,0.0,1.0,Pond_01,Real_Data,Obs_Pond_01_20260414_20,Low,1,1.0,0,0,0,0,0,0,0,0,0,0
2026-04-14 20:00:00,26.6,7.89,3.19,6.68,0.0,1.0,Pond_02,Real_Data,Obs_Pond_02_20260414_20,Low,1,1.0,0,0,0,0,0,0,0,0,0,0
2026-04-14 20:00:00,27.5026756550921,7.910976171435777,3.63466648132079,5.84205798065791,,,Pond_03,Real_Data,Obs_Pond_03_20260414_20,Low,1,1.0,0,0,0,0,0,0,0,0,0,0
2026-04-14 20:00:00,26.709759173343066,7.866279038269315,3.1988977630898727,6.569571605397671,0.0,1.0,Pond_04,Mock_Data,Obs_Pond_04_20260414_20,Low,1,1.0,0,0,0,0,0,0,0,0,0,0
2026-04-14 20:00:00,26.558738458222674,7.854467802509768,3.2083641323599146,6.571117016512567,0.0,1.0,Pond_05,Mock_Data,Obs_Pond_05_20260414_20,Low,1,1.0,0,0,0,0,0,0,0,0,0,0
2026-04-15 00:00:00,26.6,7.89,3.19,6.68,1.0,1.0,Pond_01,Real_Data,Obs_Pond_01_20260415_00,Low,1,1.0,0,0,0,0,0,0,0,0,0,0
2026-04-15 00:00:00,26.6,7.89,3.19,6.68,0.0,1.0,Pond_02,Real_Data,Obs_Pond_02_20260415_00,Low,1,1.0,0,0,0,0,0,0,0,0,0,0
2026-04-15 00:00:00,27.737882193381875,7.777659082387013,3.3139809543634926,6.35302961870766,,,Pond_03,Real_Data,Obs_Pond_03_20260415_00,Low,3,1.0,0,0,0,0,0,0,0,0,0,0
2026-04-15 00:00:00,26.561138829187612,7.872320904305612,3.253045945816997,6.762375501987246,0.0,1.0,Pond_04,Mock_Data,Obs_Pond_04_20260415_00,Low,1,1.0,0,0,0,0,0,0,0,0,0,0
2026-04-15 00:00:00,26.622872670333756,7.900107493155096,3.143835751799486,6.72381836381591,0.0,2.0,Pond_05,Mock_Data,Obs_Pond_05_20260415_00,Medium,2,1.0,0,1,0,0,0,0,0,0,0,1
2026-04-15 04:00:00,26.6,7.89,3.19,6.68,1.0,1.0,Pond_01,Real_Data,Obs_Pond_01_20260415_04,Low,1,1.0,0,0,0,0,0,0,0,0,0,0
2026-04-15 04:00:00,26.6,7.89,3.19,6.68,0.0,1.0,Pond_02,Real_Data,Obs_Pond_02_20260415_04,Low,1,1.0,0,0,0,0,0,0,0,0,0,0
2026-04-15 04:00:00,27.497053712424876,7.70914889056577,3.6782498347383323,5.82351389328084,,,Pond_03,Real_Data,Obs_Pond_03_20260415_04,Low,1,1.0,0,0,0,0,0,0,0,0,0,0
2026-04-15 04:00:00,26.712340627990105,7.876950720244949,3.2093439643430797,6.575005453667501,0.0,2.0,Pond_04,Mock_Data,Obs_Pond_04_20260415_04,Medium,2,1.0,0,1,0,0,0,0,0,0,0,1
2026-04-15 04:00:00,26.60770357478458,7.9172718587823105,3.156182194815798,6.753672002227358,0.0,2.0,Pond_05,Mock_Data,Obs_Pond_05_20260415_04,Medium,2,1.0,0,1,0,0,0,0,0,0,0,1
2026-04-15 08:00:00,26.6,7.89,3.19,6.68,0.0,1.0,Pond_01,Real_Data,Obs_Pond_01_20260415_08,Low,1,1.0,0,0,0,0,0,0,0,0,0,0
2026-04-15 08:00:00,26.6,7.89,3.19,6.68,0.0,1.0,Pond_02,Real_Data,Obs_Pond_02_20260415_08,Low,1,1.0,0,0,0,0,0,0,0,0,0,0
2026-04-15 08:00:00,27.038495304454152,7.822020671243278,3.44427242740009,6.19744506371553,,,Pond_03,Real_Data,Obs_Pond_03_20260415_08,Low,1,1.0,0,0,0,0,0,0,0,0,0,0
2026-04-15 08:00:00,26.64386844334945,7.87865774785028,3.231478293430399,6.745210371582176,0.0,1.0,Pond_04,Mock_Data,Obs_Pond_04_20260415_08,Low,1,1.0,0,0,0,0,0,0,0,0,0,0
2026-04-15 08:00:00,26.658019377860942,7.895960453308508,3.2196860897763795,6.736292751633564,0.0,2.0,Pond_05,Mock_Data,Obs_Pond_05_20260415_08,Medium,2,1.0,0,1,0,0,0,0,0,0,0,1
2026-04-15 12:00:00,26.6,7.89,3.19,6.68,1.0,1.0,Pond_01,Real_Data,Obs_Pond_01_20260415_12,Low,1,1.0,0,0,0,0,0,0,0,0,0,0
2026-04-15 12:00:00,26.6,7.89,3.19,6.68,0.0,1.0,Pond_02,Real_Data,Obs_Pond_02_20260415_12,Low,1,1.0,0,0,0,0,0,0,0,0,0,0
2026-04-15 12:00:00,27.49298032978,7.7846795121332875,3.2671993224332474,5.96582934797611,,,Pond_03,Real_Data,Obs_Pond_03_20260415_12,Unknown,0,1.0,0,-1,0,0,0,0,0,0,0,0
2026-04-15 12:00:00,26.565136736958006,7.867345466524934,3.1797806829962196,6.751156971307563,0.0,1.0,Pond_04,Mock_Data,Obs_Pond_04_20260415_12,Low,1,1.0,0,0,0,0,0,0,0,0,0,0
2026-04-15 12:00:00,26.648156708630864,7.871828605609351,3.179888667474038,6.6670939306992025,0.0,1.0,Pond_05,Mock_Data,Obs_Pond_05_20260415_12,Low,1,1.0,0,0,0,0,0,0,0,0,0,0
2026-04-15 16:00:00,26.6,7.89,3.19,6.68,0.0,1.0,Pond_01,Real_Data,Obs_Pond_01_20260415_16,Low,1,1.0,0,0,0,0,0,0,0,0,0,0
2026-04-15 16:00:00,26.599999999999998,7.89,3.1899999999999995,6.68,0.0,1.0,Pond_02,Real_Data,Obs_Pond_02_20260415_16,Low,1,1.0,0,0,0,0,0,0,0,0,0,0
2026-04-15 16:00:00,26.870132871384527,7.731234358401163,3.4275292035353875,6.34538559982178,,,Pond_03,Real_Data,Obs_Pond_03_20260415_16,Low,1,1.0,0,0,0,0,0,0,0,0,0,0
2026-04-15 16:00:00,26.639198399445785,7.916225143962718,3.2223336760901713,6.611100103802742,0.0,1.0,Pond_04,Mock_Data,Obs_Pond_04_20260415_16,Low,1,1.0,0,0,0,0,0,0,0,0,0,0
2026-04-15 16:00:00,26.601889013325994,7.890955280133776,3.258519746240074,6.661657191818452,0.0,2.0,Pond_05,Mock_Data,Obs_Pond_05_20260415_16,Medium,2,1.0,0,1,0,0,0,0,0,0,0,1
2026-04-15 20:00:00,26.6,7.89,3.19,6.68,1.0,1.0,Pond_01,Real_Data,Obs_Pond_01_20260415_20,Low,1,1.0,0,0,0,0,0,0,0,0,0,0
2026-04-15 20:00:00,26.6,7.89,3.1899999999999995,6.68,0.0,1.0,Pond_02,Real_Data,Obs_Pond_02_20260415_20,Low,1,1.0,0,0,0,0,0,0,0,0,0,0
2026-04-15 20:00:00,27.411109984297525,7.662949773864715,3.7594542258295776,5.99170169925309,,,Pond_03,Real_Data,Obs_Pond_03_20260415_20,Medium,1,1.0,0,1,0,0,0,0,0,0,0,1
2026-04-15 20:00:00,26.660281643384344,7.884449686944645,3.2020412760905836,6.654055057046221,0.0,1.0,Pond_04,Mock_Data,Obs_Pond_04_20260415_20,Low,1,1.0,0,0,0,0,0,0,0,0,0,0
2026-04-15 20:00:00,26.544385750572935,7.860708008796927,3.211607343003419,6.708049952167995,0.0,1.0,Pond_05,Mock_Data,Obs_Pond_05_20260415_20,Low,1,1.0,0,0,0,0,0,0,0,0,0,0
2026-04-16 00:00:00,26.6,7.89,3.19,6.68,0.0,1.0,Pond_01,Real_Data,Obs_Pond_01_20260416_00,Low,1,1.0,0,0,0,0,0,0,0,0,0,0
2026-04-16 00:00:00,26.6,7.89,3.19,6.68,0.0,1.0,Pond_02,Real_Data,Obs_Pond_02_20260416_00,Low,1,1.0,0,0,0,0,0,0,0,0,0,0
2026-04-16 00:00:00,27.61134135082535,7.973789318199457,2.731453222952155,5.83162459625551,,,Pond_03,Real_Data,Obs_Pond_03_20260416_00,Unknown,0,1.0,0,-1,0,0,0,0,0,0,0,0
2026-04-16 00:00:00,26.638541519613216,7.897558352978172,3.148999293628705,6.610169311563072,0.0,1.0,Pond_04,Mock_Data,Obs_Pond_04_20260416_00,Low,1,1.0,0,0,0,0,0,0,0,0,0,0
2026-04-16 00:00:00,26.55952832413987,7.912684617892073,3.1690177754491997,6.7315189082781295,0.0,2.0,Pond_05,Mock_Data,Obs_Pond_05_20260416_00,Medium,2,1.0,0,1,0,0,0,0,0,0,0,1
2026-04-16 04:00:00,26.6,7.89,3.19,6.68,1.0,1.0,Pond_01,Real_Data,Obs_Pond_01_20260416_04,Low,1,1.0,0,0,0,0,0,0,0,0,0,0
2026-04-16 04:00:00,26.6,7.889999999999999,3.19,6.68,0.0,1.0,Pond_02,Real_Data,Obs_Pond_02_20260416_04,Low,1,1.0,0,0,0,0,0,0,0,0,0,0
2026-04-16 04:00:00,27.730313181800476,7.911305740875315,3.290838048882585,6.60963993302926,,,Pond_03,Real_Data,Obs_Pond_03_20260416_04,Unknown,0,1.0,0,-1,0,0,0,0,0,0,0,0
2026-04-16 04:00:00,26.502673082587773,7.877770620740376,3.2037337667807617,6.666426679806655,0.0,1.0,Pond_04,Mock_Data,Obs_Pond_04_20260416_04,Low,1,1.0,0,0,0,0,0,0,0,0,0,0
2026-04-16 04:00:00,26.565922518654943,7.891754892626113,3.189559962032283,6.718049160883229,0.0,1.0,Pond_05,Mock_Data,Obs_Pond_05_20260416_04,Low,1,1.0,0,0,0,0,0,0,0,0,0,0
2026-04-16 08:00:00,26.6,7.89,3.19,6.68,1.0,1.0,Pond_01,Real_Data,Obs_Pond_01_20260416_08,Low,1,1.0,0,0,0,0,0,0,0,0,0,0
2026-04-16 08:00:00,26.6,7.89,3.19,6.68,0.0,1.0,Pond_02,Real_Data,Obs_Pond_02_20260416_08,Low,1,1.0,0,0,0,0,0,0,0,0,0,0
2026-04-16 08:00:00,27.136659542232422,7.73259783406293,3.0544060421224275,6.26198730010181,,,Pond_03,Real_Data,Obs_Pond_03_20260416_08,Unknown,0,1.0,0,-1,0,0,0,0,0,0,0,0
2026-04-16 08:00:00,26.554930005264595,7.85096292644352,3.147240714151492,6.660546119827529,0.0,1.0,Pond_04,Mock_Data,Obs_Pond_04_20260416_08,Low,1,1.0,0,0,0,0,0,0,0,0,0,0
2026-04-16 08:00:00,26.580458911355016,7.8520874732003865,3.1927329209664195,6.745684771529284,0.0,2.0,Pond_05,Mock_Data,Obs_Pond_05_20260416_08,Medium,2,1.0,0,1,0,0,0,0,0,0,0,1
2026-04-16 12:00:00,26.6,7.89,3.19,6.68,0.0,1.0,Pond_01,Real_Data,Obs_Pond_01_20260416_12,Low,1,1.0,0,0,0,0,0,0,0,0,0,0
2026-04-16 12:00:00,26.6,7.89,3.19,6.68,0.0,1.0,Pond_02,Real_Data,Obs_Pond_02_20260416_12,Low,1,1.0,0,0,0,0,0,0,0,0,0,0
2026-04-16 12:00:00,26.870379649901125,7.844274021179513,3.5865375920447673,6.26640611284389,,,Pond_03,Real_Data,Obs_Pond_03_20260416_12,Low,1,1.0,0,0,0,0,0,0,0,0,0,0
2026-04-16 12:00:00,26.584658103075853,7.89579052502037,3.162711909216472,6.729239397523772,0.0,1.0,Pond_04,Mock_Data,Obs_Pond_04_20260416_12,Low,1,1.0,0,0,0,0,0,0,0,0,0,0
2026-04-16 12:00:00,26.616614514787514,7.883552990307305,3.158593773921615,6.6156533507025,0.0,1.0,Pond_05,Mock_Data,Obs_Pond_05_20260416_12,Low,1,1.0,0,0,0,0,0,0,0,0,0,0
2026-04-16 16:00:00,26.6,7.89,3.19,6.68,1.0,1.0,Pond_01,Real_Data,Obs_Pond_01_20260416_16,Low,1,1.0,0,0,0,0,0,0,0,0,0,0
2026-04-16 16:00:00,26.6,7.889999999999999,3.19,6.68,0.0,1.0,Pond_02,Real_Data,Obs_Pond_02_20260416_16,Low,1,1.0,0,0,0,0,0,0,0,0,0,0
2026-04-16 16:00:00,27.16951734835995,7.75406352479607,3.27653017062747,6.0912025293797,,,Pond_03,Real_Data,Obs_Pond_03_20260416_16,Unknown,0,1.0,0,-1,0,0,0,0,0,0,0,0
2026-04-16 16:00:00,26.595386407999467,7.848997746454861,3.198163326054405,6.76275244232418,0.0,1.0,Pond_04,Mock_Data,Obs_Pond_04_20260416_16,Low,1,1.0,0,0,0,0,0,0,0,0,0,0
2026-04-16 16:00:00,26.64432850783816,7.89993403402509,3.1506516578441626,6.665615142332775,0.0,1.0,Pond_05,Mock_Data,Obs_Pond_05_20260416_16,Low,1,1.0,0,0,0,0,0,0,0,0,0,0
2026-04-16 20:00:00,26.6,7.89,3.19,6.68,0.0,1.0,Pond_01,Real_Data,Obs_Pond_01_20260416_20,Low,1,1.0,0,0,0,0,0,0,0,0,0,0
2026-04-16 20:00:00,26.6,7.89,3.19,6.68,0.0,1.0,Pond_02,Real_Data,Obs_Pond_02_20260416_20,Low,1,1.0,0,0,0,0,0,0,0,0,0,0
2026-04-16 20:00:00,27.563108041105203,7.868635408710883,3.60881421804089,6.19141650980137,,,Pond_03,Real_Data,Obs_Pond_03_20260416_20,Low,1,1.0,0,0,0,0,0,0,0,0,0,0
2026-04-16 20:00:00,26.638470991580494,7.88852836018439,3.2028163714983173,6.7681442975918635,0.0,1.0,Pond_04,Mock_Data,Obs_Pond_04_20260416_20,Low,1,1.0,0,0,0,0,0,0,0,0,0,0
2026-04-16 20:00:00,26.596831520514037,7.882858848232388,3.2202420408037,6.620633370236406,0.0,1.0,Pond_05,Mock_Data,Obs_Pond_05_20260416_20,Low,1,1.0,0,0,0,0,0,0,0,0,0,0
2026-04-17 00:00:00,26.6,7.89,3.19,6.68,1.0,1.0,Pond_01,Real_Data,Obs_Pond_01_20260417_00,Low,1,1.0,0,0,0,0,0,0,0,0,0,0
2026-04-17 00:00:00,26.6,7.89,3.19,6.68,0.0,1.0,Pond_02,Real_Data,Obs_Pond_02_20260417_00,Low,1,1.0,0,0,0,0,0,0,0,0,0,0
2026-04-17 00:00:00,27.155617482699547,7.789188612855855,3.2470515306351198,6.38366075771167,,,Pond_03,Real_Data,Obs_Pond_03_20260417_00,Unknown,0,1.0,0,-1,0,0,0,0,0,0,0,0
2026-04-17 00:00:00,26.6110144047682,7.860660816223247,3.138723503073862,6.644496323989527,0.0,2.0,Pond_04,Mock_Data,Obs_Pond_04_20260417_00,Medium,2,1.0,0,1,0,0,0,0,0,0,0,1
2026-04-17 00:00:00,26.600999459427943,7.884084289768928,3.2264459051449745,6.655615079019872,0.0,1.0,Pond_05,Mock_Data,Obs_Pond_05_20260417_00,Low,1,1.0,0,0,0,0,0,0,0,0,0,0
2026-04-17 04:00:00,26.6,7.89,3.19,6.68,1.0,1.0,Pond_01,Real_Data,Obs_Pond_01_20260417_04,Low,1,1.0,0,0,0,0,0,0,0,0,0,0
2026-04-17 04:00:00,26.6,7.889999999999999,3.19,6.68,0.0,1.0,Pond_02,Real_Data,Obs_Pond_02_20260417_04,Low,1,1.0,0,0,0,0,0,0,0,0,0,0
2026-04-17 04:00:00,27.301380328261025,7.969659779178036,3.02258628512279,6.15811302804459,,,Pond_03,Real_Data,Obs_Pond_03_20260417_04,Unknown,0,1.0,0,-1,0,0,0,0,0,0,0,0
2026-04-17 04:00:00,26.517231623938432,7.932610841876222,3.235445024201174,6.666786609574824,0.0,1.0,Pond_04,Mock_Data,Obs_Pond_04_20260417_04,Low,1,1.0,0,0,0,0,0,0,0,0,0,0
2026-04-17 04:00:00,26.60888252537023,7.86374657125755,3.2160334287675063,6.7441161928781765,0.0,1.0,Pond_05,Mock_Data,Obs_Pond_05_20260417_04,Low,1,1.0,0,0,0,0,0,0,0,0,0,0
2026-04-17 08:00:00,26.6,7.89,3.19,6.68,0.0,1.0,Pond_01,Real_Data,Obs_Pond_01_20260417_08,Low,1,1.0,0,0,0,0,0,0,0,0,0,0
2026-04-17 08:00:00,26.6,7.89,3.19,6.68,0.0,1.0,Pond_02,Real_Data,Obs_Pond_02_20260417_08,Low,1,1.0,0,0,0,0,0,0,0,0,0,0
2026-04-17 08:00:00,27.230157387084926,7.7681700322555525,3.0390316004843676,5.5526484614609,,,Pond_03,Real_Data,Obs_Pond_03_20260417_08,Unknown,0,1.0,0,-1,0,0,0,0,0,0,0,0
2026-04-17 08:00:00,26.623565725578278,7.909541288105679,3.214663368207917,6.573682597845248,0.0,1.0,Pond_04,Mock_Data,Obs_Pond_04_20260417_08,Low,1,1.0,0,0,0,0,0,0,0,0,0,0
2026-04-17 08:00:00,26.568022746573966,7.902147677738914,3.25533642991379,6.686819715733575,0.0,1.0,Pond_05,Mock_Data,Obs_Pond_05_20260417_08,Low,1,1.0,0,0,0,0,0,0,0,0,0,0
2026-04-17 12:00:00,26.6,7.89,3.19,6.68,0.0,1.0,Pond_01,Real_Data,Obs_Pond_01_20260417_12,Low,1,1.0,0,0,0,0,0,0,0,0,0,0
2026-04-17 12:00:00,26.6,7.89,3.19,6.68,0.0,1.0,Pond_02,Real_Data,Obs_Pond_02_20260417_12,Low,1,1.0,0,0,0,0,0,0,0,0,0,0
2026-04-17 12:00:00,27.337209703008924,7.917382290630255,3.2308974740078877,6.68804151873711,,,Pond_03,Real_Data,Obs_Pond_03_20260417_12,Unknown,0,1.0,0,-1,0,0,0,0,0,0,0,0
2026-04-17 12:00:00,26.63784581127246,7.89226755522606,3.1596140102767714,6.629105341473145,0.0,1.0,Pond_04,Mock_Data,Obs_Pond_04_20260417_12,Low,1,1.0,0,0,0,0,0,0,0,0,0,0
2026-04-17 12:00:00,26.542641601108016,7.876095631128082,3.1666401990470288,6.844635978493362,0.0,1.0,Pond_05,Mock_Data,Obs_Pond_05_20260417_12,Low,1,1.0,0,0,0,0,0,0,0,0,0,0
2026-04-17 16:00:00,26.6,7.89,3.19,6.68,0.0,1.0,Pond_01,Real_Data,Obs_Pond_01_20260417_16,Low,1,1.0,0,0,0,0,0,0,0,0,0,0
2026-04-17 16:00:00,26.6,7.89,3.19,6.68,0.0,1.0,Pond_02,Real_Data,Obs_Pond_02_20260417_16,Low,1,1.0,0,0,0,0,0,0,0,0,0,0
2026-04-17 16:00:00,27.3204327181725,7.881635640021845,3.2645845269791125,6.56472250866903,,,Pond_03,Real_Data,Obs_Pond_03_20260417_16,Unknown,0,1.0,0,-1,0,0,0,0,0,0,0,0
2026-04-17 16:00:00,26.634697376753653,15.245750921076528,3.12370348993652,6.740935126439276,0.0,1.0,Pond_04,Mock_Data,Obs_Pond_04_20260417_16,Low,1,0.5,1,0,1,0,0,0,1,1,0,0
2026-04-17 16:00:00,26.491193052122007,7.843761856425662,3.26219004047657,6.692214563394614,0.0,1.0,Pond_05,Mock_Data,Obs_Pond_05_20260417_16,Low,1,1.0,0,0,0,0,0,0,0,0,0,0
2026-04-17 20:00:00,26.6,7.89,3.19,6.68,1.0,1.0,Pond_01,Real_Data,Obs_Pond_01_20260417_20,Low,1,1.0,0,0,0,0,0,0,0,0,0,0
2026-04-17 20:00:00,26.6,7.890000000000001,3.19,6.68,0.0,1.0,Pond_02,Real_Data,Obs_Pond_02_20260417_20,Low,1,1.0,0,0,0,0,0,0,0,0,0,0
2026-04-17 20:00:00,27.00264425982595,7.7072650019894375,3.289333745662645,6.52354755934418,,,Pond_03,Real_Data,Obs_Pond_03_20260417_20,Unknown,0,1.0,0,-1,0,0,0,0,0,0,0,0
2026-04-17 20:00:00,26.666989810492936,7.871853433389689,3.183752105309898,6.782032001863328,0.0,1.0,Pond_04,Mock_Data,Obs_Pond_04_20260417_20,Low,1,1.0,0,0,0,0,0,0,0,0,0,0
2026-04-17 20:00:00,26.556912699624657,7.882039561126315,3.1511547108552582,6.683769835864657,0.0,1.0,Pond_05,Mock_Data,Obs_Pond_05_20260417_20,Low,1,1.0,0,0,0,0,0,0,0,0,0,0
2026-04-18 00:00:00,26.6,7.89,3.19,6.68,0.0,1.0,Pond_01,Real_Data,Obs_Pond_01_20260418_00,Low,1,1.0,0,0,0,0,0,0,0,0,0,0
2026-04-18 00:00:00,26.6,7.89,3.19,6.68,0.0,1.0,Pond_02,Real_Data,Obs_Pond_02_20260418_00,Low,1,1.0,0,0,0,0,0,0,0,0,0,0
2026-04-18 00:00:00,27.22237610685065,7.772071919790485,3.4402378961510776,6.43547770898826,,,Pond_03,Real_Data,Obs_Pond_03_20260418_00,Low,1,1.0,0,0,0,0,0,0,0,0,0,0
2026-04-18 00:00:00,26.651688826214425,7.9016531945620345,3.1707721096215202,6.602044797357373,0.0,1.0,Pond_04,Mock_Data,Obs_Pond_04_20260418_00,Low,1,1.0,0,0,0,0,0,0,0,0,0,0
2026-04-18 00:00:00,26.629326877784333,7.911037649226,3.1463357293867342,6.686705973643853,0.0,1.0,Pond_05,Mock_Data,Obs_Pond_05_20260418_00,Low,1,1.0,0,0,0,0,0,0,0,0,0,0
2026-04-18 04:00:00,26.6,7.89,3.19,6.68,1.0,1.0,Pond_01,Real_Data,Obs_Pond_01_20260418_04,Low,1,1.0,0,0,0,0,0,0,0,0,0,0
2026-04-18 04:00:00,26.6,7.89,3.19,6.68,0.0,1.0,Pond_02,Real_Data,Obs_Pond_02_20260418_04,Low,1,1.0,0,0,0,0,0,0,0,0,0,0
2026-04-18 04:00:00,27.219820334869823,7.914124878562168,3.1933072249972403,6.26447297497626,,,Pond_03,Real_Data,Obs_Pond_03_20260418_04,Unknown,0,1.0,0,-1,0,0,0,0,0,0,0,0
2026-04-18 04:00:00,26.62846126486375,7.894284302130002,3.1948783114056045,6.642582967884568,0.0,1.0,Pond_04,Mock_Data,Obs_Pond_04_20260418_04,Low,1,1.0,0,0,0,0,0,0,0,0,0,0
2026-04-18 04:00:00,26.556431584211108,7.881703523077466,3.1141153190307476,6.63971924386061,0.0,1.0,Pond_05,Mock_Data,Obs_Pond_05_20260418_04,Low,1,1.0,0,0,0,0,0,0,0,0,0,0
2026-04-18 08:00:00,26.6,7.89,3.19,6.68,1.0,1.0,Pond_01,Real_Data,Obs_Pond_01_20260418_08,Low,1,1.0,0,0,0,0,0,0,0,0,0,0
2026-04-18 08:00:00,26.6,7.89,3.19,6.68,0.0,1.0,Pond_02,Real_Data,Obs_Pond_02_20260418_08,Low,1,1.0,0,0,0,0,0,0,0,0,0,0
2026-04-18 08:00:00,26.407255513162724,7.840716247810684,3.45799178332177,5.23571103603965,,,Pond_03,Real_Data,Obs_Pond_03_20260418_08,Low,1,1.0,0,0,0,0,0,0,0,0,0,0
2026-04-18 08:00:00,26.595650933068498,7.895661074728528,3.174343388776924,6.6783323465662265,0.0,1.0,Pond_04,Mock_Data,Obs_Pond_04_20260418_08,Low,1,1.0,0,0,0,0,0,0,0,0,0,0
2026-04-18 08:00:00,26.585260055074656,7.927265585360568,3.170778508230815,6.6763473334478025,0.0,1.0,Pond_05,Mock_Data,Obs_Pond_05_20260418_08,Low,1,1.0,0,0,0,0,0,0,0,0,0,0
2026-04-18 12:00:00,26.6,7.89,3.19,6.68,0.0,1.0,Pond_01,Real_Data,Obs_Pond_01_20260418_12,Low,1,1.0,0,0,0,0,0,0,0,0,0,0
2026-04-18 12:00:00,26.6,7.89,3.19,6.68,0.0,1.0,Pond_02,Real_Data,Obs_Pond_02_20260418_12,Low,1,1.0,0,0,0,0,0,0,0,0,0,0
2026-04-18 12:00:00,27.37707107035855,7.684382133313894,3.1587384873338276,6.49959997127011,,,Pond_03,Real_Data,Obs_Pond_03_20260418_12,Unknown,0,1.0,0,-1,0,0,0,0,0,0,0,0
2026-04-18 12:00:00,26.497048998430923,7.9172815924032145,3.1034438736141716,6.697693555206246,0.0,1.0,Pond_04,Mock_Data,Obs_Pond_04_20260418_12,Low,1,1.0,0,0,0,0,0,0,0,0,0,0
2026-04-18 12:00:00,26.6289107150164,15.611660562444522,3.1682808512090297,6.751225361155407,0.0,1.0,Pond_05,Mock_Data,Obs_Pond_05_20260418_12,Low,1,0.5,1,0,1,0,0,0,1,1,0,0
2026-04-18 16:00:00,26.6,7.89,3.19,6.68,0.0,1.0,Pond_01,Real_Data,Obs_Pond_01_20260418_16,Low,1,1.0,0,0,0,0,0,0,0,0,0,0
2026-04-18 16:00:00,26.6,7.890000000000001,3.19,6.68,0.0,1.0,Pond_02,Real_Data,Obs_Pond_02_20260418_16,Low,1,1.0,0,0,0,0,0,0,0,0,0,0
2026-04-18 16:00:00,27.104356519135926,7.950244821076077,3.078852967535415,5.55485043929465,,,Pond_03,Real_Data,Obs_Pond_03_20260418_16,Unknown,0,1.0,0,-1,0,0,0,0,0,0,0,0
2026-04-18 16:00:00,26.626628938140286,7.905705973996169,3.1732555272641476,6.628869555525615,0.0,1.0,Pond_04,Mock_Data,Obs_Pond_04_20260418_16,Low,1,1.0,0,0,0,0,0,0,0,0,0,0
2026-04-18 16:00:00,26.632273790479672,7.897263596245713,3.2126769972450844,6.687197808279019,0.0,1.0,Pond_05,Mock_Data,Obs_Pond_05_20260418_16,Low,1,1.0,0,0,0,0,0,0,0,0,0,0
2026-04-18 20:00:00,26.6,7.89,3.19,6.68,1.0,1.0,Pond_01,Real_Data,Obs_Pond_01_20260418_20,Low,1,1.0,0,0,0,0,0,0,0,0,0,0
2026-04-18 20:00:00,26.6,7.890000000000001,3.19,6.68,0.0,1.0,Pond_02,Real_Data,Obs_Pond_02_20260418_20,Low,1,1.0,0,0,0,0,0,0,0,0,0,0
2026-04-18 20:00:00,26.8292907462564,7.719822359808313,3.442381354294575,6.60060764641253,,,Pond_03,Real_Data,Obs_Pond_03_20260418_20,Low,1,1.0,0,0,0,0,0,0,0,0,0,0
2026-04-18 20:00:00,26.612873063402972,7.896190764819442,3.176822528084745,6.706781540784085,0.0,1.0,Pond_04,Mock_Data,Obs_Pond_04_20260418_20,Low,1,1.0,0,0,0,0,0,0,0,0,0,0
2026-04-18 20:00:00,26.53308753618789,7.8872469057099694,3.200515919709191,6.629889115272876,0.0,1.0,Pond_05,Mock_Data,Obs_Pond_05_20260418_20,Low,1,1.0,0,0,0,0,0,0,0,0,0,0
2026-04-19 00:00:00,26.6,7.89,3.19,6.68,1.0,1.0,Pond_01,Real_Data,Obs_Pond_01_20260419_00,Low,1,1.0,0,0,0,0,0,0,0,0,0,0
2026-04-19 00:00:00,26.6,7.89,3.19,6.68,0.0,1.0,Pond_02,Real_Data,Obs_Pond_02_20260419_00,Low,1,1.0,0,0,0,0,0,0,0,0,0,0
2026-04-19 00:00:00,27.1724864299539,7.779722868956048,3.7041679011314272,6.19366414952927,,,Pond_03,Real_Data,Obs_Pond_03_20260419_00,Low,1,1.0,0,0,0,0,0,0,0,0,0,0
2026-04-19 00:00:00,26.61683321547789,7.854516178479806,3.217321754613328,6.650074714562094,0.0,1.0,Pond_04,Mock_Data,Obs_Pond_04_20260419_00,Low,1,1.0,0,0,0,0,0,0,0,0,0,0
2026-04-19 00:00:00,26.66180052600842,7.888535818475895,3.138562205297633,6.621576356009336,0.0,1.0,Pond_05,Mock_Data,Obs_Pond_05_20260419_00,Low,1,1.0,0,0,0,0,0,0,0,0,0,0
2026-04-19 04:00:00,26.6,7.89,3.19,6.68,0.0,1.0,Pond_01,Real_Data,Obs_Pond_01_20260419_04,Low,1,1.0,0,0,0,0,0,0,0,0,0,0
2026-04-19 04:00:00,26.6,7.89,3.19,6.68,0.0,1.0,Pond_02,Real_Data,Obs_Pond_02_20260419_04,Low,1,1.0,0,0,0,0,0,0,0,0,0,0
2026-04-19 04:00:00,26.9556365606426,7.88032019542803,3.49847229326232,5.47260237554807,,,Pond_03,Real_Data,Obs_Pond_03_20260419_04,Low,1,1.0,0,0,0,0,0,0,0,0,0,0
2026-04-19 04:00:00,26.52086355435564,7.869414846806463,3.159895512845168,6.67908726800775,0.0,1.0,Pond_04,Mock_Data,Obs_Pond_04_20260419_04,Low,1,1.0,0,0,0,0,0,0,0,0,0,0
2026-04-19 04:00:00,26.669876309837377,7.884351714172122,3.1730667036523013,6.651567536136316,0.0,1.0,Pond_05,Mock_Data,Obs_Pond_05_20260419_04,Low,1,1.0,0,0,0,0,0,0,0,0,0,0
2026-04-19 08:00:00,26.6,7.89,3.19,6.68,1.0,1.0,Pond_01,Real_Data,Obs_Pond_01_20260419_08,Low,1,1.0,0,0,0,0,0,0,0,0,0,0
2026-04-19 08:00:00,26.6,7.889999999999999,3.19,6.68,0.0,1.0,Pond_02,Real_Data,Obs_Pond_02_20260419_08,Low,1,1.0,0,0,0,0,0,0,0,0,0,0
2026-04-19 08:00:00,27.2284129814131,7.751155106564705,3.5530852688801753,5.94849261576849,,,Pond_03,Real_Data,Obs_Pond_03_20260419_08,Low,1,1.0,0,0,0,0,0,0,0,0,0,0
2026-04-19 08:00:00,26.53299309373145,7.8873688954285806,3.2623799250835215,6.714500537266052,0.0,1.0,Pond_04,Mock_Data,Obs_Pond_04_20260419_08,Low,1,1.0,0,0,0,0,0,0,0,0,0,0
2026-04-19 08:00:00,26.529968747562833,7.88351878990385,3.173983559361336,6.68466483919462,0.0,1.0,Pond_05,Mock_Data,Obs_Pond_05_20260419_08,Low,1,1.0,0,0,0,0,0,0,0,0,0,0
2026-04-19 12:00:00,26.6,7.89,3.19,6.68,0.0,1.0,Pond_01,Real_Data,Obs_Pond_01_20260419_12,Low,1,1.0,0,0,0,0,0,0,0,0,0,0
2026-04-19 12:00:00,26.6,7.889999999999999,3.19,6.68,0.0,1.0,Pond_02,Real_Data,Obs_Pond_02_20260419_12,Low,1,1.0,0,0,0,0,0,0,0,0,0,0
2026-04-19 12:00:00,27.309915840765626,7.884014033694575,3.0967494658889176,6.00888830238004,,,Pond_03,Real_Data,Obs_Pond_03_20260419_12,Unknown,0,1.0,0,-1,0,0,0,0,0,0,0,0
2026-04-19 12:00:00,26.665277357744017,7.89200207493949,3.107575214520385,6.680405597927735,0.0,1.0,Pond_04,Mock_Data,Obs_Pond_04_20260419_12,Low,1,1.0,0,0,0,0,0,0,0,0,0,0
2026-04-19 12:00:00,26.548936287935714,15.78216751944337,3.1134244347497604,6.755380860601308,0.0,1.0,Pond_05,Mock_Data,Obs_Pond_05_20260419_12,Low,1,0.5,1,0,1,0,0,0,1,1,0,0
2026-04-19 16:00:00,26.6,7.89,3.19,6.68,0.0,1.0,Pond_01,Real_Data,Obs_Pond_01_20260419_16,Low,1,1.0,0,0,0,0,0,0,0,0,0,0
2026-04-19 16:00:00,26.6,7.89,3.19,6.68,0.0,1.0,Pond_02,Real_Data,Obs_Pond_02_20260419_16,Low,1,1.0,0,0,0,0,0,0,0,0,0,0
2026-04-19 16:00:00,27.337092722682648,7.704960155070572,3.3654433086070177,5.67031530859819,,,Pond_03,Real_Data,Obs_Pond_03_20260419_16,Low,1,1.0,0,0,0,0,0,0,0,0,0,0
2026-04-19 16:00:00,26.597548260994834,7.865766359469626,3.246534006718668,6.652440084564932,0.0,1.0,Pond_04,Mock_Data,Obs_Pond_04_20260419_16,Low,1,1.0,0,0,0,0,0,0,0,0,0,0
2026-04-19 16:00:00,26.673827130015592,7.869934062218398,3.1477042224211864,6.595341548845337,0.0,2.0,Pond_05,Mock_Data,Obs_Pond_05_20260419_16,Medium,2,1.0,0,1,0,0,0,0,0,0,0,1
2026-04-19 20:00:00,26.6,7.89,3.19,6.68,1.0,1.0,Pond_01,Real_Data,Obs_Pond_01_20260419_20,Low,1,1.0,0,0,0,0,0,0,0,0,0,0
2026-04-19 20:00:00,26.6,7.89,3.19,6.68,0.0,1.0,Pond_02,Real_Data,Obs_Pond_02_20260419_20,Low,1,1.0,0,0,0,0,0,0,0,0,0,0
2026-04-19 20:00:00,27.75378144581635,7.799842329508995,3.75867698137387,6.25455801093503,,,Pond_03,Real_Data,Obs_Pond_03_20260419_20,Medium,1,1.0,0,1,0,0,0,0,0,0,0,1
2026-04-19 20:00:00,26.642241318232585,7.941710770682794,3.180327970890065,6.673077601745086,0.0,1.0,Pond_04,Mock_Data,Obs_Pond_04_20260419_20,Low,1,1.0,0,0,0,0,0,0,0,0,0,0
2026-04-19 20:00:00,26.590897608250682,7.866930863237357,3.156764594878222,6.659801397423984,0.0,1.0,Pond_05,Mock_Data,Obs_Pond_05_20260419_20,Low,1,1.0,0,0,0,0,0,0,0,0,0,0
2026-04-20 00:00:00,26.6,7.89,3.19,6.68,0.0,1.0,Pond_01,Real_Data,Obs_Pond_01_20260420_00,Low,1,1.0,0,0,0,0,0,0,0,0,0,0
2026-04-20 00:00:00,26.6,7.89,3.1899999999999995,6.68,0.0,1.0,Pond_02,Real_Data,Obs_Pond_02_20260420_00,Low,1,1.0,0,0,0,0,0,0,0,0,0,0
2026-04-20 00:00:00,27.03734398172475,7.858904395749188,3.19463422267243,5.6279476709279,,,Pond_03,Real_Data,Obs_Pond_03_20260420_00,Unknown,0,1.0,0,-1,0,0,0,0,0,0,0,0
2026-04-20 00:00:00,26.60175525211136,7.922514269449971,3.227062981678372,6.6744194444958955,0.0,1.0,Pond_04,Mock_Data,Obs_Pond_04_20260420_00,Low,1,1.0,0,0,0,0,0,0,0,0,0,0
2026-04-20 00:00:00,26.462411957837343,7.865916638289029,3.251814044840523,6.689113887544037,0.0,1.0,Pond_05,Mock_Data,Obs_Pond_05_20260420_00,Low,1,1.0,0,0,0,0,0,0,0,0,0,0
2026-04-20 04:00:00,26.6,7.89,3.19,6.68,0.0,1.0,Pond_01,Real_Data,Obs_Pond_01_20260420_04,Low,1,1.0,0,0,0,0,0,0,0,0,0,0
2026-04-20 04:00:00,26.6,7.89,3.19,6.68,0.0,1.0,Pond_02,Real_Data,Obs_Pond_02_20260420_04,Low,1,1.0,0,0,0,0,0,0,0,0,0,0
2026-04-20 04:00:00,27.134183393235602,7.758285002877995,3.201248267968835,6.87604412197598,,,Pond_03,Real_Data,Obs_Pond_03_20260420_04,Unknown,0,1.0,0,-1,0,0,0,0,0,0,0,0
2026-04-20 04:00:00,26.601844368703745,7.902910521010142,3.1934408247943127,6.656631983492205,0.0,1.0,Pond_04,Mock_Data,Obs_Pond_04_20260420_04,Low,1,1.0,0,0,0,0,0,0,0,0,0,0
2026-04-20 04:00:00,26.513243827785335,7.933862585014957,3.198254838592602,6.5641924613381,0.0,1.0,Pond_05,Mock_Data,Obs_Pond_05_20260420_04,Low,1,1.0,0,0,0,0,0,0,0,0,0,0
2026-04-20 08:00:00,26.6,7.89,3.19,6.68,1.0,1.0,Pond_01,Real_Data,Obs_Pond_01_20260420_08,Low,1,1.0,0,0,0,0,0,0,0,0,0,0
2026-04-20 08:00:00,26.6,7.89,3.1899999999999995,6.68,0.0,1.0,Pond_02,Real_Data,Obs_Pond_02_20260420_08,Low,1,1.0,0,0,0,0,0,0,0,0,0,0
2026-04-20 08:00:00,27.61676641051925,7.8551954075589006,3.3991557623167425,6.31152719495187,,,Pond_03,Real_Data,Obs_Pond_03_20260420_08,Low,1,1.0,0,0,0,0,0,0,0,0,0,0
2026-04-20 08:00:00,26.65815745309361,7.891544602413862,3.2391345617077345,6.663655755704137,0.0,1.0,Pond_04,Mock_Data,Obs_Pond_04_20260420_08,Low,1,1.0,0,0,0,0,0,0,0,0,0,0
2026-04-20 08:00:00,26.584543373565044,7.901371524404264,3.218550931019337,6.627354168216461,0.0,1.0,Pond_05,Mock_Data,Obs_Pond_05_20260420_08,Low,1,1.0,0,0,0,0,0,0,0,0,0,0
2026-04-20 12:00:00,26.6,7.89,3.19,6.68,1.0,1.0,Pond_01,Real_Data,Obs_Pond_01_20260420_12,Low,1,1.0,0,0,0,0,0,0,0,0,0,0
2026-04-20 12:00:00,26.6,7.89,3.19,6.68,0.0,1.0,Pond_02,Real_Data,Obs_Pond_02_20260420_12,Low,1,1.0,0,0,0,0,0,0,0,0,0,0
2026-04-20 12:00:00,27.064233127109176,7.7939503771335,3.5117132077599926,5.98465697516335,,,Pond_03,Real_Data,Obs_Pond_03_20260420_12,Low,1,1.0,0,0,0,0,0,0,0,0,0,0
2026-04-20 12:00:00,26.56801410523729,7.8854498505166495,3.173297996676027,6.780962432072349,0.0,2.0,Pond_04,Mock_Data,Obs_Pond_04_20260420_12,Medium,2,1.0,0,1,0,0,0,0,0,0,0,1
2026-04-20 12:00:00,26.527911365464274,7.896528871210318,3.125382878688912,6.637061694552519,0.0,1.0,Pond_05,Mock_Data,Obs_Pond_05_20260420_12,Low,1,1.0,0,0,0,0,0,0,0,0,0,0
2026-04-20 16:00:00,26.6,7.89,3.19,6.68,1.0,1.0,Pond_01,Real_Data,Obs_Pond_01_20260420_16,Low,1,1.0,0,0,0,0,0,0,0,0,0,0
2026-04-20 16:00:00,26.6,7.89,3.19,6.68,0.0,1.0,Pond_02,Real_Data,Obs_Pond_02_20260420_16,Low,1,1.0,0,0,0,0,0,0,0,0,0,0
2026-04-20 16:00:00,27.503561506084075,7.76262714819776,3.2456265826333075,6.20750196913228,,,Pond_03,Real_Data,Obs_Pond_03_20260420_16,Unknown,0,1.0,0,-1,0,0,0,0,0,0,0,0
2026-04-20 16:00:00,26.605957834442698,7.869589122499963,3.1426304498835145,6.715424822128167,0.0,1.0,Pond_04,Mock_Data,Obs_Pond_04_20260420_16,Low,1,1.0,0,0,0,0,0,0,0,0,0,0
2026-04-20 16:00:00,26.5743748390461,7.867324946099536,3.241491308104715,6.629730555757271,0.0,1.0,Pond_05,Mock_Data,Obs_Pond_05_20260420_16,Low,1,1.0,0,0,0,0,0,0,0,0,0,0
2026-04-20 20:00:00,26.6,7.89,3.19,6.68,1.0,1.0,Pond_01,Real_Data,Obs_Pond_01_20260420_20,Low,1,1.0,0,0,0,0,0,0,0,0,0,0
2026-04-20 20:00:00,26.6,7.89,3.19,6.68,0.0,1.0,Pond_02,Real_Data,Obs_Pond_02_20260420_20,Low,1,1.0,0,0,0,0,0,0,0,0,0,0
2026-04-20 20:00:00,28.15618254589205,7.782302490953917,3.384186274723082,5.98038961744576,,,Pond_03,Real_Data,Obs_Pond_03_20260420_20,Low,1,1.0,0,0,0,0,0,0,0,0,0,0
2026-04-20 20:00:00,26.571346885400807,7.89166132440807,3.251248314235263,6.661338964539426,0.0,1.0,Pond_04,Mock_Data,Obs_Pond_04_20260420_20,Low,1,1.0,0,0,0,0,0,0,0,0,0,0
2026-04-20 20:00:00,26.602008007881746,7.903365602069917,3.2461000123141774,6.692118768613918,0.0,1.0,Pond_05,Mock_Data,Obs_Pond_05_20260420_20,Low,1,1.0,0,0,0,0,0,0,0,0,0,0
2026-04-21 00:00:00,26.6,7.89,3.19,6.68,0.0,1.0,Pond_01,Real_Data,Obs_Pond_01_20260421_00,Low,1,1.0,0,0,0,0,0,0,0,0,0,0
2026-04-21 00:00:00,26.6,7.89,3.19,6.68,0.0,1.0,Pond_02,Real_Data,Obs_Pond_02_20260421_00,Low,1,1.0,0,0,0,0,0,0,0,0,0,0
2026-04-21 00:00:00,26.970765677870226,7.72462196716749,3.071136856642115,6.22284559614178,,,Pond_03,Real_Data,Obs_Pond_03_20260421_00,Unknown,0,1.0,0,-1,0,0,0,0,0,0,0,0
2026-04-21 00:00:00,26.57306870926973,7.895526687151391,3.1851070205694607,6.724016098749747,0.0,1.0,Pond_04,Mock_Data,Obs_Pond_04_20260421_00,Low,1,1.0,0,0,0,0,0,0,0,0,0,0
2026-04-21 00:00:00,26.69063462782096,7.887500496552596,3.1038367538944462,6.6698598709165005,0.0,1.0,Pond_05,Mock_Data,Obs_Pond_05_20260421_00,Low,1,1.0,0,0,0,0,0,0,0,0,0,0
2026-04-21 04:00:00,26.6,7.89,3.19,6.68,0.0,1.0,Pond_01,Real_Data,Obs_Pond_01_20260421_04,Low,1,1.0,0,0,0,0,0,0,0,0,0,0
2026-04-21 04:00:00,26.6,7.89,3.1899999999999995,6.68,0.0,1.0,Pond_02,Real_Data,Obs_Pond_02_20260421_04,Low,1,1.0,0,0,0,0,0,0,0,0,0,0
2026-04-21 04:00:00,27.5659640180724,7.729531029741005,2.992574676196945,5.86735348742372,,,Pond_03,Real_Data,Obs_Pond_03_20260421_04,Unknown,0,1.0,0,-1,0,0,0,0,0,0,0,0
2026-04-21 04:00:00,26.580836647553802,7.863374376004916,3.199553003912498,6.658917657266252,0.0,1.0,Pond_04,Mock_Data,Obs_Pond_04_20260421_04,Low,1,1.0,0,0,0,0,0,0,0,0,0,0
2026-04-21 04:00:00,26.581996854361883,7.894592174860913,3.159588644871481,6.644930951338764,0.0,1.0,Pond_05,Mock_Data,Obs_Pond_05_20260421_04,Low,1,1.0,0,0,0,0,0,0,0,0,0,0
2026-04-21 08:00:00,26.6,7.89,3.19,6.68,0.0,1.0,Pond_01,Real_Data,Obs_Pond_01_20260421_08,Low,1,1.0,0,0,0,0,0,0,0,0,0,0
2026-04-21 08:00:00,26.600000000000005,7.89,3.19,6.68,0.0,1.0,Pond_02,Real_Data,Obs_Pond_02_20260421_08,Low,1,1.0,0,0,0,0,0,0,0,0,0,0
2026-04-21 08:00:00,27.254796843289824,7.870464665561305,3.535431681012965,6.24855137353107,,,Pond_03,Real_Data,Obs_Pond_03_20260421_08,Low,1,1.0,0,0,0,0,0,0,0,0,0,0
2026-04-21 08:00:00,26.61376847209982,7.89716535522972,3.243239172814673,6.7540885911037805,0.0,1.0,Pond_04,Mock_Data,Obs_Pond_04_20260421_08,Low,1,1.0,0,0,0,0,0,0,0,0,0,0
2026-04-21 08:00:00,26.666479138830184,7.86905946941015,3.2113760745920823,6.707027944883662,0.0,1.0,Pond_05,Mock_Data,Obs_Pond_05_20260421_08,Low,1,1.0,0,0,0,0,0,0,0,0,0,0
2026-04-21 12:00:00,26.6,7.89,3.19,6.68,0.0,1.0,Pond_01,Real_Data,Obs_Pond_01_20260421_12,Low,1,1.0,0,0,0,0,0,0,0,0,0,0
2026-04-21 12:00:00,26.6,7.889999999999999,3.19,6.68,0.0,1.0,Pond_02,Real_Data,Obs_Pond_02_20260421_12,Low,1,1.0,0,0,0,0,0,0,0,0,0,0
2026-04-21 12:00:00,27.0444918098476,7.887782603421975,3.5005492086525773,5.60825189054549,,,Pond_03,Real_Data,Obs_Pond_03_20260421_12,Low,1,1.0,0,0,0,0,0,0,0,0,0,0
2026-04-21 12:00:00,26.57032582217588,7.886670961264623,3.145504872804044,6.703344722593848,0.0,1.0,Pond_04,Mock_Data,Obs_Pond_04_20260421_12,Low,1,1.0,0,0,0,0,0,0,0,0,0,0
2026-04-21 12:00:00,26.688558548678394,7.893436458219062,3.217784292413297,6.788820643695267,0.0,2.0,Pond_05,Mock_Data,Obs_Pond_05_20260421_12,Medium,2,1.0,0,1,0,0,0,0,0,0,0,1
2026-04-21 16:00:00,26.6,7.89,3.19,6.68,0.0,1.0,Pond_01,Real_Data,Obs_Pond_01_20260421_16,Low,1,1.0,0,0,0,0,0,0,0,0,0,0
2026-04-21 16:00:00,26.6,7.89,3.19,6.68,0.0,1.0,Pond_02,Real_Data,Obs_Pond_02_20260421_16,Low,1,1.0,0,0,0,0,0,0,0,0,0,0
2026-04-21 16:00:00,27.262438637801075,7.782711127426745,3.2827994478888325,6.04265723609296,,,Pond_03,Real_Data,Obs_Pond_03_20260421_16,Unknown,0,1.0,0,-1,0,0,0,0,0,0,0,0
2026-04-21 16:00:00,26.677835274897546,7.8490931072430605,3.2156759616635275,6.673223341819806,0.0,2.0,Pond_04,Mock_Data,Obs_Pond_04_20260421_16,Medium,2,1.0,0,1,0,0,0,0,0,0,0,1
2026-04-21 16:00:00,26.68890252265442,7.880912231675245,3.1607451368980475,6.783527112032133,0.0,1.0,Pond_05,Mock_Data,Obs_Pond_05_20260421_16,Low,1,1.0,0,0,0,0,0,0,0,0,0,0
2026-04-21 20:00:00,26.6,7.89,3.19,6.68,0.0,1.0,Pond_01,Real_Data,Obs_Pond_01_20260421_20,Low,1,1.0,0,0,0,0,0,0,0,0,0,0
2026-04-21 20:00:00,26.6,7.89,3.19,6.68,0.0,1.0,Pond_02,Real_Data,Obs_Pond_02_20260421_20,Low,1,1.0,0,0,0,0,0,0,0,0,0,0
2026-04-21 20:00:00,27.4312720976227,7.898120797492503,3.1072887236447975,6.88306927263766,,,Pond_03,Real_Data,Obs_Pond_03_20260421_20,Unknown,0,1.0,0,-1,0,0,0,0,0,0,0,0
2026-04-21 20:00:00,26.544549738698823,7.871551767514332,3.1645653288530493,6.70827552604712,0.0,2.0,Pond_04,Mock_Data,Obs_Pond_04_20260421_20,Medium,2,1.0,0,1,0,0,0,0,0,0,0,1
2026-04-21 20:00:00,26.617649885676954,7.873583892743881,3.1768276869844856,6.558567505069812,0.0,1.0,Pond_05,Mock_Data,Obs_Pond_05_20260421_20,Low,1,1.0,0,0,0,0,0,0,0,0,0,0
2026-04-22 00:00:00,26.6,7.89,3.19,6.68,1.0,1.0,Pond_01,Real_Data,Obs_Pond_01_20260422_00,Low,1,1.0,0,0,0,0,0,0,0,0,0,0
2026-04-22 00:00:00,26.6,7.89,3.1900000000000004,6.68,0.0,1.0,Pond_02,Real_Data,Obs_Pond_02_20260422_00,Low,1,1.0,0,0,0,0,0,0,0,0,0,0
2026-04-22 00:00:00,27.640654747286973,7.945139887986755,3.3732863764957224,6.27646790160554,,,Pond_03,Real_Data,Obs_Pond_03_20260422_00,Low,1,1.0,0,0,0,0,0,0,0,0,0,0
2026-04-22 00:00:00,26.588417173129688,7.881131538854904,3.184301213801804,6.580791444339018,0.0,1.0,Pond_04,Mock_Data,Obs_Pond_04_20260422_00,Low,1,1.0,0,0,0,0,0,0,0,0,0,0
2026-04-22 00:00:00,26.478309850604454,7.90574058611261,3.1642425395875584,6.716444946850219,0.0,2.0,Pond_05,Mock_Data,Obs_Pond_05_20260422_00,Medium,2,1.0,0,1,0,0,0,0,0,0,0,1
2026-04-22 04:00:00,26.6,7.89,3.19,6.68,0.0,1.0,Pond_01,Real_Data,Obs_Pond_01_20260422_04,Low,1,1.0,0,0,0,0,0,0,0,0,0,0
2026-04-22 04:00:00,26.6,7.89,3.19,6.68,0.0,1.0,Pond_02,Real_Data,Obs_Pond_02_20260422_04,Low,1,1.0,0,0,0,0,0,0,0,0,0,0
2026-04-22 04:00:00,27.346090405804425,7.835517682800372,3.3467239914638376,6.39210131827866,,,Pond_03,Real_Data,Obs_Pond_03_20260422_04,Low,1,1.0,0,0,0,0,0,0,0,0,0,0
2026-04-22 04:00:00,26.572744239821148,7.930475485191665,3.193116474074824,6.608839092114851,0.0,1.0,Pond_04,Mock_Data,Obs_Pond_04_20260422_04,Low,1,1.0,0,0,0,0,0,0,0,0,0,0
2026-04-22 04:00:00,26.6285632133086,7.857028724592626,3.194760928423238,6.668756953590521,0.0,1.0,Pond_05,Mock_Data,Obs_Pond_05_20260422_04,Low,1,1.0,0,0,0,0,0,0,0,0,0,0
2026-04-22 08:00:00,26.6,7.89,3.19,6.68,0.0,1.0,Pond_01,Real_Data,Obs_Pond_01_20260422_08,Low,1,1.0,0,0,0,0,0,0,0,0,0,0
2026-04-22 08:00:00,26.6,7.89,3.1900000000000004,6.68,0.0,1.0,Pond_02,Real_Data,Obs_Pond_02_20260422_08,Low,1,1.0,0,0,0,0,0,0,0,0,0,0
2026-04-22 08:00:00,27.190875136143426,7.976633720829177,3.1745863375429852,5.95620644575628,,,Pond_03,Real_Data,Obs_Pond_03_20260422_08,Unknown,0,1.0,0,-1,0,0,0,0,0,0,0,0
2026-04-22 08:00:00,26.68968773403188,7.90193351964921,3.125314478938296,6.604597763295082,0.0,2.0,Pond_04,Mock_Data,Obs_Pond_04_20260422_08,Medium,2,1.0,0,1,0,0,0,0,0,0,0,1
2026-04-22 08:00:00,26.66498275565509,7.902109838846465,3.2416191098807277,6.6897988230634775,0.0,1.0,Pond_05,Mock_Data,Obs_Pond_05_20260422_08,Low,1,1.0,0,0,0,0,0,0,0,0,0,0
2026-04-22 12:00:00,26.6,7.89,3.19,6.68,1.0,1.0,Pond_01,Real_Data,Obs_Pond_01_20260422_12,Low,1,1.0,0,0,0,0,0,0,0,0,0,0
2026-04-22 12:00:00,26.6,7.889999999999999,3.19,6.68,0.0,1.0,Pond_02,Real_Data,Obs_Pond_02_20260422_12,Low,1,1.0,0,0,0,0,0,0,0,0,0,0
2026-04-22 12:00:00,27.63187316306075,8.003698134565523,3.393535420974308,6.26847168487793,,,Pond_03,Real_Data,Obs_Pond_03_20260422_12,Low,1,1.0,0,0,0,0,0,0,0,0,0,0
2026-04-22 12:00:00,26.61218301448079,7.861364826027411,3.156418646980383,6.689027559527557,0.0,1.0,Pond_04,Mock_Data,Obs_Pond_04_20260422_12,Low,1,1.0,0,0,0,0,0,0,0,0,0,0
2026-04-22 12:00:00,26.594975234196983,7.904676637978107,3.156754741430634,6.654846467399737,0.0,1.0,Pond_05,Mock_Data,Obs_Pond_05_20260422_12,Low,1,1.0,0,0,0,0,0,0,0,0,0,0
2026-04-22 16:00:00,26.6,7.89,3.19,6.68,1.0,1.0,Pond_01,Real_Data,Obs_Pond_01_20260422_16,Low,1,1.0,0,0,0,0,0,0,0,0,0,0
2026-04-22 16:00:00,26.6,7.89,3.19,6.68,0.0,1.0,Pond_02,Real_Data,Obs_Pond_02_20260422_16,Low,1,1.0,0,0,0,0,0,0,0,0,0,0
2026-04-22 16:00:00,27.454467138835952,7.677779911989482,3.143400186107295,6.39053708940587,,,Pond_03,Real_Data,Obs_Pond_03_20260422_16,Unknown,0,1.0,0,-1,0,0,0,0,0,0,0,0
2026-04-22 16:00:00,26.66395660888725,7.900421509383949,3.2482546197225766,6.78941684392724,0.0,1.0,Pond_04,Mock_Data,Obs_Pond_04_20260422_16,Low,1,1.0,0,0,0,0,0,0,0,0,0,0
2026-04-22 16:00:00,26.70813418492951,7.871138826423285,3.2331526809807616,6.687426300359771,0.0,1.0,Pond_05,Mock_Data,Obs_Pond_05_20260422_16,Low,1,1.0,0,0,0,0,0,0,0,0,0,0
2026-04-22 20:00:00,26.6,7.89,3.19,6.68,1.0,1.0,Pond_01,Real_Data,Obs_Pond_01_20260422_20,Low,1,1.0,0,0,0,0,0,0,0,0,0,0
2026-04-22 20:00:00,26.6,7.89,3.19,6.68,0.0,1.0,Pond_02,Real_Data,Obs_Pond_02_20260422_20,Low,1,1.0,0,0,0,0,0,0,0,0,0,0
2026-04-22 20:00:00,27.311405217182248,7.5845891073193075,3.1968125512160026,6.36140436883497,,,Pond_03,Real_Data,Obs_Pond_03_20260422_20,Unknown,0,1.0,0,-1,0,0,0,0,0,0,0,0
2026-04-22 20:00:00,26.50792081546931,7.856822964886296,3.228210174286229,6.820917579312934,0.0,1.0,Pond_04,Mock_Data,Obs_Pond_04_20260422_20,Low,1,1.0,0,0,0,0,0,0,0,0,0,0
2026-04-22 20:00:00,26.653294887645792,7.872410653398214,3.1562964081523424,6.689562121788478,0.0,1.0,Pond_05,Mock_Data,Obs_Pond_05_20260422_20,Low,1,1.0,0,0,0,0,0,0,0,0,0,0
2026-04-23 00:00:00,26.6,7.89,3.19,6.68,1.0,1.0,Pond_01,Real_Data,Obs_Pond_01_20260423_00,Low,1,1.0,0,0,0,0,0,0,0,0,0,0
2026-04-23 00:00:00,26.6,7.89,3.19,6.68,0.0,1.0,Pond_02,Real_Data,Obs_Pond_02_20260423_00,Low,1,1.0,0,0,0,0,0,0,0,0,0,0
2026-04-23 00:00:00,27.502545492593676,7.8541112648595925,3.2890636568916403,4.68698082514293,,,Pond_03,Real_Data,Obs_Pond_03_20260423_00,Unknown,0,1.0,0,-1,0,0,0,0,0,0,0,0
2026-04-23 00:00:00,26.616552521968313,7.91321488173552,3.187299150343944,6.720296065433601,0.0,1.0,Pond_04,Mock_Data,Obs_Pond_04_20260423_00,Low,1,1.0,0,0,0,0,0,0,0,0,0,0
2026-04-23 00:00:00,26.63522317241928,7.885217920388281,3.153452600368349,6.64343634883734,0.0,1.0,Pond_05,Mock_Data,Obs_Pond_05_20260423_00,Low,1,1.0,0,0,0,0,0,0,0,0,0,0
2026-04-23 04:00:00,26.6,7.89,3.19,6.68,1.0,1.0,Pond_01,Real_Data,Obs_Pond_01_20260423_04,Low,1,1.0,0,0,0,0,0,0,0,0,0,0
2026-04-23 04:00:00,26.6,7.89,3.19,6.68,0.0,1.0,Pond_02,Real_Data,Obs_Pond_02_20260423_04,Low,1,1.0,0,0,0,0,0,0,0,0,0,0
2026-04-23 04:00:00,27.268396009837502,7.845131618756092,3.140599058421323,6.25199843497072,,,Pond_03,Real_Data,Obs_Pond_03_20260423_04,Unknown,0,1.0,0,-1,0,0,0,0,0,0,0,0
2026-04-23 04:00:00,26.655141803511448,7.879898223472546,3.2004828279072415,6.711630792093058,0.0,1.0,Pond_04,Mock_Data,Obs_Pond_04_20260423_04,Low,1,1.0,0,0,0,0,0,0,0,0,0,0
2026-04-23 04:00:00,26.667336913257326,15.0613967017761,3.225295592463082,6.623389980397872,0.0,1.0,Pond_05,Mock_Data,Obs_Pond_05_20260423_04,Low,1,0.5,1,0,1,0,0,0,1,1,0,0
2026-04-23 08:00:00,26.6,7.89,3.19,6.68,0.0,1.0,Pond_01,Real_Data,Obs_Pond_01_20260423_08,Low,1,1.0,0,0,0,0,0,0,0,0,0,0
2026-04-23 08:00:00,26.6,7.89,3.19,6.68,0.0,1.0,Pond_02,Real_Data,Obs_Pond_02_20260423_08,Low,1,1.0,0,0,0,0,0,0,0,0,0,0
2026-04-23 08:00:00,27.60625673880165,7.67400563445551,3.31133015600305,6.11221888203164,,,Pond_03,Real_Data,Obs_Pond_03_20260423_08,Low,1,1.0,0,0,0,0,0,0,0,0,0,0
2026-04-23 08:00:00,26.605100191665,7.887992268394625,3.1773130566320114,6.566254345237814,0.0,1.0,Pond_04,Mock_Data,Obs_Pond_04_20260423_08,Low,1,1.0,0,0,0,0,0,0,0,0,0,0
2026-04-23 08:00:00,26.620663195255045,7.886722508655713,3.2297514104611467,6.651662660646173,0.0,1.0,Pond_05,Mock_Data,Obs_Pond_05_20260423_08,Low,1,1.0,0,0,0,0,0,0,0,0,0,0
2026-04-23 12:00:00,26.6,7.89,3.19,6.68,0.0,1.0,Pond_01,Real_Data,Obs_Pond_01_20260423_12,Low,1,1.0,0,0,0,0,0,0,0,0,0,0
2026-04-23 12:00:00,26.6,7.89,3.19,6.68,0.0,1.0,Pond_02,Real_Data,Obs_Pond_02_20260423_12,Low,1,1.0,0,0,0,0,0,0,0,0,0,0
2026-04-23 12:00:00,27.590722625990473,7.793222062900449,2.934085272567195,6.41813349962801,,,Pond_03,Real_Data,Obs_Pond_03_20260423_12,Unknown,0,1.0,0,-1,0,0,0,0,0,0,0,0
2026-04-23 12:00:00,26.666041452000304,7.918427511493276,3.24849221733864,6.645727480300865,0.0,1.0,Pond_04,Mock_Data,Obs_Pond_04_20260423_12,Low,1,1.0,0,0,0,0,0,0,0,0,0,0
2026-04-23 12:00:00,26.445488637055774,7.89929637425393,3.2267105005012304,6.694794624799897,0.0,1.0,Pond_05,Mock_Data,Obs_Pond_05_20260423_12,Low,1,1.0,0,0,0,0,0,0,0,0,0,0
2026-04-23 16:00:00,26.6,7.89,3.19,6.68,1.0,1.0,Pond_01,Real_Data,Obs_Pond_01_20260423_16,Low,1,1.0,0,0,0,0,0,0,0,0,0,0
2026-04-23 16:00:00,26.6,7.89,3.19,6.68,0.0,1.0,Pond_02,Real_Data,Obs_Pond_02_20260423_16,Low,1,1.0,0,0,0,0,0,0,0,0,0,0
2026-04-23 16:00:00,26.98386007647025,7.674310474856733,3.370375748418285,5.93624592695883,,,Pond_03,Real_Data,Obs_Pond_03_20260423_16,Low,1,1.0,0,0,0,0,0,0,0,0,0,0
2026-04-23 16:00:00,26.567937015878385,7.862400852568538,3.1813613371303817,6.630247581200406,0.0,1.0,Pond_04,Mock_Data,Obs_Pond_04_20260423_16,Low,1,1.0,0,0,0,0,0,0,0,0,0,0
2026-04-23 16:00:00,26.569061972537046,7.927801516867483,3.1332663640295575,6.717829565256597,0.0,1.0,Pond_05,Mock_Data,Obs_Pond_05_20260423_16,Low,1,1.0,0,0,0,0,0,0,0,0,0,0
2026-04-23 20:00:00,26.6,7.89,3.19,6.68,0.0,1.0,Pond_01,Real_Data,Obs_Pond_01_20260423_20,Low,1,1.0,0,0,0,0,0,0,0,0,0,0
2026-04-23 20:00:00,26.6,7.89,3.19,6.68,0.0,1.0,Pond_02,Real_Data,Obs_Pond_02_20260423_20,Low,1,1.0,0,0,0,0,0,0,0,0,0,0
2026-04-23 20:00:00,27.210020929513426,7.65959508014746,3.4410959882101952,6.38796031557653,,,Pond_03,Real_Data,Obs_Pond_03_20260423_20,Low,1,1.0,0,0,0,0,0,0,0,0,0,0
2026-04-23 20:00:00,26.687355293913377,7.8600432239450955,3.199996405811147,6.640790420411578,0.0,1.0,Pond_04,Mock_Data,Obs_Pond_04_20260423_20,Low,1,1.0,0,0,0,0,0,0,0,0,0,0
2026-04-23 20:00:00,26.674203820791107,7.8791136213709025,3.1699094503417435,6.733893185280847,0.0,1.0,Pond_05,Mock_Data,Obs_Pond_05_20260423_20,Low,1,1.0,0,0,0,0,0,0,0,0,0,0
2026-04-24 00:00:00,26.6,7.89,3.19,6.68,1.0,1.0,Pond_01,Real_Data,Obs_Pond_01_20260424_00,Low,1,1.0,0,0,0,0,0,0,0,0,0,0
2026-04-24 00:00:00,26.6,7.89,3.19,6.68,0.0,1.0,Pond_02,Real_Data,Obs_Pond_02_20260424_00,Low,1,1.0,0,0,0,0,0,0,0,0,0,0
2026-04-24 00:00:00,27.002242486290974,7.881437889354505,3.4607130864006477,6.24143341063456,,,Pond_03,Real_Data,Obs_Pond_03_20260424_00,Low,1,1.0,0,0,0,0,0,0,0,0,0,0
2026-04-24 00:00:00,26.742492131847364,7.877486560184079,3.239413729349838,6.669380890808513,0.0,1.0,Pond_04,Mock_Data,Obs_Pond_04_20260424_00,Low,1,1.0,0,0,0,0,0,0,0,0,0,0
2026-04-24 00:00:00,26.54994323126816,7.853223395970567,3.225485048758207,6.648789469274215,0.0,1.0,Pond_05,Mock_Data,Obs_Pond_05_20260424_00,Low,1,1.0,0,0,0,0,0,0,0,0,0,0
2026-04-24 04:00:00,26.6,7.89,3.19,6.68,0.0,1.0,Pond_01,Real_Data,Obs_Pond_01_20260424_04,Low,1,1.0,0,0,0,0,0,0,0,0,0,0
2026-04-24 04:00:00,26.6,7.890000000000001,3.19,6.68,0.0,1.0,Pond_02,Real_Data,Obs_Pond_02_20260424_04,Low,1,1.0,0,0,0,0,0,0,0,0,0,0
2026-04-24 04:00:00,27.199898223942526,7.753295595746573,3.520747559228405,5.65897457074138,,,Pond_03,Real_Data,Obs_Pond_03_20260424_04,Low,1,1.0,0,0,0,0,0,0,0,0,0,0
2026-04-24 04:00:00,26.577510251775717,7.912264746842171,3.156481837888118,6.650185157949709,0.0,1.0,Pond_04,Mock_Data,Obs_Pond_04_20260424_04,Low,1,1.0,0,0,0,0,0,0,0,0,0,0
2026-04-24 04:00:00,26.58614854944927,7.90770931627614,3.191791172140463,6.697926180569512,0.0,1.0,Pond_05,Mock_Data,Obs_Pond_05_20260424_04,Low,1,1.0,0,0,0,0,0,0,0,0,0,0
2026-04-24 08:00:00,26.6,7.89,3.19,6.68,0.0,1.0,Pond_01,Real_Data,Obs_Pond_01_20260424_08,Low,1,1.0,0,0,0,0,0,0,0,0,0,0
2026-04-24 08:00:00,26.6,7.89,3.19,6.68,0.0,1.0,Pond_02,Real_Data,Obs_Pond_02_20260424_08,Low,1,1.0,0,0,0,0,0,0,0,0,0,0
2026-04-24 08:00:00,27.407227526855124,8.104311784867235,3.25466275412049,6.63444642433551,,,Pond_03,Real_Data,Obs_Pond_03_20260424_08,Unknown,0,1.0,0,-1,0,0,0,0,0,0,0,0
2026-04-24 08:00:00,26.5723865084035,7.85742243382275,3.2572107860948516,6.554997481406239,0.0,1.0,Pond_04,Mock_Data,Obs_Pond_04_20260424_08,Low,1,1.0,0,0,0,0,0,0,0,0,0,0
2026-04-24 08:00:00,26.535238124617198,7.926093351527694,3.1437052598676827,6.7407867729368105,0.0,1.0,Pond_05,Mock_Data,Obs_Pond_05_20260424_08,Low,1,1.0,0,0,0,0,0,0,0,0,0,0
2026-04-24 12:00:00,26.6,7.89,3.19,6.68,0.0,1.0,Pond_01,Real_Data,Obs_Pond_01_20260424_12,Low,1,1.0,0,0,0,0,0,0,0,0,0,0
2026-04-24 12:00:00,26.6,7.889999999999999,3.19,6.68,0.0,1.0,Pond_02,Real_Data,Obs_Pond_02_20260424_12,Low,1,1.0,0,0,0,0,0,0,0,0,0,0
2026-04-24 12:00:00,27.0887249387271,7.655345147351458,2.9724286669468927,5.77619650144163,,,Pond_03,Real_Data,Obs_Pond_03_20260424_12,Unknown,0,1.0,0,-1,0,0,0,0,0,0,0,0
2026-04-24 12:00:00,26.69008483255984,7.829273390104516,3.1240106311618483,6.727234211414918,0.0,1.0,Pond_04,Mock_Data,Obs_Pond_04_20260424_12,Low,1,1.0,0,0,0,0,0,0,0,0,0,0
2026-04-24 12:00:00,26.710572509076997,7.898421673999199,3.2097614336026687,6.753613050832043,0.0,1.0,Pond_05,Mock_Data,Obs_Pond_05_20260424_12,Low,1,1.0,0,0,0,0,0,0,0,0,0,0
2026-04-24 16:00:00,26.6,7.89,3.19,6.68,1.0,1.0,Pond_01,Real_Data,Obs_Pond_01_20260424_16,Low,1,1.0,0,0,0,0,0,0,0,0,0,0
2026-04-24 16:00:00,26.6,7.890000000000001,3.19,6.68,0.0,1.0,Pond_02,Real_Data,Obs_Pond_02_20260424_16,Low,1,1.0,0,0,0,0,0,0,0,0,0,0
2026-04-24 16:00:00,27.758378943504724,7.8318556455950095,3.298177454676375,6.26457772679274,,,Pond_03,Real_Data,Obs_Pond_03_20260424_16,Unknown,0,1.0,0,-1,0,0,0,0,0,0,0,0
2026-04-24 16:00:00,26.697906296994812,7.880326326698373,3.2602657740858856,6.612251001430699,0.0,2.0,Pond_04,Mock_Data,Obs_Pond_04_20260424_16,Medium,2,1.0,0,1,0,0,0,0,0,0,0,1
2026-04-24 16:00:00,26.704223602812615,7.866676673585095,3.159179438591865,6.6762844158808345,0.0,2.0,Pond_05,Mock_Data,Obs_Pond_05_20260424_16,Medium,2,1.0,0,1,0,0,0,0,0,0,0,1
2026-04-24 20:00:00,26.6,7.89,3.19,6.68,0.0,1.0,Pond_01,Real_Data,Obs_Pond_01_20260424_20,Low,1,1.0,0,0,0,0,0,0,0,0,0,0
2026-04-24 20:00:00,26.6,7.89,3.19,6.68,0.0,1.0,Pond_02,Real_Data,Obs_Pond_02_20260424_20,Low,1,1.0,0,0,0,0,0,0,0,0,0,0
2026-04-24 20:00:00,27.45427113595005,7.738063229406513,3.408862846730595,6.69992358409094,,,Pond_03,Real_Data,Obs_Pond_03_20260424_20,Low,1,1.0,0,0,0,0,0,0,0,0,0,0
2026-04-24 20:00:00,26.56759167395833,7.901830334584005,3.173931233803207,6.6951096162505435,0.0,2.0,Pond_04,Mock_Data,Obs_Pond_04_20260424_20,Medium,2,1.0,0,1,0,0,0,0,0,0,0,1
2026-04-24 20:00:00,26.5452153351868,7.8873435205268265,3.2673750722206307,6.6660470748746885,0.0,1.0,Pond_05,Mock_Data,Obs_Pond_05_20260424_20,Low,1,1.0,0,0,0,0,0,0,0,0,0,0
2026-04-25 00:00:00,26.6,7.89,3.19,6.68,1.0,1.0,Pond_01,Real_Data,Obs_Pond_01_20260425_00,Low,1,1.0,0,0,0,0,0,0,0,0,0,0
2026-04-25 00:00:00,26.6,7.89,3.19,6.68,0.0,1.0,Pond_02,Real_Data,Obs_Pond_02_20260425_00,Low,1,1.0,0,0,0,0,0,0,0,0,0,0
2026-04-25 00:00:00,27.468940624163825,7.820914855848993,3.1415709564348777,5.61852009075912,,,Pond_03,Real_Data,Obs_Pond_03_20260425_00,Unknown,0,1.0,0,-1,0,0,0,0,0,0,0,0
2026-04-25 00:00:00,26.5739556465217,7.9157358130667275,3.179535484472303,6.810988522371047,0.0,1.0,Pond_04,Mock_Data,Obs_Pond_04_20260425_00,Low,1,1.0,0,0,0,0,0,0,0,0,0,0
2026-04-25 00:00:00,26.609129941808494,7.866016805245456,3.2566093979312303,6.6920704354482385,0.0,1.0,Pond_05,Mock_Data,Obs_Pond_05_20260425_00,Low,1,1.0,0,0,0,0,0,0,0,0,0,0
2026-04-25 04:00:00,26.6,7.89,3.19,6.68,0.0,1.0,Pond_01,Real_Data,Obs_Pond_01_20260425_04,Low,1,1.0,0,0,0,0,0,0,0,0,0,0
2026-04-25 04:00:00,26.6,7.889999999999999,3.19,6.68,0.0,1.0,Pond_02,Real_Data,Obs_Pond_02_20260425_04,Low,1,1.0,0,0,0,0,0,0,0,0,0,0
2026-04-25 04:00:00,27.660853522329724,7.81946769958294,2.9254871710633226,6.49625680079436,,,Pond_03,Real_Data,Obs_Pond_03_20260425_04,Unknown,0,1.0,0,-1,0,0,0,0,0,0,0,0
2026-04-25 04:00:00,26.582534202265958,7.880068971008236,3.1085078581530765,6.6219363408705725,0.0,1.0,Pond_04,Mock_Data,Obs_Pond_04_20260425_04,Low,1,1.0,0,0,0,0,0,0,0,0,0,0
2026-04-25 04:00:00,26.55782107672406,7.903784000719134,3.2160470519728035,6.607390318028193,0.0,2.0,Pond_05,Mock_Data,Obs_Pond_05_20260425_04,Medium,2,1.0,0,1,0,0,0,0,0,0,0,1
2026-04-25 08:00:00,26.6,7.89,3.19,6.68,1.0,1.0,Pond_01,Real_Data,Obs_Pond_01_20260425_08,Low,1,1.0,0,0,0,0,0,0,0,0,0,0
2026-04-25 08:00:00,26.6,7.89,3.19,6.68,0.0,1.0,Pond_02,Real_Data,Obs_Pond_02_20260425_08,Low,1,1.0,0,0,0,0,0,0,0,0,0,0
2026-04-25 08:00:00,27.00016179381835,7.849754182970562,3.169985530522105,6.28218225622016,,,Pond_03,Real_Data,Obs_Pond_03_20260425_08,Unknown,0,1.0,0,-1,0,0,0,0,0,0,0,0
2026-04-25 08:00:00,26.51666719916281,7.881178259030816,3.1703904782181263,6.520199897230522,0.0,1.0,Pond_04,Mock_Data,Obs_Pond_04_20260425_08,Low,1,1.0,0,0,0,0,0,0,0,0,0,0
2026-04-25 08:00:00,26.638115987691418,7.86102585564334,3.248682938923177,6.667772607072321,0.0,1.0,Pond_05,Mock_Data,Obs_Pond_05_20260425_08,Low,1,1.0,0,0,0,0,0,0,0,0,0,0
2026-04-25 12:00:00,26.6,7.89,3.19,6.68,0.0,1.0,Pond_01,Real_Data,Obs_Pond_01_20260425_12,Low,1,1.0,0,0,0,0,0,0,0,0,0,0
2026-04-25 12:00:00,26.6,7.89,3.19,6.68,0.0,1.0,Pond_02,Real_Data,Obs_Pond_02_20260425_12,Low,1,1.0,0,0,0,0,0,0,0,0,0,0
2026-04-25 12:00:00,27.448105439565524,7.7979066222373,3.1750365885386373,5.69105926049604,,,Pond_03,Real_Data,Obs_Pond_03_20260425_12,Unknown,0,1.0,0,-1,0,0,0,0,0,0,0,0
2026-04-25 12:00:00,26.543059384434933,7.914741747873601,3.145166346397615,6.661937426621248,0.0,1.0,Pond_04,Mock_Data,Obs_Pond_04_20260425_12,Low,1,1.0,0,0,0,0,0,0,0,0,0,0
2026-04-25 12:00:00,26.63159158185246,7.883564688406145,3.1927936282964042,6.727024293455637,0.0,2.0,Pond_05,Mock_Data,Obs_Pond_05_20260425_12,Medium,2,1.0,0,1,0,0,0,0,0,0,0,1
2026-04-25 16:00:00,26.6,7.89,3.19,6.68,0.0,1.0,Pond_01,Real_Data,Obs_Pond_01_20260425_16,Low,1,1.0,0,0,0,0,0,0,0,0,0,0
2026-04-25 16:00:00,26.6,7.890000000000001,3.19,6.68,0.0,1.0,Pond_02,Real_Data,Obs_Pond_02_20260425_16,Low,1,1.0,0,0,0,0,0,0,0,0,0,0
2026-04-25 16:00:00,27.166594429245276,7.871119065128543,3.274706996595345,6.39689963016963,,,Pond_03,Real_Data,Obs_Pond_03_20260425_16,Unknown,0,1.0,0,-1,0,0,0,0,0,0,0,0
2026-04-25 16:00:00,26.537760548386508,7.849909309051215,3.1637999282094094,6.749531016232836,0.0,2.0,Pond_04,Mock_Data,Obs_Pond_04_20260425_16,Medium,2,1.0,0,1,0,0,0,0,0,0,0,1
2026-04-25 16:00:00,26.650311780301717,7.868465155155558,3.223003600624816,6.720542118765353,0.0,1.0,Pond_05,Mock_Data,Obs_Pond_05_20260425_16,Low,1,1.0,0,0,0,0,0,0,0,0,0,0
2026-04-25 20:00:00,26.6,7.89,3.19,6.68,0.0,1.0,Pond_01,Real_Data,Obs_Pond_01_20260425_20,Low,1,1.0,0,0,0,0,0,0,0,0,0,0
2026-04-25 20:00:00,26.6,7.89,3.19,6.68,0.0,1.0,Pond_02,Real_Data,Obs_Pond_02_20260425_20,Low,1,1.0,0,0,0,0,0,0,0,0,0,0
2026-04-25 20:00:00,27.6332065643603,7.995980344143293,3.173304591988705,4.73934893732429,,,Pond_03,Real_Data,Obs_Pond_03_20260425_20,Unknown,0,1.0,0,-1,0,0,0,0,0,0,0,0
2026-04-25 20:00:00,26.55240976067845,7.881669402074317,3.1840795214376008,6.803679274244348,0.0,2.0,Pond_04,Mock_Data,Obs_Pond_04_20260425_20,Medium,2,1.0,0,1,0,0,0,0,0,0,0,1
2026-04-25 20:00:00,26.6205732332057,7.89271935383227,3.253715314208845,6.662931271420991,0.0,1.0,Pond_05,Mock_Data,Obs_Pond_05_20260425_20,Low,1,1.0,0,0,0,0,0,0,0,0,0,0
2026-04-26 00:00:00,26.6,7.89,3.19,6.68,1.0,1.0,Pond_01,Real_Data,Obs_Pond_01_20260426_00,Low,1,1.0,0,0,0,0,0,0,0,0,0,0
2026-04-26 00:00:00,26.6,7.89,3.19,6.68,0.0,1.0,Pond_02,Real_Data,Obs_Pond_02_20260426_00,Low,1,1.0,0,0,0,0,0,0,0,0,0,0
2026-04-26 00:00:00,27.4176527676959,7.875498757509227,3.4010363161641424,6.41668399049369,,,Pond_03,Real_Data,Obs_Pond_03_20260426_00,Low,1,1.0,0,0,0,0,0,0,0,0,0,0
2026-04-26 00:00:00,26.597850133724567,7.894083037417143,3.231297391567775,6.602347895333093,0.0,1.0,Pond_04,Mock_Data,Obs_Pond_04_20260426_00,Low,1,1.0,0,0,0,0,0,0,0,0,0,0
2026-04-26 00:00:00,26.781944682058278,7.882144962610513,3.200585241129942,6.693749975287691,0.0,1.0,Pond_05,Mock_Data,Obs_Pond_05_20260426_00,Low,1,1.0,0,0,0,0,0,0,0,0,0,0
2026-04-26 04:00:00,26.6,7.89,3.19,6.68,0.0,1.0,Pond_01,Real_Data,Obs_Pond_01_20260426_04,Low,1,1.0,0,0,0,0,0,0,0,0,0,0
2026-04-26 04:00:00,26.6,7.889999999999999,3.19,6.68,0.0,1.0,Pond_02,Real_Data,Obs_Pond_02_20260426_04,Low,1,1.0,0,0,0,0,0,0,0,0,0,0
2026-04-26 04:00:00,27.400054350308473,7.78033960001231,3.30467738862258,6.60007654175349,,,Pond_03,Real_Data,Obs_Pond_03_20260426_04,Low,1,1.0,0,0,0,0,0,0,0,0,0,0
2026-04-26 04:00:00,26.614517283826675,7.8996320732036835,3.1989512966745823,6.711368999058481,0.0,1.0,Pond_04,Mock_Data,Obs_Pond_04_20260426_04,Low,1,1.0,0,0,0,0,0,0,0,0,0,0
2026-04-26 04:00:00,26.536286411673455,7.893790103656573,3.178997017319996,6.627919274808617,0.0,1.0,Pond_05,Mock_Data,Obs_Pond_05_20260426_04,Low,1,1.0,0,0,0,0,0,0,0,0,0,0
2026-04-26 08:00:00,26.6,7.89,3.19,6.68,1.0,1.0,Pond_01,Real_Data,Obs_Pond_01_20260426_08,Low,1,1.0,0,0,0,0,0,0,0,0,0,0
2026-04-26 08:00:00,26.6,7.89,3.19,6.68,0.0,1.0,Pond_02,Real_Data,Obs_Pond_02_20260426_08,Low,1,1.0,0,0,0,0,0,0,0,0,0,0
2026-04-26 08:00:00,27.59549408280495,7.72469850321445,3.079270560723905,6.54180384694744,,,Pond_03,Real_Data,Obs_Pond_03_20260426_08,Unknown,0,1.0,0,-1,0,0,0,0,0,0,0,0
2026-04-26 08:00:00,26.6961043546826,7.879068809566761,3.2032661875921318,6.650613355934957,0.0,1.0,Pond_04,Mock_Data,Obs_Pond_04_20260426_08,Low,1,1.0,0,0,0,0,0,0,0,0,0,0
2026-04-26 08:00:00,26.49397202241604,7.890479236887018,3.1165012979669813,6.72442898942246,0.0,1.0,Pond_05,Mock_Data,Obs_Pond_05_20260426_08,Low,1,1.0,0,0,0,0,0,0,0,0,0,0
2026-04-26 12:00:00,26.6,7.89,3.19,6.68,1.0,1.0,Pond_01,Real_Data,Obs_Pond_01_20260426_12,Low,1,1.0,0,0,0,0,0,0,0,0,0,0
2026-04-26 12:00:00,26.6,7.889999999999999,3.19,6.68,0.0,1.0,Pond_02,Real_Data,Obs_Pond_02_20260426_12,Low,1,1.0,0,0,0,0,0,0,0,0,0,0
2026-04-26 12:00:00,27.2522447327167,7.876714373192595,3.064707605412212,6.80392191624124,,,Pond_03,Real_Data,Obs_Pond_03_20260426_12,Unknown,0,1.0,0,-1,0,0,0,0,0,0,0,0
2026-04-26 12:00:00,26.538119225840536,7.890738478452123,3.1427641582076884,6.673308840298243,0.0,1.0,Pond_04,Mock_Data,Obs_Pond_04_20260426_12,Low,1,1.0,0,0,0,0,0,0,0,0,0,0
2026-04-26 12:00:00,26.575635170549415,7.86884422101793,3.1864155065546074,6.675085193528212,0.0,2.0,Pond_05,Mock_Data,Obs_Pond_05_20260426_12,Medium,2,1.0,0,1,0,0,0,0,0,0,0,1
2026-04-26 16:00:00,26.6,7.89,3.19,6.68,0.0,1.0,Pond_01,Real_Data,Obs_Pond_01_20260426_16,Low,1,1.0,0,0,0,0,0,0,0,0,0,0
2026-04-26 16:00:00,26.6,7.890000000000001,3.19,6.68,0.0,1.0,Pond_02,Real_Data,Obs_Pond_02_20260426_16,Low,1,1.0,0,0,0,0,0,0,0,0,0,0
2026-04-26 16:00:00,27.261904555530975,7.968317400287493,3.2254716537935924,6.05464853838569,,,Pond_03,Real_Data,Obs_Pond_03_20260426_16,Unknown,0,1.0,0,-1,0,0,0,0,0,0,0,0
2026-04-26 16:00:00,26.66101105374919,7.836645698215246,3.1520242587598135,6.84700328907778,0.0,1.0,Pond_04,Mock_Data,Obs_Pond_04_20260426_16,Low,1,1.0,0,0,0,0,0,0,0,0,0,0
2026-04-26 16:00:00,26.502811704278752,7.903441393867889,3.225503787217398,6.662572308504858,0.0,1.0,Pond_05,Mock_Data,Obs_Pond_05_20260426_16,Low,1,1.0,0,0,0,0,0,0,0,0,0,0
2026-04-26 20:00:00,26.6,7.89,3.19,6.68,0.0,1.0,Pond_01,Real_Data,Obs_Pond_01_20260426_20,Low,1,1.0,0,0,0,0,0,0,0,0,0,0
2026-04-26 20:00:00,26.6,7.89,3.19,6.68,0.0,1.0,Pond_02,Real_Data,Obs_Pond_02_20260426_20,Low,1,1.0,0,0,0,0,0,0,0,0,0,0
2026-04-26 20:00:00,26.914243473806426,7.910775691437097,3.563295750180845,6.23202309953122,,,Pond_03,Real_Data,Obs_Pond_03_20260426_20,Low,1,1.0,0,0,0,0,0,0,0,0,0,0
2026-04-26 20:00:00,26.586736373268582,7.875885946882019,3.267556172222793,6.585080031111903,0.0,1.0,Pond_04,Mock_Data,Obs_Pond_04_20260426_20,Low,1,1.0,0,0,0,0,0,0,0,0,0,0
2026-04-26 20:00:00,26.50749301660219,7.888954374993467,3.2307731633350425,6.657155360542127,0.0,1.0,Pond_05,Mock_Data,Obs_Pond_05_20260426_20,Low,1,1.0,0,0,0,0,0,0,0,0,0,0
2026-04-27 00:00:00,26.6,7.89,3.19,6.68,0.0,1.0,Pond_01,Real_Data,Obs_Pond_01_20260427_00,Low,1,1.0,0,0,0,0,0,0,0,0,0,0
2026-04-27 00:00:00,26.6,7.89,3.19,6.68,0.0,1.0,Pond_02,Real_Data,Obs_Pond_02_20260427_00,Low,1,1.0,0,0,0,0,0,0,0,0,0,0
2026-04-27 00:00:00,26.401497487305527,7.966934676974038,3.3111422360836427,6.4639355172997,,,Pond_03,Real_Data,Obs_Pond_03_20260427_00,Low,1,1.0,0,0,0,0,0,0,0,0,0,0
2026-04-27 00:00:00,26.596934101009072,7.899724058483888,3.1583001139758777,6.696024907690931,0.0,1.0,Pond_04,Mock_Data,Obs_Pond_04_20260427_00,Low,1,1.0,0,0,0,0,0,0,0,0,0,0
2026-04-27 00:00:00,26.53793571874249,7.8688041252143455,3.211746861527434,6.676027942949638,0.0,1.0,Pond_05,Mock_Data,Obs_Pond_05_20260427_00,Low,1,1.0,0,0,0,0,0,0,0,0,0,0
2026-04-27 04:00:00,26.6,7.89,3.19,6.68,1.0,1.0,Pond_01,Real_Data,Obs_Pond_01_20260427_04,Low,1,1.0,0,0,0,0,0,0,0,0,0,0
2026-04-27 04:00:00,26.6,7.889999999999999,3.19,6.68,0.0,1.0,Pond_02,Real_Data,Obs_Pond_02_20260427_04,Low,1,1.0,0,0,0,0,0,0,0,0,0,0
2026-04-27 04:00:00,27.434416291540323,7.845498394684513,3.5271119970256075,6.10011119491368,,,Pond_03,Real_Data,Obs_Pond_03_20260427_04,Low,1,1.0,0,0,0,0,0,0,0,0,0,0
2026-04-27 04:00:00,26.64182719845784,7.868937814482848,3.26141123358094,6.709537124236213,0.0,1.0,Pond_04,Mock_Data,Obs_Pond_04_20260427_04,Low,1,1.0,0,0,0,0,0,0,0,0,0,0
2026-04-27 04:00:00,26.542840153832454,7.938049574985895,3.1666606427304753,6.651714323749817,0.0,1.0,Pond_05,Mock_Data,Obs_Pond_05_20260427_04,Low,1,1.0,0,0,0,0,0,0,0,0,0,0
2026-04-27 08:00:00,26.6,7.89,3.19,6.68,1.0,1.0,Pond_01,Real_Data,Obs_Pond_01_20260427_08,Low,1,1.0,0,0,0,0,0,0,0,0,0,0
2026-04-27 08:00:00,26.6,7.89,3.19,6.68,0.0,1.0,Pond_02,Real_Data,Obs_Pond_02_20260427_08,Low,1,1.0,0,0,0,0,0,0,0,0,0,0
2026-04-27 08:00:00,27.18882140225955,7.744307891137938,3.4566571716154426,6.47156092921069,,,Pond_03,Real_Data,Obs_Pond_03_20260427_08,Low,1,1.0,0,0,0,0,0,0,0,0,0,0
2026-04-27 08:00:00,26.530410550741358,7.891264729881667,3.1795198565601974,6.748572747069739,0.0,1.0,Pond_04,Mock_Data,Obs_Pond_04_20260427_08,Low,1,1.0,0,0,0,0,0,0,0,0,0,0
2026-04-27 08:00:00,26.540830101582408,7.900215536496643,3.1047647847831916,6.7215649699272415,0.0,1.0,Pond_05,Mock_Data,Obs_Pond_05_20260427_08,Low,1,1.0,0,0,0,0,0,0,0,0,0,0
2026-04-27 12:00:00,26.6,7.89,3.19,6.68,1.0,1.0,Pond_01,Real_Data,Obs_Pond_01_20260427_12,Low,1,1.0,0,0,0,0,0,0,0,0,0,0
2026-04-27 12:00:00,26.6,7.889999999999999,3.19,6.68,0.0,1.0,Pond_02,Real_Data,Obs_Pond_02_20260427_12,Low,1,1.0,0,0,0,0,0,0,0,0,0,0
2026-04-27 12:00:00,27.3827155360362,7.85364571941455,3.5760794127774975,6.15857818677036,,,Pond_03,Real_Data,Obs_Pond_03_20260427_12,Low,1,1.0,0,0,0,0,0,0,0,0,0,0
2026-04-27 12:00:00,26.62370282502436,7.899581765933823,3.190098649636698,6.686188118090758,0.0,1.0,Pond_04,Mock_Data,Obs_Pond_04_20260427_12,Low,1,1.0,0,0,0,0,0,0,0,0,0,0
2026-04-27 12:00:00,26.632120659134046,7.886713812671572,3.1686476604059326,6.655035899664276,0.0,1.0,Pond_05,Mock_Data,Obs_Pond_05_20260427_12,Low,1,1.0,0,0,0,0,0,0,0,0,0,0
2026-04-27 16:00:00,26.6,7.89,3.19,6.68,0.0,1.0,Pond_01,Real_Data,Obs_Pond_01_20260427_16,Low,1,1.0,0,0,0,0,0,0,0,0,0,0
2026-04-27 16:00:00,26.6,7.89,3.1900000000000004,6.68,0.0,1.0,Pond_02,Real_Data,Obs_Pond_02_20260427_16,Low,1,1.0,0,0,0,0,0,0,0,0,0,0
2026-04-27 16:00:00,27.0800017820643,7.934410901395075,3.38158333949407,6.90751311859787,,,Pond_03,Real_Data,Obs_Pond_03_20260427_16,Low,1,1.0,0,0,0,0,0,0,0,0,0,0
2026-04-27 16:00:00,26.610317173151476,7.882655116934826,3.236151259287069,6.699454906775779,0.0,1.0,Pond_04,Mock_Data,Obs_Pond_04_20260427_16,Low,1,1.0,0,0,0,0,0,0,0,0,0,0
2026-04-27 16:00:00,26.56862498703583,7.9203445803869945,3.176877469877959,6.7806035179658055,0.0,1.0,Pond_05,Mock_Data,Obs_Pond_05_20260427_16,Low,1,1.0,0,0,0,0,0,0,0,0,0,0
2026-04-27 20:00:00,26.6,7.89,3.19,6.68,1.0,1.0,Pond_01,Real_Data,Obs_Pond_01_20260427_20,Low,1,1.0,0,0,0,0,0,0,0,0,0,0
2026-04-27 20:00:00,26.6,7.89,3.1899999999999995,6.68,0.0,1.0,Pond_02,Real_Data,Obs_Pond_02_20260427_20,Low,1,1.0,0,0,0,0,0,0,0,0,0,0
2026-04-27 20:00:00,27.989274743415322,7.846022614670945,2.84079588234126,5.9304921174199,,,Pond_03,Real_Data,Obs_Pond_03_20260427_20,Unknown,0,1.0,0,-1,0,0,0,0,0,0,0,0
2026-04-27 20:00:00,26.630523505899852,7.893655055862583,3.2448405713593482,6.655265466568166,0.0,1.0,Pond_04,Mock_Data,Obs_Pond_04_20260427_20,Low,1,1.0,0,0,0,0,0,0,0,0,0,0
2026-04-27 20:00:00,26.58887318484954,7.929491904359085,3.1765073468010496,6.772535250215798,0.0,1.0,Pond_05,Mock_Data,Obs_Pond_05_20260427_20,Low,1,1.0,0,0,0,0,0,0,0,0,0,0
2026-04-28 00:00:00,26.6,7.89,3.19,6.68,0.0,1.0,Pond_01,Real_Data,Obs_Pond_01_20260428_00,Low,1,1.0,0,0,0,0,0,0,0,0,0,0
2026-04-28 00:00:00,26.6,7.89,3.19,6.68,0.0,1.0,Pond_02,Real_Data,Obs_Pond_02_20260428_00,Low,1,1.0,0,0,0,0,0,0,0,0,0,0
2026-04-28 00:00:00,27.270581813209027,7.82155343798863,3.25456199464812,6.65750570431242,,,Pond_03,Real_Data,Obs_Pond_03_20260428_00,Unknown,0,1.0,0,-1,0,0,0,0,0,0,0,0
2026-04-28 00:00:00,26.617923480866985,7.869357248251219,3.185222061225717,6.696996690092486,0.0,1.0,Pond_04,Mock_Data,Obs_Pond_04_20260428_00,Low,1,1.0,0,0,0,0,0,0,0,0,0,0
2026-04-28 00:00:00,26.655427047026258,7.886883441830216,3.216670482070269,6.623694643386782,0.0,1.0,Pond_05,Mock_Data,Obs_Pond_05_20260428_00,Low,1,1.0,0,0,0,0,0,0,0,0,0,0
2026-04-28 04:00:00,26.6,7.89,3.19,6.68,1.0,1.0,Pond_01,Real_Data,Obs_Pond_01_20260428_04,Low,1,1.0,0,0,0,0,0,0,0,0,0,0
2026-04-28 04:00:00,26.6,7.89,3.19,6.68,0.0,1.0,Pond_02,Real_Data,Obs_Pond_02_20260428_04,Low,1,1.0,0,0,0,0,0,0,0,0,0,0
2026-04-28 04:00:00,27.093131339551448,8.027191418145065,3.482389536409185,5.8969432360031,,,Pond_03,Real_Data,Obs_Pond_03_20260428_04,Low,1,1.0,0,0,0,0,0,0,0,0,0,0
2026-04-28 04:00:00,26.752186366010093,7.885569875260216,3.1732600064957017,6.658325719744824,0.0,1.0,Pond_04,Mock_Data,Obs_Pond_04_20260428_04,Low,1,1.0,0,0,0,0,0,0,0,0,0,0
2026-04-28 04:00:00,26.552501187800857,7.897448839199184,3.2756170121281576,6.684402167468376,0.0,2.0,Pond_05,Mock_Data,Obs_Pond_05_20260428_04,Medium,2,1.0,0,1,0,0,0,0,0,0,0,1
2026-04-28 08:00:00,26.6,7.89,3.19,6.68,1.0,1.0,Pond_01,Real_Data,Obs_Pond_01_20260428_08,Low,1,1.0,0,0,0,0,0,0,0,0,0,0
2026-04-28 08:00:00,26.6,7.889999999999999,3.19,6.68,0.0,1.0,Pond_02,Real_Data,Obs_Pond_02_20260428_08,Low,1,1.0,0,0,0,0,0,0,0,0,0,0
2026-04-28 08:00:00,27.3655373649706,7.824144218583613,2.94839824952448,7.02600498481355,,,Pond_03,Real_Data,Obs_Pond_03_20260428_08,Unknown,0,1.0,0,-1,0,0,0,0,0,0,0,0
2026-04-28 08:00:00,26.560471093091675,7.903084153747513,3.1875888610587406,-1.5,0.0,2.0,Pond_04,Mock_Data,Obs_Pond_04_20260428_08,Medium,2,0.5,1,1,0,1,0,0,1,1,0,1
2026-04-28 08:00:00,26.583602705709044,7.868815407689984,3.1953262460658456,6.638907833982317,0.0,1.0,Pond_05,Mock_Data,Obs_Pond_05_20260428_08,Low,1,1.0,0,0,0,0,0,0,0,0,0,0
2026-04-28 12:00:00,26.6,7.89,3.19,6.68,1.0,1.0,Pond_01,Real_Data,Obs_Pond_01_20260428_12,Low,1,1.0,0,0,0,0,0,0,0,0,0,0
2026-04-28 12:00:00,26.6,7.889999999999999,3.19,6.68,0.0,1.0,Pond_02,Real_Data,Obs_Pond_02_20260428_12,Low,1,1.0,0,0,0,0,0,0,0,0,0,0
2026-04-28 12:00:00,27.87926320086045,7.857656493945603,3.3118988515857772,6.52125531825558,,,Pond_03,Real_Data,Obs_Pond_03_20260428_12,Low,1,1.0,0,0,0,0,0,0,0,0,0,0
2026-04-28 12:00:00,26.567087324424996,7.8933657881548696,3.204571817257306,6.6566572892789955,0.0,1.0,Pond_04,Mock_Data,Obs_Pond_04_20260428_12,Low,1,1.0,0,0,0,0,0,0,0,0,0,0
2026-04-28 12:00:00,26.62267082635258,7.886843917487692,3.180655109705774,6.659370599705489,0.0,1.0,Pond_05,Mock_Data,Obs_Pond_05_20260428_12,Low,1,1.0,0,0,0,0,0,0,0,0,0,0
2026-04-28 16:00:00,26.6,7.89,3.19,6.68,0.0,1.0,Pond_01,Real_Data,Obs_Pond_01_20260428_16,Low,1,1.0,0,0,0,0,0,0,0,0,0,0
2026-04-28 16:00:00,26.6,7.89,3.1900000000000004,6.68,0.0,1.0,Pond_02,Real_Data,Obs_Pond_02_20260428_16,Low,1,1.0,0,0,0,0,0,0,0,0,0,0
2026-04-28 16:00:00,27.473673951034925,7.775322765995535,3.2236641292852024,6.41406594054636,,,Pond_03,Real_Data,Obs_Pond_03_20260428_16,Unknown,0,1.0,0,-1,0,0,0,0,0,0,0,0
2026-04-28 16:00:00,26.561376008297852,7.877423693944614,3.2284306114255537,6.703815744716068,0.0,1.0,Pond_04,Mock_Data,Obs_Pond_04_20260428_16,Low,1,1.0,0,0,0,0,0,0,0,0,0,0
2026-04-28 16:00:00,26.47965620042309,7.885731733787847,3.1788230544590537,6.806463143908149,0.0,1.0,Pond_05,Mock_Data,Obs_Pond_05_20260428_16,Low,1,1.0,0,0,0,0,0,0,0,0,0,0
2026-04-28 20:00:00,26.6,7.89,3.19,6.68,1.0,1.0,Pond_01,Real_Data,Obs_Pond_01_20260428_20,Low,1,1.0,0,0,0,0,0,0,0,0,0,0
2026-04-28 20:00:00,26.6,7.890000000000001,3.19,6.68,0.0,1.0,Pond_02,Real_Data,Obs_Pond_02_20260428_20,Low,1,1.0,0,0,0,0,0,0,0,0,0,0
2026-04-28 20:00:00,27.10679650470075,7.915740055471197,3.2531624850662553,6.9131332926989,,,Pond_03,Real_Data,Obs_Pond_03_20260428_20,Unknown,0,1.0,0,-1,0,0,0,0,0,0,0,0
2026-04-28 20:00:00,26.565569975420676,7.89480761089702,3.190182380113292,6.678151909380991,0.0,1.0,Pond_04,Mock_Data,Obs_Pond_04_20260428_20,Low,1,1.0,0,0,0,0,0,0,0,0,0,0
2026-04-28 20:00:00,26.452176889992028,7.89396303055396,3.1953631357243415,6.6605753521596975,0.0,1.0,Pond_05,Mock_Data,Obs_Pond_05_20260428_20,Low,1,1.0,0,0,0,0,0,0,0,0,0,0
2026-04-29 00:00:00,26.6,7.89,3.19,6.68,0.0,1.0,Pond_01,Real_Data,Obs_Pond_01_20260429_00,Low,1,1.0,0,0,0,0,0,0,0,0,0,0
2026-04-29 00:00:00,26.6,7.89,3.19,6.68,0.0,1.0,Pond_02,Real_Data,Obs_Pond_02_20260429_00,Low,1,1.0,0,0,0,0,0,0,0,0,0,0
2026-04-29 00:00:00,27.41195659366285,7.74166512109172,3.214900000651975,6.32636486898996,,,Pond_03,Real_Data,Obs_Pond_03_20260429_00,Unknown,0,1.0,0,-1,0,0,0,0,0,0,0,0
2026-04-29 00:00:00,26.56049296415146,7.905322544429562,3.216684708238397,6.75111561203198,0.0,1.0,Pond_04,Mock_Data,Obs_Pond_04_20260429_00,Low,1,1.0,0,0,0,0,0,0,0,0,0,0
2026-04-29 00:00:00,26.621453319546,7.897134994909285,3.1542862066890436,6.702750046082801,0.0,1.0,Pond_05,Mock_Data,Obs_Pond_05_20260429_00,Low,1,1.0,0,0,0,0,0,0,0,0,0,0
2026-04-29 04:00:00,26.6,7.89,3.19,6.68,1.0,1.0,Pond_01,Real_Data,Obs_Pond_01_20260429_04,Low,1,1.0,0,0,0,0,0,0,0,0,0,0
2026-04-29 04:00:00,26.6,7.889999999999999,3.19,6.68,0.0,1.0,Pond_02,Real_Data,Obs_Pond_02_20260429_04,Low,1,1.0,0,0,0,0,0,0,0,0,0,0
2026-04-29 04:00:00,27.369352693648125,7.84357842412741,3.5034135688258177,6.05562393390456,,,Pond_03,Real_Data,Obs_Pond_03_20260429_04,Low,1,1.0,0,0,0,0,0,0,0,0,0,0
2026-04-29 04:00:00,26.673698568274325,7.8460454996131315,3.2606416535393277,6.676754233565428,0.0,2.0,Pond_04,Mock_Data,Obs_Pond_04_20260429_04,Medium,2,1.0,0,1,0,0,0,0,0,0,0,1
2026-04-29 04:00:00,26.630496420444658,7.902003748608676,3.195182637717234,6.714187102309993,0.0,2.0,Pond_05,Mock_Data,Obs_Pond_05_20260429_04,Medium,2,1.0,0,1,0,0,0,0,0,0,0,1
2026-04-29 08:00:00,26.6,7.89,3.19,6.68,0.0,1.0,Pond_01,Real_Data,Obs_Pond_01_20260429_08,Low,1,1.0,0,0,0,0,0,0,0,0,0,0
2026-04-29 08:00:00,26.6,7.89,3.19,6.68,0.0,1.0,Pond_02,Real_Data,Obs_Pond_02_20260429_08,Low,1,1.0,0,0,0,0,0,0,0,0,0,0
2026-04-29 08:00:00,27.1835614618805,7.917222868977005,3.4385122038358027,6.28442110951153,,,Pond_03,Real_Data,Obs_Pond_03_20260429_08,Low,1,1.0,0,0,0,0,0,0,0,0,0,0
2026-04-29 08:00:00,26.688046824047884,7.91485267357115,3.2064410422145126,6.56802427862998,0.0,1.0,Pond_04,Mock_Data,Obs_Pond_04_20260429_08,Low,1,1.0,0,0,0,0,0,0,0,0,0,0
2026-04-29 08:00:00,26.727946134104588,7.8950954943624145,3.2094378122503437,6.616805333338787,0.0,1.0,Pond_05,Mock_Data,Obs_Pond_05_20260429_08,Low,1,1.0,0,0,0,0,0,0,0,0,0,0
2026-04-29 12:00:00,26.6,7.89,3.19,6.68,1.0,1.0,Pond_01,Real_Data,Obs_Pond_01_20260429_12,Low,1,1.0,0,0,0,0,0,0,0,0,0,0
2026-04-29 12:00:00,26.6,7.889999999999999,3.19,6.68,0.0,1.0,Pond_02,Real_Data,Obs_Pond_02_20260429_12,Low,1,1.0,0,0,0,0,0,0,0,0,0,0
2026-04-29 12:00:00,27.3239210904124,7.898330805229552,3.3071000321917428,5.86556291347918,,,Pond_03,Real_Data,Obs_Pond_03_20260429_12,Low,1,1.0,0,0,0,0,0,0,0,0,0,0
2026-04-29 12:00:00,26.564623549297476,7.8827900817472685,3.203437630725894,6.7596965497748,0.0,2.0,Pond_04,Mock_Data,Obs_Pond_04_20260429_12,Medium,2,1.0,0,1,0,0,0,0,0,0,0,1
2026-04-29 12:00:00,26.609799162331274,7.864039457711931,3.199041097607131,6.625996514838758,0.0,1.0,Pond_05,Mock_Data,Obs_Pond_05_20260429_12,Low,1,1.0,0,0,0,0,0,0,0,0,0,0
2026-04-29 16:00:00,26.6,7.89,3.19,6.68,1.0,1.0,Pond_01,Real_Data,Obs_Pond_01_20260429_16,Low,1,1.0,0,0,0,0,0,0,0,0,0,0
2026-04-29 16:00:00,26.6,7.89,3.19,6.68,0.0,1.0,Pond_02,Real_Data,Obs_Pond_02_20260429_16,Low,1,1.0,0,0,0,0,0,0,0,0,0,0
2026-04-29 16:00:00,27.438754519065448,7.884710202234597,3.610297183073005,6.72573511079331,,,Pond_03,Real_Data,Obs_Pond_03_20260429_16,Low,1,1.0,0,0,0,0,0,0,0,0,0,0
2026-04-29 16:00:00,26.548408274882608,7.899123284471931,3.124508661223979,6.62279855018121,0.0,1.0,Pond_04,Mock_Data,Obs_Pond_04_20260429_16,Low,1,1.0,0,0,0,0,0,0,0,0,0,0
2026-04-29 16:00:00,26.650809759106753,7.869877544204103,3.2097279743544957,6.603833755191532,0.0,1.0,Pond_05,Mock_Data,Obs_Pond_05_20260429_16,Low,1,1.0,0,0,0,0,0,0,0,0,0,0
2026-04-29 20:00:00,26.6,7.89,3.19,6.68,0.0,1.0,Pond_01,Real_Data,Obs_Pond_01_20260429_20,Low,1,1.0,0,0,0,0,0,0,0,0,0,0
2026-04-29 20:00:00,26.6,7.89,3.19,6.68,0.0,1.0,Pond_02,Real_Data,Obs_Pond_02_20260429_20,Low,1,1.0,0,0,0,0,0,0,0,0,0,0
2026-04-29 20:00:00,27.803743852901924,7.79249562713426,3.2413043058505373,7.16648710265236,,,Pond_03,Real_Data,Obs_Pond_03_20260429_20,Unknown,0,1.0,0,-1,0,0,0,0,0,0,0,0
2026-04-29 20:00:00,26.62921965394002,7.91567116966641,3.076570010712022,6.6387114400382785,0.0,2.0,Pond_04,Mock_Data,Obs_Pond_04_20260429_20,Medium,2,1.0,0,1,0,0,0,0,0,0,0,1
2026-04-29 20:00:00,26.58788405914284,7.878284018585268,3.2087020272407694,6.624046590336126,0.0,1.0,Pond_05,Mock_Data,Obs_Pond_05_20260429_20,Low,1,1.0,0,0,0,0,0,0,0,0,0,0
2026-04-30 00:00:00,26.6,7.89,3.19,6.68,1.0,1.0,Pond_01,Real_Data,Obs_Pond_01_20260430_00,Low,1,1.0,0,0,0,0,0,0,0,0,0,0
2026-04-30 00:00:00,26.6,7.890000000000001,3.19,6.68,0.0,1.0,Pond_02,Real_Data,Obs_Pond_02_20260430_00,Low,1,1.0,0,0,0,0,0,0,0,0,0,0
2026-04-30 00:00:00,27.83787108484525,7.844151695722335,3.33532161109095,6.28867802575996,,,Pond_03,Real_Data,Obs_Pond_03_20260430_00,Low,1,1.0,0,0,0,0,0,0,0,0,0,0
2026-04-30 00:00:00,26.565771672077858,7.86058880042778,3.2067457141230715,6.642381059405993,0.0,1.0,Pond_04,Mock_Data,Obs_Pond_04_20260430_00,Low,1,1.0,0,0,0,0,0,0,0,0,0,0
2026-04-30 00:00:00,26.61842297403769,7.883948244109954,3.113600593282869,6.500006580172885,0.0,1.0,Pond_05,Mock_Data,Obs_Pond_05_20260430_00,Low,1,1.0,0,0,0,0,0,0,0,0,0,0
2026-04-30 04:00:00,26.6,7.89,3.19,6.68,1.0,1.0,Pond_01,Real_Data,Obs_Pond_01_20260430_04,Low,1,1.0,0,0,0,0,0,0,0,0,0,0
2026-04-30 04:00:00,26.6,7.89,3.19,6.68,0.0,1.0,Pond_02,Real_Data,Obs_Pond_02_20260430_04,Low,1,1.0,0,0,0,0,0,0,0,0,0,0
2026-04-30 04:00:00,27.045277180371674,7.898228998999345,3.44198472871702,6.96479035243514,,,Pond_03,Real_Data,Obs_Pond_03_20260430_04,Low,1,1.0,0,0,0,0,0,0,0,0,0,0
2026-04-30 04:00:00,26.639230883308578,7.874788283868647,3.1859114348568665,6.7668025260230475,0.0,2.0,Pond_04,Mock_Data,Obs_Pond_04_20260430_04,Medium,2,1.0,0,1,0,0,0,0,0,0,0,1
2026-04-30 04:00:00,26.703341239560444,7.912530527795956,3.2174601238011045,6.714393057243872,0.0,2.0,Pond_05,Mock_Data,Obs_Pond_05_20260430_04,Medium,2,1.0,0,1,0,0,0,0,0,0,0,1
2026-04-30 08:00:00,26.6,7.89,3.19,6.68,1.0,1.0,Pond_01,Real_Data,Obs_Pond_01_20260430_08,Low,1,1.0,0,0,0,0,0,0,0,0,0,0
2026-04-30 08:00:00,26.6,7.89,3.19,6.68,0.0,1.0,Pond_02,Real_Data,Obs_Pond_02_20260430_08,Low,1,1.0,0,0,0,0,0,0,0,0,0,0
2026-04-30 08:00:00,27.489151239062323,7.913950096777615,3.66449613400179,6.51731478428404,,,Pond_03,Real_Data,Obs_Pond_03_20260430_08,Low,1,1.0,0,0,0,0,0,0,0,0,0,0
2026-04-30 08:00:00,26.61257773606622,7.8838129867928215,3.1678039592568785,6.5451216686609985,0.0,1.0,Pond_04,Mock_Data,Obs_Pond_04_20260430_08,Low,1,1.0,0,0,0,0,0,0,0,0,0,0
2026-04-30 08:00:00,26.468348987902637,7.865064455415522,3.1610676493609073,6.809732445024611,0.0,1.0,Pond_05,Mock_Data,Obs_Pond_05_20260430_08,Low,1,1.0,0,0,0,0,0,0,0,0,0,0
2026-04-30 12:00:00,26.6,7.89,3.19,6.68,0.0,1.0,Pond_01,Real_Data,Obs_Pond_01_20260430_12,Low,1,1.0,0,0,0,0,0,0,0,0,0,0
2026-04-30 12:00:00,26.6,7.89,3.19,6.68,0.0,1.0,Pond_02,Real_Data,Obs_Pond_02_20260430_12,Low,1,1.0,0,0,0,0,0,0,0,0,0,0
2026-04-30 12:00:00,27.095687798520323,7.83433055254955,3.3038564730396325,6.34494922771282,,,Pond_03,Real_Data,Obs_Pond_03_20260430_12,Low,1,1.0,0,0,0,0,0,0,0,0,0,0
2026-04-30 12:00:00,26.506049942769533,7.873194887186535,3.200500365683822,6.878164253523023,0.0,1.0,Pond_04,Mock_Data,Obs_Pond_04_20260430_12,Low,1,1.0,0,0,0,0,0,0,0,0,0,0
2026-04-30 12:00:00,26.62563709183221,7.882336365906054,3.142750370408304,6.689335606755021,0.0,1.0,Pond_05,Mock_Data,Obs_Pond_05_20260430_12,Low,1,1.0,0,0,0,0,0,0,0,0,0,0
2026-04-30 16:00:00,26.6,7.89,3.19,6.68,0.0,1.0,Pond_01,Real_Data,Obs_Pond_01_20260430_16,Low,1,1.0,0,0,0,0,0,0,0,0,0,0
2026-04-30 16:00:00,26.6,7.89,3.19,6.68,0.0,1.0,Pond_02,Real_Data,Obs_Pond_02_20260430_16,Low,1,1.0,0,0,0,0,0,0,0,0,0,0
2026-04-30 16:00:00,26.919885519507673,7.715212718557645,3.0931635555825077,6.09570681518014,,,Pond_03,Real_Data,Obs_Pond_03_20260430_16,Unknown,0,1.0,0,-1,0,0,0,0,0,0,0,0
2026-04-30 16:00:00,26.695918698143636,7.927200221875004,3.187395554085978,6.7466951819119725,0.0,1.0,Pond_04,Mock_Data,Obs_Pond_04_20260430_16,Low,1,1.0,0,0,0,0,0,0,0,0,0,0
2026-04-30 16:00:00,26.732369635168777,7.910434271359717,3.1423790155254454,6.590555655340625,0.0,1.0,Pond_05,Mock_Data,Obs_Pond_05_20260430_16,Low,1,1.0,0,0,0,0,0,0,0,0,0,0
2026-04-30 20:00:00,26.6,7.89,3.19,6.68,1.0,1.0,Pond_01,Real_Data,Obs_Pond_01_20260430_20,Low,1,1.0,0,0,0,0,0,0,0,0,0,0
2026-04-30 20:00:00,26.6,7.89,3.19,6.68,0.0,1.0,Pond_02,Real_Data,Obs_Pond_02_20260430_20,Low,1,1.0,0,0,0,0,0,0,0,0,0,0
2026-04-30 20:00:00,27.065289152420075,7.951725650653163,3.7723680475199775,5.79977653942234,,,Pond_03,Real_Data,Obs_Pond_03_20260430_20,Medium,1,1.0,0,1,0,0,0,0,0,0,0,1
2026-04-30 20:00:00,26.71131351822307,7.871629235079504,3.2386268431557137,6.694098635470986,0.0,2.0,Pond_04,Mock_Data,Obs_Pond_04_20260430_20,Medium,2,1.0,0,1,0,0,0,0,0,0,0,1
2026-04-30 20:00:00,26.617481269281207,7.883570077003415,3.208693145124747,6.63940550980004,0.0,1.0,Pond_05,Mock_Data,Obs_Pond_05_20260430_20,Low,1,1.0,0,0,0,0,0,0,0,0,0,0
2026-05-01 00:00:00,26.6,7.89,3.19,6.68,1.0,1.0,Pond_01,Real_Data,Obs_Pond_01_20260501_00,Low,1,1.0,0,0,0,0,0,0,0,0,0,0
2026-05-01 00:00:00,26.6,7.889999999999999,3.19,6.68,0.0,1.0,Pond_02,Real_Data,Obs_Pond_02_20260501_00,Low,1,1.0,0,0,0,0,0,0,0,0,0,0
2026-05-01 00:00:00,27.233945044757224,7.85550290440897,3.27311404378487,6.4224177756897,,,Pond_03,Real_Data,Obs_Pond_03_20260501_00,Unknown,0,1.0,0,-1,0,0,0,0,0,0,0,0
2026-05-01 00:00:00,26.562017644026085,7.878088058234124,3.1937128684266973,6.676533173854334,0.0,1.0,Pond_04,Mock_Data,Obs_Pond_04_20260501_00,Low,1,1.0,0,0,0,0,0,0,0,0,0,0
2026-05-01 00:00:00,26.702307126133277,7.899872155885938,3.1804031693492822,6.651019670162251,0.0,1.0,Pond_05,Mock_Data,Obs_Pond_05_20260501_00,Low,1,1.0,0,0,0,0,0,0,0,0,0,0
2026-05-01 04:00:00,26.6,7.89,3.19,6.68,0.0,1.0,Pond_01,Real_Data,Obs_Pond_01_20260501_04,Low,1,1.0,0,0,0,0,0,0,0,0,0,0
2026-05-01 04:00:00,26.599999999999998,7.89,3.1899999999999995,6.68,0.0,1.0,Pond_02,Real_Data,Obs_Pond_02_20260501_04,Low,1,1.0,0,0,0,0,0,0,0,0,0,0
2026-05-01 04:00:00,28.015985391752373,7.703135499229992,3.43916584941669,6.56682833843938,,,Pond_03,Real_Data,Obs_Pond_03_20260501_04,Low,1,1.0,0,0,0,0,0,0,0,0,0,0
2026-05-01 04:00:00,26.57596917356701,7.894382475665302,3.1577946821536886,6.6980341443801485,0.0,1.0,Pond_04,Mock_Data,Obs_Pond_04_20260501_04,Low,1,1.0,0,0,0,0,0,0,0,0,0,0
2026-05-01 04:00:00,26.560999672125725,7.887007962694367,3.117478041749983,6.615734516131645,0.0,1.0,Pond_05,Mock_Data,Obs_Pond_05_20260501_04,Low,1,1.0,0,0,0,0,0,0,0,0,0,0
2026-05-01 08:00:00,26.6,7.89,3.19,6.68,1.0,1.0,Pond_01,Real_Data,Obs_Pond_01_20260501_08,Low,1,1.0,0,0,0,0,0,0,0,0,0,0
2026-05-01 08:00:00,26.6,7.89,3.19,6.68,0.0,1.0,Pond_02,Real_Data,Obs_Pond_02_20260501_08,Low,1,1.0,0,0,0,0,0,0,0,0,0,0
2026-05-01 08:00:00,27.083799890679952,7.85960587917046,3.3484556143177775,5.7463369367626,,,Pond_03,Real_Data,Obs_Pond_03_20260501_08,Low,1,1.0,0,0,0,0,0,0,0,0,0,0
2026-05-01 08:00:00,26.617718736001073,7.8642237095466205,3.2326932980719363,6.7129114445935025,0.0,2.0,Pond_04,Mock_Data,Obs_Pond_04_20260501_08,Medium,2,1.0,0,1,0,0,0,0,0,0,0,1
2026-05-01 08:00:00,26.59801360672888,7.895505903950211,3.2106117014806648,6.734324764589153,0.0,1.0,Pond_05,Mock_Data,Obs_Pond_05_20260501_08,Low,1,1.0,0,0,0,0,0,0,0,0,0,0
2026-05-01 12:00:00,26.6,7.89,3.19,6.68,0.0,1.0,Pond_01,Real_Data,Obs_Pond_01_20260501_12,Low,1,1.0,0,0,0,0,0,0,0,0,0,0
2026-05-01 12:00:00,26.6,7.89,3.19,6.68,0.0,1.0,Pond_02,Real_Data,Obs_Pond_02_20260501_12,Low,1,1.0,0,0,0,0,0,0,0,0,0,0
2026-05-01 12:00:00,27.173178142267027,7.819554944718745,3.449219727237735,6.55262894559065,,,Pond_03,Real_Data,Obs_Pond_03_20260501_12,Low,1,1.0,0,0,0,0,0,0,0,0,0,0
2026-05-01 12:00:00,26.62073056675563,7.881515879903625,3.1806378935792625,6.720748537870265,0.0,1.0,Pond_04,Mock_Data,Obs_Pond_04_20260501_12,Low,1,1.0,0,0,0,0,0,0,0,0,0,0
2026-05-01 12:00:00,26.602077954766166,7.88510112966639,3.127927979548589,6.731171907222877,0.0,2.0,Pond_05,Mock_Data,Obs_Pond_05_20260501_12,Medium,2,1.0,0,1,0,0,0,0,0,0,0,1
2026-05-01 16:00:00,26.6,7.89,3.19,6.68,1.0,1.0,Pond_01,Real_Data,Obs_Pond_01_20260501_16,Low,1,1.0,0,0,0,0,0,0,0,0,0,0
2026-05-01 16:00:00,26.6,7.89,3.19,6.68,0.0,1.0,Pond_02,Real_Data,Obs_Pond_02_20260501_16,Low,1,1.0,0,0,0,0,0,0,0,0,0,0
2026-05-01 16:00:00,26.848507951390925,7.9619052496347695,3.2392041412191377,6.36217947130489,,,Pond_03,Real_Data,Obs_Pond_03_20260501_16,Unknown,0,1.0,0,-1,0,0,0,0,0,0,0,0
2026-05-01 16:00:00,26.640818414859243,7.8968067800967034,3.2127028419040604,6.715089154876029,0.0,1.0,Pond_04,Mock_Data,Obs_Pond_04_20260501_16,Low,1,1.0,0,0,0,0,0,0,0,0,0,0
2026-05-01 16:00:00,26.46254750603474,7.904303107062389,3.1960287199271864,6.607027535907527,0.0,1.0,Pond_05,Mock_Data,Obs_Pond_05_20260501_16,Low,1,1.0,0,0,0,0,0,0,0,0,0,0
2026-05-01 20:00:00,26.6,7.89,3.19,6.68,1.0,1.0,Pond_01,Real_Data,Obs_Pond_01_20260501_20,Low,1,1.0,0,0,0,0,0,0,0,0,0,0
2026-05-01 20:00:00,26.6,7.890000000000001,3.19,6.68,0.0,1.0,Pond_02,Real_Data,Obs_Pond_02_20260501_20,Low,1,1.0,0,0,0,0,0,0,0,0,0,0
2026-05-01 20:00:00,27.51181625226385,7.78948076358263,3.1777473928947577,6.60348598615985,,,Pond_03,Real_Data,Obs_Pond_03_20260501_20,Unknown,0,1.0,0,-1,0,0,0,0,0,0,0,0
2026-05-01 20:00:00,26.724598096468544,7.882862862499477,3.1694153377682865,6.685657460641157,0.0,1.0,Pond_04,Mock_Data,Obs_Pond_04_20260501_20,Low,1,1.0,0,0,0,0,0,0,0,0,0,0
2026-05-01 20:00:00,26.527593072804315,7.856871157156167,3.2002834305220285,6.725792434408067,0.0,1.0,Pond_05,Mock_Data,Obs_Pond_05_20260501_20,Low,1,1.0,0,0,0,0,0,0,0,0,0,0
2026-05-02 00:00:00,26.6,7.89,3.19,6.68,0.0,1.0,Pond_01,Real_Data,Obs_Pond_01_20260502_00,Low,1,1.0,0,0,0,0,0,0,0,0,0,0
2026-05-02 00:00:00,26.6,7.89,3.19,6.68,0.0,1.0,Pond_02,Real_Data,Obs_Pond_02_20260502_00,Low,1,1.0,0,0,0,0,0,0,0,0,0,0
2026-05-02 00:00:00,26.800378140290075,7.84662463044358,3.4044943610468774,6.76744096503623,,,Pond_03,Real_Data,Obs_Pond_03_20260502_00,Low,1,1.0,0,0,0,0,0,0,0,0,0,0
2026-05-02 00:00:00,26.589032316216603,7.8879976144836235,3.161981217066278,6.667537108110444,0.0,1.0,Pond_04,Mock_Data,Obs_Pond_04_20260502_00,Low,1,1.0,0,0,0,0,0,0,0,0,0,0
2026-05-02 00:00:00,26.532012616467927,7.882209924264586,3.2281836956531866,6.776425729627979,0.0,1.0,Pond_05,Mock_Data,Obs_Pond_05_20260502_00,Low,1,1.0,0,0,0,0,0,0,0,0,0,0
2026-05-02 04:00:00,26.6,7.89,3.19,6.68,1.0,1.0,Pond_01,Real_Data,Obs_Pond_01_20260502_04,Low,1,1.0,0,0,0,0,0,0,0,0,0,0
2026-05-02 04:00:00,26.6,7.89,3.19,6.68,0.0,1.0,Pond_02,Real_Data,Obs_Pond_02_20260502_04,Low,1,1.0,0,0,0,0,0,0,0,0,0,0
2026-05-02 04:00:00,27.400395862114223,7.561143770119832,3.80415674082329,6.21017551626156,,,Pond_03,Real_Data,Obs_Pond_03_20260502_04,Medium,1,1.0,0,1,0,0,0,0,0,0,0,1
2026-05-02 04:00:00,26.550519305290887,7.8786501487703395,3.193629107111632,6.670446348070408,0.0,2.0,Pond_04,Mock_Data,Obs_Pond_04_20260502_04,Medium,2,1.0,0,1,0,0,0,0,0,0,0,1
2026-05-02 04:00:00,26.650953953450465,7.896359062071056,3.266821443375824,6.800155908760364,0.0,1.0,Pond_05,Mock_Data,Obs_Pond_05_20260502_04,Low,1,1.0,0,0,0,0,0,0,0,0,0,0
2026-05-02 08:00:00,26.6,7.89,3.19,6.68,1.0,1.0,Pond_01,Real_Data,Obs_Pond_01_20260502_08,Low,1,1.0,0,0,0,0,0,0,0,0,0,0
2026-05-02 08:00:00,26.6,7.89,3.19,6.68,0.0,1.0,Pond_02,Real_Data,Obs_Pond_02_20260502_08,Low,1,1.0,0,0,0,0,0,0,0,0,0,0
2026-05-02 08:00:00,26.840604392859902,7.786264366719203,2.9286484794300627,6.40520979582559,,,Pond_03,Real_Data,Obs_Pond_03_20260502_08,Unknown,0,1.0,0,-1,0,0,0,0,0,0,0,0
2026-05-02 08:00:00,26.51450593861531,7.857526979193774,3.19055313651498,6.6676905834016935,0.0,1.0,Pond_04,Mock_Data,Obs_Pond_04_20260502_08,Low,1,1.0,0,0,0,0,0,0,0,0,0,0
2026-05-02 08:00:00,26.65405848743335,7.901443404857546,3.1311588369094228,6.86095223235679,0.0,2.0,Pond_05,Mock_Data,Obs_Pond_05_20260502_08,Medium,2,1.0,0,1,0,0,0,0,0,0,0,1
2026-05-02 12:00:00,26.6,7.89,3.19,6.68,0.0,1.0,Pond_01,Real_Data,Obs_Pond_01_20260502_12,Low,1,1.0,0,0,0,0,0,0,0,0,0,0
2026-05-02 12:00:00,26.6,7.889999999999999,3.19,6.68,0.0,1.0,Pond_02,Real_Data,Obs_Pond_02_20260502_12,Low,1,1.0,0,0,0,0,0,0,0,0,0,0
2026-05-02 12:00:00,27.66113041353265,7.879187081514443,3.2214173547198177,6.68296569834397,,,Pond_03,Real_Data,Obs_Pond_03_20260502_12,Unknown,0,1.0,0,-1,0,0,0,0,0,0,0,0
2026-05-02 12:00:00,26.554694912944367,7.896895548218842,3.2106888478296542,6.751603158284428,0.0,1.0,Pond_04,Mock_Data,Obs_Pond_04_20260502_12,Low,1,1.0,0,0,0,0,0,0,0,0,0,0
2026-05-02 12:00:00,26.620084684503027,7.922011642148084,3.187737468831256,6.623034727562545,0.0,1.0,Pond_05,Mock_Data,Obs_Pond_05_20260502_12,Low,1,1.0,0,0,0,0,0,0,0,0,0,0
2026-05-02 16:00:00,26.6,7.89,3.19,6.68,0.0,1.0,Pond_01,Real_Data,Obs_Pond_01_20260502_16,Low,1,1.0,0,0,0,0,0,0,0,0,0,0
2026-05-02 16:00:00,26.6,7.89,3.19,6.68,0.0,1.0,Pond_02,Real_Data,Obs_Pond_02_20260502_16,Low,1,1.0,0,0,0,0,0,0,0,0,0,0
2026-05-02 16:00:00,27.33413833648205,7.70647557620224,3.535482940853467,6.63127341304083,,,Pond_03,Real_Data,Obs_Pond_03_20260502_16,Low,1,1.0,0,0,0,0,0,0,0,0,0,0
2026-05-02 16:00:00,26.597946697620944,7.927628983416624,3.178416719566335,6.717486026535453,0.0,2.0,Pond_04,Mock_Data,Obs_Pond_04_20260502_16,Medium,2,1.0,0,1,0,0,0,0,0,0,0,1
2026-05-02 16:00:00,26.65108020117468,7.881615714044773,3.1780851672629042,6.85836341140068,0.0,1.0,Pond_05,Mock_Data,Obs_Pond_05_20260502_16,Low,1,1.0,0,0,0,0,0,0,0,0,0,0
2026-05-02 20:00:00,26.6,7.89,3.19,6.68,1.0,1.0,Pond_01,Real_Data,Obs_Pond_01_20260502_20,Low,1,1.0,0,0,0,0,0,0,0,0,0,0
2026-05-02 20:00:00,26.6,7.89,3.19,6.68,0.0,1.0,Pond_02,Real_Data,Obs_Pond_02_20260502_20,Low,1,1.0,0,0,0,0,0,0,0,0,0,0
2026-05-02 20:00:00,27.397462211607298,7.96581283525947,3.095732989148285,6.3650739060873,,,Pond_03,Real_Data,Obs_Pond_03_20260502_20,Unknown,0,1.0,0,-1,0,0,0,0,0,0,0,0
2026-05-02 20:00:00,26.711231712736154,7.890394564710629,3.110821118180894,6.4942999948513505,0.0,1.0,Pond_04,Mock_Data,Obs_Pond_04_20260502_20,Low,1,1.0,0,0,0,0,0,0,0,0,0,0
2026-05-02 20:00:00,26.589825560550118,7.921722802186414,3.208702116778697,6.657630124333113,0.0,1.0,Pond_05,Mock_Data,Obs_Pond_05_20260502_20,Low,1,1.0,0,0,0,0,0,0,0,0,0,0
2026-05-03 00:00:00,26.6,7.89,3.19,6.68,0.0,1.0,Pond_01,Real_Data,Obs_Pond_01_20260503_00,Low,1,1.0,0,0,0,0,0,0,0,0,0,0
2026-05-03 00:00:00,26.6,7.89,3.19,6.68,0.0,1.0,Pond_02,Real_Data,Obs_Pond_02_20260503_00,Low,1,1.0,0,0,0,0,0,0,0,0,0,0
2026-05-03 00:00:00,27.05815811866,7.86830728398667,3.3343764251674375,6.70401146208683,,,Pond_03,Real_Data,Obs_Pond_03_20260503_00,Low,1,1.0,0,0,0,0,0,0,0,0,0,0
2026-05-03 00:00:00,26.56791700479888,7.894830075784207,3.1713399571881906,6.7214233602125475,0.0,1.0,Pond_04,Mock_Data,Obs_Pond_04_20260503_00,Low,1,1.0,0,0,0,0,0,0,0,0,0,0
2026-05-03 00:00:00,26.674499084656226,7.875869320576846,3.1992990558150667,6.64258289233691,0.0,1.0,Pond_05,Mock_Data,Obs_Pond_05_20260503_00,Low,1,1.0,0,0,0,0,0,0,0,0,0,0
2026-05-03 04:00:00,26.6,7.89,3.19,6.68,0.0,1.0,Pond_01,Real_Data,Obs_Pond_01_20260503_04,Low,1,1.0,0,0,0,0,0,0,0,0,0,0
2026-05-03 04:00:00,26.6,7.890000000000001,3.19,6.68,0.0,1.0,Pond_02,Real_Data,Obs_Pond_02_20260503_04,Low,1,1.0,0,0,0,0,0,0,0,0,0,0
2026-05-03 04:00:00,27.346603152089777,7.8918816705953105,3.1490876421376326,6.17638657715513,,,Pond_03,Real_Data,Obs_Pond_03_20260503_04,Unknown,0,1.0,0,-1,0,0,0,0,0,0,0,0
2026-05-03 04:00:00,26.613871002800497,7.904853246249524,3.2242273116364775,6.6922985485440885,0.0,1.0,Pond_04,Mock_Data,Obs_Pond_04_20260503_04,Low,1,1.0,0,0,0,0,0,0,0,0,0,0
2026-05-03 04:00:00,26.600544732240806,7.918488615659652,3.1747991567142146,6.700656229242203,0.0,1.0,Pond_05,Mock_Data,Obs_Pond_05_20260503_04,Low,1,1.0,0,0,0,0,0,0,0,0,0,0
2026-05-03 08:00:00,26.6,7.89,3.19,6.68,1.0,1.0,Pond_01,Real_Data,Obs_Pond_01_20260503_08,Low,1,1.0,0,0,0,0,0,0,0,0,0,0
2026-05-03 08:00:00,26.6,7.89,3.19,6.68,0.0,1.0,Pond_02,Real_Data,Obs_Pond_02_20260503_08,Low,1,1.0,0,0,0,0,0,0,0,0,0,0
2026-05-03 08:00:00,27.43119067819095,7.90412265073952,3.61310332748125,5.18998193440969,,,Pond_03,Real_Data,Obs_Pond_03_20260503_08,Low,1,1.0,0,0,0,0,0,0,0,0,0,0
2026-05-03 08:00:00,26.59898206299424,7.86278322633698,3.177177945388308,6.6788184500078085,0.0,1.0,Pond_04,Mock_Data,Obs_Pond_04_20260503_08,Low,1,1.0,0,0,0,0,0,0,0,0,0,0
2026-05-03 08:00:00,26.60358657540778,7.907527994344135,3.1709894865949813,6.643239963770896,0.0,1.0,Pond_05,Mock_Data,Obs_Pond_05_20260503_08,Low,1,1.0,0,0,0,0,0,0,0,0,0,0
2026-05-03 12:00:00,26.6,7.89,3.19,6.68,0.0,1.0,Pond_01,Real_Data,Obs_Pond_01_20260503_12,Low,1,1.0,0,0,0,0,0,0,0,0,0,0
2026-05-03 12:00:00,26.6,7.89,3.19,6.68,0.0,1.0,Pond_02,Real_Data,Obs_Pond_02_20260503_12,Low,1,1.0,0,0,0,0,0,0,0,0,0,0
2026-05-03 12:00:00,27.10373050504895,7.915653574983685,3.0942630983742925,6.05023868439564,,,Pond_03,Real_Data,Obs_Pond_03_20260503_12,Unknown,0,1.0,0,-1,0,0,0,0,0,0,0,0
2026-05-03 12:00:00,26.67365993702239,7.9265050365010135,3.1793766120984013,6.655463148684361,0.0,1.0,Pond_04,Mock_Data,Obs_Pond_04_20260503_12,Low,1,1.0,0,0,0,0,0,0,0,0,0,0
2026-05-03 12:00:00,26.583537826175206,7.870413772866852,3.1418616498244387,6.705201600257531,0.0,1.0,Pond_05,Mock_Data,Obs_Pond_05_20260503_12,Low,1,1.0,0,0,0,0,0,0,0,0,0,0
2026-05-03 16:00:00,26.6,7.89,3.19,6.68,0.0,1.0,Pond_01,Real_Data,Obs_Pond_01_20260503_16,Low,1,1.0,0,0,0,0,0,0,0,0,0,0
2026-05-03 16:00:00,26.6,7.89,3.19,6.68,0.0,1.0,Pond_02,Real_Data,Obs_Pond_02_20260503_16,Low,1,1.0,0,0,0,0,0,0,0,0,0,0
2026-05-03 16:00:00,27.1009463322808,7.708054201943968,3.414136722818085,6.20672892370941,,,Pond_03,Real_Data,Obs_Pond_03_20260503_16,Low,1,1.0,0,0,0,0,0,0,0,0,0,0
2026-05-03 16:00:00,26.7566263353289,7.894338300444787,3.2325298950023367,6.750993247432715,0.0,2.0,Pond_04,Mock_Data,Obs_Pond_04_20260503_16,Medium,2,1.0,0,1,0,0,0,0,0,0,0,1
2026-05-03 16:00:00,26.6424241538589,7.896583484323967,3.23259392749628,6.596630632539695,0.0,2.0,Pond_05,Mock_Data,Obs_Pond_05_20260503_16,Medium,2,1.0,0,1,0,0,0,0,0,0,0,1
2026-05-03 20:00:00,26.6,7.89,3.19,6.68,1.0,1.0,Pond_01,Real_Data,Obs_Pond_01_20260503_20,Low,1,1.0,0,0,0,0,0,0,0,0,0,0
2026-05-03 20:00:00,26.6,7.89,3.19,6.68,0.0,1.0,Pond_02,Real_Data,Obs_Pond_02_20260503_20,Low,1,1.0,0,0,0,0,0,0,0,0,0,0
2026-05-03 20:00:00,27.317145991706674,7.848072944851485,3.145544540952425,7.33504862666851,,,Pond_03,Real_Data,Obs_Pond_03_20260503_20,Unknown,0,1.0,0,-1,0,0,0,0,0,0,0,0
2026-05-03 20:00:00,26.567095269508716,7.924990004568374,3.159301634397723,6.73984095667503,0.0,1.0,Pond_04,Mock_Data,Obs_Pond_04_20260503_20,Low,1,1.0,0,0,0,0,0,0,0,0,0,0
2026-05-03 20:00:00,26.573892919962773,7.888901409725119,3.209799645988247,6.664921598828892,0.0,1.0,Pond_05,Mock_Data,Obs_Pond_05_20260503_20,Low,1,1.0,0,0,0,0,0,0,0,0,0,0
2026-05-04 00:00:00,26.6,7.89,3.19,6.68,0.0,1.0,Pond_01,Real_Data,Obs_Pond_01_20260504_00,Low,1,1.0,0,0,0,0,0,0,0,0,0,0
2026-05-04 00:00:00,26.6,7.89,3.19,6.68,0.0,1.0,Pond_02,Real_Data,Obs_Pond_02_20260504_00,Low,1,1.0,0,0,0,0,0,0,0,0,0,0
2026-05-04 00:00:00,27.3708212801808,7.859652016983945,3.0103160839555776,6.35880441033408,,,Pond_03,Real_Data,Obs_Pond_03_20260504_00,Unknown,0,1.0,0,-1,0,0,0,0,0,0,0,0
2026-05-04 00:00:00,26.569663175215087,7.874282428271455,3.1234784856611384,6.631188973728805,0.0,1.0,Pond_04,Mock_Data,Obs_Pond_04_20260504_00,Low,1,1.0,0,0,0,0,0,0,0,0,0,0
2026-05-04 00:00:00,26.660521946192453,7.903413680943967,3.2295716897705926,6.761190841484542,0.0,2.0,Pond_05,Mock_Data,Obs_Pond_05_20260504_00,Medium,2,1.0,0,1,0,0,0,0,0,0,0,1
2026-05-04 04:00:00,26.6070054945055,7.889917582417582,3.194285714285715,6.68,1.0,1.0,Pond_01,Real_Data,Obs_Pond_01_20260504_04,Low,1,1.0,0,0,0,0,0,0,0,0,0,0
2026-05-04 04:00:00,26.6,7.889999999999999,3.19,6.68,0.0,1.0,Pond_02,Real_Data,Obs_Pond_02_20260504_04,Low,1,1.0,0,0,0,0,0,0,0,0,0,0
2026-05-04 04:00:00,27.6521702950112,7.941157740883065,3.6841901762005325,6.10795368735762,,,Pond_03,Real_Data,Obs_Pond_03_20260504_04,Low,1,1.0,0,0,0,0,0,0,0,0,0,0
2026-05-04 04:00:00,26.67172550442527,7.928900164169325,3.187359733580961,6.705707354097234,0.0,1.0,Pond_04,Mock_Data,Obs_Pond_04_20260504_04,Low,1,1.0,0,0,0,0,0,0,0,0,0,0
2026-05-04 04:00:00,26.53683172604994,7.885130230105237,3.1809022699169645,6.676396298779136,0.0,1.0,Pond_05,Mock_Data,Obs_Pond_05_20260504_04,Low,1,1.0,0,0,0,0,0,0,0,0,0,0
2026-05-04 08:00:00,26.642032967032975,7.889505494505495,3.2157142857142853,6.71428571428571,0.0,1.0,Pond_01,Real_Data,Obs_Pond_01_20260504_08,Low,1,1.0,0,0,0,0,0,0,0,0,0,0
2026-05-04 08:00:00,26.6,7.89,3.19,6.68,0.0,1.0,Pond_02,Real_Data,Obs_Pond_02_20260504_08,Low,1,1.0,0,0,0,0,0,0,0,0,0,0
2026-05-04 08:00:00,27.2485732825413,7.766654628709018,3.2890220920312525,6.75674843876194,,,Pond_03,Real_Data,Obs_Pond_03_20260504_08,Unknown,0,1.0,0,-1,0,0,0,0,0,0,0,0
2026-05-04 08:00:00,26.68429850766183,7.906126249850291,3.194838010594003,6.652920812218049,0.0,1.0,Pond_04,Mock_Data,Obs_Pond_04_20260504_08,Low,1,1.0,0,0,0,0,0,0,0,0,0,0
2026-05-04 08:00:00,26.573919065747337,7.882917571970424,3.187393311572948,6.723228184684568,0.0,1.0,Pond_05,Mock_Data,Obs_Pond_05_20260504_08,Low,1,1.0,0,0,0,0,0,0,0,0,0,0
2026-05-04 12:00:00,26.6793956043956,7.889065934065935,3.23857142857143,6.76,0.0,1.0,Pond_01,Real_Data,Obs_Pond_01_20260504_12,Low,1,1.0,0,0,0,0,0,0,0,0,0,0
2026-05-04 12:00:00,26.6,7.889999999999999,3.19,6.68,0.0,1.0,Pond_02,Real_Data,Obs_Pond_02_20260504_12,Low,1,1.0,0,0,0,0,0,0,0,0,0,0
2026-05-04 12:00:00,27.537584056034923,7.825794416950023,3.598841487153723,5.90686517268634,,,Pond_03,Real_Data,Obs_Pond_03_20260504_12,Low,1,1.0,0,0,0,0,0,0,0,0,0,0
2026-05-04 12:00:00,26.79385968657424,7.900924127723277,3.19690949291152,6.672870326975085,0.0,2.0,Pond_04,Mock_Data,Obs_Pond_04_20260504_12,Medium,2,1.0,0,1,0,0,0,0,0,0,0,1
2026-05-04 12:00:00,26.72200423625297,7.918421832694148,3.1920773907587003,6.7900149185391685,0.0,1.0,Pond_05,Mock_Data,Obs_Pond_05_20260504_12,Low,1,1.0,0,0,0,0,0,0,0,0,0,0
2026-05-04 16:00:00,26.71675824175825,7.888626373626375,3.26142857142857,6.80571428571429,1.0,1.0,Pond_01,Real_Data,Obs_Pond_01_20260504_16,Low,1,1.0,0,0,0,0,0,0,0,0,0,0
2026-05-04 16:00:00,26.600000000000005,7.89,3.19,6.68,0.0,1.0,Pond_02,Real_Data,Obs_Pond_02_20260504_16,Low,1,1.0,0,0,0,0,0,0,0,0,0,0
2026-05-04 16:00:00,27.876485286775548,7.8735921578696,3.5591335582092203,6.18348800915289,,,Pond_03,Real_Data,Obs_Pond_03_20260504_16,Low,1,1.0,0,0,0,0,0,0,0,0,0,0
2026-05-04 16:00:00,26.75295174294823,7.893644287103652,3.253866725348109,6.766134010351679,0.0,2.0,Pond_04,Mock_Data,Obs_Pond_04_20260504_16,Medium,2,1.0,0,1,0,0,0,0,0,0,0,1
2026-05-04 16:00:00,26.711270023829382,7.88650961660563,3.276904129757043,6.879647325731102,0.0,1.0,Pond_05,Mock_Data,Obs_Pond_05_20260504_16,Low,1,1.0,0,0,0,0,0,0,0,0,0,0
2026-05-04 20:00:00,26.7541208791209,7.888186813186815,3.2842857142857147,6.85142857142857,1.0,1.0,Pond_01,Real_Data,Obs_Pond_01_20260504_20,Low,1,1.0,0,0,0,0,0,0,0,0,0,0
2026-05-04 20:00:00,26.600000000000005,7.89,3.19,6.68,0.0,1.0,Pond_02,Real_Data,Obs_Pond_02_20260504_20,Low,1,1.0,0,0,0,0,0,0,0,0,0,0
2026-05-04 20:00:00,26.8129920292583,7.810486134901467,2.91585961184153,5.73874202417172,,,Pond_03,Real_Data,Obs_Pond_03_20260504_20,Unknown,0,1.0,0,-1,0,0,0,0,0,0,0,0
2026-05-04 20:00:00,26.73185095099919,7.88285790384026,3.3054781123662655,6.905892961058454,0.0,1.0,Pond_04,Mock_Data,Obs_Pond_04_20260504_20,Low,2,1.0,0,0,0,0,0,0,0,0,0,0
2026-05-04 20:00:00,26.725987420378043,7.905906823388088,3.2394526344236683,6.746892989311261,0.0,2.0,Pond_05,Mock_Data,Obs_Pond_05_20260504_20,Medium,2,1.0,0,1,0,0,0,0,0,0,0,1
2026-05-05 00:00:00,26.791483516483524,7.887747252747255,3.3071428571428574,6.89714285714286,1.0,1.0,Pond_01,Real_Data,Obs_Pond_01_20260505_00,Low,2,1.0,0,0,0,0,0,0,0,0,0,0
2026-05-05 00:00:00,26.6,7.89,3.1900000000000004,6.68,0.0,1.0,Pond_02,Real_Data,Obs_Pond_02_20260505_00,Low,1,1.0,0,0,0,0,0,0,0,0,0,0
2026-05-05 00:00:00,27.44788622604515,8.149048503902279,3.356784176645015,6.00728297790563,,,Pond_03,Real_Data,Obs_Pond_03_20260505_00,Low,1,1.0,0,0,0,0,0,0,0,0,0,0
2026-05-05 00:00:00,26.828093953956408,7.913488853152246,3.3067423594162424,6.9573373918880455,0.0,1.0,Pond_04,Mock_Data,Obs_Pond_04_20260505_00,Low,2,1.0,0,0,0,0,0,0,0,0,0,0
2026-05-05 00:00:00,26.846651782734483,7.882915303637264,3.3868522234417164,6.934058426110877,0.0,1.0,Pond_05,Mock_Data,Obs_Pond_05_20260505_00,Low,2,1.0,0,0,0,0,0,0,0,0,0,0
2026-05-05 04:00:00,26.828846153846175,7.8873076923076955,3.33,6.94285714285714,1.0,1.0,Pond_01,Real_Data,Obs_Pond_01_20260505_04,Low,2,1.0,0,0,0,0,0,0,0,0,0,0
2026-05-05 04:00:00,26.6,7.890000000000001,3.19,6.68,0.0,1.0,Pond_02,Real_Data,Obs_Pond_02_20260505_04,Low,1,1.0,0,0,0,0,0,0,0,0,0,0
2026-05-05 04:00:00,27.202691508115425,7.81813937883173,3.340428560352435,6.19567600421638,,,Pond_03,Real_Data,Obs_Pond_03_20260505_04,Low,1,1.0,0,0,0,0,0,0,0,0,0,0
2026-05-05 04:00:00,26.897566700946953,7.890317265322303,3.3432361960274584,6.975261010846054,0.0,1.0,Pond_04,Mock_Data,Obs_Pond_04_20260505_04,Low,2,1.0,0,0,0,0,0,0,0,0,0,0
2026-05-05 04:00:00,26.791206393913907,7.923044009068598,3.273617978184294,6.9259228373198605,0.0,1.0,Pond_05,Mock_Data,Obs_Pond_05_20260505_04,Low,1,1.0,0,0,0,0,0,0,0,0,0,0
2026-05-05 08:00:00,26.8662087912088,7.886868131868135,3.3528571428571423,6.98857142857143,1.0,1.0,Pond_01,Real_Data,Obs_Pond_01_20260505_08,Low,2,1.0,0,0,0,0,0,0,0,0,0,0
2026-05-05 08:00:00,26.6,7.89,3.19,6.68,0.0,1.0,Pond_02,Real_Data,Obs_Pond_02_20260505_08,Low,1,1.0,0,0,0,0,0,0,0,0,0,0
2026-05-05 08:00:00,27.0721039922189,7.97979218470978,3.185319317743355,6.73297621943526,,,Pond_03,Real_Data,Obs_Pond_03_20260505_08,Unknown,0,1.0,0,-1,0,0,0,0,0,0,0,0
2026-05-05 08:00:00,26.91706457030593,7.8446905500267095,3.4310463926542627,7.034364794034602,0.0,1.0,Pond_04,Mock_Data,Obs_Pond_04_20260505_08,Low,2,1.0,0,0,0,0,0,0,0,0,0,0
2026-05-05 08:00:00,26.853799757841603,7.872323393421654,3.364656629226442,6.999095431301057,0.0,1.0,Pond_05,Mock_Data,Obs_Pond_05_20260505_08,Low,2,1.0,0,0,0,0,0,0,0,0,0,0
2026-05-05 12:00:00,26.903571428571425,7.886428571428575,3.375714285714285,7.03428571428571,0.0,1.0,Pond_01,Real_Data,Obs_Pond_01_20260505_12,Low,2,1.0,0,0,0,0,0,0,0,0,0,0
2026-05-05 12:00:00,26.6,7.889999999999999,3.19,6.68,0.0,1.0,Pond_02,Real_Data,Obs_Pond_02_20260505_12,Low,1,1.0,0,0,0,0,0,0,0,0,0,0
2026-05-05 12:00:00,27.64701592464215,7.808968089459153,3.2063021614592726,6.77274619804775,,,Pond_03,Real_Data,Obs_Pond_03_20260505_12,Unknown,0,1.0,0,-1,0,0,0,0,0,0,0,0
2026-05-05 12:00:00,26.93501369101039,7.862474044888488,3.3609302738351996,7.0668849120396535,0.0,1.0,Pond_04,Mock_Data,Obs_Pond_04_20260505_12,Low,2,1.0,0,0,0,0,0,0,0,0,0,0
2026-05-05 12:00:00,26.990299488200343,7.873260207844751,3.443272835398633,7.101226781075903,0.0,1.0,Pond_05,Mock_Data,Obs_Pond_05_20260505_12,Low,2,1.0,0,0,0,0,0,0,0,0,0,0
2026-05-05 16:00:00,26.940934065934073,7.885989010989015,3.39857142857143,7.08,0.0,1.0,Pond_01,Real_Data,Obs_Pond_01_20260505_16,Low,2,1.0,0,0,0,0,0,0,0,0,0,0
2026-05-05 16:00:00,26.6,7.89,3.19,6.68,0.0,1.0,Pond_02,Real_Data,Obs_Pond_02_20260505_16,Low,1,1.0,0,0,0,0,0,0,0,0,0,0
2026-05-05 16:00:00,27.62142881238595,7.693715905466073,3.349220450801522,6.69727333471572,,,Pond_03,Real_Data,Obs_Pond_03_20260505_16,Low,1,1.0,0,0,0,0,0,0,0,0,0,0
2026-05-05 16:00:00,27.00704954488705,7.88200413724067,3.410573071082784,7.039487282010507,0.0,1.0,Pond_04,Mock_Data,Obs_Pond_04_20260505_16,Low,2,1.0,0,0,0,0,0,0,0,0,0,0
2026-05-05 16:00:00,27.036334410915796,7.918677455154424,3.424402563443264,7.0045812391255735,0.0,2.0,Pond_05,Mock_Data,Obs_Pond_05_20260505_16,Low,3,1.0,0,0,0,0,0,0,0,0,0,0
2026-05-05 16:00:00,27.036334410915796,7.918677455154424,3.424402563443264,7.0045812391255735,0.0,2.0,Pond_05,Mock_Data,Obs_Pond_05_20260505_16,Medium,3,1.0,0,1,0,0,0,0,0,0,0,1
2026-05-05 20:00:00,26.9782967032967,7.885549450549455,3.42142857142857,7.12571428571429,0.0,1.0,Pond_01,Real_Data,Obs_Pond_01_20260505_20,Low,2,1.0,0,0,0,0,0,0,0,0,0,0
2026-05-05 20:00:00,26.6,7.89,3.19,6.68,0.0,1.0,Pond_02,Real_Data,Obs_Pond_02_20260505_20,Low,1,1.0,0,0,0,0,0,0,0,0,0,0
2026-05-05 20:00:00,27.229759865269223,7.78799073948509,3.44503841518742,6.48653292136693,,,Pond_03,Real_Data,Obs_Pond_03_20260505_20,Low,1,1.0,0,0,0,0,0,0,0,0,0,0
2026-05-05 20:00:00,27.050772912542552,7.892196397253672,3.3994726644138975,7.152992318904936,0.0,1.0,Pond_04,Mock_Data,Obs_Pond_04_20260505_20,Low,2,1.0,0,0,0,0,0,0,0,0,0,0
2026-05-05 20:00:00,27.075758339718263,7.8760089839443275,3.429003148177115,7.061760808349825,0.0,1.0,Pond_05,Mock_Data,Obs_Pond_05_20260505_20,Low,2,1.0,0,0,0,0,0,0,0,0,0,0
2026-05-06 00:00:00,27.01565934065935,7.885109890109895,3.444285714285715,7.17142857142857,1.0,1.0,Pond_01,Real_Data,Obs_Pond_01_20260506_00,Low,2,1.0,0,0,0,0,0,0,0,0,0,0
2026-05-06 00:00:00,26.6,7.89,3.19,6.68,0.0,0.0,Pond_02,Real_Data,Obs_Pond_02_20260506_00,Unknown,0,1.0,0,-1,0,0,0,0,0,0,0,0
2026-05-06 00:00:00,26.79722276936425,7.74426099932186,3.43465740006866,6.14606079843274,,,Pond_03,Real_Data,Obs_Pond_03_20260506_00,Low,1,1.0,0,0,0,0,0,0,0,0,0,0
2026-05-06 00:00:00,27.101329418494238,7.883896529130614,3.4077929655173933,7.2219783699155915,0.0,1.0,Pond_04,Mock_Data,Obs_Pond_04_20260506_00,Low,2,1.0,0,0,0,0,0,0,0,0,0,0
2026-05-06 00:00:00,26.998172396374443,7.919439859433964,3.402527311109902,7.04919664968645,0.0,1.0,Pond_05,Mock_Data,Obs_Pond_05_20260506_00,Low,2,1.0,0,0,0,0,0,0,0,0,0,0
2026-05-06 04:00:00,27.053021978022002,7.88467032967033,3.4671428571428575,7.21714285714286,0.0,1.0,Pond_01,Real_Data,Obs_Pond_01_20260506_04,Low,2,1.0,0,0,0,0,0,0,0,0,0,0
2026-05-06 04:00:00,26.6,7.89,3.19,6.68,0.0,0.0,Pond_02,Real_Data,Obs_Pond_02_20260506_04,Unknown,0,1.0,0,-1,0,0,0,0,0,0,0,0
2026-05-06 04:00:00,27.923037442139126,7.661981771010825,3.3973159467842424,6.35627080077167,,,Pond_03,Real_Data,Obs_Pond_03_20260506_04,Low,3,1.0,0,0,0,0,0,0,0,0,0,0
2026-05-06 04:00:00,27.09323083020358,7.910807298866222,3.4419232164306393,7.264780064748226,0.0,1.0,Pond_04,Mock_Data,Obs_Pond_04_20260506_04,Low,2,1.0,0,0,0,0,0,0,0,0,0,0
2026-05-06 04:00:00,27.129304384275784,7.903793027237564,3.4075646959078894,7.182460768826122,0.0,1.0,Pond_05,Mock_Data,Obs_Pond_05_20260506_04,Low,2,1.0,0,0,0,0,0,0,0,0,0,0
2026-05-06 08:00:00,27.0903846153846,7.884230769230765,3.49,7.26285714285714,0.0,1.0,Pond_01,Real_Data,Obs_Pond_01_20260506_08,Low,2,1.0,0,0,0,0,0,0,0,0,0,0
2026-05-06 08:00:00,26.6,7.89,3.19,6.68,0.0,0.0,Pond_02,Real_Data,Obs_Pond_02_20260506_08,Unknown,0,1.0,0,-1,0,0,0,0,0,0,0,0
2026-05-06 08:00:00,26.874588639613975,7.8968570710927475,3.2760252284117453,6.00923712484821,,,Pond_03,Real_Data,Obs_Pond_03_20260506_08,Unknown,0,1.0,0,-1,0,0,0,0,0,0,0,0
2026-05-06 08:00:00,27.08002616961881,7.842395567152578,3.469357221450054,7.337942870165886,0.0,1.0,Pond_04,Mock_Data,Obs_Pond_04_20260506_08,Low,2,1.0,0,0,0,0,0,0,0,0,0,0
2026-05-06 08:00:00,27.031565866496997,7.8809147959109955,3.523202484125191,7.346880489393195,0.0,1.0,Pond_05,Mock_Data,Obs_Pond_05_20260506_08,Low,2,1.0,0,0,0,0,0,0,0,0,0,0
2026-05-06 12:00:00,27.12774725274725,7.883791208791205,3.5128571428571425,7.30857142857143,1.0,1.0,Pond_01,Real_Data,Obs_Pond_01_20260506_12,Low,2,1.0,0,0,0,0,0,0,0,0,0,0
2026-05-06 12:00:00,26.6,7.89,3.19,6.68,0.0,0.0,Pond_02,Real_Data,Obs_Pond_02_20260506_12,Unknown,0,1.0,0,-1,0,0,0,0,0,0,0,0
2026-05-06 12:00:00,27.67737818274335,7.864372664182055,3.0528845913102525,5.56885802042934,,,Pond_03,Real_Data,Obs_Pond_03_20260506_12,Unknown,0,1.0,0,-1,0,0,0,0,0,0,0,0
2026-05-06 12:00:00,27.13684097714342,7.886869997474872,3.5283567698596316,7.353304300451498,0.0,1.0,Pond_04,Mock_Data,Obs_Pond_04_20260506_12,Low,2,1.0,0,0,0,0,0,0,0,0,0,0
2026-05-06 12:00:00,27.071534877492358,7.8449108713638855,3.577798150296675,7.300955754487945,0.0,1.0,Pond_05,Mock_Data,Obs_Pond_05_20260506_12,Low,2,1.0,0,0,0,0,0,0,0,0,0,0
2026-05-06 16:00:00,27.1651098901099,7.883351648351645,3.5357142857142847,7.35428571428571,1.0,1.0,Pond_01,Real_Data,Obs_Pond_01_20260506_16,Low,2,1.0,0,0,0,0,0,0,0,0,0,0
2026-05-06 16:00:00,26.6,7.89,3.19,6.68,0.0,0.0,Pond_02,Real_Data,Obs_Pond_02_20260506_16,Unknown,0,1.0,0,-1,0,0,0,0,0,0,0,0
2026-05-06 16:00:00,27.7844802958729,7.929357897294243,3.451245740838885,5.71674658401371,,,Pond_03,Real_Data,Obs_Pond_03_20260506_16,Low,1,1.0,0,0,0,0,0,0,0,0,0,0
2026-05-06 16:00:00,27.239892688427243,7.844370839778899,3.637000098953679,7.376481397257871,0.0,1.0,Pond_04,Mock_Data,Obs_Pond_04_20260506_16,Low,2,1.0,0,0,0,0,0,0,0,0,0,0
2026-05-06 16:00:00,27.019422066098684,7.882937428480342,3.5167922575586457,7.26965023546189,0.0,1.0,Pond_05,Mock_Data,Obs_Pond_05_20260506_16,Low,2,1.0,0,0,0,0,0,0,0,0,0,0
2026-05-06 20:00:00,27.202472527472526,7.882912087912085,3.55857142857143,7.4,0.0,1.0,Pond_01,Real_Data,Obs_Pond_01_20260506_20,Low,2,1.0,0,0,0,0,0,0,0,0,0,0
2026-05-06 20:00:00,26.6,7.89,3.19,6.68,0.0,0.0,Pond_02,Real_Data,Obs_Pond_02_20260506_20,Unknown,0,1.0,0,-1,0,0,0,0,0,0,0,0
2026-05-06 20:00:00,27.321363480227852,7.718876182701705,3.4675253393668926,6.03364467175575,,,Pond_03,Real_Data,Obs_Pond_03_20260506_20,Low,1,1.0,0,0,0,0,0,0,0,0,0,0
2026-05-06 20:00:00,27.151836570991836,7.8992017127587735,3.527697566532356,7.467585251290389,0.0,1.0,Pond_04,Mock_Data,Obs_Pond_04_20260506_20,Low,2,1.0,0,0,0,0,0,0,0,0,0,0
2026-05-06 20:00:00,27.30616157482053,7.885091222638545,3.5094581680364647,7.369326998375345,0.0,1.0,Pond_05,Mock_Data,Obs_Pond_05_20260506_20,Low,2,1.0,0,0,0,0,0,0,0,0,0,0
2026-05-07 00:00:00,27.239835164835174,7.882472527472525,3.58142857142857,7.44571428571429,1.0,1.0,Pond_01,Real_Data,Obs_Pond_01_20260507_00,Low,2,1.0,0,0,0,0,0,0,0,0,0,0
2026-05-07 00:00:00,26.6,7.89,3.19,6.68,0.0,0.0,Pond_02,Real_Data,Obs_Pond_02_20260507_00,Unknown,0,1.0,0,-1,0,0,0,0,0,0,0,0
2026-05-07 00:00:00,27.37611749644835,7.880540602989278,3.2529830303542075,6.33515809859879,,,Pond_03,Real_Data,Obs_Pond_03_20260507_00,Unknown,0,1.0,0,-1,0,0,0,0,0,0,0,0
2026-05-07 00:00:00,27.262686567077314,7.880447159407658,3.5634648117515613,7.444039337742774,0.0,2.0,Pond_04,Mock_Data,Obs_Pond_04_20260507_00,Low,3,1.0,0,0,0,0,0,0,0,0,0,0
2026-05-07 00:00:00,27.262686567077314,7.880447159407658,3.5634648117515613,7.444039337742774,0.0,2.0,Pond_04,Mock_Data,Obs_Pond_04_20260507_00,Medium,3,1.0,0,1,0,0,0,0,0,0,0,1
2026-05-07 00:00:00,27.186283278693217,7.907499816227688,3.475438934456039,7.351748500803605,0.0,1.0,Pond_05,Mock_Data,Obs_Pond_05_20260507_00,Low,2,1.0,0,0,0,0,0,0,0,0,0,0
2026-05-07 04:00:00,27.2771978021978,7.882032967032965,3.604285714285715,7.49142857142857,1.0,1.0,Pond_01,Real_Data,Obs_Pond_01_20260507_04,Low,2,1.0,0,0,0,0,0,0,0,0,0,0
2026-05-07 04:00:00,26.6,7.89,3.19,6.68,0.0,0.0,Pond_02,Real_Data,Obs_Pond_02_20260507_04,Unknown,0,1.0,0,-1,0,0,0,0,0,0,0,0
2026-05-07 04:00:00,27.34400437243385,7.896551127727947,3.437239628017415,6.05068555985178,,,Pond_03,Real_Data,Obs_Pond_03_20260507_04,Low,1,1.0,0,0,0,0,0,0,0,0,0,0
2026-05-07 04:00:00,27.252817563103694,7.8910301743532,3.601564020182319,7.435733849532684,0.0,1.0,Pond_04,Mock_Data,Obs_Pond_04_20260507_04,Low,2,1.0,0,0,0,0,0,0,0,0,0,0
2026-05-07 04:00:00,27.269354959206602,7.9160921875346455,3.56199777902651,7.420367534659014,0.0,1.0,Pond_05,Mock_Data,Obs_Pond_05_20260507_04,Low,2,1.0,0,0,0,0,0,0,0,0,0,0
2026-05-07 08:00:00,27.314560439560452,7.881593406593405,3.6271428571428577,7.53714285714286,1.0,1.0,Pond_01,Real_Data,Obs_Pond_01_20260507_08,Low,2,1.0,0,0,0,0,0,0,0,0,0,0
2026-05-07 08:00:00,26.6,7.89,3.19,6.68,0.0,0.0,Pond_02,Real_Data,Obs_Pond_02_20260507_08,Unknown,0,1.0,0,-1,0,0,0,0,0,0,0,0
2026-05-07 08:00:00,27.0570915050183,7.83080425892879,3.60836183039854,6.0661319140844,,,Pond_03,Real_Data,Obs_Pond_03_20260507_08,Low,1,1.0,0,0,0,0,0,0,0,0,0,0
2026-05-07 08:00:00,27.3163421240368,7.863070171648938,3.644208636160182,7.526844376293444,0.0,1.0,Pond_04,Mock_Data,Obs_Pond_04_20260507_08,Low,2,1.0,0,0,0,0,0,0,0,0,0,0
2026-05-07 08:00:00,27.25813599220404,7.866906025278967,3.622242280589342,7.561698683806946,0.0,1.0,Pond_05,Mock_Data,Obs_Pond_05_20260507_08,Low,2,1.0,0,0,0,0,0,0,0,0,0,0
2026-05-07 12:00:00,27.3519230769231,7.881153846153845,3.65,7.58285714285714,1.0,1.0,Pond_01,Real_Data,Obs_Pond_01_20260507_12,Low,2,1.0,0,0,0,0,0,0,0,0,0,0
2026-05-07 12:00:00,26.6,7.89,3.19,6.68,0.0,0.0,Pond_02,Real_Data,Obs_Pond_02_20260507_12,Unknown,0,1.0,0,-1,0,0,0,0,0,0,0,0
2026-05-07 12:00:00,27.54663296960355,7.839477480146105,3.4404581024844028,6.52172492748871,,,Pond_03,Real_Data,Obs_Pond_03_20260507_12,Low,1,1.0,0,0,0,0,0,0,0,0,0,0
2026-05-07 12:00:00,27.431165097043742,7.908587920691121,3.661363600301817,7.535812876890035,0.0,1.0,Pond_04,Mock_Data,Obs_Pond_04_20260507_12,Low,2,1.0,0,0,0,0,0,0,0,0,0,0
2026-05-07 12:00:00,27.39501136222076,7.898332652455852,3.71894988183657,7.50872126837816,0.0,1.0,Pond_05,Mock_Data,Obs_Pond_05_20260507_12,Low,2,1.0,0,0,0,0,0,0,0,0,0,0
2026-05-07 12:00:00,27.39501136222076,7.898332652455852,3.71894988183657,7.50872126837816,0.0,1.0,Pond_05,Mock_Data,Obs_Pond_05_20260507_12,Medium,2,1.0,0,1,0,0,0,0,0,0,0,1
2026-05-07 16:00:00,27.389285714285727,7.880714285714285,3.6728571428571426,7.62857142857143,1.0,1.0,Pond_01,Real_Data,Obs_Pond_01_20260507_16,Low,2,1.0,0,0,0,0,0,0,0,0,0,0
2026-05-07 16:00:00,26.6,7.89,3.19,6.68,0.0,0.0,Pond_02,Real_Data,Obs_Pond_02_20260507_16,Unknown,0,1.0,0,-1,0,0,0,0,0,0,0,0
2026-05-07 16:00:00,27.422917671428124,8.049045494431933,3.4836135416784604,6.43191367116734,,,Pond_03,Real_Data,Obs_Pond_03_20260507_16,Low,1,1.0,0,0,0,0,0,0,0,0,0,0
2026-05-07 16:00:00,27.401130568703778,7.90305077292389,3.7282238907090663,7.585930599512004,0.0,1.0,Pond_04,Mock_Data,Obs_Pond_04_20260507_16,Low,2,1.0,0,0,0,0,0,0,0,0,0,0
2026-05-07 16:00:00,27.401130568703778,7.90305077292389,3.7282238907090663,7.585930599512004,0.0,1.0,Pond_04,Mock_Data,Obs_Pond_04_20260507_16,Medium,2,1.0,0,1,0,0,0,0,0,0,0,1
2026-05-07 16:00:00,27.366002889979892,7.897125911605318,3.701880852446525,7.698839757651816,0.0,1.0,Pond_05,Mock_Data,Obs_Pond_05_20260507_16,Low,2,1.0,0,0,0,0,0,0,0,0,0,0
2026-05-07 20:00:00,27.42664835164835,7.880274725274725,3.695714285714285,7.67428571428571,1.0,1.0,Pond_01,Real_Data,Obs_Pond_01_20260507_20,Low,2,1.0,0,0,0,0,0,0,0,0,0,0
2026-05-07 20:00:00,26.6,7.89,3.19,6.68,0.0,0.0,Pond_02,Real_Data,Obs_Pond_02_20260507_20,Unknown,0,1.0,0,-1,0,0,0,0,0,0,0,0
2026-05-07 20:00:00,26.8570995152335,7.82619242854187,3.1856223905771675,6.62381594245538,,,Pond_03,Real_Data,Obs_Pond_03_20260507_20,Unknown,0,1.0,0,-1,0,0,0,0,0,0,0,0
2026-05-07 20:00:00,27.429526618707868,7.892786985289455,3.591094802812483,7.665158649387021,0.0,2.0,Pond_04,Mock_Data,Obs_Pond_04_20260507_20,Low,3,1.0,0,0,0,0,0,0,0,0,0,0
2026-05-07 20:00:00,27.429526618707868,7.892786985289455,3.591094802812483,7.665158649387021,0.0,2.0,Pond_04,Mock_Data,Obs_Pond_04_20260507_20,Medium,3,1.0,0,1,0,0,0,0,0,0,0,1
2026-05-07 20:00:00,27.345772153404504,7.903290662139077,3.7088687456504594,7.669794118100883,0.0,2.0,Pond_05,Mock_Data,Obs_Pond_05_20260507_20,Low,3,1.0,0,0,0,0,0,0,0,0,0,0
2026-05-07 20:00:00,27.345772153404504,7.903290662139077,3.7088687456504594,7.669794118100883,0.0,2.0,Pond_05,Mock_Data,Obs_Pond_05_20260507_20,Medium,3,1.0,0,1,0,0,0,0,0,0,0,1
2026-05-08 00:00:00,27.45,7.88,3.71,7.72,1.0,1.0,Pond_01,Real_Data,Obs_Pond_01_20260508_00,Low,2,1.0,0,0,0,0,0,0,0,0,0,0
2026-05-08 00:00:00,26.6,7.89,3.19,6.68,0.0,0.0,Pond_02,Real_Data,Obs_Pond_02_20260508_00,Unknown,0,1.0,0,-1,0,0,0,0,0,0,0,0
2026-05-08 00:00:00,27.43193715533375,7.9670211052940205,3.26783433768174,6.50713813462563,,,Pond_03,Real_Data,Obs_Pond_03_20260508_00,Unknown,0,1.0,0,-1,0,0,0,0,0,0,0,0
2026-05-08 00:00:00,27.365712315155182,7.877222912706399,3.6070820207602914,7.669954784318371,0.0,1.0,Pond_04,Mock_Data,Obs_Pond_04_20260508_00,Low,2,1.0,0,0,0,0,0,0,0,0,0,0
2026-05-08 00:00:00,27.47737548031444,7.890692826260419,3.6927479191955426,7.7254057265681855,0.0,1.0,Pond_05,Mock_Data,Obs_Pond_05_20260508_00,Low,2,1.0,0,0,0,0,0,0,0,0,0,0
2026-05-08 04:00:00,27.45,7.88,3.71,7.72,0.0,1.0,Pond_01,Real_Data,Obs_Pond_01_20260508_04,Low,2,1.0,0,0,0,0,0,0,0,0,0,0
2026-05-08 04:00:00,26.6,7.89,3.19,6.68,0.0,0.0,Pond_02,Real_Data,Obs_Pond_02_20260508_04,Unknown,0,1.0,0,-1,0,0,0,0,0,0,0,0
2026-05-08 04:00:00,26.967989811719676,7.95440091629428,3.4983593880097925,6.30728045391614,,,Pond_03,Real_Data,Obs_Pond_03_20260508_04,Low,1,1.0,0,0,0,0,0,0,0,0,0,0
2026-05-08 04:00:00,27.49625488203649,7.892433203593285,3.688619070442911,7.7005507146350105,0.0,1.0,Pond_04,Mock_Data,Obs_Pond_04_20260508_04,Low,2,1.0,0,0,0,0,0,0,0,0,0,0
2026-05-08 04:00:00,27.361133405334574,7.838349287171719,3.6848554668776514,7.702419377864337,0.0,2.0,Pond_05,Mock_Data,Obs_Pond_05_20260508_04,Low,3,1.0,0,0,0,0,0,0,0,0,0,0
2026-05-08 04:00:00,27.361133405334574,7.838349287171719,3.6848554668776514,7.702419377864337,0.0,2.0,Pond_05,Mock_Data,Obs_Pond_05_20260508_04,Medium,3,1.0,0,1,0,0,0,0,0,0,0,1
2026-05-08 08:00:00,27.45,7.88,3.71,7.72,0.0,1.0,Pond_01,Real_Data,Obs_Pond_01_20260508_08,Low,2,1.0,0,0,0,0,0,0,0,0,0,0
2026-05-08 08:00:00,26.6,7.89,3.19,6.68,0.0,0.0,Pond_02,Real_Data,Obs_Pond_02_20260508_08,Unknown,0,1.0,0,-1,0,0,0,0,0,0,0,0
2026-05-08 08:00:00,27.479487030440374,7.7686346211884825,3.1140987870630474,5.87057500881712,,,Pond_03,Real_Data,Obs_Pond_03_20260508_08,Unknown,0,1.0,0,-1,0,0,0,0,0,0,0,0
2026-05-08 08:00:00,27.490008913879027,7.864842926976603,3.7573126250299484,7.6004089196722715,0.0,2.0,Pond_04,Mock_Data,Obs_Pond_04_20260508_08,Medium,3,1.0,0,1,0,0,0,0,0,0,0,1
2026-05-08 08:00:00,27.398095252331785,15.641202507634153,3.7706077338362736,7.768809142405448,0.0,1.0,Pond_05,Mock_Data,Obs_Pond_05_20260508_08,Low,2,0.5,1,0,1,0,0,0,1,1,0,0
2026-05-08 08:00:00,27.398095252331785,15.641202507634153,3.7706077338362736,7.768809142405448,0.0,1.0,Pond_05,Mock_Data,Obs_Pond_05_20260508_08,Medium,2,0.5,1,1,1,0,0,0,1,1,0,1
2026-05-08 12:00:00,27.45,7.88,3.71,7.72,0.0,1.0,Pond_01,Real_Data,Obs_Pond_01_20260508_12,Low,2,1.0,0,0,0,0,0,0,0,0,0,0
2026-05-08 12:00:00,26.6,7.89,3.19,6.68,0.0,0.0,Pond_02,Real_Data,Obs_Pond_02_20260508_12,Unknown,0,1.0,0,-1,0,0,0,0,0,0,0,0
2026-05-08 12:00:00,27.354751764873775,7.616639797241108,3.2101885356375277,6.597522795809,,,Pond_03,Real_Data,Obs_Pond_03_20260508_12,Unknown,0,1.0,0,-1,0,0,0,0,0,0,0,0
2026-05-08 12:00:00,27.584084574729822,7.8983446823274415,3.642493478913871,7.7334705467469105,0.0,1.0,Pond_04,Mock_Data,Obs_Pond_04_20260508_12,Low,2,1.0,0,0,0,0,0,0,0,0,0,0
2026-05-08 12:00:00,27.31940912325578,7.85521951014907,3.7186553045518207,7.769460399036337,0.0,1.0,Pond_05,Mock_Data,Obs_Pond_05_20260508_12,Low,2,1.0,0,0,0,0,0,0,0,0,0,0
2026-05-08 12:00:00,27.31940912325578,7.85521951014907,3.7186553045518207,7.769460399036337,0.0,1.0,Pond_05,Mock_Data,Obs_Pond_05_20260508_12,Medium,2,1.0,0,1,0,0,0,0,0,0,0,1
2026-05-08 16:00:00,27.45,7.88,3.71,7.72,1.0,1.0,Pond_01,Real_Data,Obs_Pond_01_20260508_16,Low,2,1.0,0,0,0,0,0,0,0,0,0,0
2026-05-08 16:00:00,26.6,7.89,3.19,6.68,0.0,0.0,Pond_02,Real_Data,Obs_Pond_02_20260508_16,Unknown,0,1.0,0,-1,0,0,0,0,0,0,0,0
2026-05-08 16:00:00,27.04433003969165,7.852902385020838,3.0964100487399397,6.39553686606083,,,Pond_03,Real_Data,Obs_Pond_03_20260508_16,Unknown,0,1.0,0,-1,0,0,0,0,0,0,0,0
2026-05-08 16:00:00,27.430923044660357,7.915367895346741,3.580319004105511,7.720076131698487,0.0,1.0,Pond_04,Mock_Data,Obs_Pond_04_20260508_16,Low,2,1.0,0,0,0,0,0,0,0,0,0,0
2026-05-08 16:00:00,27.36173909579388,7.875655760671209,3.6193415281854153,7.741160330352818,0.0,1.0,Pond_05,Mock_Data,Obs_Pond_05_20260508_16,Low,2,1.0,0,0,0,0,0,0,0,0,0,0
2026-05-08 20:00:00,27.45,7.88,3.71,7.72,1.0,1.0,Pond_01,Real_Data,Obs_Pond_01_20260508_20,Low,2,1.0,0,0,0,0,0,0,0,0,0,0
2026-05-08 20:00:00,26.6,7.89,3.19,6.68,0.0,0.0,Pond_02,Real_Data,Obs_Pond_02_20260508_20,Unknown,0,1.0,0,-1,0,0,0,0,0,0,0,0
2026-05-08 20:00:00,27.081953041488326,7.651360689146973,3.2227439633815926,6.88542810259798,,,Pond_03,Real_Data,Obs_Pond_03_20260508_20,Unknown,0,1.0,0,-1,0,0,0,0,0,0,0,0
2026-05-08 20:00:00,27.463583549902907,7.902955853791795,3.7346277157135743,7.668396833939745,0.0,1.0,Pond_04,Mock_Data,Obs_Pond_04_20260508_20,Low,2,1.0,0,0,0,0,0,0,0,0,0,0
2026-05-08 20:00:00,27.463583549902907,7.902955853791795,3.7346277157135743,7.668396833939745,0.0,1.0,Pond_04,Mock_Data,Obs_Pond_04_20260508_20,Medium,2,1.0,0,1,0,0,0,0,0,0,0,1
2026-05-08 20:00:00,27.461065736984622,7.901013088046196,3.680958786697103,7.755669210062406,0.0,1.0,Pond_05,Mock_Data,Obs_Pond_05_20260508_20,Low,2,1.0,0,0,0,0,0,0,0,0,0,0
2026-05-09 00:00:00,27.45,7.88,3.71,7.72,0.0,1.0,Pond_01,Real_Data,Obs_Pond_01_20260509_00,Low,2,1.0,0,0,0,0,0,0,0,0,0,0
2026-05-09 00:00:00,27.45,7.880000000000001,3.71,7.72,0.0,1.0,Pond_02,Real_Data,Obs_Pond_02_20260509_00,Low,2,1.0,0,0,0,0,0,0,0,0,0,0
2026-05-09 00:00:00,27.496589787672576,7.843127760562762,3.2617233771122076,6.47553627311269,,,Pond_03,Real_Data,Obs_Pond_03_20260509_00,Unknown,0,1.0,0,-1,0,0,0,0,0,0,0,0
2026-05-09 00:00:00,27.465457497822456,7.864355985034038,3.720505842422838,7.7616346065886965,0.0,1.0,Pond_04,Mock_Data,Obs_Pond_04_20260509_00,Low,2,1.0,0,0,0,0,0,0,0,0,0,0
2026-05-09 00:00:00,27.465457497822456,7.864355985034038,3.720505842422838,7.7616346065886965,0.0,1.0,Pond_04,Mock_Data,Obs_Pond_04_20260509_00,Medium,2,1.0,0,1,0,0,0,0,0,0,0,1
2026-05-09 00:00:00,27.328232564860443,7.886542993535321,3.6729960390357776,7.706605494140506,0.0,1.0,Pond_05,Mock_Data,Obs_Pond_05_20260509_00,Low,2,1.0,0,0,0,0,0,0,0,0,0,0
2026-05-09 04:00:00,27.45,7.88,3.71,7.72,1.0,1.0,Pond_01,Real_Data,Obs_Pond_01_20260509_04,Low,2,1.0,0,0,0,0,0,0,0,0,0,0
2026-05-09 04:00:00,27.45,7.879999999999999,3.7100000000000004,7.72,0.0,1.0,Pond_02,Real_Data,Obs_Pond_02_20260509_04,Low,2,1.0,0,0,0,0,0,0,0,0,0,0
2026-05-09 04:00:00,27.3198935855033,7.82839415452454,3.4127710250242176,6.39892529761666,,,Pond_03,Real_Data,Obs_Pond_03_20260509_04,Low,1,1.0,0,0,0,0,0,0,0,0,0,0
2026-05-09 04:00:00,27.547774963759263,7.887749450083236,3.6629931534315494,7.779212165810983,0.0,1.0,Pond_04,Mock_Data,Obs_Pond_04_20260509_04,Low,2,1.0,0,0,0,0,0,0,0,0,0,0
2026-05-09 04:00:00,27.358194447718418,7.904617173652039,3.686446569018252,7.754242786816553,0.0,2.0,Pond_05,Mock_Data,Obs_Pond_05_20260509_04,Low,3,1.0,0,0,0,0,0,0,0,0,0,0
2026-05-09 04:00:00,27.358194447718418,7.904617173652039,3.686446569018252,7.754242786816553,0.0,2.0,Pond_05,Mock_Data,Obs_Pond_05_20260509_04,Medium,3,1.0,0,1,0,0,0,0,0,0,0,1
2026-05-09 08:00:00,27.45,7.88,3.71,7.72,1.0,1.0,Pond_01,Real_Data,Obs_Pond_01_20260509_08,Low,2,1.0,0,0,0,0,0,0,0,0,0,0
2026-05-09 08:00:00,27.45,7.88,3.71,7.72,0.0,1.0,Pond_02,Real_Data,Obs_Pond_02_20260509_08,Low,2,1.0,0,0,0,0,0,0,0,0,0,0
2026-05-09 08:00:00,27.34405822078615,7.73290421618395,3.3350668617293775,6.59780984377464,,,Pond_03,Real_Data,Obs_Pond_03_20260509_08,Low,1,1.0,0,0,0,0,0,0,0,0,0,0
2026-05-09 08:00:00,27.44409331652158,7.852272673817828,3.667506190092383,7.618474687471316,0.0,1.0,Pond_04,Mock_Data,Obs_Pond_04_20260509_08,Low,2,1.0,0,0,0,0,0,0,0,0,0,0
2026-05-09 08:00:00,27.44985316795622,7.887327830800422,3.7342711896869774,7.69866135656171,0.0,1.0,Pond_05,Mock_Data,Obs_Pond_05_20260509_08,Low,2,1.0,0,0,0,0,0,0,0,0,0,0
2026-05-09 08:00:00,27.44985316795622,7.887327830800422,3.7342711896869774,7.69866135656171,0.0,1.0,Pond_05,Mock_Data,Obs_Pond_05_20260509_08,Medium,2,1.0,0,1,0,0,0,0,0,0,0,1
2026-05-09 12:00:00,27.45,7.88,3.71,7.72,0.0,1.0,Pond_01,Real_Data,Obs_Pond_01_20260509_12,Low,2,1.0,0,0,0,0,0,0,0,0,0,0
2026-05-09 12:00:00,27.45,7.88,3.71,7.72,0.0,1.0,Pond_02,Real_Data,Obs_Pond_02_20260509_12,Low,2,1.0,0,0,0,0,0,0,0,0,0,0
2026-05-09 12:00:00,27.239641560534825,7.64393794767426,3.534221264488885,6.71229811616909,,,Pond_03,Real_Data,Obs_Pond_03_20260509_12,Low,1,1.0,0,0,0,0,0,0,0,0,0,0
2026-05-09 12:00:00,27.467294534120427,7.892273097974528,3.6681872658885375,7.671830178624357,0.0,1.0,Pond_04,Mock_Data,Obs_Pond_04_20260509_12,Low,2,1.0,0,0,0,0,0,0,0,0,0,0
2026-05-09 12:00:00,27.416305725027396,7.852161510861882,3.705367266440464,7.72014093791622,0.0,1.0,Pond_05,Mock_Data,Obs_Pond_05_20260509_12,Low,2,1.0,0,0,0,0,0,0,0,0,0,0
2026-05-09 16:00:00,27.45,7.88,3.71,7.72,1.0,1.0,Pond_01,Real_Data,Obs_Pond_01_20260509_16,Low,2,1.0,0,0,0,0,0,0,0,0,0,0
2026-05-09 16:00:00,27.449999999999996,7.88,3.71,7.72,0.0,1.0,Pond_02,Real_Data,Obs_Pond_02_20260509_16,Low,2,1.0,0,0,0,0,0,0,0,0,0,0
2026-05-09 16:00:00,27.488500398500125,7.8847210490470125,3.4921249680682527,6.72716232098923,,,Pond_03,Real_Data,Obs_Pond_03_20260509_16,Low,1,1.0,0,0,0,0,0,0,0,0,0,0
2026-05-09 16:00:00,27.487679124934736,7.889661763530483,3.7147659848121575,7.6714248774356815,0.0,2.0,Pond_04,Mock_Data,Obs_Pond_04_20260509_16,Medium,3,1.0,0,1,0,0,0,0,0,0,0,1
2026-05-09 16:00:00,27.573471999067543,7.825948417213918,3.7066857709306698,7.702654896339174,0.0,1.0,Pond_05,Mock_Data,Obs_Pond_05_20260509_16,Low,2,1.0,0,0,0,0,0,0,0,0,0,0
2026-05-09 20:00:00,27.45,7.88,3.71,7.72,0.0,1.0,Pond_01,Real_Data,Obs_Pond_01_20260509_20,Low,2,1.0,0,0,0,0,0,0,0,0,0,0
2026-05-09 20:00:00,27.45,7.88,3.71,7.72,0.0,1.0,Pond_02,Real_Data,Obs_Pond_02_20260509_20,Low,2,1.0,0,0,0,0,0,0,0,0,0,0
2026-05-09 20:00:00,27.6147470463912,7.940313146489838,3.4195035111911203,6.46024437713488,,,Pond_03,Real_Data,Obs_Pond_03_20260509_20,Low,1,1.0,0,0,0,0,0,0,0,0,0,0
2026-05-09 20:00:00,27.461566555084595,7.839907708636234,3.6829949742568555,7.660640496069977,0.0,1.0,Pond_04,Mock_Data,Obs_Pond_04_20260509_20,Low,2,1.0,0,0,0,0,0,0,0,0,0,0
2026-05-09 20:00:00,27.563670034241937,7.883190732749844,3.7666334207121484,7.691124400324269,0.0,1.0,Pond_05,Mock_Data,Obs_Pond_05_20260509_20,Low,2,1.0,0,0,0,0,0,0,0,0,0,0
2026-05-09 20:00:00,27.563670034241937,7.883190732749844,3.7666334207121484,7.691124400324269,0.0,1.0,Pond_05,Mock_Data,Obs_Pond_05_20260509_20,Medium,2,1.0,0,1,0,0,0,0,0,0,0,1
2026-05-10 00:00:00,27.45,7.88,3.71,7.72,0.0,1.0,Pond_01,Real_Data,Obs_Pond_01_20260510_00,Low,2,1.0,0,0,0,0,0,0,0,0,0,0
2026-05-10 00:00:00,27.449999999999996,7.88,3.71,7.72,0.0,1.0,Pond_02,Real_Data,Obs_Pond_02_20260510_00,Low,2,1.0,0,0,0,0,0,0,0,0,0,0
2026-05-10 00:00:00,27.252798655149725,7.782275968831245,3.2469767941217227,5.46893178078418,,,Pond_03,Real_Data,Obs_Pond_03_20260510_00,Unknown,0,1.0,0,-1,0,0,0,0,0,0,0,0
2026-05-10 00:00:00,27.422328796647378,7.8550892237985765,3.7313027038586783,7.772385416200259,0.0,1.0,Pond_04,Mock_Data,Obs_Pond_04_20260510_00,Low,2,1.0,0,0,0,0,0,0,0,0,0,0
2026-05-10 00:00:00,27.422328796647378,7.8550892237985765,3.7313027038586783,7.772385416200259,0.0,1.0,Pond_04,Mock_Data,Obs_Pond_04_20260510_00,Medium,2,1.0,0,1,0,0,0,0,0,0,0,1
2026-05-10 00:00:00,27.396203739641614,7.875413024243056,3.679970475934404,7.676479200444351,0.0,1.0,Pond_05,Mock_Data,Obs_Pond_05_20260510_00,Low,2,1.0,0,0,0,0,0,0,0,0,0,0
2026-05-10 04:00:00,27.45,7.88,3.71,7.72,1.0,1.0,Pond_01,Real_Data,Obs_Pond_01_20260510_04,Low,2,1.0,0,0,0,0,0,0,0,0,0,0
2026-05-10 04:00:00,27.45,7.88,3.7099999999999995,7.72,0.0,1.0,Pond_02,Real_Data,Obs_Pond_02_20260510_04,Low,2,1.0,0,0,0,0,0,0,0,0,0,0
2026-05-10 04:00:00,27.454641530919176,7.92143734121007,3.146965282802785,5.01689120025958,,,Pond_03,Real_Data,Obs_Pond_03_20260510_04,Unknown,0,1.0,0,-1,0,0,0,0,0,0,0,0
2026-05-10 04:00:00,27.462030240302592,7.8739289828072065,3.5869161962827887,7.7077589259651855,0.0,1.0,Pond_04,Mock_Data,Obs_Pond_04_20260510_04,Low,2,1.0,0,0,0,0,0,0,0,0,0,0
2026-05-10 04:00:00,27.484532946964038,7.859052491733125,3.7903792564245804,7.749536930482825,0.0,2.0,Pond_05,Mock_Data,Obs_Pond_05_20260510_04,Medium,3,1.0,0,1,0,0,0,0,0,0,0,1
2026-05-10 08:00:00,27.45,7.88,3.71,7.72,0.0,1.0,Pond_01,Real_Data,Obs_Pond_01_20260510_08,Low,2,1.0,0,0,0,0,0,0,0,0,0,0
2026-05-10 08:00:00,27.45,7.879999999999999,3.7100000000000004,7.72,0.0,1.0,Pond_02,Real_Data,Obs_Pond_02_20260510_08,Low,2,1.0,0,0,0,0,0,0,0,0,0,0
2026-05-10 08:00:00,27.2842250275132,7.813421583566718,3.35825851160752,5.92492724467049,,,Pond_03,Real_Data,Obs_Pond_03_20260510_08,Low,1,1.0,0,0,0,0,0,0,0,0,0,0
2026-05-10 08:00:00,27.516546696995725,7.87354901527654,3.6730548582227516,7.703294586703882,0.0,1.0,Pond_04,Mock_Data,Obs_Pond_04_20260510_08,Low,2,1.0,0,0,0,0,0,0,0,0,0,0
2026-05-10 08:00:00,27.496442627356494,7.843535432998065,3.68105502695539,7.802771209862569,0.0,1.0,Pond_05,Mock_Data,Obs_Pond_05_20260510_08,Low,2,1.0,0,0,0,0,0,0,0,0,0,0
2026-05-10 12:00:00,27.45,7.88,3.71,7.72,1.0,1.0,Pond_01,Real_Data,Obs_Pond_01_20260510_12,Low,2,1.0,0,0,0,0,0,0,0,0,0,0
2026-05-10 12:00:00,27.45,7.88,3.7099999999999995,7.72,0.0,1.0,Pond_02,Real_Data,Obs_Pond_02_20260510_12,Low,2,1.0,0,0,0,0,0,0,0,0,0,0
2026-05-10 12:00:00,27.6753786950788,7.702143593558837,3.077683334540165,6.6510502331278,,,Pond_03,Real_Data,Obs_Pond_03_20260510_12,Unknown,0,1.0,0,-1,0,0,0,0,0,0,0,0
2026-05-10 12:00:00,27.386373712308426,7.854066596452624,3.661447589801901,7.593446235303516,0.0,1.0,Pond_04,Mock_Data,Obs_Pond_04_20260510_12,Low,2,1.0,0,0,0,0,0,0,0,0,0,0
2026-05-10 12:00:00,27.412966590237765,7.864245758062276,3.7138459856997974,7.793960849802244,0.0,1.0,Pond_05,Mock_Data,Obs_Pond_05_20260510_12,Low,2,1.0,0,0,0,0,0,0,0,0,0,0
2026-05-10 12:00:00,27.412966590237765,7.864245758062276,3.7138459856997974,7.793960849802244,0.0,1.0,Pond_05,Mock_Data,Obs_Pond_05_20260510_12,Medium,2,1.0,0,1,0,0,0,0,0,0,0,1
2026-05-10 16:00:00,27.45,7.88,3.71,7.72,1.0,1.0,Pond_01,Real_Data,Obs_Pond_01_20260510_16,Low,2,1.0,0,0,0,0,0,0,0,0,0,0
2026-05-10 16:00:00,27.45,7.88,3.7099999999999995,7.72,0.0,1.0,Pond_02,Real_Data,Obs_Pond_02_20260510_16,Low,2,1.0,0,0,0,0,0,0,0,0,0,0
2026-05-10 16:00:00,27.67447560804685,8.015065429746048,3.45627015802201,5.96817883329611,,,Pond_03,Real_Data,Obs_Pond_03_20260510_16,Low,1,1.0,0,0,0,0,0,0,0,0,0,0
2026-05-10 16:00:00,27.45824183209581,7.888340417302908,3.698947281214898,7.760129774034061,0.0,2.0,Pond_04,Mock_Data,Obs_Pond_04_20260510_16,Low,3,1.0,0,0,0,0,0,0,0,0,0,0
2026-05-10 16:00:00,27.45824183209581,7.888340417302908,3.698947281214898,7.760129774034061,0.0,2.0,Pond_04,Mock_Data,Obs_Pond_04_20260510_16,Medium,3,1.0,0,1,0,0,0,0,0,0,0,1
2026-05-10 16:00:00,27.35730215505748,7.875829745887812,3.6978752592796447,7.640641718375665,0.0,1.0,Pond_05,Mock_Data,Obs_Pond_05_20260510_16,Low,2,1.0,0,0,0,0,0,0,0,0,0,0
2026-05-10 20:00:00,27.45,7.88,3.71,7.72,0.0,1.0,Pond_01,Real_Data,Obs_Pond_01_20260510_20,Low,2,1.0,0,0,0,0,0,0,0,0,0,0
2026-05-10 20:00:00,27.45,7.88,3.71,7.72,0.0,1.0,Pond_02,Real_Data,Obs_Pond_02_20260510_20,Low,2,1.0,0,0,0,0,0,0,0,0,0,0
2026-05-10 20:00:00,27.724900992901702,7.750447968676188,3.1275163784099527,6.0578648222618,,,Pond_03,Real_Data,Obs_Pond_03_20260510_20,Unknown,0,1.0,0,-1,0,0,0,0,0,0,0,0
2026-05-10 20:00:00,27.40660455483154,7.885392055351524,3.6868008315913694,7.641734736833156,0.0,1.0,Pond_04,Mock_Data,Obs_Pond_04_20260510_20,Low,2,1.0,0,0,0,0,0,0,0,0,0,0
2026-05-10 20:00:00,27.44923770773384,7.894277641689336,3.715321500215837,7.801419513890634,0.0,2.0,Pond_05,Mock_Data,Obs_Pond_05_20260510_20,Medium,3,1.0,0,1,0,0,0,0,0,0,0,1
2026-05-11 00:00:00,27.45,7.88,3.71,7.72,1.0,1.0,Pond_01,Real_Data,Obs_Pond_01_20260511_00,Low,2,1.0,0,0,0,0,0,0,0,0,0,0
2026-05-11 00:00:00,27.45,7.880000000000001,3.71,7.72,0.0,1.0,Pond_02,Real_Data,Obs_Pond_02_20260511_00,Low,2,1.0,0,0,0,0,0,0,0,0,0,0
2026-05-11 00:00:00,27.370690325989877,7.70506552164696,3.095582071733585,6.03485378633292,,,Pond_03,Real_Data,Obs_Pond_03_20260511_00,Unknown,0,1.0,0,-1,0,0,0,0,0,0,0,0
2026-05-11 00:00:00,27.524072330593064,7.875834513541465,3.7444008722674,7.723785040391539,0.0,1.0,Pond_04,Mock_Data,Obs_Pond_04_20260511_00,Low,2,1.0,0,0,0,0,0,0,0,0,0,0
2026-05-11 00:00:00,27.524072330593064,7.875834513541465,3.7444008722674,7.723785040391539,0.0,1.0,Pond_04,Mock_Data,Obs_Pond_04_20260511_00,Medium,2,1.0,0,1,0,0,0,0,0,0,0,1
2026-05-11 00:00:00,27.439286541916836,7.884044596318148,3.72916960790948,7.699906725698767,0.0,2.0,Pond_05,Mock_Data,Obs_Pond_05_20260511_00,Medium,3,1.0,0,1,0,0,0,0,0,0,0,1
2026-05-11 04:00:00,27.45,7.88,3.71,7.72,1.0,1.0,Pond_01,Real_Data,Obs_Pond_01_20260511_04,Low,2,1.0,0,0,0,0,0,0,0,0,0,0
2026-05-11 04:00:00,27.45,7.88,3.71,7.72,0.0,1.0,Pond_02,Real_Data,Obs_Pond_02_20260511_04,Low,2,1.0,0,0,0,0,0,0,0,0,0,0
2026-05-11 04:00:00,27.414682063249625,8.03952278673968,3.34936353695588,6.12412664975702,,,Pond_03,Real_Data,Obs_Pond_03_20260511_04,Low,1,1.0,0,0,0,0,0,0,0,0,0,0
2026-05-11 04:00:00,27.355588617853613,7.863794444195419,3.6298304124244547,7.73751771796412,0.0,1.0,Pond_04,Mock_Data,Obs_Pond_04_20260511_04,Low,2,1.0,0,0,0,0,0,0,0,0,0,0
2026-05-11 04:00:00,27.42299009837853,7.914479910803597,3.7287058056419817,7.757939244727844,0.0,1.0,Pond_05,Mock_Data,Obs_Pond_05_20260511_04,Low,2,1.0,0,0,0,0,0,0,0,0,0,0
2026-05-11 04:00:00,27.42299009837853,7.914479910803597,3.7287058056419817,7.757939244727844,0.0,1.0,Pond_05,Mock_Data,Obs_Pond_05_20260511_04,Medium,2,1.0,0,1,0,0,0,0,0,0,0,1
2026-05-11 08:00:00,27.45,7.88,3.71,7.72,1.0,1.0,Pond_01,Real_Data,Obs_Pond_01_20260511_08,Low,2,1.0,0,0,0,0,0,0,0,0,0,0
2026-05-11 08:00:00,27.45,7.88,3.71,7.72,0.0,1.0,Pond_02,Real_Data,Obs_Pond_02_20260511_08,Low,2,1.0,0,0,0,0,0,0,0,0,0,0
2026-05-11 08:00:00,27.4492309911576,7.87010982404815,3.1984175581932974,6.19355009685043,,,Pond_03,Real_Data,Obs_Pond_03_20260511_08,Unknown,0,1.0,0,-1,0,0,0,0,0,0,0,0
2026-05-11 08:00:00,27.415356461543233,7.902486204007646,3.7119614697838643,7.805932282989401,0.0,1.0,Pond_04,Mock_Data,Obs_Pond_04_20260511_08,Low,2,1.0,0,0,0,0,0,0,0,0,0,0
2026-05-11 08:00:00,27.415356461543233,7.902486204007646,3.7119614697838643,7.805932282989401,0.0,1.0,Pond_04,Mock_Data,Obs_Pond_04_20260511_08,Medium,2,1.0,0,1,0,0,0,0,0,0,0,1
2026-05-11 08:00:00,27.47741603590401,7.857794749850748,3.677527611612854,7.662768044386022,0.0,2.0,Pond_05,Mock_Data,Obs_Pond_05_20260511_08,Low,3,1.0,0,0,0,0,0,0,0,0,0,0
2026-05-11 08:00:00,27.47741603590401,7.857794749850748,3.677527611612854,7.662768044386022,0.0,2.0,Pond_05,Mock_Data,Obs_Pond_05_20260511_08,Medium,3,1.0,0,1,0,0,0,0,0,0,0,1
2026-05-11 12:00:00,27.45,7.88,3.71,7.72,1.0,1.0,Pond_01,Real_Data,Obs_Pond_01_20260511_12,Low,2,1.0,0,0,0,0,0,0,0,0,0,0
2026-05-11 12:00:00,27.45,7.88,3.71,7.72,0.0,1.0,Pond_02,Real_Data,Obs_Pond_02_20260511_12,Low,2,1.0,0,0,0,0,0,0,0,0,0,0
2026-05-11 12:00:00,26.9567682854195,7.809961361689314,3.339182547437575,6.57721288270683,,,Pond_03,Real_Data,Obs_Pond_03_20260511_12,Low,1,1.0,0,0,0,0,0,0,0,0,0,0
2026-05-11 12:00:00,27.47338064644268,7.915494964345104,3.7340739609195825,7.637341554109623,0.0,2.0,Pond_04,Mock_Data,Obs_Pond_04_20260511_12,Medium,3,1.0,0,1,0,0,0,0,0,0,0,1
2026-05-11 12:00:00,27.403467680431724,7.898891518413964,3.6615829472392334,7.728966729916781,0.0,1.0,Pond_05,Mock_Data,Obs_Pond_05_20260511_12,Low,2,1.0,0,0,0,0,0,0,0,0,0,0
2026-05-11 16:00:00,27.45,7.88,3.71,7.72,1.0,1.0,Pond_01,Real_Data,Obs_Pond_01_20260511_16,Low,2,1.0,0,0,0,0,0,0,0,0,0,0
2026-05-11 16:00:00,27.449999999999996,7.88,3.71,7.72,0.0,1.0,Pond_02,Real_Data,Obs_Pond_02_20260511_16,Low,2,1.0,0,0,0,0,0,0,0,0,0,0
2026-05-11 16:00:00,27.1504345784098,7.7414773895766,3.727583981775945,6.30508377533722,,,Pond_03,Real_Data,Obs_Pond_03_20260511_16,Medium,1,1.0,0,1,0,0,0,0,0,0,0,1
2026-05-11 16:00:00,27.54703555546545,7.869631554986025,3.7900536306983654,7.5293029553059885,0.0,1.0,Pond_04,Mock_Data,Obs_Pond_04_20260511_16,Low,2,1.0,0,0,0,0,0,0,0,0,0,0
2026-05-11 16:00:00,27.54703555546545,7.869631554986025,3.7900536306983654,7.5293029553059885,0.0,1.0,Pond_04,Mock_Data,Obs_Pond_04_20260511_16,Medium,2,1.0,0,1,0,0,0,0,0,0,0,1
2026-05-11 16:00:00,27.3785959718045,7.881014171793542,3.8179300173945783,7.739813162108027,0.0,2.0,Pond_05,Mock_Data,Obs_Pond_05_20260511_16,Medium,3,1.0,0,1,0,0,0,0,0,0,0,1
2026-05-11 20:00:00,27.45,7.88,3.71,7.72,0.0,1.0,Pond_01,Real_Data,Obs_Pond_01_20260511_20,Low,2,1.0,0,0,0,0,0,0,0,0,0,0
2026-05-11 20:00:00,27.45,7.88,3.71,7.72,0.0,1.0,Pond_02,Real_Data,Obs_Pond_02_20260511_20,Low,2,1.0,0,0,0,0,0,0,0,0,0,0
2026-05-11 20:00:00,28.0894834722648,7.689564361490103,3.401934615248855,5.99817188438551,,,Pond_03,Real_Data,Obs_Pond_03_20260511_20,Low,1,1.0,0,0,0,0,0,0,0,0,0,0
2026-05-11 20:00:00,27.445924615025977,7.866874018647216,3.6892275504904837,7.731611003050702,0.0,2.0,Pond_04,Mock_Data,Obs_Pond_04_20260511_20,Low,3,1.0,0,0,0,0,0,0,0,0,0,0
2026-05-11 20:00:00,27.445924615025977,7.866874018647216,3.6892275504904837,7.731611003050702,0.0,2.0,Pond_04,Mock_Data,Obs_Pond_04_20260511_20,Medium,3,1.0,0,1,0,0,0,0,0,0,0,1
2026-05-11 20:00:00,27.456761267423595,7.894894979970355,3.689131900422667,7.626239905074771,0.0,1.0,Pond_05,Mock_Data,Obs_Pond_05_20260511_20,Low,2,1.0,0,0,0,0,0,0,0,0,0,0
2026-05-12 00:00:00,27.45,7.88,3.71,7.72,1.0,1.0,Pond_01,Real_Data,Obs_Pond_01_20260512_00,Low,2,1.0,0,0,0,0,0,0,0,0,0,0
2026-05-12 00:00:00,27.449999999999996,7.88,3.71,7.72,0.0,1.0,Pond_02,Real_Data,Obs_Pond_02_20260512_00,Low,2,1.0,0,0,0,0,0,0,0,0,0,0
2026-05-12 00:00:00,27.1911524401694,7.920021851699568,3.409836362525155,6.9206000331413,,,Pond_03,Real_Data,Obs_Pond_03_20260512_00,Low,1,1.0,0,0,0,0,0,0,0,0,0,0
2026-05-12 00:00:00,27.41558718137774,7.890532393169021,3.723989780061766,7.833711137274526,0.0,1.0,Pond_04,Mock_Data,Obs_Pond_04_20260512_00,Low,2,1.0,0,0,0,0,0,0,0,0,0,0
2026-05-12 00:00:00,27.41558718137774,7.890532393169021,3.723989780061766,7.833711137274526,0.0,1.0,Pond_04,Mock_Data,Obs_Pond_04_20260512_00,Medium,2,1.0,0,1,0,0,0,0,0,0,0,1
2026-05-12 00:00:00,27.47392350524558,7.870640320809778,3.7401481548100493,7.758415063434214,0.0,1.0,Pond_05,Mock_Data,Obs_Pond_05_20260512_00,Low,2,1.0,0,0,0,0,0,0,0,0,0,0
2026-05-12 00:00:00,27.47392350524558,7.870640320809778,3.7401481548100493,7.758415063434214,0.0,1.0,Pond_05,Mock_Data,Obs_Pond_05_20260512_00,Medium,2,1.0,0,1,0,0,0,0,0,0,0,1
2026-05-12 04:00:00,27.45,7.88,3.71,7.72,1.0,1.0,Pond_01,Real_Data,Obs_Pond_01_20260512_04,Low,2,1.0,0,0,0,0,0,0,0,0,0,0
2026-05-12 04:00:00,27.45,7.88,3.71,7.72,0.0,1.0,Pond_02,Real_Data,Obs_Pond_02_20260512_04,Low,2,1.0,0,0,0,0,0,0,0,0,0,0
2026-05-12 04:00:00,27.52910217346665,7.8820699215722705,3.3453349213282526,6.52898098797352,,,Pond_03,Real_Data,Obs_Pond_03_20260512_04,Low,1,1.0,0,0,0,0,0,0,0,0,0,0
2026-05-12 04:00:00,27.566599373591345,7.87232319351044,3.63222230080811,7.798245556185134,0.0,1.0,Pond_04,Mock_Data,Obs_Pond_04_20260512_04,Low,2,1.0,0,0,0,0,0,0,0,0,0,0
2026-05-12 04:00:00,27.377068257283284,7.902978792563981,3.6406828419689763,7.805002415986368,0.0,1.0,Pond_05,Mock_Data,Obs_Pond_05_20260512_04,Low,2,1.0,0,0,0,0,0,0,0,0,0,0
2026-05-12 08:00:00,27.45,7.88,3.71,7.72,1.0,1.0,Pond_01,Real_Data,Obs_Pond_01_20260512_08,Low,2,1.0,0,0,0,0,0,0,0,0,0,0
2026-05-12 08:00:00,27.45,7.88,3.71,7.72,0.0,1.0,Pond_02,Real_Data,Obs_Pond_02_20260512_08,Low,2,1.0,0,0,0,0,0,0,0,0,0,0
2026-05-12 08:00:00,26.777096479650424,7.757459744900208,3.16714592261607,5.6565868909824,,,Pond_03,Real_Data,Obs_Pond_03_20260512_08,Unknown,0,1.0,0,-1,0,0,0,0,0,0,0,0
2026-05-12 08:00:00,27.360248050796574,15.807327784687372,3.606865298787518,7.733241023324934,0.0,1.0,Pond_04,Mock_Data,Obs_Pond_04_20260512_08,Low,2,0.5,1,0,1,0,0,0,1,1,0,0
2026-05-12 08:00:00,27.50752565037525,7.886330160229713,3.6979438535410556,7.708970123190541,0.0,1.0,Pond_05,Mock_Data,Obs_Pond_05_20260512_08,Low,2,1.0,0,0,0,0,0,0,0,0,0,0
2026-05-12 12:00:00,27.45,7.88,3.71,7.72,1.0,1.0,Pond_01,Real_Data,Obs_Pond_01_20260512_12,Low,2,1.0,0,0,0,0,0,0,0,0,0,0
2026-05-12 12:00:00,27.45,7.88,3.71,7.72,0.0,1.0,Pond_02,Real_Data,Obs_Pond_02_20260512_12,Low,2,1.0,0,0,0,0,0,0,0,0,0,0
2026-05-12 12:00:00,27.1196541656502,7.76253480814513,3.1784645231131075,6.4815814632503,,,Pond_03,Real_Data,Obs_Pond_03_20260512_12,Unknown,0,1.0,0,-1,0,0,0,0,0,0,0,0
2026-05-12 12:00:00,27.313711860452425,7.895859520018149,3.7464243930056527,7.68895075666977,0.0,1.0,Pond_04,Mock_Data,Obs_Pond_04_20260512_12,Low,2,1.0,0,0,0,0,0,0,0,0,0,0
2026-05-12 12:00:00,27.313711860452425,7.895859520018149,3.7464243930056527,7.68895075666977,0.0,1.0,Pond_04,Mock_Data,Obs_Pond_04_20260512_12,Medium,2,1.0,0,1,0,0,0,0,0,0,0,1
2026-05-12 12:00:00,27.34026063002736,7.865431453493562,3.7045155055774908,7.805901307711533,0.0,1.0,Pond_05,Mock_Data,Obs_Pond_05_20260512_12,Low,2,1.0,0,0,0,0,0,0,0,0,0,0
2026-05-12 16:00:00,27.45,7.88,3.71,7.72,0.0,1.0,Pond_01,Real_Data,Obs_Pond_01_20260512_16,Low,2,1.0,0,0,0,0,0,0,0,0,0,0
2026-05-12 16:00:00,27.45,7.88,3.71,7.72,0.0,1.0,Pond_02,Real_Data,Obs_Pond_02_20260512_16,Low,2,1.0,0,0,0,0,0,0,0,0,0,0
2026-05-12 16:00:00,26.9496239260996,7.7699657984754,2.89809178210713,6.02474496448158,,,Pond_03,Real_Data,Obs_Pond_03_20260512_16,Unknown,0,1.0,0,-1,0,0,0,0,0,0,0,0
2026-05-12 16:00:00,27.477273325593494,7.839059903927957,3.7097602551321747,7.770973761966078,0.0,1.0,Pond_04,Mock_Data,Obs_Pond_04_20260512_16,Low,2,1.0,0,0,0,0,0,0,0,0,0,0
2026-05-12 16:00:00,27.414166911819322,7.879742182769312,3.7303865107888843,7.708019922844382,0.0,1.0,Pond_05,Mock_Data,Obs_Pond_05_20260512_16,Low,2,1.0,0,0,0,0,0,0,0,0,0,0
2026-05-12 16:00:00,27.414166911819322,7.879742182769312,3.7303865107888843,7.708019922844382,0.0,1.0,Pond_05,Mock_Data,Obs_Pond_05_20260512_16,Medium,2,1.0,0,1,0,0,0,0,0,0,0,1
2026-05-12 20:00:00,27.45,7.88,3.71,7.72,1.0,1.0,Pond_01,Real_Data,Obs_Pond_01_20260512_20,Low,2,1.0,0,0,0,0,0,0,0,0,0,0
2026-05-12 20:00:00,27.45,7.88,3.7100000000000004,7.72,0.0,1.0,Pond_02,Real_Data,Obs_Pond_02_20260512_20,Low,2,1.0,0,0,0,0,0,0,0,0,0,0
2026-05-12 20:00:00,27.344450636305,7.914257841565083,3.4293386881690275,5.70918723513245,,,Pond_03,Real_Data,Obs_Pond_03_20260512_20,Low,1,1.0,0,0,0,0,0,0,0,0,0,0
2026-05-12 20:00:00,27.418881275774694,7.908266819471022,3.7608142891238208,7.658515768913585,0.0,1.0,Pond_04,Mock_Data,Obs_Pond_04_20260512_20,Low,2,1.0,0,0,0,0,0,0,0,0,0,0
2026-05-12 20:00:00,27.418881275774694,7.908266819471022,3.7608142891238208,7.658515768913585,0.0,1.0,Pond_04,Mock_Data,Obs_Pond_04_20260512_20,Medium,2,1.0,0,1,0,0,0,0,0,0,0,1
2026-05-12 20:00:00,27.434007909711223,7.874863483064435,3.592615119001926,7.773655441981254,0.0,1.0,Pond_05,Mock_Data,Obs_Pond_05_20260512_20,Low,2,1.0,0,0,0,0,0,0,0,0,0,0
2026-05-13 00:00:00,27.45,7.88,3.71,7.72,1.0,1.0,Pond_01,Real_Data,Obs_Pond_01_20260513_00,Low,2,1.0,0,0,0,0,0,0,0,0,0,0
2026-05-13 00:00:00,27.45,7.879999999999999,3.71,7.72,0.0,1.0,Pond_02,Real_Data,Obs_Pond_02_20260513_00,Low,2,1.0,0,0,0,0,0,0,0,0,0,0
2026-05-13 00:00:00,26.823713996018025,7.78125087592495,3.5803451416248624,6.26973742274642,,,Pond_03,Real_Data,Obs_Pond_03_20260513_00,Low,1,1.0,0,0,0,0,0,0,0,0,0,0
2026-05-13 00:00:00,27.386701135326366,7.881558403729969,3.650782571042543,7.750084336192569,0.0,1.0,Pond_04,Mock_Data,Obs_Pond_04_20260513_00,Low,2,1.0,0,0,0,0,0,0,0,0,0,0
2026-05-13 00:00:00,27.41056507584386,7.890488880938715,3.717163535209464,7.57988639418517,0.0,2.0,Pond_05,Mock_Data,Obs_Pond_05_20260513_00,Medium,3,1.0,0,1,0,0,0,0,0,0,0,1
2026-05-13 04:00:00,27.45,7.88,3.71,7.72,1.0,1.0,Pond_01,Real_Data,Obs_Pond_01_20260513_04,Low,2,1.0,0,0,0,0,0,0,0,0,0,0
2026-05-13 04:00:00,27.45,7.879999999999999,3.7100000000000004,7.72,0.0,1.0,Pond_02,Real_Data,Obs_Pond_02_20260513_04,Low,2,1.0,0,0,0,0,0,0,0,0,0,0
2026-05-13 04:00:00,27.254685702174577,7.858936455609193,3.1786817454595973,6.6062576117816,,,Pond_03,Real_Data,Obs_Pond_03_20260513_04,Unknown,0,1.0,0,-1,0,0,0,0,0,0,0,0
2026-05-13 04:00:00,27.493905912683335,7.871176832345947,3.732416778251769,7.75192292680401,0.0,1.0,Pond_04,Mock_Data,Obs_Pond_04_20260513_04,Low,2,1.0,0,0,0,0,0,0,0,0,0,0
2026-05-13 04:00:00,27.493905912683335,7.871176832345947,3.732416778251769,7.75192292680401,0.0,1.0,Pond_04,Mock_Data,Obs_Pond_04_20260513_04,Medium,2,1.0,0,1,0,0,0,0,0,0,0,1
2026-05-13 04:00:00,27.414975972327024,7.854703422908394,3.660426248918287,7.872757713989475,0.0,1.0,Pond_05,Mock_Data,Obs_Pond_05_20260513_04,Low,2,1.0,0,0,0,0,0,0,0,0,0,0
2026-05-13 08:00:00,27.45,7.88,3.71,7.72,1.0,1.0,Pond_01,Real_Data,Obs_Pond_01_20260513_08,Low,2,1.0,0,0,0,0,0,0,0,0,0,0
2026-05-13 08:00:00,27.45,7.88,3.71,7.72,0.0,1.0,Pond_02,Real_Data,Obs_Pond_02_20260513_08,Low,2,1.0,0,0,0,0,0,0,0,0,0,0
2026-05-13 08:00:00,27.021516681966826,7.779560265941445,3.3458837486832276,5.46235062700175,,,Pond_03,Real_Data,Obs_Pond_03_20260513_08,Low,1,1.0,0,0,0,0,0,0,0,0,0,0
2026-05-13 08:00:00,27.46511144973944,7.878086656087548,3.7905783856984967,7.786957470505823,0.0,1.0,Pond_04,Mock_Data,Obs_Pond_04_20260513_08,Low,2,1.0,0,0,0,0,0,0,0,0,0,0
2026-05-13 08:00:00,27.46511144973944,7.878086656087548,3.7905783856984967,7.786957470505823,0.0,1.0,Pond_04,Mock_Data,Obs_Pond_04_20260513_08,Medium,2,1.0,0,1,0,0,0,0,0,0,0,1
2026-05-13 08:00:00,27.565974426656865,7.879370645678741,3.723984912413246,7.814445543887403,0.0,1.0,Pond_05,Mock_Data,Obs_Pond_05_20260513_08,Low,2,1.0,0,0,0,0,0,0,0,0,0,0
2026-05-13 08:00:00,27.565974426656865,7.879370645678741,3.723984912413246,7.814445543887403,0.0,1.0,Pond_05,Mock_Data,Obs_Pond_05_20260513_08,Medium,2,1.0,0,1,0,0,0,0,0,0,0,1
2026-05-13 12:00:00,27.45,7.88,3.71,7.72,1.0,1.0,Pond_01,Real_Data,Obs_Pond_01_20260513_12,Low,2,1.0,0,0,0,0,0,0,0,0,0,0
2026-05-13 12:00:00,27.45,7.88,3.71,7.72,0.0,1.0,Pond_02,Real_Data,Obs_Pond_02_20260513_12,Low,2,1.0,0,0,0,0,0,0,0,0,0,0
2026-05-13 12:00:00,27.66008904783495,7.736769487590728,3.632530757472725,5.77506476157148,,,Pond_03,Real_Data,Obs_Pond_03_20260513_12,Low,1,1.0,0,0,0,0,0,0,0,0,0,0
2026-05-13 12:00:00,27.415036829689225,7.8791944164710745,3.7280965740246743,7.894286105378319,0.0,1.0,Pond_04,Mock_Data,Obs_Pond_04_20260513_12,Low,2,1.0,0,0,0,0,0,0,0,0,0,0
2026-05-13 12:00:00,27.415036829689225,7.8791944164710745,3.7280965740246743,7.894286105378319,0.0,1.0,Pond_04,Mock_Data,Obs_Pond_04_20260513_12,Medium,2,1.0,0,1,0,0,0,0,0,0,0,1
2026-05-13 12:00:00,27.397259825671927,7.888476112448237,3.6653162796706087,7.702024499420846,0.0,1.0,Pond_05,Mock_Data,Obs_Pond_05_20260513_12,Low,2,1.0,0,0,0,0,0,0,0,0,0,0
2026-05-13 16:00:00,27.45,7.88,3.71,7.72,1.0,1.0,Pond_01,Real_Data,Obs_Pond_01_20260513_16,Low,2,1.0,0,0,0,0,0,0,0,0,0,0
2026-05-13 16:00:00,27.45,7.879999999999999,3.71,7.72,0.0,1.0,Pond_02,Real_Data,Obs_Pond_02_20260513_16,Low,2,1.0,0,0,0,0,0,0,0,0,0,0
2026-05-13 16:00:00,27.348188377535376,7.894710789854432,3.184189608359002,5.71149811744642,,,Pond_03,Real_Data,Obs_Pond_03_20260513_16,Unknown,0,1.0,0,-1,0,0,0,0,0,0,0,0
2026-05-13 16:00:00,27.37064315451571,7.84287986921517,3.7219254486719264,7.7447829985010905,0.0,2.0,Pond_04,Mock_Data,Obs_Pond_04_20260513_16,Medium,3,1.0,0,1,0,0,0,0,0,0,0,1
2026-05-13 16:00:00,27.601313746343607,7.88070808026745,3.673113893106553,7.5954528778665455,0.0,2.0,Pond_05,Mock_Data,Obs_Pond_05_20260513_16,Low,3,1.0,0,0,0,0,0,0,0,0,0,0
2026-05-13 16:00:00,27.601313746343607,7.88070808026745,3.673113893106553,7.5954528778665455,0.0,2.0,Pond_05,Mock_Data,Obs_Pond_05_20260513_16,Medium,3,1.0,0,1,0,0,0,0,0,0,0,1
2026-05-13 20:00:00,27.45,7.88,3.71,7.72,0.0,1.0,Pond_01,Real_Data,Obs_Pond_01_20260513_20,Low,2,1.0,0,0,0,0,0,0,0,0,0,0
2026-05-13 20:00:00,27.45,7.879999999999999,3.71,7.72,0.0,1.0,Pond_02,Real_Data,Obs_Pond_02_20260513_20,Low,2,1.0,0,0,0,0,0,0,0,0,0,0
2026-05-13 20:00:00,27.385727501955323,7.811075301933057,3.4210683778452102,5.74076090488803,,,Pond_03,Real_Data,Obs_Pond_03_20260513_20,Low,1,1.0,0,0,0,0,0,0,0,0,0,0
2026-05-13 20:00:00,27.50407734400025,7.912054217154227,3.710368915132216,7.687856443600643,0.0,1.0,Pond_04,Mock_Data,Obs_Pond_04_20260513_20,Low,2,1.0,0,0,0,0,0,0,0,0,0,0
2026-05-13 20:00:00,27.50407734400025,7.912054217154227,3.710368915132216,7.687856443600643,0.0,1.0,Pond_04,Mock_Data,Obs_Pond_04_20260513_20,Medium,2,1.0,0,1,0,0,0,0,0,0,0,1
2026-05-13 20:00:00,27.47709433971497,7.9088808904266115,3.69820191532332,7.738190408181669,0.0,2.0,Pond_05,Mock_Data,Obs_Pond_05_20260513_20,Low,3,1.0,0,0,0,0,0,0,0,0,0,0
2026-05-13 20:00:00,27.47709433971497,7.9088808904266115,3.69820191532332,7.738190408181669,0.0,2.0,Pond_05,Mock_Data,Obs_Pond_05_20260513_20,Medium,3,1.0,0,1,0,0,0,0,0,0,0,1
2026-05-14 00:00:00,27.45,7.88,3.71,7.72,0.0,1.0,Pond_01,Real_Data,Obs_Pond_01_20260514_00,Low,2,1.0,0,0,0,0,0,0,0,0,0,0
2026-05-14 00:00:00,27.45,7.880000000000001,3.71,7.72,0.0,1.0,Pond_02,Real_Data,Obs_Pond_02_20260514_00,Low,2,1.0,0,0,0,0,0,0,0,0,0,0
2026-05-14 00:00:00,27.3924053884894,7.767300899520523,3.399975709737675,6.1386104536473,,,Pond_03,Real_Data,Obs_Pond_03_20260514_00,Low,1,1.0,0,0,0,0,0,0,0,0,0,0
2026-05-14 00:00:00,27.490301286527274,7.880886097342694,3.6422678277182587,7.71838485639288,0.0,1.0,Pond_04,Mock_Data,Obs_Pond_04_20260514_00,Low,2,1.0,0,0,0,0,0,0,0,0,0,0
2026-05-14 00:00:00,27.455705834733745,7.896596467751486,3.6646263910564425,7.628808999475514,0.0,1.0,Pond_05,Mock_Data,Obs_Pond_05_20260514_00,Low,2,1.0,0,0,0,0,0,0,0,0,0,0
2026-05-14 04:00:00,27.45,7.88,3.71,7.72,0.0,1.0,Pond_01,Real_Data,Obs_Pond_01_20260514_04,Low,2,1.0,0,0,0,0,0,0,0,0,0,0
2026-05-14 04:00:00,27.45,7.88,3.71,7.72,0.0,1.0,Pond_02,Real_Data,Obs_Pond_02_20260514_04,Low,2,1.0,0,0,0,0,0,0,0,0,0,0
2026-05-14 04:00:00,26.873815082600824,7.76920562447789,3.4300379415605775,6.76063589832032,,,Pond_03,Real_Data,Obs_Pond_03_20260514_04,Low,1,1.0,0,0,0,0,0,0,0,0,0,0
2026-05-14 04:00:00,27.44385280273513,7.889498778095558,3.768448649454419,7.608274155064618,0.0,1.0,Pond_04,Mock_Data,Obs_Pond_04_20260514_04,Low,2,1.0,0,0,0,0,0,0,0,0,0,0
2026-05-14 04:00:00,27.44385280273513,7.889498778095558,3.768448649454419,7.608274155064618,0.0,1.0,Pond_04,Mock_Data,Obs_Pond_04_20260514_04,Medium,2,1.0,0,1,0,0,0,0,0,0,0,1
2026-05-14 04:00:00,27.479518708344983,7.8798395979988936,3.6894962370164386,7.748094688994828,0.0,1.0,Pond_05,Mock_Data,Obs_Pond_05_20260514_04,Low,2,1.0,0,0,0,0,0,0,0,0,0,0
2026-05-14 08:00:00,27.45,7.88,3.71,7.72,1.0,1.0,Pond_01,Real_Data,Obs_Pond_01_20260514_08,Low,2,1.0,0,0,0,0,0,0,0,0,0,0
2026-05-14 08:00:00,27.45,7.88,3.71,7.72,0.0,1.0,Pond_02,Real_Data,Obs_Pond_02_20260514_08,Low,2,1.0,0,0,0,0,0,0,0,0,0,0
2026-05-14 08:00:00,26.516813038278976,7.957339901078682,3.3261238107736526,6.19186095947978,,,Pond_03,Real_Data,Obs_Pond_03_20260514_08,Low,1,1.0,0,0,0,0,0,0,0,0,0,0
2026-05-14 08:00:00,27.56445972294796,7.900402972122131,3.6836614658533215,7.676125448690968,0.0,1.0,Pond_04,Mock_Data,Obs_Pond_04_20260514_08,Low,2,1.0,0,0,0,0,0,0,0,0,0,0
2026-05-14 08:00:00,27.606811993844758,7.884646211635096,3.658544855001524,7.7459923995307305,0.0,1.0,Pond_05,Mock_Data,Obs_Pond_05_20260514_08,Low,2,1.0,0,0,0,0,0,0,0,0,0,0
2026-05-14 12:00:00,27.45,7.88,3.71,7.72,0.0,1.0,Pond_01,Real_Data,Obs_Pond_01_20260514_12,Low,2,1.0,0,0,0,0,0,0,0,0,0,0
2026-05-14 12:00:00,27.45,7.879999999999999,3.7100000000000004,7.72,0.0,1.0,Pond_02,Real_Data,Obs_Pond_02_20260514_12,Low,2,1.0,0,0,0,0,0,0,0,0,0,0
2026-05-14 12:00:00,26.8962257817652,7.877486431429167,3.1543821103721874,6.33210552240694,,,Pond_03,Real_Data,Obs_Pond_03_20260514_12,Unknown,0,1.0,0,-1,0,0,0,0,0,0,0,0
2026-05-14 12:00:00,27.383673154958625,7.858104404206624,3.7317519575901708,7.6941518008984096,0.0,1.0,Pond_04,Mock_Data,Obs_Pond_04_20260514_12,Low,2,1.0,0,0,0,0,0,0,0,0,0,0
2026-05-14 12:00:00,27.383673154958625,7.858104404206624,3.7317519575901708,7.6941518008984096,0.0,1.0,Pond_04,Mock_Data,Obs_Pond_04_20260514_12,Medium,2,1.0,0,1,0,0,0,0,0,0,0,1
2026-05-14 12:00:00,27.388414328210455,7.886339611642933,3.630958633579247,7.66054575940415,0.0,1.0,Pond_05,Mock_Data,Obs_Pond_05_20260514_12,Low,2,1.0,0,0,0,0,0,0,0,0,0,0
2026-05-14 16:00:00,27.45,7.88,3.71,7.72,1.0,1.0,Pond_01,Real_Data,Obs_Pond_01_20260514_16,Low,2,1.0,0,0,0,0,0,0,0,0,0,0
2026-05-14 16:00:00,27.45,7.879999999999999,3.71,7.72,0.0,1.0,Pond_02,Real_Data,Obs_Pond_02_20260514_16,Low,2,1.0,0,0,0,0,0,0,0,0,0,0
2026-05-14 16:00:00,27.2017391350875,7.887804114163222,2.92220782286914,6.73619595118645,,,Pond_03,Real_Data,Obs_Pond_03_20260514_16,Unknown,0,1.0,0,-1,0,0,0,0,0,0,0,0
2026-05-14 16:00:00,27.355443685582006,7.890152105812395,3.642606175688997,7.686901239840388,0.0,1.0,Pond_04,Mock_Data,Obs_Pond_04_20260514_16,Low,2,1.0,0,0,0,0,0,0,0,0,0,0
2026-05-14 16:00:00,27.380553365462802,7.888647483121895,3.7538915630061016,7.790794581234131,0.0,1.0,Pond_05,Mock_Data,Obs_Pond_05_20260514_16,Low,2,1.0,0,0,0,0,0,0,0,0,0,0
2026-05-14 16:00:00,27.380553365462802,7.888647483121895,3.7538915630061016,7.790794581234131,0.0,1.0,Pond_05,Mock_Data,Obs_Pond_05_20260514_16,Medium,2,1.0,0,1,0,0,0,0,0,0,0,1
2026-05-14 20:00:00,27.45,7.88,3.71,7.72,0.0,1.0,Pond_01,Real_Data,Obs_Pond_01_20260514_20,Low,2,1.0,0,0,0,0,0,0,0,0,0,0
2026-05-14 20:00:00,27.45,7.880000000000001,3.71,7.72,0.0,1.0,Pond_02,Real_Data,Obs_Pond_02_20260514_20,Low,2,1.0,0,0,0,0,0,0,0,0,0,0
2026-05-14 20:00:00,27.548713914339526,7.7451982374008725,3.3130250409534474,5.98183251844213,,,Pond_03,Real_Data,Obs_Pond_03_20260514_20,Low,1,1.0,0,0,0,0,0,0,0,0,0,0
2026-05-14 20:00:00,27.407113603727442,7.874261284185849,3.6591448798803903,7.729621959555804,0.0,1.0,Pond_04,Mock_Data,Obs_Pond_04_20260514_20,Low,2,1.0,0,0,0,0,0,0,0,0,0,0
2026-05-14 20:00:00,27.40321128304733,7.840854544510458,3.6541178753815795,7.770876004857027,0.0,2.0,Pond_05,Mock_Data,Obs_Pond_05_20260514_20,Low,3,1.0,0,0,0,0,0,0,0,0,0,0
2026-05-14 20:00:00,27.40321128304733,7.840854544510458,3.6541178753815795,7.770876004857027,0.0,2.0,Pond_05,Mock_Data,Obs_Pond_05_20260514_20,Medium,3,1.0,0,1,0,0,0,0,0,0,0,1
2026-05-15 00:00:00,27.45,7.88,3.71,7.72,0.0,1.0,Pond_01,Real_Data,Obs_Pond_01_20260515_00,Low,2,1.0,0,0,0,0,0,0,0,0,0,0
2026-05-15 00:00:00,27.45,7.88,3.71,7.72,0.0,1.0,Pond_02,Real_Data,Obs_Pond_02_20260515_00,Low,2,1.0,0,0,0,0,0,0,0,0,0,0
2026-05-15 00:00:00,27.254820439255802,7.774275819040485,3.7816291145425147,5.92969686597267,,,Pond_03,Real_Data,Obs_Pond_03_20260515_00,Medium,1,1.0,0,1,0,0,0,0,0,0,0,1
2026-05-15 00:00:00,27.44717445127899,7.8981563183081365,3.771877098696751,7.66806013603873,0.0,2.0,Pond_04,Mock_Data,Obs_Pond_04_20260515_00,Medium,3,1.0,0,1,0,0,0,0,0,0,0,1
2026-05-15 00:00:00,27.4519923220991,7.873534723251565,3.7022957619698045,7.781628043525392,0.0,1.0,Pond_05,Mock_Data,Obs_Pond_05_20260515_00,Low,2,1.0,0,0,0,0,0,0,0,0,0,0
2026-05-15 04:00:00,27.45,7.88,3.71,7.72,0.0,1.0,Pond_01,Real_Data,Obs_Pond_01_20260515_04,Low,2,1.0,0,0,0,0,0,0,0,0,0,0
2026-05-15 04:00:00,27.45,7.88,3.71,7.72,0.0,1.0,Pond_02,Real_Data,Obs_Pond_02_20260515_04,Low,2,1.0,0,0,0,0,0,0,0,0,0,0
2026-05-15 04:00:00,27.005778093092523,7.965040812167437,3.4527854141150174,6.03210107787559,,,Pond_03,Real_Data,Obs_Pond_03_20260515_04,Low,1,1.0,0,0,0,0,0,0,0,0,0,0
2026-05-15 04:00:00,27.46508285927954,7.8343883429989365,3.6950252618599406,7.790798600647467,0.0,1.0,Pond_04,Mock_Data,Obs_Pond_04_20260515_04,Low,2,1.0,0,0,0,0,0,0,0,0,0,0
2026-05-15 04:00:00,27.343031881609427,7.848170904074643,3.7424626331349176,7.720559407555017,0.0,1.0,Pond_05,Mock_Data,Obs_Pond_05_20260515_04,Low,2,1.0,0,0,0,0,0,0,0,0,0,0
2026-05-15 04:00:00,27.343031881609427,7.848170904074643,3.7424626331349176,7.720559407555017,0.0,1.0,Pond_05,Mock_Data,Obs_Pond_05_20260515_04,Medium,2,1.0,0,1,0,0,0,0,0,0,0,1
2026-05-15 08:00:00,27.45,7.88,3.71,7.72,1.0,1.0,Pond_01,Real_Data,Obs_Pond_01_20260515_08,Low,2,1.0,0,0,0,0,0,0,0,0,0,0
2026-05-15 08:00:00,27.45,7.88,3.71,7.72,0.0,1.0,Pond_02,Real_Data,Obs_Pond_02_20260515_08,Low,2,1.0,0,0,0,0,0,0,0,0,0,0
2026-05-15 08:00:00,26.693004923437325,7.740747830924097,3.3293643561405153,6.88488678988231,,,Pond_03,Real_Data,Obs_Pond_03_20260515_08,Low,1,1.0,0,0,0,0,0,0,0,0,0,0
2026-05-15 08:00:00,27.435047514803184,7.877875236474425,3.7726613195219945,7.720013077168073,0.0,1.0,Pond_04,Mock_Data,Obs_Pond_04_20260515_08,Low,2,1.0,0,0,0,0,0,0,0,0,0,0
2026-05-15 08:00:00,27.435047514803184,7.877875236474425,3.7726613195219945,7.720013077168073,0.0,1.0,Pond_04,Mock_Data,Obs_Pond_04_20260515_08,Medium,2,1.0,0,1,0,0,0,0,0,0,0,1
2026-05-15 08:00:00,27.451384648498188,7.9074086877447645,3.6834852686010673,7.630602692645788,0.0,1.0,Pond_05,Mock_Data,Obs_Pond_05_20260515_08,Low,2,1.0,0,0,0,0,0,0,0,0,0,0
2026-05-15 12:00:00,27.45,7.88,3.71,7.72,1.0,1.0,Pond_01,Real_Data,Obs_Pond_01_20260515_12,Low,2,1.0,0,0,0,0,0,0,0,0,0,0
2026-05-15 12:00:00,27.45,7.879999999999999,3.7100000000000004,7.72,0.0,1.0,Pond_02,Real_Data,Obs_Pond_02_20260515_12,Low,2,1.0,0,0,0,0,0,0,0,0,0,0
2026-05-15 12:00:00,26.953055472608074,7.8945186222080626,2.9371816135711,6.5647202567626,,,Pond_03,Real_Data,Obs_Pond_03_20260515_12,Unknown,0,1.0,0,-1,0,0,0,0,0,0,0,0
2026-05-15 12:00:00,27.471821377581843,7.867074419631057,3.7066269049436995,7.71941263897467,0.0,1.0,Pond_04,Mock_Data,Obs_Pond_04_20260515_12,Low,2,1.0,0,0,0,0,0,0,0,0,0,0
2026-05-15 12:00:00,27.554970785327445,7.878695274699592,3.6744210716034296,7.781757443843834,0.0,1.0,Pond_05,Mock_Data,Obs_Pond_05_20260515_12,Low,2,1.0,0,0,0,0,0,0,0,0,0,0
2026-05-15 16:00:00,27.45,7.88,3.71,7.72,1.0,1.0,Pond_01,Real_Data,Obs_Pond_01_20260515_16,Low,2,1.0,0,0,0,0,0,0,0,0,0,0
2026-05-15 16:00:00,27.45,7.88,3.71,7.72,0.0,1.0,Pond_02,Real_Data,Obs_Pond_02_20260515_16,Low,2,1.0,0,0,0,0,0,0,0,0,0,0
2026-05-15 16:00:00,27.433815464681025,7.732899264717425,3.3619947976733475,5.98806432022861,,,Pond_03,Real_Data,Obs_Pond_03_20260515_16,Low,1,1.0,0,0,0,0,0,0,0,0,0,0
2026-05-15 16:00:00,27.372426088041188,7.8892685103858495,3.6305823350212623,7.699291835838695,0.0,1.0,Pond_04,Mock_Data,Obs_Pond_04_20260515_16,Low,2,1.0,0,0,0,0,0,0,0,0,0,0
2026-05-15 16:00:00,27.45938465330234,7.875854415472141,3.719754776293782,7.70292471627061,0.0,1.0,Pond_05,Mock_Data,Obs_Pond_05_20260515_16,Low,2,1.0,0,0,0,0,0,0,0,0,0,0
2026-05-15 16:00:00,27.45938465330234,7.875854415472141,3.719754776293782,7.70292471627061,0.0,1.0,Pond_05,Mock_Data,Obs_Pond_05_20260515_16,Medium,2,1.0,0,1,0,0,0,0,0,0,0,1
2026-05-15 20:00:00,27.45,7.88,3.71,7.72,1.0,1.0,Pond_01,Real_Data,Obs_Pond_01_20260515_20,Low,2,1.0,0,0,0,0,0,0,0,0,0,0
2026-05-15 20:00:00,27.45,7.88,3.71,7.72,0.0,1.0,Pond_02,Real_Data,Obs_Pond_02_20260515_20,Low,2,1.0,0,0,0,0,0,0,0,0,0,0
2026-05-15 20:00:00,26.72753509197745,7.792925111676693,3.6551378552716476,6.27842284283602,,,Pond_03,Real_Data,Obs_Pond_03_20260515_20,Low,1,1.0,0,0,0,0,0,0,0,0,0,0
2026-05-15 20:00:00,27.539488565937962,7.890078609388196,3.7484635492881404,7.729801055021056,0.0,1.0,Pond_04,Mock_Data,Obs_Pond_04_20260515_20,Low,2,1.0,0,0,0,0,0,0,0,0,0,0
2026-05-15 20:00:00,27.539488565937962,7.890078609388196,3.7484635492881404,7.729801055021056,0.0,1.0,Pond_04,Mock_Data,Obs_Pond_04_20260515_20,Medium,2,1.0,0,1,0,0,0,0,0,0,0,1
2026-05-15 20:00:00,27.431858537104528,7.89922897942967,3.7582022917369455,7.6322285480552345,0.0,1.0,Pond_05,Mock_Data,Obs_Pond_05_20260515_20,Low,2,1.0,0,0,0,0,0,0,0,0,0,0
2026-05-15 20:00:00,27.431858537104528,7.89922897942967,3.7582022917369455,7.6322285480552345,0.0,1.0,Pond_05,Mock_Data,Obs_Pond_05_20260515_20,Medium,2,1.0,0,1,0,0,0,0,0,0,0,1
2026-05-16 00:00:00,27.45,7.88,3.71,7.72,0.0,1.0,Pond_01,Real_Data,Obs_Pond_01_20260516_00,Low,2,1.0,0,0,0,0,0,0,0,0,0,0
2026-05-16 00:00:00,27.45,7.880000000000001,3.71,7.72,0.0,1.0,Pond_02,Real_Data,Obs_Pond_02_20260516_00,Low,2,1.0,0,0,0,0,0,0,0,0,0,0
2026-05-16 00:00:00,26.98676154184125,7.755358129831753,3.291451988169505,5.83912138037597,,,Pond_03,Real_Data,Obs_Pond_03_20260516_00,Unknown,0,1.0,0,-1,0,0,0,0,0,0,0,0
2026-05-16 00:00:00,27.44490804032477,7.864827203104424,3.684565434003531,7.77210901381899,0.0,1.0,Pond_04,Mock_Data,Obs_Pond_04_20260516_00,Low,2,1.0,0,0,0,0,0,0,0,0,0,0
2026-05-16 00:00:00,27.411684687437134,7.8890554181560635,3.6595822790273353,7.805387936228122,0.0,1.0,Pond_05,Mock_Data,Obs_Pond_05_20260516_00,Low,2,1.0,0,0,0,0,0,0,0,0,0,0
2026-05-16 04:00:00,27.45,7.88,3.71,7.72,1.0,1.0,Pond_01,Real_Data,Obs_Pond_01_20260516_04,Low,2,1.0,0,0,0,0,0,0,0,0,0,0
2026-05-16 04:00:00,27.45,7.88,3.71,7.72,0.0,1.0,Pond_02,Real_Data,Obs_Pond_02_20260516_04,Low,2,1.0,0,0,0,0,0,0,0,0,0,0
2026-05-16 04:00:00,27.301050553638923,7.820606259887896,3.3881714446705677,6.44807773104542,,,Pond_03,Real_Data,Obs_Pond_03_20260516_04,Low,1,1.0,0,0,0,0,0,0,0,0,0,0
2026-05-16 04:00:00,27.519253118836133,7.864729686300982,3.7401255775054123,7.665236461730355,0.0,1.0,Pond_04,Mock_Data,Obs_Pond_04_20260516_04,Low,2,1.0,0,0,0,0,0,0,0,0,0,0
2026-05-16 04:00:00,27.519253118836133,7.864729686300982,3.7401255775054123,7.665236461730355,0.0,1.0,Pond_04,Mock_Data,Obs_Pond_04_20260516_04,Medium,2,1.0,0,1,0,0,0,0,0,0,0,1
2026-05-16 04:00:00,27.505692267071755,7.855800006216111,3.7035260303826223,7.8525879112612404,0.0,1.0,Pond_05,Mock_Data,Obs_Pond_05_20260516_04,Low,2,1.0,0,0,0,0,0,0,0,0,0,0
2026-05-16 08:00:00,27.45,7.88,3.71,7.72,0.0,1.0,Pond_01,Real_Data,Obs_Pond_01_20260516_08,Low,2,1.0,0,0,0,0,0,0,0,0,0,0
2026-05-16 08:00:00,27.45,7.88,3.7099999999999995,7.72,0.0,1.0,Pond_02,Real_Data,Obs_Pond_02_20260516_08,Low,2,1.0,0,0,0,0,0,0,0,0,0,0
2026-05-16 08:00:00,27.271948451219075,7.95476754061627,3.589507219591475,6.57394774213409,,,Pond_03,Real_Data,Obs_Pond_03_20260516_08,Low,1,1.0,0,0,0,0,0,0,0,0,0,0
2026-05-16 08:00:00,27.471243074993946,7.877627131549621,3.711087024622928,7.678436706641794,0.0,1.0,Pond_04,Mock_Data,Obs_Pond_04_20260516_08,Low,2,1.0,0,0,0,0,0,0,0,0,0,0
2026-05-16 08:00:00,27.471243074993946,7.877627131549621,3.711087024622928,7.678436706641794,0.0,1.0,Pond_04,Mock_Data,Obs_Pond_04_20260516_08,Medium,2,1.0,0,1,0,0,0,0,0,0,0,1
2026-05-16 08:00:00,27.398812576251597,7.878479658994523,3.635299505031902,7.7173949777680715,0.0,1.0,Pond_05,Mock_Data,Obs_Pond_05_20260516_08,Low,2,1.0,0,0,0,0,0,0,0,0,0,0
2026-05-16 12:00:00,27.45,7.88,3.71,7.72,1.0,1.0,Pond_01,Real_Data,Obs_Pond_01_20260516_12,Low,2,1.0,0,0,0,0,0,0,0,0,0,0
2026-05-16 12:00:00,27.45,7.88,3.71,7.72,0.0,1.0,Pond_02,Real_Data,Obs_Pond_02_20260516_12,Low,2,1.0,0,0,0,0,0,0,0,0,0,0
2026-05-16 12:00:00,27.43979668679715,7.844604416100792,3.459649505726855,6.4295016849841,,,Pond_03,Real_Data,Obs_Pond_03_20260516_12,Low,1,1.0,0,0,0,0,0,0,0,0,0,0
2026-05-16 12:00:00,27.47831084129248,7.86077434629993,3.643464903292353,7.7008182073475995,0.0,1.0,Pond_04,Mock_Data,Obs_Pond_04_20260516_12,Low,2,1.0,0,0,0,0,0,0,0,0,0,0
2026-05-16 12:00:00,27.564444780417784,7.872813405433463,3.693046233054732,7.856359120967752,0.0,1.0,Pond_05,Mock_Data,Obs_Pond_05_20260516_12,Low,2,1.0,0,0,0,0,0,0,0,0,0,0
2026-05-16 16:00:00,27.45,7.88,3.71,7.72,0.0,1.0,Pond_01,Real_Data,Obs_Pond_01_20260516_16,Low,2,1.0,0,0,0,0,0,0,0,0,0,0
2026-05-16 16:00:00,27.45,7.88,3.71,7.72,0.0,1.0,Pond_02,Real_Data,Obs_Pond_02_20260516_16,Low,2,1.0,0,0,0,0,0,0,0,0,0,0
2026-05-16 16:00:00,27.036814604987,7.74486982879864,3.1578979603012147,4.95509170480253,,,Pond_03,Real_Data,Obs_Pond_03_20260516_16,Unknown,0,1.0,0,-1,0,0,0,0,0,0,0,0
2026-05-16 16:00:00,27.485315768708073,7.898053674538994,3.7170839472339483,7.6350016312564986,0.0,1.0,Pond_04,Mock_Data,Obs_Pond_04_20260516_16,Low,2,1.0,0,0,0,0,0,0,0,0,0,0
2026-05-16 16:00:00,27.485315768708073,7.898053674538994,3.7170839472339483,7.6350016312564986,0.0,1.0,Pond_04,Mock_Data,Obs_Pond_04_20260516_16,Medium,2,1.0,0,1,0,0,0,0,0,0,0,1
2026-05-16 16:00:00,27.569835041513706,7.842594015580607,3.7114748137585214,7.725766974260941,0.0,2.0,Pond_05,Mock_Data,Obs_Pond_05_20260516_16,Medium,3,1.0,0,1,0,0,0,0,0,0,0,1
2026-05-16 20:00:00,27.45,7.88,3.71,7.72,0.0,1.0,Pond_01,Real_Data,Obs_Pond_01_20260516_20,Low,2,1.0,0,0,0,0,0,0,0,0,0,0
2026-05-16 20:00:00,27.45,7.88,3.71,7.72,0.0,1.0,Pond_02,Real_Data,Obs_Pond_02_20260516_20,Low,2,1.0,0,0,0,0,0,0,0,0,0,0
2026-05-16 20:00:00,27.350860189448674,7.88431460036612,2.9191855742441577,6.89890274469354,,,Pond_03,Real_Data,Obs_Pond_03_20260516_20,Unknown,0,1.0,0,-1,0,0,0,0,0,0,0,0
2026-05-16 20:00:00,27.477750228036527,7.872083520535689,3.8046952193996884,7.668259836480519,0.0,1.0,Pond_04,Mock_Data,Obs_Pond_04_20260516_20,Low,2,1.0,0,0,0,0,0,0,0,0,0,0
2026-05-16 20:00:00,27.477750228036527,7.872083520535689,3.8046952193996884,7.668259836480519,0.0,1.0,Pond_04,Mock_Data,Obs_Pond_04_20260516_20,Medium,2,1.0,0,1,0,0,0,0,0,0,0,1
2026-05-16 20:00:00,27.46591413220053,7.865199211666236,3.6731508900884964,7.6959723383060235,0.0,1.0,Pond_05,Mock_Data,Obs_Pond_05_20260516_20,Low,2,1.0,0,0,0,0,0,0,0,0,0,0
2026-05-17 00:00:00,27.45,7.88,3.71,7.72,1.0,1.0,Pond_01,Real_Data,Obs_Pond_01_20260517_00,Low,2,1.0,0,0,0,0,0,0,0,0,0,0
2026-05-17 00:00:00,27.45,7.880000000000001,3.71,7.72,0.0,1.0,Pond_02,Real_Data,Obs_Pond_02_20260517_00,Low,2,1.0,0,0,0,0,0,0,0,0,0,0
2026-05-17 00:00:00,27.042455143944522,7.872063744261357,3.2078950292522728,6.10424270283051,,,Pond_03,Real_Data,Obs_Pond_03_20260517_00,Unknown,0,1.0,0,-1,0,0,0,0,0,0,0,0
2026-05-17 00:00:00,27.489837753269452,7.817668841470687,3.731256246669153,7.689924309451279,0.0,1.0,Pond_04,Mock_Data,Obs_Pond_04_20260517_00,Low,2,1.0,0,0,0,0,0,0,0,0,0,0
2026-05-17 00:00:00,27.489837753269452,7.817668841470687,3.731256246669153,7.689924309451279,0.0,1.0,Pond_04,Mock_Data,Obs_Pond_04_20260517_00,Medium,2,1.0,0,1,0,0,0,0,0,0,0,1
2026-05-17 00:00:00,27.449286262652706,7.876064558902547,3.6902957444818076,7.680183447586471,0.0,1.0,Pond_05,Mock_Data,Obs_Pond_05_20260517_00,Low,2,1.0,0,0,0,0,0,0,0,0,0,0
2026-05-17 04:00:00,27.45,7.88,3.71,7.72,0.0,1.0,Pond_01,Real_Data,Obs_Pond_01_20260517_04,Low,2,1.0,0,0,0,0,0,0,0,0,0,0
2026-05-17 04:00:00,27.45,7.88,3.71,7.72,0.0,1.0,Pond_02,Real_Data,Obs_Pond_02_20260517_04,Low,2,1.0,0,0,0,0,0,0,0,0,0,0
2026-05-17 04:00:00,27.759739905674625,7.766529373091117,3.082172291375443,6.65398235307665,,,Pond_03,Real_Data,Obs_Pond_03_20260517_04,Unknown,0,1.0,0,-1,0,0,0,0,0,0,0,0
2026-05-17 04:00:00,27.53238458921821,7.871963127722262,3.7075199895968263,7.775221977614131,0.0,2.0,Pond_04,Mock_Data,Obs_Pond_04_20260517_04,Low,3,1.0,0,0,0,0,0,0,0,0,0,0
2026-05-17 04:00:00,27.53238458921821,7.871963127722262,3.7075199895968263,7.775221977614131,0.0,2.0,Pond_04,Mock_Data,Obs_Pond_04_20260517_04,Medium,3,1.0,0,1,0,0,0,0,0,0,0,1
2026-05-17 04:00:00,27.513883175934097,7.877535241221039,3.649281059274026,7.823389806370859,0.0,1.0,Pond_05,Mock_Data,Obs_Pond_05_20260517_04,Low,2,1.0,0,0,0,0,0,0,0,0,0,0
2026-05-17 08:00:00,27.45,7.88,3.71,7.72,1.0,1.0,Pond_01,Real_Data,Obs_Pond_01_20260517_08,Low,2,1.0,0,0,0,0,0,0,0,0,0,0
2026-05-17 08:00:00,27.45,7.88,3.71,7.72,0.0,1.0,Pond_02,Real_Data,Obs_Pond_02_20260517_08,Low,2,1.0,0,0,0,0,0,0,0,0,0,0
2026-05-17 08:00:00,27.057884986045874,7.649545597439417,3.3216766521435153,6.95467492035203,,,Pond_03,Real_Data,Obs_Pond_03_20260517_08,Low,1,1.0,0,0,0,0,0,0,0,0,0,0
2026-05-17 08:00:00,27.46218093143676,7.857731715902251,3.7563659076456593,7.736582039385096,0.0,2.0,Pond_04,Mock_Data,Obs_Pond_04_20260517_08,Medium,3,1.0,0,1,0,0,0,0,0,0,0,1
2026-05-17 08:00:00,27.517858671475217,7.848218240021654,3.7133234218671602,7.670730076601953,0.0,1.0,Pond_05,Mock_Data,Obs_Pond_05_20260517_08,Low,2,1.0,0,0,0,0,0,0,0,0,0,0
2026-05-17 08:00:00,27.517858671475217,7.848218240021654,3.7133234218671602,7.670730076601953,0.0,1.0,Pond_05,Mock_Data,Obs_Pond_05_20260517_08,Medium,2,1.0,0,1,0,0,0,0,0,0,0,1
2026-05-17 12:00:00,27.45,7.88,3.71,7.72,0.0,1.0,Pond_01,Real_Data,Obs_Pond_01_20260517_12,Low,2,1.0,0,0,0,0,0,0,0,0,0,0
2026-05-17 12:00:00,27.45,7.88,3.71,7.72,0.0,1.0,Pond_02,Real_Data,Obs_Pond_02_20260517_12,Low,2,1.0,0,0,0,0,0,0,0,0,0,0
2026-05-17 12:00:00,27.250815163164148,7.725042654523257,3.4122310636497923,4.59800667092438,,,Pond_03,Real_Data,Obs_Pond_03_20260517_12,Low,1,1.0,0,0,0,0,0,0,0,0,0,0
2026-05-17 12:00:00,27.493946034784493,7.845022454930259,3.719083456116144,7.732226155112242,0.0,1.0,Pond_04,Mock_Data,Obs_Pond_04_20260517_12,Low,2,1.0,0,0,0,0,0,0,0,0,0,0
2026-05-17 12:00:00,27.493946034784493,7.845022454930259,3.719083456116144,7.732226155112242,0.0,1.0,Pond_04,Mock_Data,Obs_Pond_04_20260517_12,Medium,2,1.0,0,1,0,0,0,0,0,0,0,1
2026-05-17 12:00:00,27.4000423795078,7.904693822132666,3.7555186891524084,7.76643587348908,0.0,1.0,Pond_05,Mock_Data,Obs_Pond_05_20260517_12,Low,2,1.0,0,0,0,0,0,0,0,0,0,0
2026-05-17 12:00:00,27.4000423795078,7.904693822132666,3.7555186891524084,7.76643587348908,0.0,1.0,Pond_05,Mock_Data,Obs_Pond_05_20260517_12,Medium,2,1.0,0,1,0,0,0,0,0,0,0,1
2026-05-17 16:00:00,27.45,7.88,3.71,7.72,0.0,1.0,Pond_01,Real_Data,Obs_Pond_01_20260517_16,Low,2,1.0,0,0,0,0,0,0,0,0,0,0
2026-05-17 16:00:00,27.45,7.88,3.71,7.72,0.0,1.0,Pond_02,Real_Data,Obs_Pond_02_20260517_16,Low,2,1.0,0,0,0,0,0,0,0,0,0,0
2026-05-17 16:00:00,27.041426903496923,7.871017078090622,3.440582697274,6.4191096469014,,,Pond_03,Real_Data,Obs_Pond_03_20260517_16,Low,1,1.0,0,0,0,0,0,0,0,0,0,0
2026-05-17 16:00:00,27.444437930828503,7.85346730356773,3.719034550964175,7.7737383916169325,0.0,1.0,Pond_04,Mock_Data,Obs_Pond_04_20260517_16,Low,2,1.0,0,0,0,0,0,0,0,0,0,0
2026-05-17 16:00:00,27.444437930828503,7.85346730356773,3.719034550964175,7.7737383916169325,0.0,1.0,Pond_04,Mock_Data,Obs_Pond_04_20260517_16,Medium,2,1.0,0,1,0,0,0,0,0,0,0,1
2026-05-17 16:00:00,27.417362640960487,7.877810723171223,3.662694114970896,7.684686053460655,0.0,1.0,Pond_05,Mock_Data,Obs_Pond_05_20260517_16,Low,2,1.0,0,0,0,0,0,0,0,0,0,0
2026-05-17 20:00:00,27.45,7.88,3.71,7.72,1.0,1.0,Pond_01,Real_Data,Obs_Pond_01_20260517_20,Low,2,1.0,0,0,0,0,0,0,0,0,0,0
2026-05-17 20:00:00,27.45,7.880000000000001,3.71,7.72,0.0,1.0,Pond_02,Real_Data,Obs_Pond_02_20260517_20,Low,2,1.0,0,0,0,0,0,0,0,0,0,0
2026-05-17 20:00:00,27.080408633748,7.83244196429198,3.6750441965062,5.96433853252427,,,Pond_03,Real_Data,Obs_Pond_03_20260517_20,Low,1,1.0,0,0,0,0,0,0,0,0,0,0
2026-05-17 20:00:00,27.53926249059546,7.882345918279594,3.6629320663297897,7.711324295872895,0.0,1.0,Pond_04,Mock_Data,Obs_Pond_04_20260517_20,Low,2,1.0,0,0,0,0,0,0,0,0,0,0
2026-05-17 20:00:00,27.368037209620116,15.31685813723325,3.6831520725667835,7.690929363835683,0.0,1.0,Pond_05,Mock_Data,Obs_Pond_05_20260517_20,Low,2,0.5,1,0,1,0,0,0,1,1,0,0
2026-05-18 00:00:00,27.45,7.88,3.71,7.72,0.0,1.0,Pond_01,Real_Data,Obs_Pond_01_20260518_00,Low,2,1.0,0,0,0,0,0,0,0,0,0,0
2026-05-18 00:00:00,27.45,7.88,3.71,7.72,0.0,1.0,Pond_02,Real_Data,Obs_Pond_02_20260518_00,Low,2,1.0,0,0,0,0,0,0,0,0,0,0
2026-05-18 00:00:00,27.430923365297453,7.728697341506333,3.4855442188200874,6.42777823264002,,,Pond_03,Real_Data,Obs_Pond_03_20260518_00,Low,1,1.0,0,0,0,0,0,0,0,0,0,0
2026-05-18 00:00:00,27.408075314388515,7.908488495943538,3.720082896260998,7.744659775849813,0.0,1.0,Pond_04,Mock_Data,Obs_Pond_04_20260518_00,Low,2,1.0,0,0,0,0,0,0,0,0,0,0
2026-05-18 00:00:00,27.408075314388515,7.908488495943538,3.720082896260998,7.744659775849813,0.0,1.0,Pond_04,Mock_Data,Obs_Pond_04_20260518_00,Medium,2,1.0,0,1,0,0,0,0,0,0,0,1
2026-05-18 00:00:00,27.475354988343486,7.888590491460138,3.731668438945517,7.785065335656348,0.0,1.0,Pond_05,Mock_Data,Obs_Pond_05_20260518_00,Low,2,1.0,0,0,0,0,0,0,0,0,0,0
2026-05-18 00:00:00,27.475354988343486,7.888590491460138,3.731668438945517,7.785065335656348,0.0,1.0,Pond_05,Mock_Data,Obs_Pond_05_20260518_00,Medium,2,1.0,0,1,0,0,0,0,0,0,0,1
2026-05-18 04:00:00,27.45,7.88,3.71,7.72,0.0,1.0,Pond_01,Real_Data,Obs_Pond_01_20260518_04,Low,2,1.0,0,0,0,0,0,0,0,0,0,0
2026-05-18 04:00:00,27.45,7.880000000000001,3.71,7.72,0.0,1.0,Pond_02,Real_Data,Obs_Pond_02_20260518_04,Low,2,1.0,0,0,0,0,0,0,0,0,0,0
2026-05-18 04:00:00,27.2855317442836,7.678091449956888,3.45888203079208,6.31304061044026,,,Pond_03,Real_Data,Obs_Pond_03_20260518_04,Low,1,1.0,0,0,0,0,0,0,0,0,0,0
2026-05-18 04:00:00,27.56162732222843,7.886715249466664,3.7546455278662862,7.713481038586178,0.0,1.0,Pond_04,Mock_Data,Obs_Pond_04_20260518_04,Low,2,1.0,0,0,0,0,0,0,0,0,0,0
2026-05-18 04:00:00,27.56162732222843,7.886715249466664,3.7546455278662862,7.713481038586178,0.0,1.0,Pond_04,Mock_Data,Obs_Pond_04_20260518_04,Medium,2,1.0,0,1,0,0,0,0,0,0,0,1
2026-05-18 04:00:00,27.49131945965188,7.863102199868316,3.762262083208031,7.695998803872174,0.0,1.0,Pond_05,Mock_Data,Obs_Pond_05_20260518_04,Low,2,1.0,0,0,0,0,0,0,0,0,0,0
2026-05-18 04:00:00,27.49131945965188,7.863102199868316,3.762262083208031,7.695998803872174,0.0,1.0,Pond_05,Mock_Data,Obs_Pond_05_20260518_04,Medium,2,1.0,0,1,0,0,0,0,0,0,0,1
2026-05-18 08:00:00,27.45,7.88,3.71,7.72,1.0,1.0,Pond_01,Real_Data,Obs_Pond_01_20260518_08,Low,2,1.0,0,0,0,0,0,0,0,0,0,0
2026-05-18 08:00:00,27.45,7.880000000000001,3.71,7.72,0.0,1.0,Pond_02,Real_Data,Obs_Pond_02_20260518_08,Low,2,1.0,0,0,0,0,0,0,0,0,0,0
2026-05-18 08:00:00,26.98173520206775,7.722990662945342,3.56059787883141,5.67153768853755,,,Pond_03,Real_Data,Obs_Pond_03_20260518_08,Low,1,1.0,0,0,0,0,0,0,0,0,0,0
2026-05-18 08:00:00,27.44751089796492,7.86699545509398,3.6739512545855053,7.736758937600571,0.0,1.0,Pond_04,Mock_Data,Obs_Pond_04_20260518_08,Low,2,1.0,0,0,0,0,0,0,0,0,0,0
2026-05-18 08:00:00,27.366327835497366,7.889785108972258,3.6456176819383197,7.694435180725326,0.0,2.0,Pond_05,Mock_Data,Obs_Pond_05_20260518_08,Low,3,1.0,0,0,0,0,0,0,0,0,0,0
2026-05-18 08:00:00,27.366327835497366,7.889785108972258,3.6456176819383197,7.694435180725326,0.0,2.0,Pond_05,Mock_Data,Obs_Pond_05_20260518_08,Medium,3,1.0,0,1,0,0,0,0,0,0,0,1
2026-05-18 12:00:00,27.45,7.88,3.71,7.72,1.0,1.0,Pond_01,Real_Data,Obs_Pond_01_20260518_12,Low,2,1.0,0,0,0,0,0,0,0,0,0,0
2026-05-18 12:00:00,27.45,7.88,3.7099999999999995,7.72,0.0,1.0,Pond_02,Real_Data,Obs_Pond_02_20260518_12,Low,2,1.0,0,0,0,0,0,0,0,0,0,0
2026-05-18 12:00:00,27.2196059009169,7.727031235539212,3.072135790140825,7.16966010956836,,,Pond_03,Real_Data,Obs_Pond_03_20260518_12,Unknown,0,1.0,0,-1,0,0,0,0,0,0,0,0
2026-05-18 12:00:00,27.361316559702974,7.88977542202424,3.7714204184164517,7.683195924360779,0.0,1.0,Pond_04,Mock_Data,Obs_Pond_04_20260518_12,Low,2,1.0,0,0,0,0,0,0,0,0,0,0
2026-05-18 12:00:00,27.361316559702974,7.88977542202424,3.7714204184164517,7.683195924360779,0.0,1.0,Pond_04,Mock_Data,Obs_Pond_04_20260518_12,Medium,2,1.0,0,1,0,0,0,0,0,0,0,1
2026-05-18 12:00:00,27.421785499454963,7.872129246413531,3.7027224572794295,7.791542188545356,0.0,1.0,Pond_05,Mock_Data,Obs_Pond_05_20260518_12,Low,2,1.0,0,0,0,0,0,0,0,0,0,0
2026-05-18 16:00:00,27.45,7.88,3.71,7.72,1.0,1.0,Pond_01,Real_Data,Obs_Pond_01_20260518_16,Low,2,1.0,0,0,0,0,0,0,0,0,0,0
2026-05-18 16:00:00,27.450000000000003,7.88,3.7099999999999995,7.72,0.0,1.0,Pond_02,Real_Data,Obs_Pond_02_20260518_16,Low,2,1.0,0,0,0,0,0,0,0,0,0,0
2026-05-18 16:00:00,26.961468721046977,7.717494632090585,3.1632891304703525,6.61216866194032,,,Pond_03,Real_Data,Obs_Pond_03_20260518_16,Unknown,0,1.0,0,-1,0,0,0,0,0,0,0,0
2026-05-18 16:00:00,27.45794026972842,7.8701562618261285,3.706045883539783,7.565976700661457,0.0,1.0,Pond_04,Mock_Data,Obs_Pond_04_20260518_16,Low,2,1.0,0,0,0,0,0,0,0,0,0,0
2026-05-18 16:00:00,27.366493436188616,7.86077556176605,3.7222078375479097,7.820883496174159,0.0,2.0,Pond_05,Mock_Data,Obs_Pond_05_20260518_16,Medium,3,1.0,0,1,0,0,0,0,0,0,0,1
2026-05-18 20:00:00,27.45,7.88,3.71,7.72,0.0,1.0,Pond_01,Real_Data,Obs_Pond_01_20260518_20,Low,2,1.0,0,0,0,0,0,0,0,0,0,0
2026-05-18 20:00:00,27.45,7.88,3.71,7.72,0.0,1.0,Pond_02,Real_Data,Obs_Pond_02_20260518_20,Low,2,1.0,0,0,0,0,0,0,0,0,0,0
2026-05-18 20:00:00,27.0170942023183,7.8907547165024825,3.6306138040208324,5.67322259771924,,,Pond_03,Real_Data,Obs_Pond_03_20260518_20,Low,1,1.0,0,0,0,0,0,0,0,0,0,0
2026-05-18 20:00:00,27.407786514515486,7.865106494261979,3.671721772684222,7.7115196104299315,0.0,1.0,Pond_04,Mock_Data,Obs_Pond_04_20260518_20,Low,2,1.0,0,0,0,0,0,0,0,0,0,0
2026-05-18 20:00:00,27.394289875332092,7.892295765899221,3.705599603648532,-1.5,0.0,1.0,Pond_05,Mock_Data,Obs_Pond_05_20260518_20,Low,2,0.5,1,0,0,1,0,0,1,1,0,0
2026-05-19 00:00:00,27.45,7.88,3.71,7.72,1.0,1.0,Pond_01,Real_Data,Obs_Pond_01_20260519_00,Low,2,1.0,0,0,0,0,0,0,0,0,0,0
2026-05-19 00:00:00,27.45,7.88,3.71,7.72,0.0,1.0,Pond_02,Real_Data,Obs_Pond_02_20260519_00,Low,2,1.0,0,0,0,0,0,0,0,0,0,0
2026-05-19 00:00:00,27.640213449216226,7.7023418312145004,3.3570691410301574,6.55260946803606,,,Pond_03,Real_Data,Obs_Pond_03_20260519_00,Low,1,1.0,0,0,0,0,0,0,0,0,0,0
2026-05-19 00:00:00,27.50210543703022,7.855248347414789,3.7530152048719088,7.809853542856302,0.0,2.0,Pond_04,Mock_Data,Obs_Pond_04_20260519_00,Medium,3,1.0,0,1,0,0,0,0,0,0,0,1
2026-05-19 00:00:00,27.484153577659328,7.911984223103836,3.603207405168115,7.678648068057701,0.0,1.0,Pond_05,Mock_Data,Obs_Pond_05_20260519_00,Low,2,1.0,0,0,0,0,0,0,0,0,0,0
2026-05-19 04:00:00,27.45,7.88,3.71,7.72,1.0,1.0,Pond_01,Real_Data,Obs_Pond_01_20260519_04,Low,2,1.0,0,0,0,0,0,0,0,0,0,0
2026-05-19 04:00:00,27.449999999999996,7.88,3.71,7.72,0.0,1.0,Pond_02,Real_Data,Obs_Pond_02_20260519_04,Low,2,1.0,0,0,0,0,0,0,0,0,0,0
2026-05-19 04:00:00,26.985095463648275,7.876034368618643,3.3275860523770175,6.30777229263821,,,Pond_03,Real_Data,Obs_Pond_03_20260519_04,Low,1,1.0,0,0,0,0,0,0,0,0,0,0
2026-05-19 04:00:00,27.409548541472944,7.842437577715627,3.6976342059444924,7.778495058420963,0.0,1.0,Pond_04,Mock_Data,Obs_Pond_04_20260519_04,Low,2,1.0,0,0,0,0,0,0,0,0,0,0
2026-05-19 04:00:00,27.404536731193527,7.895541671027477,3.731605649926798,7.687752561742801,0.0,1.0,Pond_05,Mock_Data,Obs_Pond_05_20260519_04,Low,2,1.0,0,0,0,0,0,0,0,0,0,0
2026-05-19 04:00:00,27.404536731193527,7.895541671027477,3.731605649926798,7.687752561742801,0.0,1.0,Pond_05,Mock_Data,Obs_Pond_05_20260519_04,Medium,2,1.0,0,1,0,0,0,0,0,0,0,1
2026-05-19 08:00:00,27.45,7.88,3.71,7.72,0.0,1.0,Pond_01,Real_Data,Obs_Pond_01_20260519_08,Low,2,1.0,0,0,0,0,0,0,0,0,0,0
2026-05-19 08:00:00,27.45,7.88,3.71,7.72,0.0,1.0,Pond_02,Real_Data,Obs_Pond_02_20260519_08,Low,2,1.0,0,0,0,0,0,0,0,0,0,0
2026-05-19 08:00:00,27.7369476151515,7.860930072558713,3.36817793782996,6.47693368790042,,,Pond_03,Real_Data,Obs_Pond_03_20260519_08,Low,1,1.0,0,0,0,0,0,0,0,0,0,0
2026-05-19 08:00:00,27.422344303585902,7.87163932065278,3.742748233787085,7.780969599645981,0.0,1.0,Pond_04,Mock_Data,Obs_Pond_04_20260519_08,Low,2,1.0,0,0,0,0,0,0,0,0,0,0
2026-05-19 08:00:00,27.422344303585902,7.87163932065278,3.742748233787085,7.780969599645981,0.0,1.0,Pond_04,Mock_Data,Obs_Pond_04_20260519_08,Medium,2,1.0,0,1,0,0,0,0,0,0,0,1
2026-05-19 08:00:00,27.431353966341675,7.89979033163925,3.7755096863096624,7.7250470419838475,0.0,1.0,Pond_05,Mock_Data,Obs_Pond_05_20260519_08,Low,2,1.0,0,0,0,0,0,0,0,0,0,0
2026-05-19 08:00:00,27.431353966341675,7.89979033163925,3.7755096863096624,7.7250470419838475,0.0,1.0,Pond_05,Mock_Data,Obs_Pond_05_20260519_08,Medium,2,1.0,0,1,0,0,0,0,0,0,0,1
2026-05-19 12:00:00,27.45,7.88,3.71,7.72,1.0,1.0,Pond_01,Real_Data,Obs_Pond_01_20260519_12,Low,2,1.0,0,0,0,0,0,0,0,0,0,0
2026-05-19 12:00:00,27.45,7.88,3.71,7.72,0.0,1.0,Pond_02,Real_Data,Obs_Pond_02_20260519_12,Low,2,1.0,0,0,0,0,0,0,0,0,0,0
2026-05-19 12:00:00,27.306049871958,7.955498445119103,3.369857582313945,6.09023684657284,,,Pond_03,Real_Data,Obs_Pond_03_20260519_12,Low,1,1.0,0,0,0,0,0,0,0,0,0,0
2026-05-19 12:00:00,27.332880983633597,7.8833889566771695,3.6974201545538796,7.7980677352298455,0.0,1.0,Pond_04,Mock_Data,Obs_Pond_04_20260519_12,Low,2,1.0,0,0,0,0,0,0,0,0,0,0
2026-05-19 12:00:00,27.34913467025221,7.868836725014173,3.7150301401121375,7.74026831196712,0.0,1.0,Pond_05,Mock_Data,Obs_Pond_05_20260519_12,Low,2,1.0,0,0,0,0,0,0,0,0,0,0
2026-05-19 12:00:00,27.34913467025221,7.868836725014173,3.7150301401121375,7.74026831196712,0.0,1.0,Pond_05,Mock_Data,Obs_Pond_05_20260519_12,Medium,2,1.0,0,1,0,0,0,0,0,0,0,1
2026-05-19 16:00:00,27.45,7.88,3.71,7.72,1.0,1.0,Pond_01,Real_Data,Obs_Pond_01_20260519_16,Low,2,1.0,0,0,0,0,0,0,0,0,0,0
2026-05-19 16:00:00,27.45,7.880000000000001,3.71,7.72,0.0,1.0,Pond_02,Real_Data,Obs_Pond_02_20260519_16,Low,2,1.0,0,0,0,0,0,0,0,0,0,0
2026-05-19 16:00:00,27.481705160372325,7.9058321290300775,3.1544155078566676,5.77182695365873,,,Pond_03,Real_Data,Obs_Pond_03_20260519_16,Unknown,0,1.0,0,-1,0,0,0,0,0,0,0,0
2026-05-19 16:00:00,27.4219647899941,7.877928211317352,3.707420458022381,7.725599162948705,0.0,1.0,Pond_04,Mock_Data,Obs_Pond_04_20260519_16,Low,2,1.0,0,0,0,0,0,0,0,0,0,0
2026-05-19 16:00:00,27.461590175895356,7.84574410314205,3.665541487535125,7.657611408765333,0.0,1.0,Pond_05,Mock_Data,Obs_Pond_05_20260519_16,Low,2,1.0,0,0,0,0,0,0,0,0,0,0
2026-05-19 20:00:00,27.45,7.88,3.71,7.72,1.0,1.0,Pond_01,Real_Data,Obs_Pond_01_20260519_20,Low,2,1.0,0,0,0,0,0,0,0,0,0,0
2026-05-19 20:00:00,27.45,7.88,3.71,7.72,0.0,1.0,Pond_02,Real_Data,Obs_Pond_02_20260519_20,Low,2,1.0,0,0,0,0,0,0,0,0,0,0
2026-05-19 20:00:00,27.097860137355575,7.953647308288068,3.3553576908581926,6.28486854855754,,,Pond_03,Real_Data,Obs_Pond_03_20260519_20,Low,1,1.0,0,0,0,0,0,0,0,0,0,0
2026-05-19 20:00:00,27.299761183828206,7.8710809062257265,3.7312809850417006,7.7324614574580925,0.0,1.0,Pond_04,Mock_Data,Obs_Pond_04_20260519_20,Low,2,1.0,0,0,0,0,0,0,0,0,0,0
2026-05-19 20:00:00,27.299761183828206,7.8710809062257265,3.7312809850417006,7.7324614574580925,0.0,1.0,Pond_04,Mock_Data,Obs_Pond_04_20260519_20,Medium,2,1.0,0,1,0,0,0,0,0,0,0,1
2026-05-19 20:00:00,27.447255815878133,7.911951281227468,3.687875336871829,7.765663402286269,0.0,1.0,Pond_05,Mock_Data,Obs_Pond_05_20260519_20,Low,2,1.0,0,0,0,0,0,0,0,0,0,0
2026-05-20 00:00:00,27.45,7.88,3.71,7.72,1.0,1.0,Pond_01,Real_Data,Obs_Pond_01_20260520_00,Low,2,1.0,0,0,0,0,0,0,0,0,0,0
2026-05-20 00:00:00,27.45,7.88,3.7100000000000004,7.72,0.0,1.0,Pond_02,Real_Data,Obs_Pond_02_20260520_00,Low,2,1.0,0,0,0,0,0,0,0,0,0,0
2026-05-20 00:00:00,27.086050443781374,7.856773562328143,3.3624081672368926,6.58881720150926,,,Pond_03,Real_Data,Obs_Pond_03_20260520_00,Low,1,1.0,0,0,0,0,0,0,0,0,0,0
2026-05-20 00:00:00,27.35182527549232,7.859721470061024,3.7225426966697963,7.6809922447631385,0.0,1.0,Pond_04,Mock_Data,Obs_Pond_04_20260520_00,Low,2,1.0,0,0,0,0,0,0,0,0,0,0
2026-05-20 00:00:00,27.35182527549232,7.859721470061024,3.7225426966697963,7.6809922447631385,0.0,1.0,Pond_04,Mock_Data,Obs_Pond_04_20260520_00,Medium,2,1.0,0,1,0,0,0,0,0,0,0,1
2026-05-20 00:00:00,27.40481706801189,7.924052566990521,3.786313878605128,7.725400587380574,0.0,1.0,Pond_05,Mock_Data,Obs_Pond_05_20260520_00,Low,2,1.0,0,0,0,0,0,0,0,0,0,0
2026-05-20 00:00:00,27.40481706801189,7.924052566990521,3.786313878605128,7.725400587380574,0.0,1.0,Pond_05,Mock_Data,Obs_Pond_05_20260520_00,Medium,2,1.0,0,1,0,0,0,0,0,0,0,1
2026-05-20 04:00:00,27.45,7.88,3.71,7.72,0.0,1.0,Pond_01,Real_Data,Obs_Pond_01_20260520_04,Low,2,1.0,0,0,0,0,0,0,0,0,0,0
2026-05-20 04:00:00,27.45,7.88,3.71,7.72,0.0,1.0,Pond_02,Real_Data,Obs_Pond_02_20260520_04,Low,2,1.0,0,0,0,0,0,0,0,0,0,0
2026-05-20 04:00:00,27.5026595533304,7.795640552375858,3.56980741315198,5.5705065449876,,,Pond_03,Real_Data,Obs_Pond_03_20260520_04,Low,1,1.0,0,0,0,0,0,0,0,0,0,0
2026-05-20 04:00:00,27.49713262598666,7.893041913808517,3.6239580509184064,7.7000384444764824,0.0,2.0,Pond_04,Mock_Data,Obs_Pond_04_20260520_04,Low,3,1.0,0,0,0,0,0,0,0,0,0,0
2026-05-20 04:00:00,27.49713262598666,7.893041913808517,3.6239580509184064,7.7000384444764824,0.0,2.0,Pond_04,Mock_Data,Obs_Pond_04_20260520_04,Medium,3,1.0,0,1,0,0,0,0,0,0,0,1
2026-05-20 04:00:00,27.438284365475052,7.9130806065730726,3.749235130892858,7.611644580635152,0.0,2.0,Pond_05,Mock_Data,Obs_Pond_05_20260520_04,Medium,3,1.0,0,1,0,0,0,0,0,0,0,1
2026-05-20 08:00:00,27.45,7.88,3.71,7.72,1.0,1.0,Pond_01,Real_Data,Obs_Pond_01_20260520_08,Low,2,1.0,0,0,0,0,0,0,0,0,0,0
2026-05-20 08:00:00,27.449999999999996,7.88,3.71,7.72,0.0,1.0,Pond_02,Real_Data,Obs_Pond_02_20260520_08,Low,2,1.0,0,0,0,0,0,0,0,0,0,0
2026-05-20 08:00:00,27.318261629133,7.930588720065095,3.4213159285991677,6.25936645377687,,,Pond_03,Real_Data,Obs_Pond_03_20260520_08,Low,1,1.0,0,0,0,0,0,0,0,0,0,0
2026-05-20 08:00:00,27.498706090392503,7.851758276156562,3.6616549935519354,7.758888976897418,0.0,1.0,Pond_04,Mock_Data,Obs_Pond_04_20260520_08,Low,2,1.0,0,0,0,0,0,0,0,0,0,0
2026-05-20 08:00:00,27.46117518067467,7.872800133672594,3.737596221843895,7.661333723528227,0.0,1.0,Pond_05,Mock_Data,Obs_Pond_05_20260520_08,Low,2,1.0,0,0,0,0,0,0,0,0,0,0
2026-05-20 08:00:00,27.46117518067467,7.872800133672594,3.737596221843895,7.661333723528227,0.0,1.0,Pond_05,Mock_Data,Obs_Pond_05_20260520_08,Medium,2,1.0,0,1,0,0,0,0,0,0,0,1
2026-05-20 12:00:00,27.45,7.88,3.71,7.72,1.0,1.0,Pond_01,Real_Data,Obs_Pond_01_20260520_12,Low,2,1.0,0,0,0,0,0,0,0,0,0,0
2026-05-20 12:00:00,27.45,7.88,3.71,7.72,0.0,1.0,Pond_02,Real_Data,Obs_Pond_02_20260520_12,Low,2,1.0,0,0,0,0,0,0,0,0,0,0
2026-05-20 12:00:00,27.423561293193153,7.977056632547983,3.092733802735605,6.01400566588917,,,Pond_03,Real_Data,Obs_Pond_03_20260520_12,Unknown,0,1.0,0,-1,0,0,0,0,0,0,0,0
2026-05-20 12:00:00,27.476371048967525,7.896639461625419,3.750073652231784,7.796031223745413,0.0,1.0,Pond_04,Mock_Data,Obs_Pond_04_20260520_12,Low,2,1.0,0,0,0,0,0,0,0,0,0,0
2026-05-20 12:00:00,27.476371048967525,7.896639461625419,3.750073652231784,7.796031223745413,0.0,1.0,Pond_04,Mock_Data,Obs_Pond_04_20260520_12,Medium,2,1.0,0,1,0,0,0,0,0,0,0,1
2026-05-20 12:00:00,27.399492194317073,7.855242522301143,3.725367549474738,7.688161794604615,0.0,1.0,Pond_05,Mock_Data,Obs_Pond_05_20260520_12,Low,2,1.0,0,0,0,0,0,0,0,0,0,0
2026-05-20 12:00:00,27.399492194317073,7.855242522301143,3.725367549474738,7.688161794604615,0.0,1.0,Pond_05,Mock_Data,Obs_Pond_05_20260520_12,Medium,2,1.0,0,1,0,0,0,0,0,0,0,1
2026-05-20 16:00:00,27.45,7.88,3.71,7.72,1.0,1.0,Pond_01,Real_Data,Obs_Pond_01_20260520_16,Low,2,1.0,0,0,0,0,0,0,0,0,0,0
2026-05-20 16:00:00,27.45,7.88,3.71,7.72,0.0,1.0,Pond_02,Real_Data,Obs_Pond_02_20260520_16,Low,2,1.0,0,0,0,0,0,0,0,0,0,0
2026-05-20 16:00:00,27.478867169384277,7.836861341327407,3.1004168127234824,6.22567295692464,,,Pond_03,Real_Data,Obs_Pond_03_20260520_16,Unknown,0,1.0,0,-1,0,0,0,0,0,0,0,0
2026-05-20 16:00:00,27.390064115645497,7.858510629154845,3.7043026266153936,7.7111932817972955,0.0,1.0,Pond_04,Mock_Data,Obs_Pond_04_20260520_16,Low,2,1.0,0,0,0,0,0,0,0,0,0,0
2026-05-20 16:00:00,27.358497120903273,7.857149808610082,3.681493550591206,7.715398678585068,0.0,1.0,Pond_05,Mock_Data,Obs_Pond_05_20260520_16,Low,2,1.0,0,0,0,0,0,0,0,0,0,0
2026-05-20 20:00:00,27.45,7.88,3.71,7.72,0.0,1.0,Pond_01,Real_Data,Obs_Pond_01_20260520_20,Low,2,1.0,0,0,0,0,0,0,0,0,0,0
2026-05-20 20:00:00,27.45,7.88,3.71,7.72,0.0,1.0,Pond_02,Real_Data,Obs_Pond_02_20260520_20,Low,2,1.0,0,0,0,0,0,0,0,0,0,0
2026-05-20 20:00:00,27.614512293264625,7.689984033260623,3.299045755171205,6.38142884283568,,,Pond_03,Real_Data,Obs_Pond_03_20260520_20,Unknown,0,1.0,0,-1,0,0,0,0,0,0,0,0
2026-05-20 20:00:00,27.44704271677803,7.863866408624993,3.687418118555198,7.691568333581754,0.0,1.0,Pond_04,Mock_Data,Obs_Pond_04_20260520_20,Low,2,1.0,0,0,0,0,0,0,0,0,0,0
2026-05-20 20:00:00,27.561914550488034,7.843897685963995,3.701351911564489,7.839317248718853,0.0,2.0,Pond_05,Mock_Data,Obs_Pond_05_20260520_20,Low,3,1.0,0,0,0,0,0,0,0,0,0,0
2026-05-20 20:00:00,27.561914550488034,7.843897685963995,3.701351911564489,7.839317248718853,0.0,2.0,Pond_05,Mock_Data,Obs_Pond_05_20260520_20,Medium,3,1.0,0,1,0,0,0,0,0,0,0,1
2026-05-21 00:00:00,27.45,7.88,3.71,7.72,1.0,1.0,Pond_01,Real_Data,Obs_Pond_01_20260521_00,Low,2,1.0,0,0,0,0,0,0,0,0,0,0
2026-05-21 00:00:00,27.45,7.880000000000001,3.71,7.72,0.0,1.0,Pond_02,Real_Data,Obs_Pond_02_20260521_00,Low,2,1.0,0,0,0,0,0,0,0,0,0,0
2026-05-21 00:00:00,27.119207914088,7.742233291452528,3.07630476534365,5.13411506071696,,,Pond_03,Real_Data,Obs_Pond_03_20260521_00,Unknown,0,1.0,0,-1,0,0,0,0,0,0,0,0
2026-05-21 00:00:00,27.449776704556932,7.848549435585244,3.6514219520884312,7.720033343198661,0.0,1.0,Pond_04,Mock_Data,Obs_Pond_04_20260521_00,Low,2,1.0,0,0,0,0,0,0,0,0,0,0
2026-05-21 00:00:00,27.41074798756508,7.8776976055003285,3.7066401817694774,7.735041689474302,0.0,1.0,Pond_05,Mock_Data,Obs_Pond_05_20260521_00,Low,2,1.0,0,0,0,0,0,0,0,0,0,0
2026-05-21 04:00:00,27.45,7.88,3.71,7.72,0.0,1.0,Pond_01,Real_Data,Obs_Pond_01_20260521_04,Low,2,1.0,0,0,0,0,0,0,0,0,0,0
2026-05-21 04:00:00,27.449999999999996,7.88,3.71,7.72,0.0,1.0,Pond_02,Real_Data,Obs_Pond_02_20260521_04,Low,2,1.0,0,0,0,0,0,0,0,0,0,0
2026-05-21 04:00:00,27.093314496027975,7.8675512493315,3.4259474170666127,6.28574643137529,,,Pond_03,Real_Data,Obs_Pond_03_20260521_04,Low,1,1.0,0,0,0,0,0,0,0,0,0,0
2026-05-21 04:00:00,27.378201318569133,7.86924901845259,3.663444681519563,7.7579691633464245,0.0,2.0,Pond_04,Mock_Data,Obs_Pond_04_20260521_04,Low,3,1.0,0,0,0,0,0,0,0,0,0,0
2026-05-21 04:00:00,27.378201318569133,7.86924901845259,3.663444681519563,7.7579691633464245,0.0,2.0,Pond_04,Mock_Data,Obs_Pond_04_20260521_04,Medium,3,1.0,0,1,0,0,0,0,0,0,0,1
2026-05-21 04:00:00,27.444002538329464,7.9144286800638,3.7336961624879077,7.666901119653919,0.0,2.0,Pond_05,Mock_Data,Obs_Pond_05_20260521_04,Medium,3,1.0,0,1,0,0,0,0,0,0,0,1
2026-05-21 08:00:00,27.45,7.88,3.71,7.72,1.0,1.0,Pond_01,Real_Data,Obs_Pond_01_20260521_08,Low,2,1.0,0,0,0,0,0,0,0,0,0,0
2026-05-21 08:00:00,27.45,7.88,3.71,7.72,0.0,1.0,Pond_02,Real_Data,Obs_Pond_02_20260521_08,Low,2,1.0,0,0,0,0,0,0,0,0,0,0
2026-05-21 08:00:00,27.520060370663,8.003316162247998,3.087024870286515,5.75625802794637,,,Pond_03,Real_Data,Obs_Pond_03_20260521_08,Unknown,0,1.0,0,-1,0,0,0,0,0,0,0,0
2026-05-21 08:00:00,27.543184829216028,7.900912487729032,3.6228254947693888,7.628813466482292,0.0,2.0,Pond_04,Mock_Data,Obs_Pond_04_20260521_08,Low,3,1.0,0,0,0,0,0,0,0,0,0,0
2026-05-21 08:00:00,27.543184829216028,7.900912487729032,3.6228254947693888,7.628813466482292,0.0,2.0,Pond_04,Mock_Data,Obs_Pond_04_20260521_08,Medium,3,1.0,0,1,0,0,0,0,0,0,0,1
2026-05-21 08:00:00,27.512654672392486,7.876962493378467,3.77506051366387,7.733933920507235,0.0,1.0,Pond_05,Mock_Data,Obs_Pond_05_20260521_08,Low,2,1.0,0,0,0,0,0,0,0,0,0,0
2026-05-21 08:00:00,27.512654672392486,7.876962493378467,3.77506051366387,7.733933920507235,0.0,1.0,Pond_05,Mock_Data,Obs_Pond_05_20260521_08,Medium,2,1.0,0,1,0,0,0,0,0,0,0,1
2026-05-21 12:00:00,27.45,7.88,3.71,7.72,0.0,1.0,Pond_01,Real_Data,Obs_Pond_01_20260521_12,Low,2,1.0,0,0,0,0,0,0,0,0,0,0
2026-05-21 12:00:00,27.45,7.88,3.71,7.72,0.0,1.0,Pond_02,Real_Data,Obs_Pond_02_20260521_12,Low,2,1.0,0,0,0,0,0,0,0,0,0,0
2026-05-21 12:00:00,27.018298271024324,7.75317436047307,3.140409194919585,7.42943825387399,,,Pond_03,Real_Data,Obs_Pond_03_20260521_12,Unknown,0,1.0,0,-1,0,0,0,0,0,0,0,0
2026-05-21 12:00:00,27.504381367274245,7.8910560118232835,3.705633048530306,7.57498487859973,0.0,1.0,Pond_04,Mock_Data,Obs_Pond_04_20260521_12,Low,2,1.0,0,0,0,0,0,0,0,0,0,0
2026-05-21 12:00:00,27.668740705348107,7.886482357411495,3.7582197246691686,7.697763926936676,0.0,1.0,Pond_05,Mock_Data,Obs_Pond_05_20260521_12,Low,2,1.0,0,0,0,0,0,0,0,0,0,0
2026-05-21 12:00:00,27.668740705348107,7.886482357411495,3.7582197246691686,7.697763926936676,0.0,1.0,Pond_05,Mock_Data,Obs_Pond_05_20260521_12,Medium,2,1.0,0,1,0,0,0,0,0,0,0,1
2026-05-21 16:00:00,27.45,7.88,3.71,7.72,1.0,1.0,Pond_01,Real_Data,Obs_Pond_01_20260521_16,Low,2,1.0,0,0,0,0,0,0,0,0,0,0
2026-05-21 16:00:00,27.45,7.88,3.71,7.72,0.0,1.0,Pond_02,Real_Data,Obs_Pond_02_20260521_16,Low,2,1.0,0,0,0,0,0,0,0,0,0,0
2026-05-21 16:00:00,27.53438555876885,7.9735678096388,3.421803416897415,6.78766360709587,,,Pond_03,Real_Data,Obs_Pond_03_20260521_16,Low,1,1.0,0,0,0,0,0,0,0,0,0,0
2026-05-21 16:00:00,27.43630402284147,7.9009791644039185,3.684196985314255,7.685230890032745,0.0,1.0,Pond_04,Mock_Data,Obs_Pond_04_20260521_16,Low,2,1.0,0,0,0,0,0,0,0,0,0,0
2026-05-21 16:00:00,27.372863251103688,7.909495321613135,3.648799974189854,7.740510080212689,0.0,1.0,Pond_05,Mock_Data,Obs_Pond_05_20260521_16,Low,2,1.0,0,0,0,0,0,0,0,0,0,0
2026-05-21 20:00:00,27.45,7.88,3.71,7.72,1.0,1.0,Pond_01,Real_Data,Obs_Pond_01_20260521_20,Low,2,1.0,0,0,0,0,0,0,0,0,0,0
2026-05-21 20:00:00,27.45,7.88,3.7100000000000004,7.72,0.0,1.0,Pond_02,Real_Data,Obs_Pond_02_20260521_20,Low,2,1.0,0,0,0,0,0,0,0,0,0,0
2026-05-21 20:00:00,27.445620572495827,7.847400545812425,3.28323270667161,6.46705855059598,,,Pond_03,Real_Data,Obs_Pond_03_20260521_20,Unknown,0,1.0,0,-1,0,0,0,0,0,0,0,0
2026-05-21 20:00:00,27.451666459455282,7.89119569373869,3.668323336709668,7.642906005993605,0.0,1.0,Pond_04,Mock_Data,Obs_Pond_04_20260521_20,Low,2,1.0,0,0,0,0,0,0,0,0,0,0
2026-05-21 20:00:00,27.47788154811573,7.871335455446512,3.7196580590184105,7.7566657050706365,0.0,1.0,Pond_05,Mock_Data,Obs_Pond_05_20260521_20,Low,2,1.0,0,0,0,0,0,0,0,0,0,0
2026-05-21 20:00:00,27.47788154811573,7.871335455446512,3.7196580590184105,7.7566657050706365,0.0,1.0,Pond_05,Mock_Data,Obs_Pond_05_20260521_20,Medium,2,1.0,0,1,0,0,0,0,0,0,0,1
2026-05-22 00:00:00,27.45,7.88,3.71,7.72,1.0,1.0,Pond_01,Real_Data,Obs_Pond_01_20260522_00,Low,2,1.0,0,0,0,0,0,0,0,0,0,0
2026-05-22 00:00:00,27.450000000000003,7.88,3.7100000000000004,7.72,0.0,1.0,Pond_02,Real_Data,Obs_Pond_02_20260522_00,Low,2,1.0,0,0,0,0,0,0,0,0,0,0
2026-05-22 00:00:00,27.59654354306045,7.9289378681943,3.747907295832893,6.04549943988744,,,Pond_03,Real_Data,Obs_Pond_03_20260522_00,Medium,1,1.0,0,1,0,0,0,0,0,0,0,1
2026-05-22 00:00:00,27.462916148932273,7.856335294863286,3.707062701613182,7.687908447132834,0.0,1.0,Pond_04,Mock_Data,Obs_Pond_04_20260522_00,Low,2,1.0,0,0,0,0,0,0,0,0,0,0
2026-05-22 00:00:00,27.406143931525637,15.653534858173972,3.7417672486357345,7.7963688632067605,0.0,2.0,Pond_05,Mock_Data,Obs_Pond_05_20260522_00,Medium,3,0.5,1,1,1,0,0,0,1,1,0,1
2026-05-22 04:00:00,27.45,7.88,3.71,7.72,1.0,1.0,Pond_01,Real_Data,Obs_Pond_01_20260522_04,Low,2,1.0,0,0,0,0,0,0,0,0,0,0
2026-05-22 04:00:00,27.45,7.88,3.71,7.72,0.0,1.0,Pond_02,Real_Data,Obs_Pond_02_20260522_04,Low,2,1.0,0,0,0,0,0,0,0,0,0,0
2026-05-22 04:00:00,27.026452472902026,8.028002956073937,3.470929685597695,6.35840738400731,,,Pond_03,Real_Data,Obs_Pond_03_20260522_04,Low,1,1.0,0,0,0,0,0,0,0,0,0,0
2026-05-22 04:00:00,27.32344756556204,7.872907272398179,3.7256934320935433,7.710666945980626,0.0,2.0,Pond_04,Mock_Data,Obs_Pond_04_20260522_04,Medium,3,1.0,0,1,0,0,0,0,0,0,0,1
2026-05-22 04:00:00,27.41660427083347,7.922714157385906,3.736683588573502,7.718466188340616,0.0,1.0,Pond_05,Mock_Data,Obs_Pond_05_20260522_04,Low,2,1.0,0,0,0,0,0,0,0,0,0,0
2026-05-22 04:00:00,27.41660427083347,7.922714157385906,3.736683588573502,7.718466188340616,0.0,1.0,Pond_05,Mock_Data,Obs_Pond_05_20260522_04,Medium,2,1.0,0,1,0,0,0,0,0,0,0,1
2026-05-22 08:00:00,27.45,7.88,3.71,7.72,1.0,1.0,Pond_01,Real_Data,Obs_Pond_01_20260522_08,Low,2,1.0,0,0,0,0,0,0,0,0,0,0
2026-05-22 08:00:00,27.45,7.88,3.71,7.72,0.0,1.0,Pond_02,Real_Data,Obs_Pond_02_20260522_08,Low,2,1.0,0,0,0,0,0,0,0,0,0,0
2026-05-22 08:00:00,27.5709681772172,7.8633087548181955,3.0909726838320375,6.38941495159106,,,Pond_03,Real_Data,Obs_Pond_03_20260522_08,Unknown,0,1.0,0,-1,0,0,0,0,0,0,0,0
2026-05-22 08:00:00,27.434679254892618,7.863271099869541,3.8002530501719867,7.691375133580326,0.0,1.0,Pond_04,Mock_Data,Obs_Pond_04_20260522_08,Low,2,1.0,0,0,0,0,0,0,0,0,0,0
2026-05-22 08:00:00,27.434679254892618,7.863271099869541,3.8002530501719867,7.691375133580326,0.0,1.0,Pond_04,Mock_Data,Obs_Pond_04_20260522_08,Medium,2,1.0,0,1,0,0,0,0,0,0,0,1
2026-05-22 08:00:00,27.40535924571821,7.877188732454447,3.682869136958799,7.823508418861941,0.0,2.0,Pond_05,Mock_Data,Obs_Pond_05_20260522_08,Low,3,1.0,0,0,0,0,0,0,0,0,0,0
2026-05-22 08:00:00,27.40535924571821,7.877188732454447,3.682869136958799,7.823508418861941,0.0,2.0,Pond_05,Mock_Data,Obs_Pond_05_20260522_08,Medium,3,1.0,0,1,0,0,0,0,0,0,0,1
2026-05-22 12:00:00,27.45,7.88,3.71,7.72,1.0,1.0,Pond_01,Real_Data,Obs_Pond_01_20260522_12,Low,2,1.0,0,0,0,0,0,0,0,0,0,0
2026-05-22 12:00:00,27.45,7.88,3.7099999999999995,7.72,0.0,1.0,Pond_02,Real_Data,Obs_Pond_02_20260522_12,Low,2,1.0,0,0,0,0,0,0,0,0,0,0
2026-05-22 12:00:00,27.447225848696277,7.712541950622238,3.33210385047115,5.69387000726036,,,Pond_03,Real_Data,Obs_Pond_03_20260522_12,Low,1,1.0,0,0,0,0,0,0,0,0,0,0
2026-05-22 12:00:00,27.407728709947992,7.908529966075382,3.644811663999701,7.811730469044021,0.0,1.0,Pond_04,Mock_Data,Obs_Pond_04_20260522_12,Low,2,1.0,0,0,0,0,0,0,0,0,0,0
2026-05-22 12:00:00,27.380228758534997,7.867616606243044,3.835648530991866,7.777346097424061,0.0,1.0,Pond_05,Mock_Data,Obs_Pond_05_20260522_12,Low,2,1.0,0,0,0,0,0,0,0,0,0,0
2026-05-22 12:00:00,27.380228758534997,7.867616606243044,3.835648530991866,7.777346097424061,0.0,1.0,Pond_05,Mock_Data,Obs_Pond_05_20260522_12,Medium,2,1.0,0,1,0,0,0,0,0,0,0,1
2026-05-22 16:00:00,27.45,7.88,3.71,7.72,0.0,1.0,Pond_01,Real_Data,Obs_Pond_01_20260522_16,Low,2,1.0,0,0,0,0,0,0,0,0,0,0
2026-05-22 16:00:00,27.45,7.88,3.71,7.72,0.0,1.0,Pond_02,Real_Data,Obs_Pond_02_20260522_16,Low,2,1.0,0,0,0,0,0,0,0,0,0,0
2026-05-22 16:00:00,27.520799159237473,7.761365687347823,3.28136244058754,6.10562934946826,,,Pond_03,Real_Data,Obs_Pond_03_20260522_16,Unknown,0,1.0,0,-1,0,0,0,0,0,0,0,0
2026-05-22 16:00:00,27.387916791942825,7.854338656637594,3.759989384118576,7.74063553904189,0.0,1.0,Pond_04,Mock_Data,Obs_Pond_04_20260522_16,Low,2,1.0,0,0,0,0,0,0,0,0,0,0
2026-05-22 16:00:00,27.387916791942825,7.854338656637594,3.759989384118576,7.74063553904189,0.0,1.0,Pond_04,Mock_Data,Obs_Pond_04_20260522_16,Medium,2,1.0,0,1,0,0,0,0,0,0,0,1
2026-05-22 16:00:00,27.447440645974204,7.894950062374991,3.6549355575484204,7.675321713067027,0.0,1.0,Pond_05,Mock_Data,Obs_Pond_05_20260522_16,Low,2,1.0,0,0,0,0,0,0,0,0,0,0
2026-05-22 20:00:00,27.45,7.88,3.71,7.72,1.0,1.0,Pond_01,Real_Data,Obs_Pond_01_20260522_20,Low,2,1.0,0,0,0,0,0,0,0,0,0,0
2026-05-22 20:00:00,27.45,7.88,3.71,7.72,0.0,1.0,Pond_02,Real_Data,Obs_Pond_02_20260522_20,Low,2,1.0,0,0,0,0,0,0,0,0,0,0
2026-05-22 20:00:00,28.054761017621,7.8055966825872645,3.381994046008715,6.75395381845926,,,Pond_03,Real_Data,Obs_Pond_03_20260522_20,Low,1,1.0,0,0,0,0,0,0,0,0,0,0
2026-05-22 20:00:00,27.432576618082937,7.899162517406965,3.7519575151767937,7.738976433750615,0.0,1.0,Pond_04,Mock_Data,Obs_Pond_04_20260522_20,Low,2,1.0,0,0,0,0,0,0,0,0,0,0
2026-05-22 20:00:00,27.432576618082937,7.899162517406965,3.7519575151767937,7.738976433750615,0.0,1.0,Pond_04,Mock_Data,Obs_Pond_04_20260522_20,Medium,2,1.0,0,1,0,0,0,0,0,0,0,1
2026-05-22 20:00:00,27.358606201756608,7.872548427908631,3.663295835181982,7.859563254894065,0.0,1.0,Pond_05,Mock_Data,Obs_Pond_05_20260522_20,Low,2,1.0,0,0,0,0,0,0,0,0,0,0
2026-05-23 00:00:00,27.45,7.88,3.71,7.72,0.0,1.0,Pond_01,Real_Data,Obs_Pond_01_20260523_00,Low,2,1.0,0,0,0,0,0,0,0,0,0,0
2026-05-23 00:00:00,27.45,7.880000000000001,3.71,7.72,0.0,1.0,Pond_02,Real_Data,Obs_Pond_02_20260523_00,Low,2,1.0,0,0,0,0,0,0,0,0,0,0
2026-05-23 00:00:00,27.02485982522605,7.8253996544623,3.4771770218032274,6.77088220586389,,,Pond_03,Real_Data,Obs_Pond_03_20260523_00,Low,1,1.0,0,0,0,0,0,0,0,0,0,0
2026-05-23 00:00:00,27.561425636035054,7.899146568557509,3.676407622034406,7.759295441592393,0.0,2.0,Pond_04,Mock_Data,Obs_Pond_04_20260523_00,Low,3,1.0,0,0,0,0,0,0,0,0,0,0
2026-05-23 00:00:00,27.561425636035054,7.899146568557509,3.676407622034406,7.759295441592393,0.0,2.0,Pond_04,Mock_Data,Obs_Pond_04_20260523_00,Medium,3,1.0,0,1,0,0,0,0,0,0,0,1
2026-05-23 00:00:00,27.508685779598224,7.855201335146879,3.720071989975058,7.740651311898697,0.0,1.0,Pond_05,Mock_Data,Obs_Pond_05_20260523_00,Low,2,1.0,0,0,0,0,0,0,0,0,0,0
2026-05-23 00:00:00,27.508685779598224,7.855201335146879,3.720071989975058,7.740651311898697,0.0,1.0,Pond_05,Mock_Data,Obs_Pond_05_20260523_00,Medium,2,1.0,0,1,0,0,0,0,0,0,0,1
2026-05-23 04:00:00,27.45,7.88,3.71,7.72,0.0,1.0,Pond_01,Real_Data,Obs_Pond_01_20260523_04,Low,2,1.0,0,0,0,0,0,0,0,0,0,0
2026-05-23 04:00:00,27.45,7.88,3.71,7.72,0.0,1.0,Pond_02,Real_Data,Obs_Pond_02_20260523_04,Low,2,1.0,0,0,0,0,0,0,0,0,0,0
2026-05-23 04:00:00,27.1482576069205,7.928439000677457,3.3379387429003224,6.31783720445506,,,Pond_03,Real_Data,Obs_Pond_03_20260523_04,Low,1,1.0,0,0,0,0,0,0,0,0,0,0
2026-05-23 04:00:00,27.489721231899278,7.919230412453549,3.7187629863013667,7.648077087041425,0.0,1.0,Pond_04,Mock_Data,Obs_Pond_04_20260523_04,Low,2,1.0,0,0,0,0,0,0,0,0,0,0
2026-05-23 04:00:00,27.489721231899278,7.919230412453549,3.7187629863013667,7.648077087041425,0.0,1.0,Pond_04,Mock_Data,Obs_Pond_04_20260523_04,Medium,2,1.0,0,1,0,0,0,0,0,0,0,1
2026-05-23 04:00:00,27.453409235725903,7.9074721063868845,3.8012708394098995,7.667257779852929,0.0,1.0,Pond_05,Mock_Data,Obs_Pond_05_20260523_04,Low,2,1.0,0,0,0,0,0,0,0,0,0,0
2026-05-23 04:00:00,27.453409235725903,7.9074721063868845,3.8012708394098995,7.667257779852929,0.0,1.0,Pond_05,Mock_Data,Obs_Pond_05_20260523_04,Medium,2,1.0,0,1,0,0,0,0,0,0,0,1
2026-05-23 08:00:00,27.45,7.88,3.71,7.72,1.0,1.0,Pond_01,Real_Data,Obs_Pond_01_20260523_08,Low,2,1.0,0,0,0,0,0,0,0,0,0,0
2026-05-23 08:00:00,27.45,7.88,3.7099999999999995,7.72,0.0,1.0,Pond_02,Real_Data,Obs_Pond_02_20260523_08,Low,2,1.0,0,0,0,0,0,0,0,0,0,0
2026-05-23 08:00:00,26.81084793273255,7.819691088057063,3.32053305821857,6.08828046662158,,,Pond_03,Real_Data,Obs_Pond_03_20260523_08,Low,1,1.0,0,0,0,0,0,0,0,0,0,0
2026-05-23 08:00:00,27.414596729587807,7.871215568132408,3.6902680883745997,7.785625020447679,0.0,1.0,Pond_04,Mock_Data,Obs_Pond_04_20260523_08,Low,2,1.0,0,0,0,0,0,0,0,0,0,0
2026-05-23 08:00:00,27.476183700459437,7.906082862818285,3.673945532979539,7.824389589357396,0.0,1.0,Pond_05,Mock_Data,Obs_Pond_05_20260523_08,Low,2,1.0,0,0,0,0,0,0,0,0,0,0
2026-05-23 12:00:00,27.45,7.88,3.71,7.72,0.0,1.0,Pond_01,Real_Data,Obs_Pond_01_20260523_12,Low,2,1.0,0,0,0,0,0,0,0,0,0,0
2026-05-23 12:00:00,27.45,7.88,3.71,7.72,0.0,1.0,Pond_02,Real_Data,Obs_Pond_02_20260523_12,Low,2,1.0,0,0,0,0,0,0,0,0,0,0
2026-05-23 12:00:00,27.240887463427125,7.750116028462602,3.18145946306791,5.70603223810733,,,Pond_03,Real_Data,Obs_Pond_03_20260523_12,Unknown,0,1.0,0,-1,0,0,0,0,0,0,0,0
2026-05-23 12:00:00,27.48549028133795,7.8952734934244395,3.7180063908467575,7.715215112644004,0.0,1.0,Pond_04,Mock_Data,Obs_Pond_04_20260523_12,Low,2,1.0,0,0,0,0,0,0,0,0,0,0
2026-05-23 12:00:00,27.48549028133795,7.8952734934244395,3.7180063908467575,7.715215112644004,0.0,1.0,Pond_04,Mock_Data,Obs_Pond_04_20260523_12,Medium,2,1.0,0,1,0,0,0,0,0,0,0,1
2026-05-23 12:00:00,27.42110432668734,7.883334453976424,3.698538197724787,7.851221874455773,0.0,1.0,Pond_05,Mock_Data,Obs_Pond_05_20260523_12,Low,2,1.0,0,0,0,0,0,0,0,0,0,0
2026-05-23 16:00:00,27.45,7.88,3.71,7.72,1.0,1.0,Pond_01,Real_Data,Obs_Pond_01_20260523_16,Low,2,1.0,0,0,0,0,0,0,0,0,0,0
2026-05-23 16:00:00,27.45,7.88,3.71,7.72,0.0,1.0,Pond_02,Real_Data,Obs_Pond_02_20260523_16,Low,2,1.0,0,0,0,0,0,0,0,0,0,0
2026-05-23 16:00:00,27.239392518597576,7.798612345701253,3.150570510560595,6.67414646724708,,,Pond_03,Real_Data,Obs_Pond_03_20260523_16,Unknown,0,1.0,0,-1,0,0,0,0,0,0,0,0
2026-05-23 16:00:00,27.536735961599472,7.928922799682066,3.77506965966907,7.762344148867239,0.0,1.0,Pond_04,Mock_Data,Obs_Pond_04_20260523_16,Low,2,1.0,0,0,0,0,0,0,0,0,0,0
2026-05-23 16:00:00,27.536735961599472,7.928922799682066,3.77506965966907,7.762344148867239,0.0,1.0,Pond_04,Mock_Data,Obs_Pond_04_20260523_16,Medium,2,1.0,0,1,0,0,0,0,0,0,0,1
2026-05-23 16:00:00,27.427239673706726,7.852921863720493,3.756449998074476,7.717914292154969,0.0,1.0,Pond_05,Mock_Data,Obs_Pond_05_20260523_16,Low,2,1.0,0,0,0,0,0,0,0,0,0,0
2026-05-23 16:00:00,27.427239673706726,7.852921863720493,3.756449998074476,7.717914292154969,0.0,1.0,Pond_05,Mock_Data,Obs_Pond_05_20260523_16,Medium,2,1.0,0,1,0,0,0,0,0,0,0,1
2026-05-23 20:00:00,27.45,7.88,3.71,7.72,1.0,1.0,Pond_01,Real_Data,Obs_Pond_01_20260523_20,Low,2,1.0,0,0,0,0,0,0,0,0,0,0
2026-05-23 20:00:00,27.45,7.88,3.71,7.72,0.0,1.0,Pond_02,Real_Data,Obs_Pond_02_20260523_20,Low,2,1.0,0,0,0,0,0,0,0,0,0,0
2026-05-23 20:00:00,26.683714908989977,7.920046319075455,3.3358842860368574,5.99566450776964,,,Pond_03,Real_Data,Obs_Pond_03_20260523_20,Low,1,1.0,0,0,0,0,0,0,0,0,0,0
2026-05-23 20:00:00,27.50731138030975,7.86675662975743,3.7361121076306603,7.652306943596624,0.0,1.0,Pond_04,Mock_Data,Obs_Pond_04_20260523_20,Low,2,1.0,0,0,0,0,0,0,0,0,0,0
2026-05-23 20:00:00,27.50731138030975,7.86675662975743,3.7361121076306603,7.652306943596624,0.0,1.0,Pond_04,Mock_Data,Obs_Pond_04_20260523_20,Medium,2,1.0,0,1,0,0,0,0,0,0,0,1
2026-05-23 20:00:00,27.467824014674097,7.85363670235359,3.7092298320495853,7.688192008756167,0.0,1.0,Pond_05,Mock_Data,Obs_Pond_05_20260523_20,Low,2,1.0,0,0,0,0,0,0,0,0,0,0
2026-05-24 00:00:00,27.45,7.88,3.71,7.72,1.0,1.0,Pond_01,Real_Data,Obs_Pond_01_20260524_00,Low,2,1.0,0,0,0,0,0,0,0,0,0,0
2026-05-24 00:00:00,27.45,7.88,3.71,7.72,0.0,1.0,Pond_02,Real_Data,Obs_Pond_02_20260524_00,Low,2,1.0,0,0,0,0,0,0,0,0,0,0
2026-05-24 00:00:00,27.114318117366025,7.746588925354271,3.2079073465248324,6.86592684246823,,,Pond_03,Real_Data,Obs_Pond_03_20260524_00,Unknown,0,1.0,0,-1,0,0,0,0,0,0,0,0
2026-05-24 00:00:00,27.453696057013346,7.847085921992439,3.7319298215046803,7.6218724914633995,0.0,1.0,Pond_04,Mock_Data,Obs_Pond_04_20260524_00,Low,2,1.0,0,0,0,0,0,0,0,0,0,0
2026-05-24 00:00:00,27.453696057013346,7.847085921992439,3.7319298215046803,7.6218724914633995,0.0,1.0,Pond_04,Mock_Data,Obs_Pond_04_20260524_00,Medium,2,1.0,0,1,0,0,0,0,0,0,0,1
2026-05-24 00:00:00,27.37784888791477,7.8822991925908115,3.695572784108964,7.709113673577269,0.0,1.0,Pond_05,Mock_Data,Obs_Pond_05_20260524_00,Low,2,1.0,0,0,0,0,0,0,0,0,0,0
2026-05-24 04:00:00,27.45,7.88,3.71,7.72,1.0,1.0,Pond_01,Real_Data,Obs_Pond_01_20260524_04,Low,2,1.0,0,0,0,0,0,0,0,0,0,0
2026-05-24 04:00:00,27.45,7.88,3.71,7.72,0.0,1.0,Pond_02,Real_Data,Obs_Pond_02_20260524_04,Low,2,1.0,0,0,0,0,0,0,0,0,0,0
2026-05-24 04:00:00,27.08332431483455,7.812801494974492,3.2438314816390275,6.3657385482344,,,Pond_03,Real_Data,Obs_Pond_03_20260524_04,Unknown,0,1.0,0,-1,0,0,0,0,0,0,0,0
2026-05-24 04:00:00,27.409901050125438,7.839689137134671,3.691446222525962,7.771653754852585,0.0,1.0,Pond_04,Mock_Data,Obs_Pond_04_20260524_04,Low,2,1.0,0,0,0,0,0,0,0,0,0,0
2026-05-24 04:00:00,27.427810752178868,7.869281848309927,3.7343885654038513,7.765138824138835,0.0,1.0,Pond_05,Mock_Data,Obs_Pond_05_20260524_04,Low,2,1.0,0,0,0,0,0,0,0,0,0,0
2026-05-24 04:00:00,27.427810752178868,7.869281848309927,3.7343885654038513,7.765138824138835,0.0,1.0,Pond_05,Mock_Data,Obs_Pond_05_20260524_04,Medium,2,1.0,0,1,0,0,0,0,0,0,0,1
2026-05-24 08:00:00,27.45,7.88,3.71,7.72,1.0,1.0,Pond_01,Real_Data,Obs_Pond_01_20260524_08,Low,2,1.0,0,0,0,0,0,0,0,0,0,0
2026-05-24 08:00:00,27.45,7.880000000000001,3.71,7.72,0.0,1.0,Pond_02,Real_Data,Obs_Pond_02_20260524_08,Low,2,1.0,0,0,0,0,0,0,0,0,0,0
2026-05-24 08:00:00,27.241432558612374,7.9409120953108845,3.4516683656796,6.10581025749469,,,Pond_03,Real_Data,Obs_Pond_03_20260524_08,Low,1,1.0,0,0,0,0,0,0,0,0,0,0
2026-05-24 08:00:00,27.493277832732186,7.895281852936807,3.6460114786201436,7.743772113016036,0.0,1.0,Pond_04,Mock_Data,Obs_Pond_04_20260524_08,Low,2,1.0,0,0,0,0,0,0,0,0,0,0
2026-05-24 08:00:00,27.396718751518875,7.872686342006743,3.721750240847502,7.800702933150024,0.0,1.0,Pond_05,Mock_Data,Obs_Pond_05_20260524_08,Low,2,1.0,0,0,0,0,0,0,0,0,0,0
2026-05-24 08:00:00,27.396718751518875,7.872686342006743,3.721750240847502,7.800702933150024,0.0,1.0,Pond_05,Mock_Data,Obs_Pond_05_20260524_08,Medium,2,1.0,0,1,0,0,0,0,0,0,0,1
2026-05-24 12:00:00,27.45,7.88,3.71,7.72,1.0,1.0,Pond_01,Real_Data,Obs_Pond_01_20260524_12,Low,2,1.0,0,0,0,0,0,0,0,0,0,0
2026-05-24 12:00:00,27.45,7.88,3.7099999999999995,7.72,0.0,1.0,Pond_02,Real_Data,Obs_Pond_02_20260524_12,Low,2,1.0,0,0,0,0,0,0,0,0,0,0
2026-05-24 12:00:00,27.2517001326631,7.9005982080903525,3.5638948007565925,7.11099741298444,,,Pond_03,Real_Data,Obs_Pond_03_20260524_12,Low,1,1.0,0,0,0,0,0,0,0,0,0,0
2026-05-24 12:00:00,27.474389324104216,7.839621806042132,3.7010114129315506,7.663031007427471,0.0,1.0,Pond_04,Mock_Data,Obs_Pond_04_20260524_12,Low,2,1.0,0,0,0,0,0,0,0,0,0,0
2026-05-24 12:00:00,27.394800055698813,7.9019127642161635,3.754429741682886,7.756029080996193,0.0,1.0,Pond_05,Mock_Data,Obs_Pond_05_20260524_12,Low,2,1.0,0,0,0,0,0,0,0,0,0,0
2026-05-24 12:00:00,27.394800055698813,7.9019127642161635,3.754429741682886,7.756029080996193,0.0,1.0,Pond_05,Mock_Data,Obs_Pond_05_20260524_12,Medium,2,1.0,0,1,0,0,0,0,0,0,0,1
2026-05-24 16:00:00,27.45,7.88,3.71,7.72,0.0,1.0,Pond_01,Real_Data,Obs_Pond_01_20260524_16,Low,2,1.0,0,0,0,0,0,0,0,0,0,0
2026-05-24 16:00:00,27.449999999999996,7.88,3.71,7.72,0.0,1.0,Pond_02,Real_Data,Obs_Pond_02_20260524_16,Low,2,1.0,0,0,0,0,0,0,0,0,0,0
2026-05-24 16:00:00,26.994324433809673,7.76120934944812,3.320850415429205,6.35054697531986,,,Pond_03,Real_Data,Obs_Pond_03_20260524_16,Low,1,1.0,0,0,0,0,0,0,0,0,0,0
2026-05-24 16:00:00,27.505486578124756,7.8720167967114865,3.762025689813236,7.665076498811613,0.0,1.0,Pond_04,Mock_Data,Obs_Pond_04_20260524_16,Low,2,1.0,0,0,0,0,0,0,0,0,0,0
2026-05-24 16:00:00,27.505486578124756,7.8720167967114865,3.762025689813236,7.665076498811613,0.0,1.0,Pond_04,Mock_Data,Obs_Pond_04_20260524_16,Medium,2,1.0,0,1,0,0,0,0,0,0,0,1
2026-05-24 16:00:00,27.31922632818259,7.895720709138389,3.7656846558305723,7.726424320960247,0.0,2.0,Pond_05,Mock_Data,Obs_Pond_05_20260524_16,Medium,3,1.0,0,1,0,0,0,0,0,0,0,1
2026-05-24 20:00:00,27.45,7.88,3.71,7.72,1.0,1.0,Pond_01,Real_Data,Obs_Pond_01_20260524_20,Low,2,1.0,0,0,0,0,0,0,0,0,0,0
2026-05-24 20:00:00,27.45,7.88,3.71,7.72,0.0,1.0,Pond_02,Real_Data,Obs_Pond_02_20260524_20,Low,2,1.0,0,0,0,0,0,0,0,0,0,0
2026-05-24 20:00:00,27.576999454021326,7.799743069803068,3.174923948209745,5.43557759113495,,,Pond_03,Real_Data,Obs_Pond_03_20260524_20,Unknown,0,1.0,0,-1,0,0,0,0,0,0,0,0
2026-05-24 20:00:00,27.489369723773798,7.889376796715965,3.6441526402922095,7.79107674230422,0.0,1.0,Pond_04,Mock_Data,Obs_Pond_04_20260524_20,Low,2,1.0,0,0,0,0,0,0,0,0,0,0
2026-05-24 20:00:00,27.533015205856277,7.909549906436895,3.7232371440613665,7.814606811555041,0.0,1.0,Pond_05,Mock_Data,Obs_Pond_05_20260524_20,Low,2,1.0,0,0,0,0,0,0,0,0,0,0
2026-05-24 20:00:00,27.533015205856277,7.909549906436895,3.7232371440613665,7.814606811555041,0.0,1.0,Pond_05,Mock_Data,Obs_Pond_05_20260524_20,Medium,2,1.0,0,1,0,0,0,0,0,0,0,1
2026-05-25 00:00:00,27.45,7.88,3.71,7.72,1.0,1.0,Pond_01,Real_Data,Obs_Pond_01_20260525_00,Low,2,1.0,0,0,0,0,0,0,0,0,0,0
2026-05-25 00:00:00,27.45,7.880000000000001,3.71,7.72,0.0,1.0,Pond_02,Real_Data,Obs_Pond_02_20260525_00,Low,2,1.0,0,0,0,0,0,0,0,0,0,0
2026-05-25 00:00:00,26.7235634953897,7.86516881261356,3.1907982360518448,6.3430404968064,,,Pond_03,Real_Data,Obs_Pond_03_20260525_00,Unknown,0,1.0,0,-1,0,0,0,0,0,0,0,0
2026-05-25 00:00:00,27.51505421112641,7.883970503101863,3.66450739167249,7.644882788613232,0.0,1.0,Pond_04,Mock_Data,Obs_Pond_04_20260525_00,Low,2,1.0,0,0,0,0,0,0,0,0,0,0
2026-05-25 00:00:00,27.407446408987145,7.858759221393214,3.722578728411307,7.700242837980162,0.0,1.0,Pond_05,Mock_Data,Obs_Pond_05_20260525_00,Low,2,1.0,0,0,0,0,0,0,0,0,0,0
2026-05-25 00:00:00,27.407446408987145,7.858759221393214,3.722578728411307,7.700242837980162,0.0,1.0,Pond_05,Mock_Data,Obs_Pond_05_20260525_00,Medium,2,1.0,0,1,0,0,0,0,0,0,0,1
2026-05-25 04:00:00,27.45,7.88,3.71,7.72,1.0,1.0,Pond_01,Real_Data,Obs_Pond_01_20260525_04,Low,2,1.0,0,0,0,0,0,0,0,0,0,0
2026-05-25 04:00:00,27.45,7.88,3.71,7.72,0.0,1.0,Pond_02,Real_Data,Obs_Pond_02_20260525_04,Low,2,1.0,0,0,0,0,0,0,0,0,0,0
2026-05-25 04:00:00,27.237637113975424,7.88074490113324,3.3451011932065127,6.95557655276935,,,Pond_03,Real_Data,Obs_Pond_03_20260525_04,Low,1,1.0,0,0,0,0,0,0,0,0,0,0
2026-05-25 04:00:00,27.41682462543622,7.889122318108718,3.715444324283946,7.823742876802409,0.0,1.0,Pond_04,Mock_Data,Obs_Pond_04_20260525_04,Low,2,1.0,0,0,0,0,0,0,0,0,0,0
2026-05-25 04:00:00,27.41682462543622,7.889122318108718,3.715444324283946,7.823742876802409,0.0,1.0,Pond_04,Mock_Data,Obs_Pond_04_20260525_04,Medium,2,1.0,0,1,0,0,0,0,0,0,0,1
2026-05-25 04:00:00,27.522109299902098,7.87264134339054,3.7192318881694297,7.785107626993815,0.0,1.0,Pond_05,Mock_Data,Obs_Pond_05_20260525_04,Low,2,1.0,0,0,0,0,0,0,0,0,0,0
2026-05-25 04:00:00,27.522109299902098,7.87264134339054,3.7192318881694297,7.785107626993815,0.0,1.0,Pond_05,Mock_Data,Obs_Pond_05_20260525_04,Medium,2,1.0,0,1,0,0,0,0,0,0,0,1
2026-05-25 08:00:00,27.45,7.88,3.71,7.72,0.0,1.0,Pond_01,Real_Data,Obs_Pond_01_20260525_08,Low,2,1.0,0,0,0,0,0,0,0,0,0,0
2026-05-25 08:00:00,27.45,7.88,3.7099999999999995,7.72,0.0,1.0,Pond_02,Real_Data,Obs_Pond_02_20260525_08,Low,2,1.0,0,0,0,0,0,0,0,0,0,0
2026-05-25 08:00:00,27.2481597093464,7.798281840843775,3.51941114227935,6.02507213170875,,,Pond_03,Real_Data,Obs_Pond_03_20260525_08,Low,1,1.0,0,0,0,0,0,0,0,0,0,0
2026-05-25 08:00:00,27.53165576672,7.884766302164311,3.667544340966799,7.663121370729899,0.0,1.0,Pond_04,Mock_Data,Obs_Pond_04_20260525_08,Low,2,1.0,0,0,0,0,0,0,0,0,0,0
2026-05-25 08:00:00,27.516246735691706,7.89627395944233,3.7310899905788233,7.701807417391588,0.0,1.0,Pond_05,Mock_Data,Obs_Pond_05_20260525_08,Low,2,1.0,0,0,0,0,0,0,0,0,0,0
2026-05-25 08:00:00,27.516246735691706,7.89627395944233,3.7310899905788233,7.701807417391588,0.0,1.0,Pond_05,Mock_Data,Obs_Pond_05_20260525_08,Medium,2,1.0,0,1,0,0,0,0,0,0,0,1
2026-05-25 12:00:00,27.45,7.88,3.71,7.72,0.0,1.0,Pond_01,Real_Data,Obs_Pond_01_20260525_12,Low,2,1.0,0,0,0,0,0,0,0,0,0,0
2026-05-25 12:00:00,27.45,7.88,3.7099999999999995,7.72,0.0,1.0,Pond_02,Real_Data,Obs_Pond_02_20260525_12,Low,2,1.0,0,0,0,0,0,0,0,0,0,0
2026-05-25 12:00:00,27.904903445787674,7.725573961871185,3.42882903022474,6.14795896902299,,,Pond_03,Real_Data,Obs_Pond_03_20260525_12,Low,1,1.0,0,0,0,0,0,0,0,0,0,0
2026-05-25 12:00:00,27.462247775852063,7.907421228341255,3.6758285261349135,7.7603175901561965,0.0,1.0,Pond_04,Mock_Data,Obs_Pond_04_20260525_12,Low,2,1.0,0,0,0,0,0,0,0,0,0,0
2026-05-25 12:00:00,27.37029014341526,7.889607621359313,3.7123788091279915,7.7472212198680825,0.0,1.0,Pond_05,Mock_Data,Obs_Pond_05_20260525_12,Low,2,1.0,0,0,0,0,0,0,0,0,0,0
2026-05-25 12:00:00,27.37029014341526,7.889607621359313,3.7123788091279915,7.7472212198680825,0.0,1.0,Pond_05,Mock_Data,Obs_Pond_05_20260525_12,Medium,2,1.0,0,1,0,0,0,0,0,0,0,1
2026-05-25 16:00:00,27.45,7.88,3.71,7.72,1.0,1.0,Pond_01,Real_Data,Obs_Pond_01_20260525_16,Low,2,1.0,0,0,0,0,0,0,0,0,0,0
2026-05-25 16:00:00,27.45,7.88,3.71,7.72,0.0,1.0,Pond_02,Real_Data,Obs_Pond_02_20260525_16,Low,2,1.0,0,0,0,0,0,0,0,0,0,0
2026-05-25 16:00:00,27.259823750393878,7.996397369948455,3.44538077605871,6.39757152619052,,,Pond_03,Real_Data,Obs_Pond_03_20260525_16,Low,1,1.0,0,0,0,0,0,0,0,0,0,0
2026-05-25 16:00:00,27.578630469894094,7.859580590350055,3.691735571461638,7.699246126882987,0.0,1.0,Pond_04,Mock_Data,Obs_Pond_04_20260525_16,Low,2,1.0,0,0,0,0,0,0,0,0,0,0
2026-05-25 16:00:00,27.382537229160253,7.912857045625237,3.709973763883139,7.712827965454067,0.0,1.0,Pond_05,Mock_Data,Obs_Pond_05_20260525_16,Low,2,1.0,0,0,0,0,0,0,0,0,0,0
2026-05-25 20:00:00,27.45,7.88,3.71,7.72,0.0,1.0,Pond_01,Real_Data,Obs_Pond_01_20260525_20,Low,2,1.0,0,0,0,0,0,0,0,0,0,0
2026-05-25 20:00:00,27.45,7.88,3.71,7.72,0.0,1.0,Pond_02,Real_Data,Obs_Pond_02_20260525_20,Low,2,1.0,0,0,0,0,0,0,0,0,0,0
2026-05-25 20:00:00,27.276267062530376,7.8931985904617505,2.7235925261290728,6.87738772755466,,,Pond_03,Real_Data,Obs_Pond_03_20260525_20,Unknown,0,1.0,0,-1,0,0,0,0,0,0,0,0
2026-05-25 20:00:00,27.407282212537453,7.865483982694405,3.6511182601513528,7.758094253166769,0.0,2.0,Pond_04,Mock_Data,Obs_Pond_04_20260525_20,Low,3,1.0,0,0,0,0,0,0,0,0,0,0
2026-05-25 20:00:00,27.407282212537453,7.865483982694405,3.6511182601513528,7.758094253166769,0.0,2.0,Pond_04,Mock_Data,Obs_Pond_04_20260525_20,Medium,3,1.0,0,1,0,0,0,0,0,0,0,1
2026-05-25 20:00:00,27.608707130834347,7.8890170781941515,3.7615953345411337,7.716472659945723,0.0,1.0,Pond_05,Mock_Data,Obs_Pond_05_20260525_20,Low,2,1.0,0,0,0,0,0,0,0,0,0,0
2026-05-25 20:00:00,27.608707130834347,7.8890170781941515,3.7615953345411337,7.716472659945723,0.0,1.0,Pond_05,Mock_Data,Obs_Pond_05_20260525_20,Medium,2,1.0,0,1,0,0,0,0,0,0,0,1
2026-05-26 00:00:00,27.45,7.88,3.71,7.72,1.0,1.0,Pond_01,Real_Data,Obs_Pond_01_20260526_00,Low,2,1.0,0,0,0,0,0,0,0,0,0,0
2026-05-26 00:00:00,27.45,7.880000000000001,3.71,7.72,0.0,1.0,Pond_02,Real_Data,Obs_Pond_02_20260526_00,Low,2,1.0,0,0,0,0,0,0,0,0,0,0
2026-05-26 00:00:00,27.6953710383437,7.8769431371974825,3.370699177387835,6.79843533700043,,,Pond_03,Real_Data,Obs_Pond_03_20260526_00,Low,1,1.0,0,0,0,0,0,0,0,0,0,0
2026-05-26 00:00:00,27.55759988908662,7.8634327645181905,3.6679984928766993,7.685636524436643,0.0,1.0,Pond_04,Mock_Data,Obs_Pond_04_20260526_00,Low,2,1.0,0,0,0,0,0,0,0,0,0,0
2026-05-26 00:00:00,27.55852728427098,7.919626848427459,3.775370841231282,7.6961661851737615,0.0,1.0,Pond_05,Mock_Data,Obs_Pond_05_20260526_00,Low,2,1.0,0,0,0,0,0,0,0,0,0,0
2026-05-26 00:00:00,27.55852728427098,7.919626848427459,3.775370841231282,7.6961661851737615,0.0,1.0,Pond_05,Mock_Data,Obs_Pond_05_20260526_00,Medium,2,1.0,0,1,0,0,0,0,0,0,0,1
2026-05-26 04:00:00,27.45,7.88,3.71,7.72,1.0,1.0,Pond_01,Real_Data,Obs_Pond_01_20260526_04,Low,2,1.0,0,0,0,0,0,0,0,0,0,0
2026-05-26 04:00:00,27.45,7.88,3.71,7.72,0.0,1.0,Pond_02,Real_Data,Obs_Pond_02_20260526_04,Low,2,1.0,0,0,0,0,0,0,0,0,0,0
2026-05-26 04:00:00,27.359516752912775,7.81935092408818,3.135810015634335,5.48108677632509,,,Pond_03,Real_Data,Obs_Pond_03_20260526_04,Unknown,0,1.0,0,-1,0,0,0,0,0,0,0,0
2026-05-26 04:00:00,27.462267063582086,7.897800834929775,3.7403299148586266,7.709718827253173,0.0,1.0,Pond_04,Mock_Data,Obs_Pond_04_20260526_04,Low,2,1.0,0,0,0,0,0,0,0,0,0,0
2026-05-26 04:00:00,27.462267063582086,7.897800834929775,3.7403299148586266,7.709718827253173,0.0,1.0,Pond_04,Mock_Data,Obs_Pond_04_20260526_04,Medium,2,1.0,0,1,0,0,0,0,0,0,0,1
2026-05-26 04:00:00,27.448046394439736,7.891578972004128,3.64499838240081,7.804934146993447,0.0,1.0,Pond_05,Mock_Data,Obs_Pond_05_20260526_04,Low,2,1.0,0,0,0,0,0,0,0,0,0,0
2026-05-26 08:00:00,27.45,7.88,3.71,7.72,1.0,1.0,Pond_01,Real_Data,Obs_Pond_01_20260526_08,Low,2,1.0,0,0,0,0,0,0,0,0,0,0
2026-05-26 08:00:00,27.45,7.88,3.71,7.72,0.0,1.0,Pond_02,Real_Data,Obs_Pond_02_20260526_08,Low,2,1.0,0,0,0,0,0,0,0,0,0,0
2026-05-26 08:00:00,27.1292993463521,7.696516844056152,3.160697402950935,6.26529802883386,,,Pond_03,Real_Data,Obs_Pond_03_20260526_08,Unknown,0,1.0,0,-1,0,0,0,0,0,0,0,0
2026-05-26 08:00:00,27.409623291217166,7.899306196970389,3.653629740535595,7.722584247195109,0.0,1.0,Pond_04,Mock_Data,Obs_Pond_04_20260526_08,Low,2,1.0,0,0,0,0,0,0,0,0,0,0
2026-05-26 08:00:00,27.465952704574768,7.902774817978372,3.71043208503931,7.673712115655122,0.0,1.0,Pond_05,Mock_Data,Obs_Pond_05_20260526_08,Low,2,1.0,0,0,0,0,0,0,0,0,0,0
2026-05-26 08:00:00,27.465952704574768,7.902774817978372,3.71043208503931,7.673712115655122,0.0,1.0,Pond_05,Mock_Data,Obs_Pond_05_20260526_08,Medium,2,1.0,0,1,0,0,0,0,0,0,0,1
2026-05-26 12:00:00,27.45,7.88,3.71,7.72,1.0,1.0,Pond_01,Real_Data,Obs_Pond_01_20260526_12,Low,2,1.0,0,0,0,0,0,0,0,0,0,0
2026-05-26 12:00:00,27.45,7.88,3.71,7.72,0.0,1.0,Pond_02,Real_Data,Obs_Pond_02_20260526_12,Low,2,1.0,0,0,0,0,0,0,0,0,0,0
2026-05-26 12:00:00,27.259804672319298,7.979079219690788,3.49995799986335,6.55307274106815,,,Pond_03,Real_Data,Obs_Pond_03_20260526_12,Low,1,1.0,0,0,0,0,0,0,0,0,0,0
2026-05-26 12:00:00,27.420007403391764,7.889675098345409,3.6411040624950712,7.65670693271477,0.0,1.0,Pond_04,Mock_Data,Obs_Pond_04_20260526_12,Low,2,1.0,0,0,0,0,0,0,0,0,0,0
2026-05-26 12:00:00,27.410898376530636,7.873063246248955,3.680305353211735,7.673250692276198,0.0,1.0,Pond_05,Mock_Data,Obs_Pond_05_20260526_12,Low,2,1.0,0,0,0,0,0,0,0,0,0,0
2026-05-26 16:00:00,27.45,7.88,3.71,7.72,0.0,1.0,Pond_01,Real_Data,Obs_Pond_01_20260526_16,Low,2,1.0,0,0,0,0,0,0,0,0,0,0
2026-05-26 16:00:00,27.45,7.88,3.71,7.72,0.0,1.0,Pond_02,Real_Data,Obs_Pond_02_20260526_16,Low,2,1.0,0,0,0,0,0,0,0,0,0,0
2026-05-26 16:00:00,26.997706105149174,7.84537156007992,3.1148378539848625,6.57004510052139,,,Pond_03,Real_Data,Obs_Pond_03_20260526_16,Unknown,0,1.0,0,-1,0,0,0,0,0,0,0,0
2026-05-26 16:00:00,27.430143978366335,7.9053762746195675,3.6828350218522123,7.766786701300955,0.0,1.0,Pond_04,Mock_Data,Obs_Pond_04_20260526_16,Low,2,1.0,0,0,0,0,0,0,0,0,0,0
2026-05-26 16:00:00,27.476798429788357,7.880306344024019,3.6965917489526694,7.85395117619976,0.0,1.0,Pond_05,Mock_Data,Obs_Pond_05_20260526_16,Low,2,1.0,0,0,0,0,0,0,0,0,0,0
2026-05-26 20:00:00,27.45,7.88,3.71,7.72,0.0,1.0,Pond_01,Real_Data,Obs_Pond_01_20260526_20,Low,2,1.0,0,0,0,0,0,0,0,0,0,0
2026-05-26 20:00:00,27.45,7.88,3.71,7.72,0.0,1.0,Pond_02,Real_Data,Obs_Pond_02_20260526_20,Low,2,1.0,0,0,0,0,0,0,0,0,0,0
2026-05-26 20:00:00,26.8403190643095,7.834012383257612,3.0478570806266876,6.37873947325626,,,Pond_03,Real_Data,Obs_Pond_03_20260526_20,Unknown,0,1.0,0,-1,0,0,0,0,0,0,0,0
2026-05-26 20:00:00,27.47629099103561,7.854740643401857,3.7415599474254866,7.687588038937236,0.0,1.0,Pond_04,Mock_Data,Obs_Pond_04_20260526_20,Low,2,1.0,0,0,0,0,0,0,0,0,0,0
2026-05-26 20:00:00,27.47629099103561,7.854740643401857,3.7415599474254866,7.687588038937236,0.0,1.0,Pond_04,Mock_Data,Obs_Pond_04_20260526_20,Medium,2,1.0,0,1,0,0,0,0,0,0,0,1
2026-05-26 20:00:00,27.405547061043574,7.89953231859342,3.7273554135102387,7.781755883440093,0.0,1.0,Pond_05,Mock_Data,Obs_Pond_05_20260526_20,Low,2,1.0,0,0,0,0,0,0,0,0,0,0
2026-05-26 20:00:00,27.405547061043574,7.89953231859342,3.7273554135102387,7.781755883440093,0.0,1.0,Pond_05,Mock_Data,Obs_Pond_05_20260526_20,Medium,2,1.0,0,1,0,0,0,0,0,0,0,1
2026-05-27 00:00:00,27.45,7.88,3.71,7.72,0.0,1.0,Pond_01,Real_Data,Obs_Pond_01_20260527_00,Low,2,1.0,0,0,0,0,0,0,0,0,0,0
2026-05-27 00:00:00,27.45,7.88,3.71,7.72,0.0,1.0,Pond_02,Real_Data,Obs_Pond_02_20260527_00,Low,2,1.0,0,0,0,0,0,0,0,0,0,0
2026-05-27 00:00:00,27.255374320932575,8.006838343412113,3.279731401547897,5.83233664474594,,,Pond_03,Real_Data,Obs_Pond_03_20260527_00,Unknown,0,1.0,0,-1,0,0,0,0,0,0,0,0
2026-05-27 00:00:00,27.482406805038558,7.915748342463265,3.701509262672385,7.705562790933427,0.0,1.0,Pond_04,Mock_Data,Obs_Pond_04_20260527_00,Low,2,1.0,0,0,0,0,0,0,0,0,0,0
2026-05-27 00:00:00,27.32402903261891,7.91458521000784,3.7388643773262698,7.569368338284989,0.0,1.0,Pond_05,Mock_Data,Obs_Pond_05_20260527_00,Low,2,1.0,0,0,0,0,0,0,0,0,0,0
2026-05-27 00:00:00,27.32402903261891,7.91458521000784,3.7388643773262698,7.569368338284989,0.0,1.0,Pond_05,Mock_Data,Obs_Pond_05_20260527_00,Medium,2,1.0,0,1,0,0,0,0,0,0,0,1
2026-05-27 04:00:00,27.45,7.88,3.71,7.72,1.0,1.0,Pond_01,Real_Data,Obs_Pond_01_20260527_04,Low,2,1.0,0,0,0,0,0,0,0,0,0,0
2026-05-27 04:00:00,27.45,7.880000000000001,3.71,7.72,0.0,1.0,Pond_02,Real_Data,Obs_Pond_02_20260527_04,Low,2,1.0,0,0,0,0,0,0,0,0,0,0
2026-05-27 04:00:00,27.603935232499,7.848304242793183,3.276020022714455,6.44018843444099,,,Pond_03,Real_Data,Obs_Pond_03_20260527_04,Unknown,0,1.0,0,-1,0,0,0,0,0,0,0,0
2026-05-27 04:00:00,27.414440470083402,7.912661029507053,3.6899685167336966,7.657201946093959,0.0,1.0,Pond_04,Mock_Data,Obs_Pond_04_20260527_04,Low,2,1.0,0,0,0,0,0,0,0,0,0,0
2026-05-27 04:00:00,27.368086278186738,7.895636177536188,3.70516541011954,7.684301130284543,0.0,1.0,Pond_05,Mock_Data,Obs_Pond_05_20260527_04,Low,2,1.0,0,0,0,0,0,0,0,0,0,0
2026-05-27 08:00:00,27.45,7.88,3.71,7.72,1.0,1.0,Pond_01,Real_Data,Obs_Pond_01_20260527_08,Low,2,1.0,0,0,0,0,0,0,0,0,0,0
2026-05-27 08:00:00,27.45,7.88,3.7099999999999995,7.72,0.0,1.0,Pond_02,Real_Data,Obs_Pond_02_20260527_08,Low,2,1.0,0,0,0,0,0,0,0,0,0,0
2026-05-27 08:00:00,27.461111615034874,7.66761325898922,3.2054704923312425,6.72710984254649,,,Pond_03,Real_Data,Obs_Pond_03_20260527_08,Unknown,0,1.0,0,-1,0,0,0,0,0,0,0,0
2026-05-27 08:00:00,27.448490434292896,7.895773084673412,3.7119126317278166,7.558176026113917,0.0,1.0,Pond_04,Mock_Data,Obs_Pond_04_20260527_08,Low,2,1.0,0,0,0,0,0,0,0,0,0,0
2026-05-27 08:00:00,27.448490434292896,7.895773084673412,3.7119126317278166,7.558176026113917,0.0,1.0,Pond_04,Mock_Data,Obs_Pond_04_20260527_08,Medium,2,1.0,0,1,0,0,0,0,0,0,0,1
2026-05-27 08:00:00,27.451307387472664,7.878216644681542,3.6275019244149993,7.6055639607133125,0.0,2.0,Pond_05,Mock_Data,Obs_Pond_05_20260527_08,Low,3,1.0,0,0,0,0,0,0,0,0,0,0
2026-05-27 08:00:00,27.451307387472664,7.878216644681542,3.6275019244149993,7.6055639607133125,0.0,2.0,Pond_05,Mock_Data,Obs_Pond_05_20260527_08,Medium,3,1.0,0,1,0,0,0,0,0,0,0,1
2026-05-27 12:00:00,27.45,7.88,3.71,7.72,1.0,1.0,Pond_01,Real_Data,Obs_Pond_01_20260527_12,Low,2,1.0,0,0,0,0,0,0,0,0,0,0
2026-05-27 12:00:00,27.45,7.88,3.71,7.72,0.0,1.0,Pond_02,Real_Data,Obs_Pond_02_20260527_12,Low,2,1.0,0,0,0,0,0,0,0,0,0,0
2026-05-27 12:00:00,27.34663117495385,7.845547936240642,2.9774879697819827,6.42260691970452,,,Pond_03,Real_Data,Obs_Pond_03_20260527_12,Unknown,0,1.0,0,-1,0,0,0,0,0,0,0,0
2026-05-27 12:00:00,27.582783905148194,7.918205036233646,3.634729803092654,7.707935657184841,0.0,1.0,Pond_04,Mock_Data,Obs_Pond_04_20260527_12,Low,2,1.0,0,0,0,0,0,0,0,0,0,0
2026-05-27 12:00:00,27.379893291053833,7.909532588918967,3.668389836975407,7.659959206554972,0.0,1.0,Pond_05,Mock_Data,Obs_Pond_05_20260527_12,Low,2,1.0,0,0,0,0,0,0,0,0,0,0
2026-05-27 16:00:00,27.45,7.88,3.71,7.72,0.0,1.0,Pond_01,Real_Data,Obs_Pond_01_20260527_16,Low,2,1.0,0,0,0,0,0,0,0,0,0,0
2026-05-27 16:00:00,27.45,7.88,3.71,7.72,0.0,1.0,Pond_02,Real_Data,Obs_Pond_02_20260527_16,Low,2,1.0,0,0,0,0,0,0,0,0,0,0
2026-05-27 16:00:00,27.291855862637476,7.73353709079079,3.472535309082815,6.11307051726079,,,Pond_03,Real_Data,Obs_Pond_03_20260527_16,Low,1,1.0,0,0,0,0,0,0,0,0,0,0
2026-05-27 16:00:00,27.557077954710955,7.844478960356709,3.731330373732686,7.872368530789938,0.0,1.0,Pond_04,Mock_Data,Obs_Pond_04_20260527_16,Low,2,1.0,0,0,0,0,0,0,0,0,0,0
2026-05-27 16:00:00,27.557077954710955,7.844478960356709,3.731330373732686,7.872368530789938,0.0,1.0,Pond_04,Mock_Data,Obs_Pond_04_20260527_16,Medium,2,1.0,0,1,0,0,0,0,0,0,0,1
2026-05-27 16:00:00,27.445829954662923,7.832999957753756,3.7486546482149063,7.521787361436555,0.0,1.0,Pond_05,Mock_Data,Obs_Pond_05_20260527_16,Low,2,1.0,0,0,0,0,0,0,0,0,0,0
2026-05-27 16:00:00,27.445829954662923,7.832999957753756,3.7486546482149063,7.521787361436555,0.0,1.0,Pond_05,Mock_Data,Obs_Pond_05_20260527_16,Medium,2,1.0,0,1,0,0,0,0,0,0,0,1
2026-05-27 20:00:00,27.45,7.88,3.71,7.72,0.0,1.0,Pond_01,Real_Data,Obs_Pond_01_20260527_20,Low,2,1.0,0,0,0,0,0,0,0,0,0,0
2026-05-27 20:00:00,27.45,7.88,3.71,7.72,0.0,1.0,Pond_02,Real_Data,Obs_Pond_02_20260527_20,Low,2,1.0,0,0,0,0,0,0,0,0,0,0
2026-05-27 20:00:00,27.293730776509577,8.015717739615647,3.44003549939947,6.38929171053151,,,Pond_03,Real_Data,Obs_Pond_03_20260527_20,Low,1,1.0,0,0,0,0,0,0,0,0,0,0
2026-05-27 20:00:00,27.47704456070869,7.8687548701764545,3.726532684556225,7.76955162000854,0.0,1.0,Pond_04,Mock_Data,Obs_Pond_04_20260527_20,Low,2,1.0,0,0,0,0,0,0,0,0,0,0
2026-05-27 20:00:00,27.47704456070869,7.8687548701764545,3.726532684556225,7.76955162000854,0.0,1.0,Pond_04,Mock_Data,Obs_Pond_04_20260527_20,Medium,2,1.0,0,1,0,0,0,0,0,0,0,1
2026-05-27 20:00:00,27.383389504759343,7.8495046840609595,3.5918402027086707,7.711348434358922,0.0,1.0,Pond_05,Mock_Data,Obs_Pond_05_20260527_20,Low,2,1.0,0,0,0,0,0,0,0,0,0,0
2026-05-28 00:00:00,27.45,7.88,3.71,7.72,0.0,1.0,Pond_01,Real_Data,Obs_Pond_01_20260528_00,Low,2,1.0,0,0,0,0,0,0,0,0,0,0
2026-05-28 00:00:00,27.45,7.879999999999999,3.71,7.72,0.0,1.0,Pond_02,Real_Data,Obs_Pond_02_20260528_00,Low,2,1.0,0,0,0,0,0,0,0,0,0,0
2026-05-28 00:00:00,27.486423714206573,7.878898976416595,3.7793913819176774,5.84669664677722,,,Pond_03,Real_Data,Obs_Pond_03_20260528_00,Medium,1,1.0,0,1,0,0,0,0,0,0,0,1
2026-05-28 00:00:00,27.452355561808574,7.864233745334677,3.692351722367039,7.7187836122838736,0.0,1.0,Pond_04,Mock_Data,Obs_Pond_04_20260528_00,Low,2,1.0,0,0,0,0,0,0,0,0,0,0
2026-05-28 00:00:00,27.40150751695732,7.894615487800082,3.7611986566808753,7.647880757258496,0.0,1.0,Pond_05,Mock_Data,Obs_Pond_05_20260528_00,Low,2,1.0,0,0,0,0,0,0,0,0,0,0
2026-05-28 00:00:00,27.40150751695732,7.894615487800082,3.7611986566808753,7.647880757258496,0.0,1.0,Pond_05,Mock_Data,Obs_Pond_05_20260528_00,Medium,2,1.0,0,1,0,0,0,0,0,0,0,1
2026-05-28 04:00:00,27.45,7.88,3.71,7.72,1.0,1.0,Pond_01,Real_Data,Obs_Pond_01_20260528_04,Low,2,1.0,0,0,0,0,0,0,0,0,0,0
2026-05-28 04:00:00,27.45,7.88,3.7099999999999995,7.72,0.0,1.0,Pond_02,Real_Data,Obs_Pond_02_20260528_04,Low,2,1.0,0,0,0,0,0,0,0,0,0,0
2026-05-28 04:00:00,27.360022226045523,7.826301293792495,3.5219425434324827,6.2392281060961,,,Pond_03,Real_Data,Obs_Pond_03_20260528_04,Low,1,1.0,0,0,0,0,0,0,0,0,0,0
2026-05-28 04:00:00,27.45743987715542,7.895469839817663,3.7533727523018054,7.703397151056162,0.0,2.0,Pond_04,Mock_Data,Obs_Pond_04_20260528_04,Medium,3,1.0,0,1,0,0,0,0,0,0,0,1
2026-05-28 04:00:00,27.50288157055765,7.880302509031291,3.732474031611105,7.723783311622275,0.0,1.0,Pond_05,Mock_Data,Obs_Pond_05_20260528_04,Low,2,1.0,0,0,0,0,0,0,0,0,0,0
2026-05-28 04:00:00,27.50288157055765,7.880302509031291,3.732474031611105,7.723783311622275,0.0,1.0,Pond_05,Mock_Data,Obs_Pond_05_20260528_04,Medium,2,1.0,0,1,0,0,0,0,0,0,0,1
2026-05-28 08:00:00,27.45,7.88,3.71,7.72,0.0,1.0,Pond_01,Real_Data,Obs_Pond_01_20260528_08,Low,2,1.0,0,0,0,0,0,0,0,0,0,0
2026-05-28 08:00:00,27.449999999999996,7.88,3.71,7.72,0.0,1.0,Pond_02,Real_Data,Obs_Pond_02_20260528_08,Low,2,1.0,0,0,0,0,0,0,0,0,0,0
2026-05-28 08:00:00,27.49279414828715,7.680494079046665,3.2860680586437976,6.38134397679857,,,Pond_03,Real_Data,Obs_Pond_03_20260528_08,Unknown,0,1.0,0,-1,0,0,0,0,0,0,0,0
2026-05-28 08:00:00,27.4880275589261,7.8574830566965606,3.6613854086985014,7.7214188316339145,0.0,1.0,Pond_04,Mock_Data,Obs_Pond_04_20260528_08,Low,2,1.0,0,0,0,0,0,0,0,0,0,0
2026-05-28 08:00:00,27.46533953612893,7.892983323127704,3.7667499633424937,7.617365599028673,0.0,1.0,Pond_05,Mock_Data,Obs_Pond_05_20260528_08,Low,2,1.0,0,0,0,0,0,0,0,0,0,0
2026-05-28 08:00:00,27.46533953612893,7.892983323127704,3.7667499633424937,7.617365599028673,0.0,1.0,Pond_05,Mock_Data,Obs_Pond_05_20260528_08,Medium,2,1.0,0,1,0,0,0,0,0,0,0,1
2026-05-28 12:00:00,27.45,7.88,3.71,7.72,1.0,1.0,Pond_01,Real_Data,Obs_Pond_01_20260528_12,Low,2,1.0,0,0,0,0,0,0,0,0,0,0
2026-05-28 12:00:00,27.45,7.88,3.7099999999999995,7.72,0.0,1.0,Pond_02,Real_Data,Obs_Pond_02_20260528_12,Low,2,1.0,0,0,0,0,0,0,0,0,0,0
2026-05-28 12:00:00,26.755903474888076,7.793400558889743,3.6567739743274426,5.60278062004354,,,Pond_03,Real_Data,Obs_Pond_03_20260528_12,Low,1,1.0,0,0,0,0,0,0,0,0,0,0
2026-05-28 12:00:00,27.386604457781143,7.896242085167293,3.7586323941902973,7.7545532632343885,0.0,1.0,Pond_04,Mock_Data,Obs_Pond_04_20260528_12,Low,2,1.0,0,0,0,0,0,0,0,0,0,0
2026-05-28 12:00:00,27.386604457781143,7.896242085167293,3.7586323941902973,7.7545532632343885,0.0,1.0,Pond_04,Mock_Data,Obs_Pond_04_20260528_12,Medium,2,1.0,0,1,0,0,0,0,0,0,0,1
2026-05-28 12:00:00,27.449400972151892,7.8813810153974835,3.701438232137342,7.725236291345783,0.0,1.0,Pond_05,Mock_Data,Obs_Pond_05_20260528_12,Low,2,1.0,0,0,0,0,0,0,0,0,0,0
2026-05-28 16:00:00,27.45,7.88,3.71,7.72,0.0,1.0,Pond_01,Real_Data,Obs_Pond_01_20260528_16,Low,2,1.0,0,0,0,0,0,0,0,0,0,0
2026-05-28 16:00:00,27.45,7.88,3.7099999999999995,7.72,0.0,1.0,Pond_02,Real_Data,Obs_Pond_02_20260528_16,Low,2,1.0,0,0,0,0,0,0,0,0,0,0
2026-05-28 16:00:00,27.3630656482067,7.936246374218283,3.1879640982591524,6.17468468122757,,,Pond_03,Real_Data,Obs_Pond_03_20260528_16,Unknown,0,1.0,0,-1,0,0,0,0,0,0,0,0
2026-05-28 16:00:00,27.43404708276189,7.9093868083447365,3.716661350241972,7.645425862657274,0.0,2.0,Pond_04,Mock_Data,Obs_Pond_04_20260528_16,Medium,3,1.0,0,1,0,0,0,0,0,0,0,1
2026-05-28 16:00:00,27.50448064403249,7.892242122745955,3.6211177570471227,7.693795996190823,0.0,1.0,Pond_05,Mock_Data,Obs_Pond_05_20260528_16,Low,2,1.0,0,0,0,0,0,0,0,0,0,0
2026-05-28 20:00:00,27.45,7.88,3.71,7.72,1.0,1.0,Pond_01,Real_Data,Obs_Pond_01_20260528_20,Low,2,1.0,0,0,0,0,0,0,0,0,0,0
2026-05-28 20:00:00,27.45,7.88,3.71,7.72,0.0,1.0,Pond_02,Real_Data,Obs_Pond_02_20260528_20,Low,2,1.0,0,0,0,0,0,0,0,0,0,0
2026-05-28 20:00:00,27.31951922899565,7.860640908130771,3.6727871736583677,6.50497036923573,,,Pond_03,Real_Data,Obs_Pond_03_20260528_20,Low,1,1.0,0,0,0,0,0,0,0,0,0,0
2026-05-28 20:00:00,27.346576494882225,7.894906425105942,3.6954887598958606,7.790374896024888,0.0,1.0,Pond_04,Mock_Data,Obs_Pond_04_20260528_20,Low,2,1.0,0,0,0,0,0,0,0,0,0,0
2026-05-28 20:00:00,27.479789464068293,7.862537709989795,3.7285560765555634,7.814855717397505,0.0,1.0,Pond_05,Mock_Data,Obs_Pond_05_20260528_20,Low,2,1.0,0,0,0,0,0,0,0,0,0,0
2026-05-28 20:00:00,27.479789464068293,7.862537709989795,3.7285560765555634,7.814855717397505,0.0,1.0,Pond_05,Mock_Data,Obs_Pond_05_20260528_20,Medium,2,1.0,0,1,0,0,0,0,0,0,0,1
2026-05-29 00:00:00,27.45,7.88,3.71,7.72,0.0,1.0,Pond_01,Real_Data,Obs_Pond_01_20260529_00,Low,2,1.0,0,0,0,0,0,0,0,0,0,0
2026-05-29 00:00:00,27.45,7.88,3.71,7.72,0.0,1.0,Pond_02,Real_Data,Obs_Pond_02_20260529_00,Low,2,1.0,0,0,0,0,0,0,0,0,0,0
2026-05-29 00:00:00,27.402035093183525,7.874309806960408,3.030009002507635,6.5432977824306,,,Pond_03,Real_Data,Obs_Pond_03_20260529_00,Unknown,0,1.0,0,-1,0,0,0,0,0,0,0,0
2026-05-29 00:00:00,27.474744965093638,7.886084142316485,3.7091431024355628,7.76517984881133,0.0,1.0,Pond_04,Mock_Data,Obs_Pond_04_20260529_00,Low,2,1.0,0,0,0,0,0,0,0,0,0,0
2026-05-29 00:00:00,27.539662036392475,7.892232267896324,3.764959605389183,7.809134127850643,0.0,1.0,Pond_05,Mock_Data,Obs_Pond_05_20260529_00,Low,2,1.0,0,0,0,0,0,0,0,0,0,0
2026-05-29 00:00:00,27.539662036392475,7.892232267896324,3.764959605389183,7.809134127850643,0.0,1.0,Pond_05,Mock_Data,Obs_Pond_05_20260529_00,Medium,2,1.0,0,1,0,0,0,0,0,0,0,1
2026-05-29 04:00:00,27.45,7.88,3.71,7.72,0.0,1.0,Pond_01,Real_Data,Obs_Pond_01_20260529_04,Low,2,1.0,0,0,0,0,0,0,0,0,0,0
2026-05-29 04:00:00,27.45,7.88,3.71,7.72,0.0,1.0,Pond_02,Real_Data,Obs_Pond_02_20260529_04,Low,2,1.0,0,0,0,0,0,0,0,0,0,0
2026-05-29 04:00:00,27.576480295255223,7.870527268129875,3.351674116772142,5.96907754741913,,,Pond_03,Real_Data,Obs_Pond_03_20260529_04,Low,1,1.0,0,0,0,0,0,0,0,0,0,0
2026-05-29 04:00:00,27.490115013459583,7.858818183916502,3.705375032555951,7.765356961113706,0.0,1.0,Pond_04,Mock_Data,Obs_Pond_04_20260529_04,Low,2,1.0,0,0,0,0,0,0,0,0,0,0
2026-05-29 04:00:00,27.421496637470007,7.901322071135198,3.749871510583817,7.769598437704181,0.0,2.0,Pond_05,Mock_Data,Obs_Pond_05_20260529_04,Medium,3,1.0,0,1,0,0,0,0,0,0,0,1
2026-05-29 08:00:00,27.45,7.88,3.71,7.72,0.0,1.0,Pond_01,Real_Data,Obs_Pond_01_20260529_08,Low,2,1.0,0,0,0,0,0,0,0,0,0,0
2026-05-29 08:00:00,27.45,7.88,3.71,7.72,0.0,1.0,Pond_02,Real_Data,Obs_Pond_02_20260529_08,Low,2,1.0,0,0,0,0,0,0,0,0,0,0
2026-05-29 08:00:00,27.4766355938361,7.727853708288945,3.0669643221361778,6.10509253144036,,,Pond_03,Real_Data,Obs_Pond_03_20260529_08,Unknown,0,1.0,0,-1,0,0,0,0,0,0,0,0
2026-05-29 08:00:00,27.420050752408102,7.861841962251715,3.762615307792765,7.747691899633471,0.0,2.0,Pond_04,Mock_Data,Obs_Pond_04_20260529_08,Medium,3,1.0,0,1,0,0,0,0,0,0,0,1
2026-05-29 08:00:00,27.423370023065573,7.906170843308212,3.681426530292504,7.699372733238261,0.0,1.0,Pond_05,Mock_Data,Obs_Pond_05_20260529_08,Low,2,1.0,0,0,0,0,0,0,0,0,0,0
2026-05-29 12:00:00,27.45,7.88,3.71,7.72,1.0,1.0,Pond_01,Real_Data,Obs_Pond_01_20260529_12,Low,2,1.0,0,0,0,0,0,0,0,0,0,0
2026-05-29 12:00:00,27.45,7.88,3.71,7.72,0.0,1.0,Pond_02,Real_Data,Obs_Pond_02_20260529_12,Low,2,1.0,0,0,0,0,0,0,0,0,0,0
2026-05-29 12:00:00,27.742531274784575,7.907646725956463,3.3282741573461747,6.30921978778923,,,Pond_03,Real_Data,Obs_Pond_03_20260529_12,Low,1,1.0,0,0,0,0,0,0,0,0,0,0
2026-05-29 12:00:00,27.54756009937823,7.906794120997659,3.6635764994721836,7.721238888421696,0.0,2.0,Pond_04,Mock_Data,Obs_Pond_04_20260529_12,Low,3,1.0,0,0,0,0,0,0,0,0,0,0
2026-05-29 12:00:00,27.54756009937823,7.906794120997659,3.6635764994721836,7.721238888421696,0.0,2.0,Pond_04,Mock_Data,Obs_Pond_04_20260529_12,Medium,3,1.0,0,1,0,0,0,0,0,0,0,1
2026-05-29 12:00:00,27.36935361065823,7.923174296721578,3.713740903607925,7.845386537437749,0.0,2.0,Pond_05,Mock_Data,Obs_Pond_05_20260529_12,Medium,3,1.0,0,1,0,0,0,0,0,0,0,1
2026-05-29 16:00:00,27.45,7.88,3.71,7.72,0.0,1.0,Pond_01,Real_Data,Obs_Pond_01_20260529_16,Low,2,1.0,0,0,0,0,0,0,0,0,0,0
2026-05-29 16:00:00,27.45,7.88,3.7100000000000004,7.72,0.0,1.0,Pond_02,Real_Data,Obs_Pond_02_20260529_16,Low,2,1.0,0,0,0,0,0,0,0,0,0,0
2026-05-29 16:00:00,26.72158658040455,7.714641139295405,3.10021708664958,6.31736278253536,,,Pond_03,Real_Data,Obs_Pond_03_20260529_16,Unknown,0,1.0,0,-1,0,0,0,0,0,0,0,0
2026-05-29 16:00:00,27.37402361780542,7.896710671886871,3.677122226671061,7.762494496649294,0.0,1.0,Pond_04,Mock_Data,Obs_Pond_04_20260529_16,Low,2,1.0,0,0,0,0,0,0,0,0,0,0
2026-05-29 16:00:00,27.42341057600083,7.885233918279262,3.687025536974004,7.6219181833003455,0.0,1.0,Pond_05,Mock_Data,Obs_Pond_05_20260529_16,Low,2,1.0,0,0,0,0,0,0,0,0,0,0
2026-05-29 20:00:00,27.45,7.88,3.71,7.72,1.0,1.0,Pond_01,Real_Data,Obs_Pond_01_20260529_20,Low,2,1.0,0,0,0,0,0,0,0,0,0,0
2026-05-29 20:00:00,27.45,7.88,3.71,7.72,0.0,1.0,Pond_02,Real_Data,Obs_Pond_02_20260529_20,Low,2,1.0,0,0,0,0,0,0,0,0,0,0
2026-05-29 20:00:00,27.4194186076063,7.763988185670643,3.4601147633647296,6.3074862225438,,,Pond_03,Real_Data,Obs_Pond_03_20260529_20,Low,1,1.0,0,0,0,0,0,0,0,0,0,0
2026-05-29 20:00:00,27.35923395153487,7.879163349946899,3.75468258613883,7.757375973497926,0.0,1.0,Pond_04,Mock_Data,Obs_Pond_04_20260529_20,Low,2,1.0,0,0,0,0,0,0,0,0,0,0
2026-05-29 20:00:00,27.35923395153487,7.879163349946899,3.75468258613883,7.757375973497926,0.0,1.0,Pond_04,Mock_Data,Obs_Pond_04_20260529_20,Medium,2,1.0,0,1,0,0,0,0,0,0,0,1
2026-05-29 20:00:00,27.509799134885057,7.88587315602579,3.674675439355778,7.631358368868759,0.0,1.0,Pond_05,Mock_Data,Obs_Pond_05_20260529_20,Low,2,1.0,0,0,0,0,0,0,0,0,0,0
2026-05-30 00:00:00,27.45,7.88,3.71,7.72,1.0,1.0,Pond_01,Real_Data,Obs_Pond_01_20260530_00,Low,2,1.0,0,0,0,0,0,0,0,0,0,0
2026-05-30 00:00:00,27.45,7.88,3.71,7.72,0.0,1.0,Pond_02,Real_Data,Obs_Pond_02_20260530_00,Low,2,1.0,0,0,0,0,0,0,0,0,0,0
2026-05-30 00:00:00,27.3168334120803,7.950411001373595,3.21400623763394,5.8320749350751,,,Pond_03,Real_Data,Obs_Pond_03_20260530_00,Unknown,0,1.0,0,-1,0,0,0,0,0,0,0,0
2026-05-30 00:00:00,27.463912151127982,7.871039252937143,3.684322139556304,7.697640587686434,0.0,1.0,Pond_04,Mock_Data,Obs_Pond_04_20260530_00,Low,2,1.0,0,0,0,0,0,0,0,0,0,0
2026-05-30 00:00:00,27.53057685120759,7.8473403890318965,3.7511937788211944,7.714708685138641,0.0,1.0,Pond_05,Mock_Data,Obs_Pond_05_20260530_00,Low,2,1.0,0,0,0,0,0,0,0,0,0,0
2026-05-30 00:00:00,27.53057685120759,7.8473403890318965,3.7511937788211944,7.714708685138641,0.0,1.0,Pond_05,Mock_Data,Obs_Pond_05_20260530_00,Medium,2,1.0,0,1,0,0,0,0,0,0,0,1
2026-05-30 04:00:00,27.45,7.88,3.71,7.72,1.0,1.0,Pond_01,Real_Data,Obs_Pond_01_20260530_04,Low,2,1.0,0,0,0,0,0,0,0,0,0,0
2026-05-30 04:00:00,27.45,7.88,3.71,7.72,0.0,1.0,Pond_02,Real_Data,Obs_Pond_02_20260530_04,Low,2,1.0,0,0,0,0,0,0,0,0,0,0
2026-05-30 04:00:00,27.22252009832515,7.722404985769208,3.2045748255672226,6.07655415746322,,,Pond_03,Real_Data,Obs_Pond_03_20260530_04,Unknown,0,1.0,0,-1,0,0,0,0,0,0,0,0
2026-05-30 04:00:00,27.514902079765964,7.836562964084423,3.7488285578536438,7.683774226670417,0.0,1.0,Pond_04,Mock_Data,Obs_Pond_04_20260530_04,Low,2,1.0,0,0,0,0,0,0,0,0,0,0
2026-05-30 04:00:00,27.514902079765964,7.836562964084423,3.7488285578536438,7.683774226670417,0.0,1.0,Pond_04,Mock_Data,Obs_Pond_04_20260530_04,Medium,2,1.0,0,1,0,0,0,0,0,0,0,1
2026-05-30 04:00:00,27.509522398673884,7.8686055650076305,3.6583656360881833,7.8623535935003,0.0,2.0,Pond_05,Mock_Data,Obs_Pond_05_20260530_04,Low,3,1.0,0,0,0,0,0,0,0,0,0,0
2026-05-30 04:00:00,27.509522398673884,7.8686055650076305,3.6583656360881833,7.8623535935003,0.0,2.0,Pond_05,Mock_Data,Obs_Pond_05_20260530_04,Medium,3,1.0,0,1,0,0,0,0,0,0,0,1
2026-05-30 08:00:00,27.45,7.88,3.71,7.72,0.0,1.0,Pond_01,Real_Data,Obs_Pond_01_20260530_08,Low,2,1.0,0,0,0,0,0,0,0,0,0,0
2026-05-30 08:00:00,27.449999999999996,7.88,3.71,7.72,0.0,1.0,Pond_02,Real_Data,Obs_Pond_02_20260530_08,Low,2,1.0,0,0,0,0,0,0,0,0,0,0
2026-05-30 08:00:00,27.058147521274577,7.9193805090903275,3.6972546263105124,6.39709411060108,,,Pond_03,Real_Data,Obs_Pond_03_20260530_08,Low,1,1.0,0,0,0,0,0,0,0,0,0,0
2026-05-30 08:00:00,27.55437454542565,7.857038960314021,3.7832750967686226,7.726432726045662,0.0,1.0,Pond_04,Mock_Data,Obs_Pond_04_20260530_08,Low,2,1.0,0,0,0,0,0,0,0,0,0,0
2026-05-30 08:00:00,27.55437454542565,7.857038960314021,3.7832750967686226,7.726432726045662,0.0,1.0,Pond_04,Mock_Data,Obs_Pond_04_20260530_08,Medium,2,1.0,0,1,0,0,0,0,0,0,0,1
2026-05-30 08:00:00,27.338790972779023,7.875859966241321,3.6714610458416326,7.707221302788147,0.0,2.0,Pond_05,Mock_Data,Obs_Pond_05_20260530_08,Low,3,1.0,0,0,0,0,0,0,0,0,0,0
2026-05-30 08:00:00,27.338790972779023,7.875859966241321,3.6714610458416326,7.707221302788147,0.0,2.0,Pond_05,Mock_Data,Obs_Pond_05_20260530_08,Medium,3,1.0,0,1,0,0,0,0,0,0,0,1
2026-05-30 12:00:00,27.45,7.88,3.71,7.72,1.0,1.0,Pond_01,Real_Data,Obs_Pond_01_20260530_12,Low,2,1.0,0,0,0,0,0,0,0,0,0,0
2026-05-30 12:00:00,27.449999999999996,7.88,3.71,7.72,0.0,1.0,Pond_02,Real_Data,Obs_Pond_02_20260530_12,Low,2,1.0,0,0,0,0,0,0,0,0,0,0
2026-05-30 12:00:00,27.272592765269675,7.722942590278917,3.2330954541478523,6.90183607004314,,,Pond_03,Real_Data,Obs_Pond_03_20260530_12,Unknown,0,1.0,0,-1,0,0,0,0,0,0,0,0
2026-05-30 12:00:00,27.421557070661112,7.920984330567484,3.692675681947033,7.8178282417218155,0.0,1.0,Pond_04,Mock_Data,Obs_Pond_04_20260530_12,Low,2,1.0,0,0,0,0,0,0,0,0,0,0
2026-05-30 12:00:00,27.517136368013258,7.902520777375098,3.662397391877918,7.708427161564201,0.0,1.0,Pond_05,Mock_Data,Obs_Pond_05_20260530_12,Low,2,1.0,0,0,0,0,0,0,0,0,0,0
2026-05-30 16:00:00,27.45,7.88,3.71,7.72,1.0,1.0,Pond_01,Real_Data,Obs_Pond_01_20260530_16,Low,2,1.0,0,0,0,0,0,0,0,0,0,0
2026-05-30 16:00:00,27.45,7.88,3.71,7.72,0.0,1.0,Pond_02,Real_Data,Obs_Pond_02_20260530_16,Low,2,1.0,0,0,0,0,0,0,0,0,0,0
2026-05-30 16:00:00,27.085645341131826,7.816719147937707,3.331698707849897,6.34357619658244,,,Pond_03,Real_Data,Obs_Pond_03_20260530_16,Low,1,1.0,0,0,0,0,0,0,0,0,0,0
2026-05-30 16:00:00,27.516859653309268,7.852544684338445,3.7393785061123093,7.641744293384901,0.0,1.0,Pond_04,Mock_Data,Obs_Pond_04_20260530_16,Low,2,1.0,0,0,0,0,0,0,0,0,0,0
2026-05-30 16:00:00,27.516859653309268,7.852544684338445,3.7393785061123093,7.641744293384901,0.0,1.0,Pond_04,Mock_Data,Obs_Pond_04_20260530_16,Medium,2,1.0,0,1,0,0,0,0,0,0,0,1
2026-05-30 16:00:00,27.336043476490083,7.866899015388475,3.6457445455017305,7.628936268696867,0.0,1.0,Pond_05,Mock_Data,Obs_Pond_05_20260530_16,Low,2,1.0,0,0,0,0,0,0,0,0,0,0
2026-05-30 20:00:00,27.45,7.88,3.71,7.72,1.0,1.0,Pond_01,Real_Data,Obs_Pond_01_20260530_20,Low,2,1.0,0,0,0,0,0,0,0,0,0,0
2026-05-30 20:00:00,27.45,7.879999999999999,3.71,7.72,0.0,1.0,Pond_02,Real_Data,Obs_Pond_02_20260530_20,Low,2,1.0,0,0,0,0,0,0,0,0,0,0
2026-05-30 20:00:00,27.12985603805195,7.78694550002499,3.2017404756436028,6.51943516990961,,,Pond_03,Real_Data,Obs_Pond_03_20260530_20,Unknown,0,1.0,0,-1,0,0,0,0,0,0,0,0
2026-05-30 20:00:00,27.447613137417026,7.8840627948528095,3.6602558999564514,7.627318561161179,0.0,1.0,Pond_04,Mock_Data,Obs_Pond_04_20260530_20,Low,2,1.0,0,0,0,0,0,0,0,0,0,0
2026-05-30 20:00:00,27.505667822270333,7.897074990426271,3.716312989433166,7.779740106047249,0.0,1.0,Pond_05,Mock_Data,Obs_Pond_05_20260530_20,Low,2,1.0,0,0,0,0,0,0,0,0,0,0
2026-05-30 20:00:00,27.505667822270333,7.897074990426271,3.716312989433166,7.779740106047249,0.0,1.0,Pond_05,Mock_Data,Obs_Pond_05_20260530_20,Medium,2,1.0,0,1,0,0,0,0,0,0,0,1
2026-05-31 00:00:00,27.45,7.88,3.71,7.72,0.0,1.0,Pond_01,Real_Data,Obs_Pond_01_20260531_00,Low,2,1.0,0,0,0,0,0,0,0,0,0,0
2026-05-31 00:00:00,27.45,7.88,3.71,7.72,0.0,1.0,Pond_02,Real_Data,Obs_Pond_02_20260531_00,Low,2,1.0,0,0,0,0,0,0,0,0,0,0
2026-05-31 00:00:00,27.565233202211452,7.82190060435855,3.7524427022457774,5.85314376743682,,,Pond_03,Real_Data,Obs_Pond_03_20260531_00,Medium,1,1.0,0,1,0,0,0,0,0,0,0,1
2026-05-31 00:00:00,27.43930007740191,7.901601446330348,3.742542064545739,7.730405457532116,0.0,1.0,Pond_04,Mock_Data,Obs_Pond_04_20260531_00,Low,2,1.0,0,0,0,0,0,0,0,0,0,0
2026-05-31 00:00:00,27.43930007740191,7.901601446330348,3.742542064545739,7.730405457532116,0.0,1.0,Pond_04,Mock_Data,Obs_Pond_04_20260531_00,Medium,2,1.0,0,1,0,0,0,0,0,0,0,1
2026-05-31 00:00:00,27.427203686969357,7.879965227414249,3.760080879259652,7.780197768842465,0.0,1.0,Pond_05,Mock_Data,Obs_Pond_05_20260531_00,Low,2,1.0,0,0,0,0,0,0,0,0,0,0
2026-05-31 00:00:00,27.427203686969357,7.879965227414249,3.760080879259652,7.780197768842465,0.0,1.0,Pond_05,Mock_Data,Obs_Pond_05_20260531_00,Medium,2,1.0,0,1,0,0,0,0,0,0,0,1
2026-05-31 04:00:00,27.45,7.88,3.71,7.72,1.0,1.0,Pond_01,Real_Data,Obs_Pond_01_20260531_04,Low,2,1.0,0,0,0,0,0,0,0,0,0,0
2026-05-31 04:00:00,27.45,7.88,3.7099999999999995,7.72,0.0,1.0,Pond_02,Real_Data,Obs_Pond_02_20260531_04,Low,2,1.0,0,0,0,0,0,0,0,0,0,0
2026-05-31 04:00:00,27.0506801848111,7.862295279997795,3.51115234273004,6.26680550484453,,,Pond_03,Real_Data,Obs_Pond_03_20260531_04,Low,1,1.0,0,0,0,0,0,0,0,0,0,0
2026-05-31 04:00:00,27.504771713033698,7.853092156603396,3.718598624494989,7.723213808673201,0.0,1.0,Pond_04,Mock_Data,Obs_Pond_04_20260531_04,Low,2,1.0,0,0,0,0,0,0,0,0,0,0
2026-05-31 04:00:00,27.504771713033698,7.853092156603396,3.718598624494989,7.723213808673201,0.0,1.0,Pond_04,Mock_Data,Obs_Pond_04_20260531_04,Medium,2,1.0,0,1,0,0,0,0,0,0,0,1
2026-05-31 04:00:00,27.493544978599846,7.876201190704469,3.7020286128223803,7.7698339801872365,0.0,1.0,Pond_05,Mock_Data,Obs_Pond_05_20260531_04,Low,2,1.0,0,0,0,0,0,0,0,0,0,0
2026-05-31 08:00:00,27.45,7.88,3.71,7.72,1.0,1.0,Pond_01,Real_Data,Obs_Pond_01_20260531_08,Low,2,1.0,0,0,0,0,0,0,0,0,0,0
2026-05-31 08:00:00,27.45,7.88,3.71,7.72,0.0,1.0,Pond_02,Real_Data,Obs_Pond_02_20260531_08,Low,2,1.0,0,0,0,0,0,0,0,0,0,0
2026-05-31 08:00:00,27.527062436467574,7.620643324391768,3.4117175313054124,6.03437112839837,,,Pond_03,Real_Data,Obs_Pond_03_20260531_08,Low,1,1.0,0,0,0,0,0,0,0,0,0,0
2026-05-31 08:00:00,27.490432795452282,7.883960531318662,3.7303961350984145,7.730947378719458,0.0,1.0,Pond_04,Mock_Data,Obs_Pond_04_20260531_08,Low,2,1.0,0,0,0,0,0,0,0,0,0,0
2026-05-31 08:00:00,27.490432795452282,7.883960531318662,3.7303961350984145,7.730947378719458,0.0,1.0,Pond_04,Mock_Data,Obs_Pond_04_20260531_08,Medium,2,1.0,0,1,0,0,0,0,0,0,0,1
2026-05-31 08:00:00,27.36741112678404,7.885336743143271,3.645076215345197,7.68026161956624,0.0,1.0,Pond_05,Mock_Data,Obs_Pond_05_20260531_08,Low,2,1.0,0,0,0,0,0,0,0,0,0,0
2026-05-31 12:00:00,27.45,7.88,3.71,7.72,1.0,1.0,Pond_01,Real_Data,Obs_Pond_01_20260531_12,Low,2,1.0,0,0,0,0,0,0,0,0,0,0
2026-05-31 12:00:00,27.45,7.88,3.71,7.72,0.0,1.0,Pond_02,Real_Data,Obs_Pond_02_20260531_12,Low,2,1.0,0,0,0,0,0,0,0,0,0,0
2026-05-31 12:00:00,27.3269402012907,7.821856123649288,3.4065484481717925,7.28312599036056,,,Pond_03,Real_Data,Obs_Pond_03_20260531_12,Low,1,1.0,0,0,0,0,0,0,0,0,0,0
2026-05-31 12:00:00,27.352290807596766,7.900110629161519,3.682164673148932,7.735406844378859,0.0,2.0,Pond_04,Mock_Data,Obs_Pond_04_20260531_12,Low,3,1.0,0,0,0,0,0,0,0,0,0,0
2026-05-31 12:00:00,27.352290807596766,7.900110629161519,3.682164673148932,7.735406844378859,0.0,2.0,Pond_04,Mock_Data,Obs_Pond_04_20260531_12,Medium,3,1.0,0,1,0,0,0,0,0,0,0,1
2026-05-31 12:00:00,27.522592243658103,7.871612890039736,3.746216143500098,7.675367991503465,0.0,2.0,Pond_05,Mock_Data,Obs_Pond_05_20260531_12,Medium,3,1.0,0,1,0,0,0,0,0,0,0,1
2026-05-31 16:00:00,27.45,7.88,3.71,7.72,1.0,1.0,Pond_01,Real_Data,Obs_Pond_01_20260531_16,Low,2,1.0,0,0,0,0,0,0,0,0,0,0
2026-05-31 16:00:00,27.45,7.880000000000001,3.71,7.72,0.0,1.0,Pond_02,Real_Data,Obs_Pond_02_20260531_16,Low,2,1.0,0,0,0,0,0,0,0,0,0,0
2026-05-31 16:00:00,26.696234352181076,7.780464922561,3.5486534328966974,6.7075296828888,,,Pond_03,Real_Data,Obs_Pond_03_20260531_16,Low,1,1.0,0,0,0,0,0,0,0,0,0,0
2026-05-31 16:00:00,27.541520098272063,7.8802680083841175,3.6383785625152227,7.705903679756398,0.0,1.0,Pond_04,Mock_Data,Obs_Pond_04_20260531_16,Low,2,1.0,0,0,0,0,0,0,0,0,0,0
2026-05-31 16:00:00,27.359196770169877,7.870800654592235,3.7826829138519638,7.638332969415298,0.0,1.0,Pond_05,Mock_Data,Obs_Pond_05_20260531_16,Low,2,1.0,0,0,0,0,0,0,0,0,0,0
2026-05-31 16:00:00,27.359196770169877,7.870800654592235,3.7826829138519638,7.638332969415298,0.0,1.0,Pond_05,Mock_Data,Obs_Pond_05_20260531_16,Medium,2,1.0,0,1,0,0,0,0,0,0,0,1
2026-05-31 20:00:00,27.45,7.88,3.71,7.72,0.0,1.0,Pond_01,Real_Data,Obs_Pond_01_20260531_20,Low,2,1.0,0,0,0,0,0,0,0,0,0,0
2026-05-31 20:00:00,27.45,7.88,3.71,7.72,0.0,1.0,Pond_02,Real_Data,Obs_Pond_02_20260531_20,Low,2,1.0,0,0,0,0,0,0,0,0,0,0
2026-05-31 20:00:00,26.864279883369527,7.822769387273925,3.3670485720902326,6.08277397748715,,,Pond_03,Real_Data,Obs_Pond_03_20260531_20,Low,1,1.0,0,0,0,0,0,0,0,0,0,0
2026-05-31 20:00:00,27.535541919920743,7.941503821859468,3.7316988719270516,7.814092204328895,0.0,1.0,Pond_04,Mock_Data,Obs_Pond_04_20260531_20,Low,2,1.0,0,0,0,0,0,0,0,0,0,0
2026-05-31 20:00:00,27.535541919920743,7.941503821859468,3.7316988719270516,7.814092204328895,0.0,1.0,Pond_04,Mock_Data,Obs_Pond_04_20260531_20,Medium,2,1.0,0,1,0,0,0,0,0,0,0,1
2026-05-31 20:00:00,27.40856729608298,7.8434462637839175,3.6821357736853457,7.725296961029307,0.0,1.0,Pond_05,Mock_Data,Obs_Pond_05_20260531_20,Low,2,1.0,0,0,0,0,0,0,0,0,0,0
2026-06-01 00:00:00,27.45,7.88,3.71,7.72,0.0,1.0,Pond_01,Real_Data,Obs_Pond_01_20260601_00,Low,2,1.0,0,0,0,0,0,0,0,0,0,0
2026-06-01 00:00:00,27.45,7.879999999999999,3.71,7.72,0.0,1.0,Pond_02,Real_Data,Obs_Pond_02_20260601_00,Low,2,1.0,0,0,0,0,0,0,0,0,0,0
2026-06-01 00:00:00,26.879724824482125,7.748603542284098,3.08127216949232,6.63895365505421,,,Pond_03,Real_Data,Obs_Pond_03_20260601_00,Unknown,0,1.0,0,-1,0,0,0,0,0,0,0,0
2026-06-01 00:00:00,27.411225875115356,7.8442221718561695,3.6210316203832913,7.618895039403686,0.0,1.0,Pond_04,Mock_Data,Obs_Pond_04_20260601_00,Low,2,1.0,0,0,0,0,0,0,0,0,0,0
2026-06-01 00:00:00,27.388135304981542,7.874683407073259,3.689366030522258,7.6517669629638725,0.0,1.0,Pond_05,Mock_Data,Obs_Pond_05_20260601_00,Low,2,1.0,0,0,0,0,0,0,0,0,0,0
2026-06-01 04:00:00,27.45,7.88,3.71,7.72,0.0,1.0,Pond_01,Real_Data,Obs_Pond_01_20260601_04,Low,2,1.0,0,0,0,0,0,0,0,0,0,0
2026-06-01 04:00:00,27.45,7.88,3.7099999999999995,7.72,0.0,1.0,Pond_02,Real_Data,Obs_Pond_02_20260601_04,Low,2,1.0,0,0,0,0,0,0,0,0,0,0
2026-06-01 04:00:00,26.868548594604324,7.851898819929335,3.5117765023272,6.10259541766593,,,Pond_03,Real_Data,Obs_Pond_03_20260601_04,Low,1,1.0,0,0,0,0,0,0,0,0,0,0
2026-06-01 04:00:00,27.474533009398183,7.902701081276173,3.696316702564181,7.66767633776244,0.0,1.0,Pond_04,Mock_Data,Obs_Pond_04_20260601_04,Low,2,1.0,0,0,0,0,0,0,0,0,0,0
2026-06-01 04:00:00,27.341264521042508,7.869708602736066,3.732233895802438,7.645640356342942,0.0,1.0,Pond_05,Mock_Data,Obs_Pond_05_20260601_04,Low,2,1.0,0,0,0,0,0,0,0,0,0,0
2026-06-01 04:00:00,27.341264521042508,7.869708602736066,3.732233895802438,7.645640356342942,0.0,1.0,Pond_05,Mock_Data,Obs_Pond_05_20260601_04,Medium,2,1.0,0,1,0,0,0,0,0,0,0,1
2026-06-01 08:00:00,27.45,7.88,3.71,7.72,0.0,1.0,Pond_01,Real_Data,Obs_Pond_01_20260601_08,Low,2,1.0,0,0,0,0,0,0,0,0,0,0
2026-06-01 08:00:00,27.45,7.88,3.71,7.72,0.0,1.0,Pond_02,Real_Data,Obs_Pond_02_20260601_08,Low,2,1.0,0,0,0,0,0,0,0,0,0,0
2026-06-01 08:00:00,26.883405860564775,7.7662040554853675,3.3902817061734276,6.68852776101736,,,Pond_03,Real_Data,Obs_Pond_03_20260601_08,Low,1,1.0,0,0,0,0,0,0,0,0,0,0
2026-06-01 08:00:00,27.480621371916016,7.876294813850222,3.7505812240227483,7.7134789540181,0.0,2.0,Pond_04,Mock_Data,Obs_Pond_04_20260601_08,Medium,3,1.0,0,1,0,0,0,0,0,0,0,1
2026-06-01 08:00:00,27.455859082873502,7.868936421334127,3.7799308223455625,7.69324184722244,0.0,1.0,Pond_05,Mock_Data,Obs_Pond_05_20260601_08,Low,2,1.0,0,0,0,0,0,0,0,0,0,0
2026-06-01 08:00:00,27.455859082873502,7.868936421334127,3.7799308223455625,7.69324184722244,0.0,1.0,Pond_05,Mock_Data,Obs_Pond_05_20260601_08,Medium,2,1.0,0,1,0,0,0,0,0,0,0,1
2026-06-01 12:00:00,27.45,7.88,3.71,7.72,1.0,1.0,Pond_01,Real_Data,Obs_Pond_01_20260601_12,Low,2,1.0,0,0,0,0,0,0,0,0,0,0
2026-06-01 12:00:00,27.45,7.88,3.71,7.72,0.0,1.0,Pond_02,Real_Data,Obs_Pond_02_20260601_12,Low,2,1.0,0,0,0,0,0,0,0,0,0,0
2026-06-01 12:00:00,27.23135023616675,7.756037061502832,3.1132121658130876,6.65927447607319,,,Pond_03,Real_Data,Obs_Pond_03_20260601_12,Unknown,0,1.0,0,-1,0,0,0,0,0,0,0,0
2026-06-01 12:00:00,27.46615728867117,7.896551383739121,3.718274112885901,7.616224544233972,0.0,1.0,Pond_04,Mock_Data,Obs_Pond_04_20260601_12,Low,2,1.0,0,0,0,0,0,0,0,0,0,0
2026-06-01 12:00:00,27.46615728867117,7.896551383739121,3.718274112885901,7.616224544233972,0.0,1.0,Pond_04,Mock_Data,Obs_Pond_04_20260601_12,Medium,2,1.0,0,1,0,0,0,0,0,0,0,1
2026-06-01 12:00:00,27.56194645211235,7.888938522962767,3.687586153457682,7.689107381527961,0.0,1.0,Pond_05,Mock_Data,Obs_Pond_05_20260601_12,Low,2,1.0,0,0,0,0,0,0,0,0,0,0
2026-06-01 16:00:00,27.45,7.88,3.71,7.72,1.0,1.0,Pond_01,Real_Data,Obs_Pond_01_20260601_16,Low,2,1.0,0,0,0,0,0,0,0,0,0,0
2026-06-01 16:00:00,27.45,7.88,3.71,7.72,0.0,1.0,Pond_02,Real_Data,Obs_Pond_02_20260601_16,Low,2,1.0,0,0,0,0,0,0,0,0,0,0
2026-06-01 16:00:00,27.2843215915888,7.799222334249207,3.32026151611375,5.48731024638204,,,Pond_03,Real_Data,Obs_Pond_03_20260601_16,Low,1,1.0,0,0,0,0,0,0,0,0,0,0
2026-06-01 16:00:00,27.41589054828816,7.8894624346427875,3.7940072808053964,7.70889392938625,0.0,1.0,Pond_04,Mock_Data,Obs_Pond_04_20260601_16,Low,2,1.0,0,0,0,0,0,0,0,0,0,0
2026-06-01 16:00:00,27.41589054828816,7.8894624346427875,3.7940072808053964,7.70889392938625,0.0,1.0,Pond_04,Mock_Data,Obs_Pond_04_20260601_16,Medium,2,1.0,0,1,0,0,0,0,0,0,0,1
2026-06-01 16:00:00,27.615302240520762,7.894122276928743,3.652548358621242,7.686024009753559,0.0,1.0,Pond_05,Mock_Data,Obs_Pond_05_20260601_16,Low,2,1.0,0,0,0,0,0,0,0,0,0,0
2026-06-01 20:00:00,27.45,7.88,3.71,7.72,1.0,1.0,Pond_01,Real_Data,Obs_Pond_01_20260601_20,Low,2,1.0,0,0,0,0,0,0,0,0,0,0
2026-06-01 20:00:00,27.45,7.88,3.71,7.72,0.0,1.0,Pond_02,Real_Data,Obs_Pond_02_20260601_20,Low,2,1.0,0,0,0,0,0,0,0,0,0,0
2026-06-01 20:00:00,27.243865585142874,8.042237495960633,3.35339519513395,6.91095147651367,,,Pond_03,Real_Data,Obs_Pond_03_20260601_20,Low,1,1.0,0,0,0,0,0,0,0,0,0,0
2026-06-01 20:00:00,27.40837090625602,7.864279786603513,3.754199942277817,7.82493001322774,0.0,1.0,Pond_04,Mock_Data,Obs_Pond_04_20260601_20,Low,2,1.0,0,0,0,0,0,0,0,0,0,0
2026-06-01 20:00:00,27.40837090625602,7.864279786603513,3.754199942277817,7.82493001322774,0.0,1.0,Pond_04,Mock_Data,Obs_Pond_04_20260601_20,Medium,2,1.0,0,1,0,0,0,0,0,0,0,1
2026-06-01 20:00:00,27.456021987264677,7.884978675999545,3.7372250675746,7.749458270588332,0.0,1.0,Pond_05,Mock_Data,Obs_Pond_05_20260601_20,Low,2,1.0,0,0,0,0,0,0,0,0,0,0
2026-06-01 20:00:00,27.456021987264677,7.884978675999545,3.7372250675746,7.749458270588332,0.0,1.0,Pond_05,Mock_Data,Obs_Pond_05_20260601_20,Medium,2,1.0,0,1,0,0,0,0,0,0,0,1
2026-06-02 00:00:00,27.45,7.88,3.71,7.72,0.0,1.0,Pond_01,Real_Data,Obs_Pond_01_20260602_00,Low,2,1.0,0,0,0,0,0,0,0,0,0,0
2026-06-02 00:00:00,27.45,7.880000000000001,3.71,7.72,0.0,1.0,Pond_02,Real_Data,Obs_Pond_02_20260602_00,Low,2,1.0,0,0,0,0,0,0,0,0,0,0
2026-06-02 00:00:00,27.51525340491905,7.825389712724783,3.4252467570332823,5.86664583962549,,,Pond_03,Real_Data,Obs_Pond_03_20260602_00,Low,1,1.0,0,0,0,0,0,0,0,0,0,0
2026-06-02 00:00:00,27.44841608724826,7.884910102609344,3.68180566484383,7.721319084470117,0.0,1.0,Pond_04,Mock_Data,Obs_Pond_04_20260602_00,Low,2,1.0,0,0,0,0,0,0,0,0,0,0
2026-06-02 00:00:00,27.519215026905105,15.501634037797803,3.744453660490675,7.724992257517677,0.0,2.0,Pond_05,Mock_Data,Obs_Pond_05_20260602_00,Medium,3,0.5,1,1,1,0,0,0,1,1,0,1
2026-06-02 04:00:00,27.45,7.88,3.71,7.72,0.0,1.0,Pond_01,Real_Data,Obs_Pond_01_20260602_04,Low,2,1.0,0,0,0,0,0,0,0,0,0,0
2026-06-02 04:00:00,27.449999999999996,7.88,3.71,7.72,0.0,1.0,Pond_02,Real_Data,Obs_Pond_02_20260602_04,Low,2,1.0,0,0,0,0,0,0,0,0,0,0
2026-06-02 04:00:00,27.310474359749975,7.691011726002542,3.7947977350671924,6.81307994691234,,,Pond_03,Real_Data,Obs_Pond_03_20260602_04,Medium,1,1.0,0,1,0,0,0,0,0,0,0,1
2026-06-02 04:00:00,27.52268902276124,7.8401631856884615,3.711177679284011,7.734569896943112,0.0,1.0,Pond_04,Mock_Data,Obs_Pond_04_20260602_04,Low,2,1.0,0,0,0,0,0,0,0,0,0,0
2026-06-02 04:00:00,27.52268902276124,7.8401631856884615,3.711177679284011,7.734569896943112,0.0,1.0,Pond_04,Mock_Data,Obs_Pond_04_20260602_04,Medium,2,1.0,0,1,0,0,0,0,0,0,0,1
2026-06-02 04:00:00,27.464385874436537,7.892341103209128,3.710264371608266,7.701801529322113,0.0,1.0,Pond_05,Mock_Data,Obs_Pond_05_20260602_04,Low,2,1.0,0,0,0,0,0,0,0,0,0,0
2026-06-02 04:00:00,27.464385874436537,7.892341103209128,3.710264371608266,7.701801529322113,0.0,1.0,Pond_05,Mock_Data,Obs_Pond_05_20260602_04,Medium,2,1.0,0,1,0,0,0,0,0,0,0,1
2026-06-02 08:00:00,27.45,7.88,3.71,7.72,1.0,1.0,Pond_01,Real_Data,Obs_Pond_01_20260602_08,Low,2,1.0,0,0,0,0,0,0,0,0,0,0
2026-06-02 08:00:00,27.45,7.88,3.7099999999999995,7.72,0.0,1.0,Pond_02,Real_Data,Obs_Pond_02_20260602_08,Low,2,1.0,0,0,0,0,0,0,0,0,0,0
2026-06-02 08:00:00,26.87266974682485,7.688703054513978,3.3090203694361824,5.54652520134315,,,Pond_03,Real_Data,Obs_Pond_03_20260602_08,Low,1,1.0,0,0,0,0,0,0,0,0,0,0
2026-06-02 08:00:00,27.48369385711567,7.892934732703974,3.7079575030494554,7.6404143967154825,0.0,1.0,Pond_04,Mock_Data,Obs_Pond_04_20260602_08,Low,2,1.0,0,0,0,0,0,0,0,0,0,0
2026-06-02 08:00:00,27.480922174947636,7.873673454188912,3.6859347989450115,7.731558166607317,0.0,1.0,Pond_05,Mock_Data,Obs_Pond_05_20260602_08,Low,2,1.0,0,0,0,0,0,0,0,0,0,0
2026-06-02 12:00:00,27.45,7.88,3.71,7.72,1.0,1.0,Pond_01,Real_Data,Obs_Pond_01_20260602_12,Low,2,1.0,0,0,0,0,0,0,0,0,0,0
2026-06-02 12:00:00,27.45,7.88,3.71,7.72,0.0,1.0,Pond_02,Real_Data,Obs_Pond_02_20260602_12,Low,2,1.0,0,0,0,0,0,0,0,0,0,0
2026-06-02 12:00:00,27.66942448908725,7.725600870976223,3.4190949949743326,5.92849616609048,,,Pond_03,Real_Data,Obs_Pond_03_20260602_12,Low,1,1.0,0,0,0,0,0,0,0,0,0,0
2026-06-02 12:00:00,27.427028287713334,7.8863930643017355,3.6417808045737607,7.681073745389637,0.0,1.0,Pond_04,Mock_Data,Obs_Pond_04_20260602_12,Low,2,1.0,0,0,0,0,0,0,0,0,0,0
2026-06-02 12:00:00,27.428792670189722,7.8700755124051085,3.7528749293686863,7.657380190336922,0.0,1.0,Pond_05,Mock_Data,Obs_Pond_05_20260602_12,Low,2,1.0,0,0,0,0,0,0,0,0,0,0
2026-06-02 12:00:00,27.428792670189722,7.8700755124051085,3.7528749293686863,7.657380190336922,0.0,1.0,Pond_05,Mock_Data,Obs_Pond_05_20260602_12,Medium,2,1.0,0,1,0,0,0,0,0,0,0,1
2026-06-02 16:00:00,27.45,7.88,3.71,7.72,1.0,1.0,Pond_01,Real_Data,Obs_Pond_01_20260602_16,Low,2,1.0,0,0,0,0,0,0,0,0,0,0
2026-06-02 16:00:00,27.45,7.880000000000001,3.71,7.72,0.0,1.0,Pond_02,Real_Data,Obs_Pond_02_20260602_16,Low,2,1.0,0,0,0,0,0,0,0,0,0,0
2026-06-02 16:00:00,27.173844948380275,7.808459694343146,3.314364217814175,5.61514147180818,,,Pond_03,Real_Data,Obs_Pond_03_20260602_16,Low,1,1.0,0,0,0,0,0,0,0,0,0,0
2026-06-02 16:00:00,27.497832043227312,7.893694045250497,3.6694525346671174,7.696304503106656,0.0,1.0,Pond_04,Mock_Data,Obs_Pond_04_20260602_16,Low,2,1.0,0,0,0,0,0,0,0,0,0,0
2026-06-02 16:00:00,27.462091413139234,7.886707482438975,3.7327674885770445,7.726648862933148,0.0,1.0,Pond_05,Mock_Data,Obs_Pond_05_20260602_16,Low,2,1.0,0,0,0,0,0,0,0,0,0,0
2026-06-02 16:00:00,27.462091413139234,7.886707482438975,3.7327674885770445,7.726648862933148,0.0,1.0,Pond_05,Mock_Data,Obs_Pond_05_20260602_16,Medium,2,1.0,0,1,0,0,0,0,0,0,0,1
2026-06-02 20:00:00,27.45,7.88,3.71,7.72,1.0,1.0,Pond_01,Real_Data,Obs_Pond_01_20260602_20,Low,2,1.0,0,0,0,0,0,0,0,0,0,0
2026-06-02 20:00:00,27.450000000000003,7.88,3.7100000000000004,7.72,0.0,1.0,Pond_02,Real_Data,Obs_Pond_02_20260602_20,Low,2,1.0,0,0,0,0,0,0,0,0,0,0
2026-06-02 20:00:00,27.4263915820681,7.90849322146088,3.43506080321502,5.91815818847611,,,Pond_03,Real_Data,Obs_Pond_03_20260602_20,Low,1,1.0,0,0,0,0,0,0,0,0,0,0
2026-06-02 20:00:00,27.27343936579815,7.9026879973662805,3.685821501878368,7.699934728896756,0.0,1.0,Pond_04,Mock_Data,Obs_Pond_04_20260602_20,Low,2,1.0,0,0,0,0,0,0,0,0,0,0
2026-06-02 20:00:00,27.483314432534034,7.892302619064121,3.6768671327284346,7.729511288190596,0.0,1.0,Pond_05,Mock_Data,Obs_Pond_05_20260602_20,Low,2,1.0,0,0,0,0,0,0,0,0,0,0
2026-06-03 00:00:00,27.45,7.88,3.71,7.72,1.0,1.0,Pond_01,Real_Data,Obs_Pond_01_20260603_00,Low,2,1.0,0,0,0,0,0,0,0,0,0,0
2026-06-03 00:00:00,27.45,7.88,3.71,7.72,0.0,1.0,Pond_02,Real_Data,Obs_Pond_02_20260603_00,Low,2,1.0,0,0,0,0,0,0,0,0,0,0
2026-06-03 00:00:00,27.558222085900347,7.8189690530868825,3.211421932874095,6.63824218069198,,,Pond_03,Real_Data,Obs_Pond_03_20260603_00,Unknown,0,1.0,0,-1,0,0,0,0,0,0,0,0
2026-06-03 00:00:00,27.52120370927157,7.887882443549764,3.6222036629324106,7.8009421096671145,0.0,2.0,Pond_04,Mock_Data,Obs_Pond_04_20260603_00,Low,3,1.0,0,0,0,0,0,0,0,0,0,0
2026-06-03 00:00:00,27.52120370927157,7.887882443549764,3.6222036629324106,7.8009421096671145,0.0,2.0,Pond_04,Mock_Data,Obs_Pond_04_20260603_00,Medium,3,1.0,0,1,0,0,0,0,0,0,0,1
2026-06-03 00:00:00,27.414145449026826,7.909972345440467,3.7121168324215916,7.6250751978052,0.0,1.0,Pond_05,Mock_Data,Obs_Pond_05_20260603_00,Low,2,1.0,0,0,0,0,0,0,0,0,0,0
2026-06-03 00:00:00,27.414145449026826,7.909972345440467,3.7121168324215916,7.6250751978052,0.0,1.0,Pond_05,Mock_Data,Obs_Pond_05_20260603_00,Medium,2,1.0,0,1,0,0,0,0,0,0,0,1
2026-06-03 04:00:00,27.45,7.88,3.71,7.72,1.0,1.0,Pond_01,Real_Data,Obs_Pond_01_20260603_04,Low,2,1.0,0,0,0,0,0,0,0,0,0,0
2026-06-03 04:00:00,27.45,7.88,3.71,7.72,0.0,1.0,Pond_02,Real_Data,Obs_Pond_02_20260603_04,Low,2,1.0,0,0,0,0,0,0,0,0,0,0
2026-06-03 04:00:00,27.35808007504655,7.832971005955502,3.2390291096726824,6.25888754755054,,,Pond_03,Real_Data,Obs_Pond_03_20260603_04,Unknown,0,1.0,0,-1,0,0,0,0,0,0,0,0
2026-06-03 04:00:00,27.34216767694253,7.883175308740713,3.7120477902767806,7.755220933596023,0.0,1.0,Pond_04,Mock_Data,Obs_Pond_04_20260603_04,Low,2,1.0,0,0,0,0,0,0,0,0,0,0
2026-06-03 04:00:00,27.34216767694253,7.883175308740713,3.7120477902767806,7.755220933596023,0.0,1.0,Pond_04,Mock_Data,Obs_Pond_04_20260603_04,Medium,2,1.0,0,1,0,0,0,0,0,0,0,1
2026-06-03 04:00:00,27.44519668667162,7.905540934568125,3.651718016328789,7.7828829581005925,0.0,1.0,Pond_05,Mock_Data,Obs_Pond_05_20260603_04,Low,2,1.0,0,0,0,0,0,0,0,0,0,0
2026-06-03 08:00:00,27.45,7.88,3.71,7.72,0.0,1.0,Pond_01,Real_Data,Obs_Pond_01_20260603_08,Low,2,1.0,0,0,0,0,0,0,0,0,0,0
2026-06-03 08:00:00,27.45,7.88,3.71,7.72,0.0,1.0,Pond_02,Real_Data,Obs_Pond_02_20260603_08,Low,2,1.0,0,0,0,0,0,0,0,0,0,0
2026-06-03 08:00:00,27.2413437200195,7.938220461687267,3.4731146005977775,6.44271993089154,,,Pond_03,Real_Data,Obs_Pond_03_20260603_08,Low,1,1.0,0,0,0,0,0,0,0,0,0,0
2026-06-03 08:00:00,27.42753489731507,7.861108279076408,3.699260693723232,7.649805963098725,0.0,2.0,Pond_04,Mock_Data,Obs_Pond_04_20260603_08,Low,3,1.0,0,0,0,0,0,0,0,0,0,0
2026-06-03 08:00:00,27.42753489731507,7.861108279076408,3.699260693723232,7.649805963098725,0.0,2.0,Pond_04,Mock_Data,Obs_Pond_04_20260603_08,Medium,3,1.0,0,1,0,0,0,0,0,0,0,1
2026-06-03 08:00:00,27.446378337893922,7.868389825736611,3.739573746861111,7.664333126012938,0.0,2.0,Pond_05,Mock_Data,Obs_Pond_05_20260603_08,Medium,3,1.0,0,1,0,0,0,0,0,0,0,1
2026-06-03 12:00:00,27.45,7.88,3.71,7.72,1.0,1.0,Pond_01,Real_Data,Obs_Pond_01_20260603_12,Low,2,1.0,0,0,0,0,0,0,0,0,0,0
2026-06-03 12:00:00,27.45,7.880000000000001,3.71,7.72,0.0,1.0,Pond_02,Real_Data,Obs_Pond_02_20260603_12,Low,2,1.0,0,0,0,0,0,0,0,0,0,0
2026-06-03 12:00:00,27.47678911446145,7.831047106080235,3.399000306021505,5.39462569290296,,,Pond_03,Real_Data,Obs_Pond_03_20260603_12,Low,1,1.0,0,0,0,0,0,0,0,0,0,0
2026-06-03 12:00:00,27.380599730100517,7.8647286806902725,3.6378693262189117,7.735567989239359,0.0,1.0,Pond_04,Mock_Data,Obs_Pond_04_20260603_12,Low,2,1.0,0,0,0,0,0,0,0,0,0,0
2026-06-03 12:00:00,27.501222787666105,7.877812798285408,3.6986931956457156,7.725703508026082,0.0,1.0,Pond_05,Mock_Data,Obs_Pond_05_20260603_12,Low,2,1.0,0,0,0,0,0,0,0,0,0,0
2026-06-03 16:00:00,27.45,7.88,3.71,7.72,1.0,1.0,Pond_01,Real_Data,Obs_Pond_01_20260603_16,Low,2,1.0,0,0,0,0,0,0,0,0,0,0
2026-06-03 16:00:00,27.45,7.88,3.71,7.72,0.0,1.0,Pond_02,Real_Data,Obs_Pond_02_20260603_16,Low,2,1.0,0,0,0,0,0,0,0,0,0,0
2026-06-03 16:00:00,27.109364900691425,7.84049369768328,3.1492996996640876,6.43874015397689,,,Pond_03,Real_Data,Obs_Pond_03_20260603_16,Unknown,0,1.0,0,-1,0,0,0,0,0,0,0,0
2026-06-03 16:00:00,27.369752023091685,7.905445766601613,3.7274285687218893,7.7514651540175015,0.0,1.0,Pond_04,Mock_Data,Obs_Pond_04_20260603_16,Low,2,1.0,0,0,0,0,0,0,0,0,0,0
2026-06-03 16:00:00,27.369752023091685,7.905445766601613,3.7274285687218893,7.7514651540175015,0.0,1.0,Pond_04,Mock_Data,Obs_Pond_04_20260603_16,Medium,2,1.0,0,1,0,0,0,0,0,0,0,1
2026-06-03 16:00:00,27.383924346106316,7.894387852312687,3.691213323876075,-1.5,0.0,1.0,Pond_05,Mock_Data,Obs_Pond_05_20260603_16,Low,2,0.5,1,0,0,1,0,0,1,1,0,0
2026-06-03 20:00:00,27.45,7.88,3.71,7.72,1.0,1.0,Pond_01,Real_Data,Obs_Pond_01_20260603_20,Low,2,1.0,0,0,0,0,0,0,0,0,0,0
2026-06-03 20:00:00,27.449999999999996,7.88,3.71,7.72,0.0,1.0,Pond_02,Real_Data,Obs_Pond_02_20260603_20,Low,2,1.0,0,0,0,0,0,0,0,0,0,0
2026-06-03 20:00:00,27.17284475295355,7.92931535925944,3.29213647111632,6.0016605633095,,,Pond_03,Real_Data,Obs_Pond_03_20260603_20,Unknown,0,1.0,0,-1,0,0,0,0,0,0,0,0
2026-06-03 20:00:00,27.52195128915877,7.910797665184627,3.7408665022782333,7.792006019825947,0.0,1.0,Pond_04,Mock_Data,Obs_Pond_04_20260603_20,Low,2,1.0,0,0,0,0,0,0,0,0,0,0
2026-06-03 20:00:00,27.52195128915877,7.910797665184627,3.7408665022782333,7.792006019825947,0.0,1.0,Pond_04,Mock_Data,Obs_Pond_04_20260603_20,Medium,2,1.0,0,1,0,0,0,0,0,0,0,1
2026-06-03 20:00:00,27.446805269833764,7.902899830955862,3.708582540851878,7.77846104036961,0.0,2.0,Pond_05,Mock_Data,Obs_Pond_05_20260603_20,Low,3,1.0,0,0,0,0,0,0,0,0,0,0
2026-06-03 20:00:00,27.446805269833764,7.902899830955862,3.708582540851878,7.77846104036961,0.0,2.0,Pond_05,Mock_Data,Obs_Pond_05_20260603_20,Medium,3,1.0,0,1,0,0,0,0,0,0,0,1
2026-06-04 00:00:00,27.45,7.88,3.71,7.72,1.0,1.0,Pond_01,Real_Data,Obs_Pond_01_20260604_00,Low,2,1.0,0,0,0,0,0,0,0,0,0,0
2026-06-04 00:00:00,27.45,7.88,3.71,7.72,0.0,1.0,Pond_02,Real_Data,Obs_Pond_02_20260604_00,Low,2,1.0,0,0,0,0,0,0,0,0,0,0
2026-06-04 00:00:00,26.615791545720477,7.755400858620328,3.542744780085277,6.42598974191088,,,Pond_03,Real_Data,Obs_Pond_03_20260604_00,Low,1,1.0,0,0,0,0,0,0,0,0,0,0
2026-06-04 00:00:00,27.421010572170296,7.874894475576267,3.719789114491495,7.819818918551529,0.0,1.0,Pond_04,Mock_Data,Obs_Pond_04_20260604_00,Low,2,1.0,0,0,0,0,0,0,0,0,0,0
2026-06-04 00:00:00,27.421010572170296,7.874894475576267,3.719789114491495,7.819818918551529,0.0,1.0,Pond_04,Mock_Data,Obs_Pond_04_20260604_00,Medium,2,1.0,0,1,0,0,0,0,0,0,0,1
2026-06-04 00:00:00,27.568511443630314,7.9001332273791185,3.7117379592985404,7.722168322363527,0.0,1.0,Pond_05,Mock_Data,Obs_Pond_05_20260604_00,Low,2,1.0,0,0,0,0,0,0,0,0,0,0
2026-06-04 00:00:00,27.568511443630314,7.9001332273791185,3.7117379592985404,7.722168322363527,0.0,1.0,Pond_05,Mock_Data,Obs_Pond_05_20260604_00,Medium,2,1.0,0,1,0,0,0,0,0,0,0,1
2026-06-04 04:00:00,27.45,7.88,3.71,7.72,0.0,1.0,Pond_01,Real_Data,Obs_Pond_01_20260604_04,Low,2,1.0,0,0,0,0,0,0,0,0,0,0
2026-06-04 04:00:00,27.45,7.88,3.7099999999999995,7.72,0.0,1.0,Pond_02,Real_Data,Obs_Pond_02_20260604_04,Low,2,1.0,0,0,0,0,0,0,0,0,0,0
2026-06-04 04:00:00,27.10962326011775,7.8368424039532805,3.804568203314275,6.72977596298116,,,Pond_03,Real_Data,Obs_Pond_03_20260604_04,Medium,1,1.0,0,1,0,0,0,0,0,0,0,1
2026-06-04 04:00:00,27.47147727917732,7.880986383265253,3.696027054190045,7.655891808849165,0.0,1.0,Pond_04,Mock_Data,Obs_Pond_04_20260604_04,Low,2,1.0,0,0,0,0,0,0,0,0,0,0
2026-06-04 04:00:00,27.522151702172604,7.878630342118948,3.7485869709232995,7.697106404946615,0.0,1.0,Pond_05,Mock_Data,Obs_Pond_05_20260604_04,Low,2,1.0,0,0,0,0,0,0,0,0,0,0
2026-06-04 04:00:00,27.522151702172604,7.878630342118948,3.7485869709232995,7.697106404946615,0.0,1.0,Pond_05,Mock_Data,Obs_Pond_05_20260604_04,Medium,2,1.0,0,1,0,0,0,0,0,0,0,1
2026-06-04 08:00:00,27.45,7.88,3.71,7.72,1.0,1.0,Pond_01,Real_Data,Obs_Pond_01_20260604_08,Low,2,1.0,0,0,0,0,0,0,0,0,0,0
2026-06-04 08:00:00,27.449999999999996,7.88,3.71,7.72,0.0,1.0,Pond_02,Real_Data,Obs_Pond_02_20260604_08,Low,2,1.0,0,0,0,0,0,0,0,0,0,0
2026-06-04 08:00:00,27.70706956754435,7.864046593603263,3.4083758404157978,6.69628190600041,,,Pond_03,Real_Data,Obs_Pond_03_20260604_08,Low,1,1.0,0,0,0,0,0,0,0,0,0,0
2026-06-04 08:00:00,27.447091731363248,7.860603408833631,3.7355013906589956,7.668790359807735,0.0,1.0,Pond_04,Mock_Data,Obs_Pond_04_20260604_08,Low,2,1.0,0,0,0,0,0,0,0,0,0,0
2026-06-04 08:00:00,27.447091731363248,7.860603408833631,3.7355013906589956,7.668790359807735,0.0,1.0,Pond_04,Mock_Data,Obs_Pond_04_20260604_08,Medium,2,1.0,0,1,0,0,0,0,0,0,0,1
2026-06-04 08:00:00,27.53362588883116,7.853111454587831,3.735486229734404,7.779840037546934,0.0,1.0,Pond_05,Mock_Data,Obs_Pond_05_20260604_08,Low,2,1.0,0,0,0,0,0,0,0,0,0,0
2026-06-04 08:00:00,27.53362588883116,7.853111454587831,3.735486229734404,7.779840037546934,0.0,1.0,Pond_05,Mock_Data,Obs_Pond_05_20260604_08,Medium,2,1.0,0,1,0,0,0,0,0,0,0,1
2026-06-04 12:00:00,27.45,7.88,3.71,7.72,0.0,1.0,Pond_01,Real_Data,Obs_Pond_01_20260604_12,Low,2,1.0,0,0,0,0,0,0,0,0,0,0
2026-06-04 12:00:00,27.45,7.879999999999999,3.7100000000000004,7.72,0.0,1.0,Pond_02,Real_Data,Obs_Pond_02_20260604_12,Low,2,1.0,0,0,0,0,0,0,0,0,0,0
2026-06-04 12:00:00,27.172829781943577,7.912634778245838,3.158529564357715,6.10332079591234,,,Pond_03,Real_Data,Obs_Pond_03_20260604_12,Unknown,0,1.0,0,-1,0,0,0,0,0,0,0,0
2026-06-04 12:00:00,27.479568323950883,7.905146057473793,3.739329267613643,7.640577772569872,0.0,1.0,Pond_04,Mock_Data,Obs_Pond_04_20260604_12,Low,2,1.0,0,0,0,0,0,0,0,0,0,0
2026-06-04 12:00:00,27.479568323950883,7.905146057473793,3.739329267613643,7.640577772569872,0.0,1.0,Pond_04,Mock_Data,Obs_Pond_04_20260604_12,Medium,2,1.0,0,1,0,0,0,0,0,0,0,1
2026-06-04 12:00:00,27.451514353748934,7.858580972150279,3.703256053682727,7.762610306466217,0.0,2.0,Pond_05,Mock_Data,Obs_Pond_05_20260604_12,Low,3,1.0,0,0,0,0,0,0,0,0,0,0
2026-06-04 12:00:00,27.451514353748934,7.858580972150279,3.703256053682727,7.762610306466217,0.0,2.0,Pond_05,Mock_Data,Obs_Pond_05_20260604_12,Medium,3,1.0,0,1,0,0,0,0,0,0,0,1
2026-06-04 16:00:00,27.45,7.88,3.71,7.72,1.0,1.0,Pond_01,Real_Data,Obs_Pond_01_20260604_16,Low,2,1.0,0,0,0,0,0,0,0,0,0,0
2026-06-04 16:00:00,27.45,7.880000000000001,3.71,7.72,0.0,1.0,Pond_02,Real_Data,Obs_Pond_02_20260604_16,Low,2,1.0,0,0,0,0,0,0,0,0,0,0
2026-06-04 16:00:00,27.6289554448972,7.740391554069612,3.5601292756369274,6.19934555046005,,,Pond_03,Real_Data,Obs_Pond_03_20260604_16,Low,1,1.0,0,0,0,0,0,0,0,0,0,0
2026-06-04 16:00:00,27.454761635549332,7.894267757003598,3.7232544129602054,7.705220494825503,0.0,1.0,Pond_04,Mock_Data,Obs_Pond_04_20260604_16,Low,2,1.0,0,0,0,0,0,0,0,0,0,0
2026-06-04 16:00:00,27.454761635549332,7.894267757003598,3.7232544129602054,7.705220494825503,0.0,1.0,Pond_04,Mock_Data,Obs_Pond_04_20260604_16,Medium,2,1.0,0,1,0,0,0,0,0,0,0,1
2026-06-04 16:00:00,27.469896326286708,7.885845762527862,3.7429273112545878,7.6809472074363905,0.0,1.0,Pond_05,Mock_Data,Obs_Pond_05_20260604_16,Low,2,1.0,0,0,0,0,0,0,0,0,0,0
2026-06-04 16:00:00,27.469896326286708,7.885845762527862,3.7429273112545878,7.6809472074363905,0.0,1.0,Pond_05,Mock_Data,Obs_Pond_05_20260604_16,Medium,2,1.0,0,1,0,0,0,0,0,0,0,1
2026-06-04 20:00:00,27.45,7.88,3.71,7.72,0.0,1.0,Pond_01,Real_Data,Obs_Pond_01_20260604_20,Low,2,1.0,0,0,0,0,0,0,0,0,0,0
2026-06-04 20:00:00,27.45,7.88,3.71,7.72,0.0,1.0,Pond_02,Real_Data,Obs_Pond_02_20260604_20,Low,2,1.0,0,0,0,0,0,0,0,0,0,0
2026-06-04 20:00:00,26.99803731342145,7.766907167161248,3.78053513643362,6.2186184571453,,,Pond_03,Real_Data,Obs_Pond_03_20260604_20,Medium,1,1.0,0,1,0,0,0,0,0,0,0,1
2026-06-04 20:00:00,27.370476555576804,7.921623261823993,3.6744449434687008,7.749452825220054,0.0,1.0,Pond_04,Mock_Data,Obs_Pond_04_20260604_20,Low,2,1.0,0,0,0,0,0,0,0,0,0,0
2026-06-04 20:00:00,27.512121399178486,7.887337944028154,3.727278709722892,7.669798556353862,0.0,2.0,Pond_05,Mock_Data,Obs_Pond_05_20260604_20,Medium,3,1.0,0,1,0,0,0,0,0,0,0,1
2026-06-05 00:00:00,27.45,7.88,3.71,7.72,0.0,1.0,Pond_01,Real_Data,Obs_Pond_01_20260605_00,Low,2,1.0,0,0,0,0,0,0,0,0,0,0
2026-06-05 00:00:00,27.45,7.88,3.71,7.72,0.0,1.0,Pond_02,Real_Data,Obs_Pond_02_20260605_00,Low,2,1.0,0,0,0,0,0,0,0,0,0,0
2026-06-05 00:00:00,26.89410002041425,7.709484002043502,3.1497557348440877,6.43774512051727,,,Pond_03,Real_Data,Obs_Pond_03_20260605_00,Unknown,0,1.0,0,-1,0,0,0,0,0,0,0,0
2026-06-05 00:00:00,27.511751402349365,7.861167142474207,3.7219262791077448,7.78235503111818,0.0,1.0,Pond_04,Mock_Data,Obs_Pond_04_20260605_00,Low,2,1.0,0,0,0,0,0,0,0,0,0,0
2026-06-05 00:00:00,27.511751402349365,7.861167142474207,3.7219262791077448,7.78235503111818,0.0,1.0,Pond_04,Mock_Data,Obs_Pond_04_20260605_00,Medium,2,1.0,0,1,0,0,0,0,0,0,0,1
2026-06-05 00:00:00,27.546708999126714,7.8564422993725085,3.691606174081958,7.589120576996545,0.0,1.0,Pond_05,Mock_Data,Obs_Pond_05_20260605_00,Low,2,1.0,0,0,0,0,0,0,0,0,0,0
2026-06-05 04:00:00,27.45,7.88,3.71,7.72,1.0,1.0,Pond_01,Real_Data,Obs_Pond_01_20260605_04,Low,2,1.0,0,0,0,0,0,0,0,0,0,0
2026-06-05 04:00:00,27.45,7.88,3.71,7.72,0.0,1.0,Pond_02,Real_Data,Obs_Pond_02_20260605_04,Low,2,1.0,0,0,0,0,0,0,0,0,0,0
2026-06-05 04:00:00,26.9910135126979,7.7335717808069955,3.3561898343793852,5.57825198807657,,,Pond_03,Real_Data,Obs_Pond_03_20260605_04,Low,1,1.0,0,0,0,0,0,0,0,0,0,0
2026-06-05 04:00:00,27.419395586770257,7.871894817418787,3.761545901846309,7.71520331927719,0.0,1.0,Pond_04,Mock_Data,Obs_Pond_04_20260605_04,Low,2,1.0,0,0,0,0,0,0,0,0,0,0
2026-06-05 04:00:00,27.419395586770257,7.871894817418787,3.761545901846309,7.71520331927719,0.0,1.0,Pond_04,Mock_Data,Obs_Pond_04_20260605_04,Medium,2,1.0,0,1,0,0,0,0,0,0,0,1
2026-06-05 04:00:00,27.329034196113746,7.880955654193389,3.7046224893406086,7.729727868437691,0.0,1.0,Pond_05,Mock_Data,Obs_Pond_05_20260605_04,Low,2,1.0,0,0,0,0,0,0,0,0,0,0
2026-06-05 08:00:00,27.45,7.88,3.71,7.72,1.0,1.0,Pond_01,Real_Data,Obs_Pond_01_20260605_08,Low,2,1.0,0,0,0,0,0,0,0,0,0,0
2026-06-05 08:00:00,27.449999999999996,7.88,3.71,7.72,0.0,1.0,Pond_02,Real_Data,Obs_Pond_02_20260605_08,Low,2,1.0,0,0,0,0,0,0,0,0,0,0
2026-06-05 08:00:00,26.879503290937524,7.83457334075782,3.5054435269755873,6.22488130335737,,,Pond_03,Real_Data,Obs_Pond_03_20260605_08,Low,1,1.0,0,0,0,0,0,0,0,0,0,0
2026-06-05 08:00:00,27.35351870278364,7.884962625026142,3.6842749639045844,7.699800055674617,0.0,1.0,Pond_04,Mock_Data,Obs_Pond_04_20260605_08,Low,2,1.0,0,0,0,0,0,0,0,0,0,0
2026-06-05 08:00:00,27.368465270715642,7.893534607811776,3.7036090287413614,7.714777230637251,0.0,1.0,Pond_05,Mock_Data,Obs_Pond_05_20260605_08,Low,2,1.0,0,0,0,0,0,0,0,0,0,0
2026-06-05 12:00:00,27.45,7.88,3.71,7.72,1.0,1.0,Pond_01,Real_Data,Obs_Pond_01_20260605_12,Low,2,1.0,0,0,0,0,0,0,0,0,0,0
2026-06-05 12:00:00,27.45,7.88,3.71,7.72,0.0,1.0,Pond_02,Real_Data,Obs_Pond_02_20260605_12,Low,2,1.0,0,0,0,0,0,0,0,0,0,0
2026-06-05 12:00:00,26.945572271781526,7.874681943091582,3.2250765641546826,6.19547862256791,,,Pond_03,Real_Data,Obs_Pond_03_20260605_12,Unknown,0,1.0,0,-1,0,0,0,0,0,0,0,0
2026-06-05 12:00:00,27.42346422560641,7.893861921281858,3.8004574868524728,7.729584263661513,0.0,1.0,Pond_04,Mock_Data,Obs_Pond_04_20260605_12,Low,2,1.0,0,0,0,0,0,0,0,0,0,0
2026-06-05 12:00:00,27.42346422560641,7.893861921281858,3.8004574868524728,7.729584263661513,0.0,1.0,Pond_04,Mock_Data,Obs_Pond_04_20260605_12,Medium,2,1.0,0,1,0,0,0,0,0,0,0,1
2026-06-05 12:00:00,27.531163005714262,7.855315589235861,3.731785506594363,7.791756073885471,0.0,1.0,Pond_05,Mock_Data,Obs_Pond_05_20260605_12,Low,2,1.0,0,0,0,0,0,0,0,0,0,0
2026-06-05 12:00:00,27.531163005714262,7.855315589235861,3.731785506594363,7.791756073885471,0.0,1.0,Pond_05,Mock_Data,Obs_Pond_05_20260605_12,Medium,2,1.0,0,1,0,0,0,0,0,0,0,1
2026-06-05 16:00:00,27.45,7.88,3.71,7.72,1.0,1.0,Pond_01,Real_Data,Obs_Pond_01_20260605_16,Low,2,1.0,0,0,0,0,0,0,0,0,0,0
2026-06-05 16:00:00,27.45,7.879999999999999,3.7100000000000004,7.72,0.0,1.0,Pond_02,Real_Data,Obs_Pond_02_20260605_16,Low,2,1.0,0,0,0,0,0,0,0,0,0,0
2026-06-05 16:00:00,27.521213508431927,7.64279841340802,3.32322148147448,6.94099327796389,,,Pond_03,Real_Data,Obs_Pond_03_20260605_16,Low,1,1.0,0,0,0,0,0,0,0,0,0,0
2026-06-05 16:00:00,27.543021286920542,7.875375690339481,3.6873362115799315,7.667256617950348,0.0,1.0,Pond_04,Mock_Data,Obs_Pond_04_20260605_16,Low,2,1.0,0,0,0,0,0,0,0,0,0,0
2026-06-05 16:00:00,27.432837623736354,7.90369316645397,3.694174974592224,7.742676095235134,0.0,1.0,Pond_05,Mock_Data,Obs_Pond_05_20260605_16,Low,2,1.0,0,0,0,0,0,0,0,0,0,0
2026-06-05 20:00:00,27.45,7.88,3.71,7.72,1.0,1.0,Pond_01,Real_Data,Obs_Pond_01_20260605_20,Low,2,1.0,0,0,0,0,0,0,0,0,0,0
2026-06-05 20:00:00,27.45,7.88,3.71,7.72,0.0,1.0,Pond_02,Real_Data,Obs_Pond_02_20260605_20,Low,2,1.0,0,0,0,0,0,0,0,0,0,0
2026-06-05 20:00:00,27.27275309550265,7.784923978824805,3.576137836197745,6.06039470049074,,,Pond_03,Real_Data,Obs_Pond_03_20260605_20,Low,1,1.0,0,0,0,0,0,0,0,0,0,0
2026-06-05 20:00:00,27.502699120214164,7.861282113302926,3.711397303024193,7.851964648074938,0.0,1.0,Pond_04,Mock_Data,Obs_Pond_04_20260605_20,Low,2,1.0,0,0,0,0,0,0,0,0,0,0
2026-06-05 20:00:00,27.502699120214164,7.861282113302926,3.711397303024193,7.851964648074938,0.0,1.0,Pond_04,Mock_Data,Obs_Pond_04_20260605_20,Medium,2,1.0,0,1,0,0,0,0,0,0,0,1
2026-06-05 20:00:00,27.408364867810285,7.871905039822924,3.693166608686396,7.804263136276077,0.0,1.0,Pond_05,Mock_Data,Obs_Pond_05_20260605_20,Low,2,1.0,0,0,0,0,0,0,0,0,0,0
2026-06-06 00:00:00,27.45,7.88,3.71,7.72,0.0,1.0,Pond_01,Real_Data,Obs_Pond_01_20260606_00,Low,2,1.0,0,0,0,0,0,0,0,0,0,0
2026-06-06 00:00:00,27.3024698051651,7.86964230674572,2.9013254908682526,6.31078830167346,,,Pond_03,Real_Data,Obs_Pond_03_20260606_00,Unknown,0,1.0,0,-1,0,0,0,0,0,0,0,0
2026-06-06 00:00:00,27.428389566116703,7.898898993827737,3.681004234572208,7.618468298546123,0.0,1.0,Pond_04,Mock_Data,Obs_Pond_04_20260606_00,Low,2,1.0,0,0,0,0,0,0,0,0,0,0
2026-06-06 00:00:00,27.372263596250427,7.906965531462267,3.79488750609323,7.675958018886404,0.0,1.0,Pond_05,Mock_Data,Obs_Pond_05_20260606_00,Low,2,1.0,0,0,0,0,0,0,0,0,0,0
2026-06-06 00:00:00,27.372263596250427,7.906965531462267,3.79488750609323,7.675958018886404,0.0,1.0,Pond_05,Mock_Data,Obs_Pond_05_20260606_00,Medium,2,1.0,0,1,0,0,0,0,0,0,0,1
2026-06-06 04:00:00,27.45,7.88,3.71,7.72,0.0,1.0,Pond_01,Real_Data,Obs_Pond_01_20260606_04,Low,2,1.0,0,0,0,0,0,0,0,0,0,0
2026-06-06 04:00:00,27.38681726926105,7.691619417308223,3.24300102307422,6.85953206486689,,,Pond_03,Real_Data,Obs_Pond_03_20260606_04,Unknown,0,1.0,0,-1,0,0,0,0,0,0,0,0
2026-06-06 04:00:00,27.428352031200887,7.895462464658495,3.719626836357027,7.731667276239495,0.0,1.0,Pond_04,Mock_Data,Obs_Pond_04_20260606_04,Low,2,1.0,0,0,0,0,0,0,0,0,0,0
2026-06-06 04:00:00,27.428352031200887,7.895462464658495,3.719626836357027,7.731667276239495,0.0,1.0,Pond_04,Mock_Data,Obs_Pond_04_20260606_04,Medium,2,1.0,0,1,0,0,0,0,0,0,0,1
2026-06-06 04:00:00,27.415598513391537,7.8685618012675445,3.750518859816077,7.791879791612905,0.0,1.0,Pond_05,Mock_Data,Obs_Pond_05_20260606_04,Low,2,1.0,0,0,0,0,0,0,0,0,0,0
2026-06-06 04:00:00,27.415598513391537,7.8685618012675445,3.750518859816077,7.791879791612905,0.0,1.0,Pond_05,Mock_Data,Obs_Pond_05_20260606_04,Medium,2,1.0,0,1,0,0,0,0,0,0,0,1
2026-06-06 08:00:00,27.45,7.88,3.71,7.72,0.0,1.0,Pond_01,Real_Data,Obs_Pond_01_20260606_08,Low,2,1.0,0,0,0,0,0,0,0,0,0,0
2026-06-06 08:00:00,27.423796650195374,7.8435831634762305,3.3480886261895075,6.69461709393051,,,Pond_03,Real_Data,Obs_Pond_03_20260606_08,Low,1,1.0,0,0,0,0,0,0,0,0,0,0
2026-06-06 08:00:00,27.43006416045412,7.860353402934716,3.6348800988112364,7.847800686242513,0.0,1.0,Pond_04,Mock_Data,Obs_Pond_04_20260606_08,Low,2,1.0,0,0,0,0,0,0,0,0,0,0
2026-06-06 08:00:00,27.363077231748868,7.857987266925073,3.677204950439286,7.68659632908214,0.0,1.0,Pond_05,Mock_Data,Obs_Pond_05_20260606_08,Low,2,1.0,0,0,0,0,0,0,0,0,0,0
2026-06-06 12:00:00,27.45,7.88,3.71,7.72,0.0,1.0,Pond_01,Real_Data,Obs_Pond_01_20260606_12,Low,2,1.0,0,0,0,0,0,0,0,0,0,0
2026-06-06 12:00:00,27.417243524126924,8.006403637508138,2.975555510713535,5.93717699412131,,,Pond_03,Real_Data,Obs_Pond_03_20260606_12,Unknown,0,1.0,0,-1,0,0,0,0,0,0,0,0
2026-06-06 12:00:00,27.578722645186822,7.909063179393564,3.686456150129779,7.720429443630313,0.0,1.0,Pond_04,Mock_Data,Obs_Pond_04_20260606_12,Low,2,1.0,0,0,0,0,0,0,0,0,0,0
2026-06-06 12:00:00,27.579611868292083,7.870176702763305,3.734617436019109,7.769109016058648,0.0,1.0,Pond_05,Mock_Data,Obs_Pond_05_20260606_12,Low,2,1.0,0,0,0,0,0,0,0,0,0,0
2026-06-06 12:00:00,27.579611868292083,7.870176702763305,3.734617436019109,7.769109016058648,0.0,1.0,Pond_05,Mock_Data,Obs_Pond_05_20260606_12,Medium,2,1.0,0,1,0,0,0,0,0,0,0,1
2026-06-06 16:00:00,27.45,7.88,3.71,7.72,0.0,1.0,Pond_01,Real_Data,Obs_Pond_01_20260606_16,Low,2,1.0,0,0,0,0,0,0,0,0,0,0
2026-06-06 16:00:00,26.76921225066905,7.8569737377101045,3.31294874453838,5.8876325522153,,,Pond_03,Real_Data,Obs_Pond_03_20260606_16,Low,1,1.0,0,0,0,0,0,0,0,0,0,0
2026-06-06 16:00:00,27.47367342695938,7.905091206345085,3.6629106789318846,7.707998100195945,0.0,1.0,Pond_04,Mock_Data,Obs_Pond_04_20260606_16,Low,2,1.0,0,0,0,0,0,0,0,0,0,0
2026-06-06 16:00:00,27.4486093507824,7.877959849749689,3.715102935679932,7.627872232326692,0.0,1.0,Pond_05,Mock_Data,Obs_Pond_05_20260606_16,Low,2,1.0,0,0,0,0,0,0,0,0,0,0
2026-06-06 16:00:00,27.4486093507824,7.877959849749689,3.715102935679932,7.627872232326692,0.0,1.0,Pond_05,Mock_Data,Obs_Pond_05_20260606_16,Medium,2,1.0,0,1,0,0,0,0,0,0,0,1
2026-06-06 20:00:00,27.45,7.88,3.71,7.72,1.0,1.0,Pond_01,Real_Data,Obs_Pond_01_20260606_20,Low,2,1.0,0,0,0,0,0,0,0,0,0,0
2026-06-06 20:00:00,27.915979709949703,7.90035296768278,3.361666809196935,6.22731959234525,,,Pond_03,Real_Data,Obs_Pond_03_20260606_20,Low,1,1.0,0,0,0,0,0,0,0,0,0,0
2026-06-06 20:00:00,27.47665518339496,7.882879563186478,3.7158354245981986,7.697425563385148,0.0,1.0,Pond_04,Mock_Data,Obs_Pond_04_20260606_20,Low,2,1.0,0,0,0,0,0,0,0,0,0,0
2026-06-06 20:00:00,27.47665518339496,7.882879563186478,3.7158354245981986,7.697425563385148,0.0,1.0,Pond_04,Mock_Data,Obs_Pond_04_20260606_20,Medium,2,1.0,0,1,0,0,0,0,0,0,0,1
2026-06-06 20:00:00,27.4464080634315,7.8716702783680095,3.7268826307927507,7.734849950713374,0.0,1.0,Pond_05,Mock_Data,Obs_Pond_05_20260606_20,Low,2,1.0,0,0,0,0,0,0,0,0,0,0
2026-06-06 20:00:00,27.4464080634315,7.8716702783680095,3.7268826307927507,7.734849950713374,0.0,1.0,Pond_05,Mock_Data,Obs_Pond_05_20260606_20,Medium,2,1.0,0,1,0,0,0,0,0,0,0,1
2026-06-07 00:00:00,27.45,7.88,3.71,7.72,0.0,1.0,Pond_01,Real_Data,Obs_Pond_01_20260607_00,Low,2,1.0,0,0,0,0,0,0,0,0,0,0
2026-06-07 00:00:00,26.9076609670047,8.26468902520463,3.26204687450251,6.98824609646758,,,Pond_03,Real_Data,Obs_Pond_03_20260607_00,Unknown,0,1.0,0,-1,0,0,0,0,0,0,0,0
2026-06-07 00:00:00,27.51385984844815,7.881706724143352,3.7528778891351418,7.7086073780053646,0.0,1.0,Pond_04,Mock_Data,Obs_Pond_04_20260607_00,Low,2,1.0,0,0,0,0,0,0,0,0,0,0
2026-06-07 00:00:00,27.51385984844815,7.881706724143352,3.7528778891351418,7.7086073780053646,0.0,1.0,Pond_04,Mock_Data,Obs_Pond_04_20260607_00,Medium,2,1.0,0,1,0,0,0,0,0,0,0,1
2026-06-07 00:00:00,27.486450636186717,7.87536853339785,3.7159217875509625,7.594657194426597,0.0,1.0,Pond_05,Mock_Data,Obs_Pond_05_20260607_00,Low,2,1.0,0,0,0,0,0,0,0,0,0,0
2026-06-07 00:00:00,27.486450636186717,7.87536853339785,3.7159217875509625,7.594657194426597,0.0,1.0,Pond_05,Mock_Data,Obs_Pond_05_20260607_00,Medium,2,1.0,0,1,0,0,0,0,0,0,0,1
2026-06-07 04:00:00,27.45,7.88,3.71,7.72,1.0,1.0,Pond_01,Real_Data,Obs_Pond_01_20260607_04,Low,2,1.0,0,0,0,0,0,0,0,0,0,0
2026-06-07 04:00:00,27.46480081956749,7.891880014695719,3.7378540447226163,7.806702133796287,0.0,1.0,Pond_04,Mock_Data,Obs_Pond_04_20260607_04,Low,2,1.0,0,0,0,0,0,0,0,0,0,0
2026-06-07 04:00:00,27.46480081956749,7.891880014695719,3.7378540447226163,7.806702133796287,0.0,1.0,Pond_04,Mock_Data,Obs_Pond_04_20260607_04,Medium,2,1.0,0,1,0,0,0,0,0,0,0,1
2026-06-07 04:00:00,27.50964884364946,7.887160825265604,3.7612941827992143,7.70312895379544,0.0,1.0,Pond_05,Mock_Data,Obs_Pond_05_20260607_04,Low,2,1.0,0,0,0,0,0,0,0,0,0,0
2026-06-07 04:00:00,27.50964884364946,7.887160825265604,3.7612941827992143,7.70312895379544,0.0,1.0,Pond_05,Mock_Data,Obs_Pond_05_20260607_04,Medium,2,1.0,0,1,0,0,0,0,0,0,0,1
2026-06-07 08:00:00,27.45,7.88,3.71,7.72,1.0,1.0,Pond_01,Real_Data,Obs_Pond_01_20260607_08,Low,2,1.0,0,0,0,0,0,0,0,0,0,0
2026-06-07 08:00:00,27.43394384369752,7.86152350590197,3.6077404439433627,7.580310040829386,0.0,1.0,Pond_04,Mock_Data,Obs_Pond_04_20260607_08,Low,2,1.0,0,0,0,0,0,0,0,0,0,0
2026-06-07 08:00:00,27.508628791999033,7.876329600386816,3.7249022172372173,7.747810520679588,0.0,1.0,Pond_05,Mock_Data,Obs_Pond_05_20260607_08,Low,2,1.0,0,0,0,0,0,0,0,0,0,0
2026-06-07 08:00:00,27.508628791999033,7.876329600386816,3.7249022172372173,7.747810520679588,0.0,1.0,Pond_05,Mock_Data,Obs_Pond_05_20260607_08,Medium,2,1.0,0,1,0,0,0,0,0,0,0,1
2026-06-07 12:00:00,27.45,7.88,3.71,7.72,0.0,1.0,Pond_01,Real_Data,Obs_Pond_01_20260607_12,Low,2,1.0,0,0,0,0,0,0,0,0,0,0
2026-06-07 12:00:00,27.437829687493945,7.880643929987815,3.7980485366454615,7.816843880726791,0.0,1.0,Pond_04,Mock_Data,Obs_Pond_04_20260607_12,Low,2,1.0,0,0,0,0,0,0,0,0,0,0
2026-06-07 12:00:00,27.437829687493945,7.880643929987815,3.7980485366454615,7.816843880726791,0.0,1.0,Pond_04,Mock_Data,Obs_Pond_04_20260607_12,Medium,2,1.0,0,1,0,0,0,0,0,0,0,1
2026-06-07 12:00:00,27.516546089195398,7.8785824290305735,3.7073229027657546,7.687098273505283,0.0,1.0,Pond_05,Mock_Data,Obs_Pond_05_20260607_12,Low,2,1.0,0,0,0,0,0,0,0,0,0,0
2026-06-07 16:00:00,27.45,7.88,3.71,7.72,0.0,1.0,Pond_01,Real_Data,Obs_Pond_01_20260607_16,Low,2,1.0,0,0,0,0,0,0,0,0,0,0
2026-06-07 16:00:00,27.44556195379341,7.833848949561197,3.722731674766896,7.630070101814402,0.0,2.0,Pond_04,Mock_Data,Obs_Pond_04_20260607_16,Medium,3,1.0,0,1,0,0,0,0,0,0,0,1
2026-06-07 16:00:00,27.41089842934967,7.843351051461762,3.754936447235027,7.653659696963633,0.0,1.0,Pond_05,Mock_Data,Obs_Pond_05_20260607_16,Low,2,1.0,0,0,0,0,0,0,0,0,0,0
2026-06-07 16:00:00,27.41089842934967,7.843351051461762,3.754936447235027,7.653659696963633,0.0,1.0,Pond_05,Mock_Data,Obs_Pond_05_20260607_16,Medium,2,1.0,0,1,0,0,0,0,0,0,0,1
2026-06-07 20:00:00,27.45,7.88,3.71,7.72,0.0,1.0,Pond_01,Real_Data,Obs_Pond_01_20260607_20,Low,2,1.0,0,0,0,0,0,0,0,0,0,0
2026-06-07 20:00:00,27.447692861733227,7.8987928163659715,3.67651945102419,7.703159593827847,0.0,1.0,Pond_04,Mock_Data,Obs_Pond_04_20260607_20,Low,2,1.0,0,0,0,0,0,0,0,0,0,0
2026-06-07 20:00:00,27.431537382797092,7.888398723795745,3.720058621878844,7.773436543133204,0.0,1.0,Pond_05,Mock_Data,Obs_Pond_05_20260607_20,Low,2,1.0,0,0,0,0,0,0,0,0,0,0
2026-06-07 20:00:00,27.431537382797092,7.888398723795745,3.720058621878844,7.773436543133204,0.0,1.0,Pond_05,Mock_Data,Obs_Pond_05_20260607_20,Medium,2,1.0,0,1,0,0,0,0,0,0,0,1
2026-06-08 00:00:00,27.45,7.88,3.71,7.72,0.0,1.0,Pond_01,Real_Data,Obs_Pond_01_20260608_00,Low,2,1.0,0,0,0,0,0,0,0,0,0,0
2026-06-08 00:00:00,27.495100513068724,7.846518721698438,3.716774932144681,7.6928911035365255,0.0,1.0,Pond_04,Mock_Data,Obs_Pond_04_20260608_00,Low,2,1.0,0,0,0,0,0,0,0,0,0,0
2026-06-08 00:00:00,27.495100513068724,7.846518721698438,3.716774932144681,7.6928911035365255,0.0,1.0,Pond_04,Mock_Data,Obs_Pond_04_20260608_00,Medium,2,1.0,0,1,0,0,0,0,0,0,0,1
2026-06-08 00:00:00,27.49766673169038,7.878087317708135,3.7152378287529797,7.713465815919445,0.0,2.0,Pond_05,Mock_Data,Obs_Pond_05_20260608_00,Medium,3,1.0,0,1,0,0,0,0,0,0,0,1
2026-06-08 04:00:00,27.45,7.88,3.71,7.72,1.0,1.0,Pond_01,Real_Data,Obs_Pond_01_20260608_04,Low,2,1.0,0,0,0,0,0,0,0,0,0,0
2026-06-08 04:00:00,27.453219751207474,7.9122360782335015,3.7175968300204367,7.75717003389899,0.0,1.0,Pond_04,Mock_Data,Obs_Pond_04_20260608_04,Low,2,1.0,0,0,0,0,0,0,0,0,0,0
2026-06-08 04:00:00,27.453219751207474,7.9122360782335015,3.7175968300204367,7.75717003389899,0.0,1.0,Pond_04,Mock_Data,Obs_Pond_04_20260608_04,Medium,2,1.0,0,1,0,0,0,0,0,0,0,1
2026-06-08 04:00:00,27.417310951740784,7.914527634607524,3.723539807803744,7.689081205592197,0.0,1.0,Pond_05,Mock_Data,Obs_Pond_05_20260608_04,Low,2,1.0,0,0,0,0,0,0,0,0,0,0
2026-06-08 04:00:00,27.417310951740784,7.914527634607524,3.723539807803744,7.689081205592197,0.0,1.0,Pond_05,Mock_Data,Obs_Pond_05_20260608_04,Medium,2,1.0,0,1,0,0,0,0,0,0,0,1
2026-06-08 08:00:00,27.45,7.88,3.71,7.72,1.0,1.0,Pond_01,Real_Data,Obs_Pond_01_20260608_08,Low,2,1.0,0,0,0,0,0,0,0,0,0,0
2026-06-08 08:00:00,27.49541107994595,7.872921619780236,3.681247281596245,7.619070586495149,0.0,1.0,Pond_04,Mock_Data,Obs_Pond_04_20260608_08,Low,2,1.0,0,0,0,0,0,0,0,0,0,0
2026-06-08 08:00:00,27.449683476672305,7.859853999751539,3.705963831345125,7.722645933494075,0.0,1.0,Pond_05,Mock_Data,Obs_Pond_05_20260608_08,Low,2,1.0,0,0,0,0,0,0,0,0,0,0
2026-06-08 12:00:00,27.45,7.88,3.7099999999999995,7.72,0.0,1.0,Pond_01,Real_Data,Obs_Pond_01_20260608_12,Low,2,1.0,0,0,0,0,0,0,0,0,0,0
2026-06-08 12:00:00,27.444996960736567,7.875461471732675,3.718533632979771,7.7491884771486275,0.0,1.0,Pond_04,Mock_Data,Obs_Pond_04_20260608_12,Low,2,1.0,0,0,0,0,0,0,0,0,0,0
2026-06-08 12:00:00,27.444996960736567,7.875461471732675,3.718533632979771,7.7491884771486275,0.0,1.0,Pond_04,Mock_Data,Obs_Pond_04_20260608_12,Medium,2,1.0,0,1,0,0,0,0,0,0,0,1
2026-06-08 12:00:00,27.47471649278956,7.841226831935762,3.710397843055805,7.886518625280458,0.0,1.0,Pond_05,Mock_Data,Obs_Pond_05_20260608_12,Low,2,1.0,0,0,0,0,0,0,0,0,0,0
2026-06-08 12:00:00,27.47471649278956,7.841226831935762,3.710397843055805,7.886518625280458,0.0,1.0,Pond_05,Mock_Data,Obs_Pond_05_20260608_12,Medium,2,1.0,0,1,0,0,0,0,0,0,0,1
