DateTime,Temperature,Dissolved_Oxygen,pH,Turbidity,Date,Hour
2024-01-01 00:00:00,27.5980284918067,6.91638802791086,7.93721242947476,3.67737880775025,2024-01-01,0
2024-01-01 01:00:00,27.2170414192973,6.87157757847334,7.87236511750717,4.11098666514352,2024-01-01,1
2024-01-01 02:00:00,27.6886131228604,5.95069394199232,7.94137752968975,3.03936908918122,2024-01-01,2
2024-01-01 03:00:00,28.2138179138448,6.33576065010939,7.80489266110846,3.6118093683855,2024-01-01,3
2024-01-01 04:00:00,27.159507975166,6.56354345581208,7.8227415096328,3.88556338868995,2024-01-01,4
2024-01-01 05:00:00,27.1595178258305,5.67826769828644,8.02020069610445,2.92457666682204,2024-01-01,5
2024-01-01 06:00:00,28.2475276893044,6.92849608095099,8.32258107399825,3.10119625182065,2024-01-01,6
2024-01-01 07:00:00,27.7604608374918,6.75055689320818,7.53598504077564,4.05729904758916,2024-01-01,7
2024-01-01 08:00:00,27.018315368439,5.89626365921306,7.80819937827538,2.89070749201162,2024-01-01,8
2024-01-01 09:00:00,27.6255360261516,7.1425277191664,7.58210329810126,2.73331408595804,2024-01-01,9
2024-01-01 10:00:00,27.0219493843125,7.32952364681458,8.16432522870098,3.96703207666499,2024-01-01,10
2024-01-01 11:00:00,27.0205621478579,7.03622068731893,7.70657502644282,3.82460818674159,2024-01-01,11
2024-01-01 12:00:00,27.4451773629396,6.70555909487462,7.52692783330498,3.49581170491302,2024-01-01,12
2024-01-01 13:00:00,26.1520318532053,7.25486529105111,7.9640192697582,3.29034437550229,2024-01-01,13
2024-01-01 14:00:00,26.2650493004922,7.30813221628602,8.19630533409605,3.12143446258986,2024-01-01,14
2024-01-01 15:00:00,26.9626274824554,7.08444214183181,7.96935555239776,3.43123801573789,2024-01-01,15
2024-01-01 16:00:00,26.6923013277994,6.40523264973914,7.8730075542292,3.98931699168267,2024-01-01,16
2024-01-01 17:00:00,27.4885483995572,7.06596045930671,7.91591959378296,3.41258343424109,2024-01-01,17
2024-01-01 18:00:00,26.7551855546873,7.61728839049529,8.12711653919337,4.2417924849162,2024-01-01,18
2024-01-01 19:00:00,26.4526177791988,6.54202256483296,7.64641815329703,2.9238849461747,2024-01-01,19
2024-01-01 20:00:00,28.1793892613529,8.15876360347946,7.80651210814188,3.30153727563884,2024-01-01,20
2024-01-01 21:00:00,27.1645342197081,6.58462143960877,7.734935068813,3.14958477290452,2024-01-01,21
2024-01-01 22:00:00,27.3405169228128,6.91944420800408,7.58474828546874,2.8433891364402,2024-01-01,22
2024-01-01 23:00:00,26.4451510882719,6.4965086423962,7.76104119552247,3.24417399480585,2024-01-01,23
2024-01-02 00:00:00,26.9733703652849,7.03396250155216,8.06262143015631,3.48945159971399,2024-01-02,0
2024-01-02 01:00:00,27.3665535538259,5.85466698441884,7.94898645116247,3.53541897737937,2024-01-02,1
2024-01-02 02:00:00,26.6094038535466,6.57237492070997,7.96530520502272,4.24329443694616,2024-01-02,2
2024-01-02 03:00:00,27.5254188110074,6.24472727979086,7.8607598784472,3.50972101198113,2024-01-02,3
2024-01-02 04:00:00,26.9396167860487,6.98120300873538,7.939897994373,3.80455882558224,2024-01-02,4
2024-01-02 05:00:00,27.124983750124,7.49666842530534,7.6618760281069,3.33842052590856,2024-01-02,5
2024-01-02 06:00:00,26.9389760326624,7.28760371226873,7.76500292395528,4.03156390819462,2024-01-02,6
2024-01-02 07:00:00,28.4113669107054,5.47700438348467,7.87032088976342,4.34133319280287,2024-01-02,7
2024-01-02 08:00:00,27.2919016651572,8.12524179175673,7.8882783303652,3.53836660631966,2024-01-02,8
2024-01-02 09:00:00,26.6653734426265,7.07716796437252,7.89723944953359,2.88315662335582,2024-01-02,9
2024-01-02 10:00:00,27.7935269472619,6.4341005157042,7.80094959077656,3.07401384020582,2024-01-02,10
2024-01-02 11:00:00,26.5674938100174,6.99427675139457,7.75074108576263,3.43123175037822,2024-01-02,11
2024-01-02 12:00:00,27.4253181570029,7.00571389350162,8.4931319694393,3.50629415515778,2024-01-02,12
2024-01-02 13:00:00,26.1241979256721,6.49989076982906,8.0204253273158,3.61032280778528,2024-01-02,13
2024-01-02 14:00:00,26.5030883706609,7.01875000040525,7.91676096995005,3.50788500292892,2024-01-02,14
2024-01-02 15:00:00,27.4181167415215,6.53551662742782,7.78102621537666,3.31300351399005,2024-01-02,15
2024-01-02 16:00:00,27.7430799479973,6.65738280438599,7.73524404634179,3.03643467028309,2024-01-02,16
2024-01-02 17:00:00,27.402820968714,6.48823251854695,7.80253187531734,3.48248945234362,2024-01-02,17
2024-01-02 18:00:00,27.2306110305671,6.04039722615621,7.8914940571532,4.10764456371668,2024-01-02,18
2024-01-02 19:00:00,27.1193377826464,6.98750188212923,7.43510853574675,3.74856930033393,2024-01-02,19
2024-01-02 20:00:00,26.4128868057795,7.2511796619098,7.50042818497132,3.53992269834357,2024-01-02,20
2024-01-02 21:00:00,26.8680934749632,7.20893015764582,7.69625469832282,3.75271377724378,2024-01-02,21
2024-01-02 22:00:00,27.0236167374241,7.39195515158114,7.8734992817235,3.15044246757263,2024-01-02,22
2024-01-02 23:00:00,27.9342733357314,7.09460412600892,7.77975263909811,3.09144598718417,2024-01-02,23
2024-01-03 00:00:00,27.5061709737411,6.58036470106986,8.14040545748089,2.98845240512263,2024-01-03,0
2024-01-03 01:00:00,26.2421759067824,7.40379831865871,7.51869667473089,3.25612675220914,2024-01-03,1
2024-01-03 02:00:00,27.4944503816369,6.08548947609484,7.67221745138329,3.1285374644151,2024-01-03,2
2024-01-03 03:00:00,27.0689506317502,6.35959717049251,8.14921926560813,3.82955813848042,2024-01-03,3
2024-01-03 04:00:00,26.8938467998164,6.32147995714605,7.85753505818178,3.10561093039666,2024-01-03,4
2024-01-03 05:00:00,27.6670057733045,7.54803363548359,8.01581694238824,2.96482966202329,2024-01-03,5
2024-01-03 06:00:00,27.9185997134976,7.46567310848405,8.26076185808659,4.14530818689717,2024-01-03,6
2024-01-03 07:00:00,27.8587680714697,7.192383142227,7.68430107224062,3.11590865063502,2024-01-03,7
2024-01-03 08:00:00,26.7964694860664,7.54315791912708,7.80914398906367,3.37601723661765,2024-01-03,8
2024-01-03 09:00:00,27.1144725744893,6.37243033055281,7.77279035080452,3.50406881463967,2024-01-03,9
2024-01-03 10:00:00,27.4987580588421,7.10915707191659,7.41953546905851,2.82122195886405,2024-01-03,10
2024-01-03 11:00:00,27.8853270762734,6.8248953429701,7.76481667121125,3.84125802088632,2024-01-03,11
2024-01-03 12:00:00,27.0124954572928,7.40812926233095,8.01502305934994,3.58396118737683,2024-01-03,12
2024-01-03 13:00:00,27.1886046140017,6.83086546046868,7.94352380378057,3.98010512510874,2024-01-03,13
2024-01-03 14:00:00,26.6361990155964,6.66903426695395,7.96000746557148,3.01793456699622,2024-01-03,14
2024-01-03 15:00:00,26.5822760255516,7.22454511113659,7.75114311406571,3.35262409076475,2024-01-03,15
2024-01-03 16:00:00,27.7875154934365,7.42570150031474,7.69221958043882,3.3269229746475,2024-01-03,16
2024-01-03 17:00:00,28.1137440171425,6.49899288309192,8.09654369109871,3.42347205257051,2024-01-03,17
2024-01-03 18:00:00,27.2567939270518,6.86335459718857,7.72556339926489,2.68451565811182,2024-01-03,18
2024-01-03 19:00:00,27.9021197387352,6.26493561981501,7.89175722814658,3.35765964283766,2024-01-03,19
2024-01-03 20:00:00,27.5169816150286,5.40116338950424,7.86430028294228,2.69662051808779,2024-01-03,20
2024-01-03 21:00:00,26.9129281472369,7.02027577884824,8.136960573414,3.46408365061468,2024-01-03,21
2024-01-03 22:00:00,27.5168373633051,7.26534321375278,8.0339965951112,2.39468087645704,2024-01-03,22
2024-01-03 23:00:00,28.2228219398796,7.05724008545204,7.5579956896599,2.51381766125505,2024-01-03,23
2024-01-04 00:00:00,27.278504376534,5.73026296934738,7.58061383497724,3.6619759480692,2024-01-04,0
2024-01-04 01:00:00,28.2387861934884,6.68949034195412,7.95157106179452,3.07485946426624,2024-01-04,1
2024-01-04 02:00:00,25.7281529375462,5.56899134396935,7.81648909405038,2.88522102833814,2024-01-04,2
2024-01-04 03:00:00,27.7931415026251,7.72182066459251,7.73441392536971,3.85646361706249,2024-01-04,3
2024-01-04 04:00:00,27.3522282409429,6.24836725072915,8.04328185563884,3.45087927345122,2024-01-04,4
2024-01-04 05:00:00,27.1205955897205,7.65324216567594,7.86936647023867,3.68499878407953,2024-01-04,5
2024-01-04 06:00:00,27.3550564659213,7.46752178621049,7.84101605124678,3.23851590890204,2024-01-04,6
2024-01-04 07:00:00,26.1074586512395,6.35964578847836,7.99376401455856,4.462240338377,2024-01-04,7
2024-01-04 08:00:00,27.1681968672975,6.22032902923935,7.75122711106185,3.05005903995929,2024-01-04,8
2024-01-04 09:00:00,27.5142675429071,7.1102221298318,8.15938898694924,4.06013308622475,2024-01-04,9
2024-01-04 10:00:00,28.1867364268449,6.39340557769016,7.66450999912107,3.28361260275704,2024-01-04,10
2024-01-04 11:00:00,26.9890378690358,6.96149078529493,7.96795510393184,2.59856053018752,2024-01-04,11
2024-01-04 12:00:00,26.8149038382641,6.61030344551585,8.13110489611857,3.51762496067169,2024-01-04,12
2024-01-04 13:00:00,26.9989457738493,5.83130495132062,7.54076794725286,3.44534790142572,2024-01-04,13
2024-01-04 14:00:00,27.8492412706213,5.56171918852533,7.75789961307099,2.85793161987713,2024-01-04,14
2024-01-04 15:00:00,27.4972506657958,7.03601054909676,8.06986355250597,2.91344571083207,2024-01-04,15
2024-01-04 16:00:00,26.9821438777398,6.56306535220163,8.07302135502352,3.29938001347345,2024-01-04,16
2024-01-04 17:00:00,27.607960459868,6.56814610985152,7.79398592391847,3.46039156055663,2024-01-04,17
2024-01-04 18:00:00,27.3582465296088,7.31751830345627,7.67571907032786,2.24761478836186,2024-01-04,18
2024-01-04 19:00:00,27.8811869943197,7.60406536597947,8.03074652268946,3.76284222458524,2024-01-04,19
2024-01-04 20:00:00,26.8787681436736,6.73647316718292,8.07854531154214,3.09736587125956,2024-01-04,20
2024-01-04 21:00:00,27.1034027120413,6.69564077585408,7.5854206968124,2.73734858170878,2024-01-04,21
2024-01-04 22:00:00,27.0647351081207,7.20008581986833,7.57717813371706,3.71465861712433,2024-01-04,22
2024-01-04 23:00:00,26.4218910311207,6.08583865818026,7.87730390321656,3.29984426885006,2024-01-04,23
2024-01-05 00:00:00,27.4776721662388,7.03389183284862,7.96216573302007,3.83295128401637,2024-01-05,0
2024-01-05 01:00:00,27.4566331633079,7.23113158309329,7.76719549210169,3.4983194730813,2024-01-05,1
2024-01-05 02:00:00,27.3030680739855,7.30813812505058,7.97265170219629,3.30934876373234,2024-01-05,2
2024-01-05 03:00:00,27.1592477199749,5.73794837849852,7.68087131256415,3.24432612365853,2024-01-05,3
2024-01-05 04:00:00,26.4507775547698,6.44318683811464,7.38591434419452,3.51756648703914,2024-01-05,4
2024-01-05 05:00:00,27.0476128063408,6.37304204830592,7.74098077481016,3.13218155871199,2024-01-05,5
2024-01-05 06:00:00,27.0943712900839,6.95993217264553,7.84327875076775,2.94339378683901,2024-01-05,6
2024-01-05 07:00:00,26.818633638467,7.18844674786079,7.77207360842174,3.5722609227415,2024-01-05,7
2024-01-05 08:00:00,27.2032285730004,7.79802624446759,7.58669331463151,3.2478702281789,2024-01-05,8
2024-01-05 09:00:00,27.5424305140887,6.60302071177916,7.44871371506545,3.32443408866967,2024-01-05,9
2024-01-05 10:00:00,28.4317115407263,6.60145650101447,7.72204135108274,3.77843332954648,2024-01-05,10
2024-01-05 11:00:00,27.4047466876991,7.58980321132725,8.01850771204645,3.26103305867363,2024-01-05,11
2024-01-05 12:00:00,27.4545302344337,7.07794616311818,8.09380146227687,3.31646458798297,2024-01-05,12
2024-01-05 13:00:00,27.2553324505403,7.66059090671279,8.07941981066908,3.0521507100761,2024-01-05,13
2024-01-05 14:00:00,26.1487372708206,7.0732368018059,7.6586589976188,3.4952181716122,2024-01-05,14
2024-01-05 15:00:00,27.2840916747305,6.20573002877204,7.58772167203762,3.46042600245244,2024-01-05,15
2024-01-05 16:00:00,27.3361381259646,6.10012298713332,7.93429326914578,3.69733330666994,2024-01-05,16
2024-01-05 17:00:00,28.7779452674912,5.96909265056464,7.96337100243556,3.06097460008704,2024-01-05,17
2024-01-05 18:00:00,27.1845834211313,7.29723110085508,7.91403561709211,3.11313870307622,2024-01-05,18
2024-01-05 19:00:00,27.4809284054002,7.61315809385221,7.40704671241007,3.65061908163255,2024-01-05,19
2024-01-05 20:00:00,27.2791729381769,8.00961728483183,7.64795423717447,3.41845159144603,2024-01-05,20
2024-01-05 21:00:00,26.5987931774283,7.40586319939394,7.82376535403995,2.92032620573714,2024-01-05,21
2024-01-05 22:00:00,27.985693688709,7.59770314652099,7.93231582087239,3.87181824912584,2024-01-05,22
2024-01-05 23:00:00,27.7511598196121,6.55199020040779,7.99113454614652,2.57966625558789,2024-01-05,23
2024-01-06 00:00:00,27.7746191682258,6.20615050995369,7.86029323967923,3.64724244390341,2024-01-06,0
2024-01-06 01:00:00,26.7543675271232,7.41004759945053,7.89946459937303,2.76595882452078,2024-01-06,1
2024-01-06 02:00:00,28.1416765865617,7.15060845134364,7.84782174625583,4.12088906208878,2024-01-06,2
2024-01-06 03:00:00,26.4588893623246,6.96446662460454,7.97398006858588,2.64582211743058,2024-01-06,3
2024-01-06 04:00:00,27.6521142562802,7.1324228883798,7.89570178681309,3.80546778030528,2024-01-06,4
2024-01-06 05:00:00,28.614273375486,7.09391128947492,7.84380490860993,3.27489722519517,2024-01-06,5
2024-01-06 06:00:00,26.7056782049216,7.67029011591214,7.77364255218115,3.15236089496934,2024-01-06,6
2024-01-06 07:00:00,26.9602213622383,7.67699135089017,7.84707119925892,3.38972056228114,2024-01-06,7
2024-01-06 08:00:00,27.3597908190526,7.22653221140421,7.93176418955625,3.58171714583786,2024-01-06,8
2024-01-06 09:00:00,26.9979146075303,7.40748172353776,7.88616983166859,2.92110778399773,2024-01-06,9
2024-01-06 10:00:00,26.3696019413603,7.20843753145487,7.9099735478525,2.95921127817751,2024-01-06,10
2024-01-06 11:00:00,27.3411377848836,6.62329816077923,8.11197159088375,3.58933009199854,2024-01-06,11
2024-01-06 12:00:00,26.6626177717643,7.35393880494789,7.88568442377678,2.57584252993067,2024-01-06,12
2024-01-06 13:00:00,27.5841554583811,6.06330295868444,7.69371031070064,3.0587814899274,2024-01-06,13
2024-01-06 14:00:00,26.7483454594597,7.53233493137753,8.01555742505878,4.61749539028856,2024-01-06,14
2024-01-06 15:00:00,28.2299606430105,6.18328623614038,7.54309834908953,2.89375442522661,2024-01-06,15
2024-01-06 16:00:00,26.8300480245983,7.07148197207684,7.60290319004475,3.80355520045669,2024-01-06,16
2024-01-06 17:00:00,27.1067630902766,6.39290762494431,7.90052792559122,3.05804116945306,2024-01-06,17
2024-01-06 18:00:00,27.7881103304218,7.23203338984466,7.93844330023518,3.52888941226277,2024-01-06,18
2024-01-06 19:00:00,26.5614814101396,6.87964486444326,7.56853924306416,3.59137294695637,2024-01-06,19
2024-01-06 20:00:00,27.4364759607625,5.943146425102,7.74960832899278,3.79545139612867,2024-01-06,20
2024-01-06 21:00:00,28.0842856525695,7.15241977861109,7.70272239523387,3.22389085447051,2024-01-06,21
2024-01-06 22:00:00,26.3355100592633,6.55324753390037,7.72779797219487,4.16522039466459,2024-01-06,22
2024-01-06 23:00:00,27.4107803151194,7.42868803248802,8.02815553301732,3.05658527722837,2024-01-06,23
2024-01-07 00:00:00,27.4559296765491,6.90079541324065,7.97836614734492,3.41071477784781,2024-01-07,0
2024-01-07 01:00:00,27.7690937230664,7.13725259123282,7.82598434223072,3.41546908085357,2024-01-07,1
2024-01-07 02:00:00,26.5578295734732,6.32545862699087,7.71534799530587,2.82755370842175,2024-01-07,2
2024-01-07 03:00:00,26.5077260321494,6.54640066114358,7.54657356925377,3.18707493035898,2024-01-07,3
2024-01-07 04:00:00,27.6131649393701,6.62481681833935,8.12823883714421,3.37945080467252,2024-01-07,4
2024-01-07 05:00:00,27.4781908039399,7.41402148814553,7.95434391905983,3.12418795145435,2024-01-07,5
2024-01-07 06:00:00,27.4502957102075,7.90642625268329,7.68159948814464,4.35959730514631,2024-01-07,6
2024-01-07 07:00:00,27.5078689256982,6.41689694895428,7.98111589450123,2.9493918203522,2024-01-07,7
2024-01-07 08:00:00,26.8919851670529,7.54610888679461,7.81525303967933,3.81715252130038,2024-01-07,8
2024-01-07 09:00:00,27.4393522182966,5.59819354936458,7.76970700397891,3.67827771965398,2024-01-07,9
2024-01-07 10:00:00,27.4758434839792,6.18348635934463,7.92139442094082,3.30403928216316,2024-01-07,10
2024-01-07 11:00:00,26.8713891491842,6.32473292628794,7.67428536751833,2.93796010684353,2024-01-07,11
2024-01-07 12:00:00,28.4194647066869,6.08849478633557,7.75781113090288,2.97965021223154,2024-01-07,12
2024-01-07 13:00:00,27.5842997525471,5.94984696612745,7.85550682348191,3.0872740613369,2024-01-07,13
2024-01-07 14:00:00,26.5852179016784,7.14779934728268,7.72511524949411,2.54213124876311,2024-01-07,14
2024-01-07 15:00:00,27.6939321651803,6.77155938136328,7.97050789415618,2.87850986690631,2024-01-07,15
2024-01-07 16:00:00,26.7151909978636,7.12764323856307,8.22250396577243,2.67253509839363,2024-01-07,16
2024-01-07 17:00:00,27.7722507622455,7.31428361167291,7.6715973921525,3.88872625136642,2024-01-07,17
2024-01-07 18:00:00,27.9951573474044,7.05937019590352,7.48032368777615,3.57593882872693,2024-01-07,18
2024-01-07 19:00:00,26.807590608989,7.29465790569023,7.40963456482999,3.64796886251215,2024-01-07,19
2024-01-07 20:00:00,27.8780256775466,6.85828062825464,7.79840169028605,3.56319773916304,2024-01-07,20
2024-01-07 21:00:00,27.5476685561619,6.18780396701655,7.6907354360735,3.38179607803369,2024-01-07,21
2024-01-07 22:00:00,27.7932360959967,7.53468850849248,7.87365070522409,3.93809254281553,2024-01-07,22
2024-01-07 23:00:00,28.4380757895924,6.54653272033132,7.85784551112548,3.04737205803535,2024-01-07,23
2024-01-08 00:00:00,27.1527671303983,6.33864222074254,7.49332446221104,3.35586795180783,2024-01-08,0
2024-01-08 01:00:00,26.8477583013855,6.79324927451736,7.44887439580891,3.63123529596437,2024-01-08,1
2024-01-08 02:00:00,26.7662913422247,6.35231344842209,7.89214598047268,2.74188003030187,2024-01-08,2
2024-01-08 03:00:00,26.8105138290207,6.64954177080634,7.85844005529119,4.6415332253413,2024-01-08,3
2024-01-08 04:00:00,27.2537389743515,7.10643235293808,7.74057822034302,3.32228327799436,2024-01-08,4
2024-01-08 05:00:00,27.50469118489,7.10900504354768,7.48199984712222,3.37105546374751,2024-01-08,5
2024-01-08 06:00:00,27.466014479598,6.36130196014462,7.92899216518065,3.85045755362022,2024-01-08,6
2024-01-08 07:00:00,27.7963099494216,6.60737677623075,8.09709890453903,3.7034307931944,2024-01-08,7
2024-01-08 08:00:00,27.3078011351267,7.54459980286215,7.88837631244597,3.32637354834048,2024-01-08,8
2024-01-08 09:00:00,28.1721204462944,7.19784007064037,7.65203048298134,3.36595565838216,2024-01-08,9
2024-01-08 10:00:00,27.1412059000572,8.14503902360913,7.83935595476994,2.66321613169237,2024-01-08,10
2024-01-08 11:00:00,28.9321014999538,7.60807690424492,7.54311604300393,3.07071971552451,2024-01-08,11
2024-01-08 12:00:00,27.675400408659,7.58657584113596,8.05217174990615,3.53240039294835,2024-01-08,12
2024-01-08 13:00:00,26.7857054661502,6.06727886972652,7.8471873102512,3.50087392078844,2024-01-08,13
2024-01-08 14:00:00,26.6574645011633,7.35831621098005,7.45868704853182,3.83510127250176,2024-01-08,14
2024-01-08 15:00:00,27.5894834491459,6.86813591898185,7.76685838430683,3.25818454496397,2024-01-08,15
2024-01-08 16:00:00,27.1659223288045,6.56941091787705,7.92729331714919,2.71346679922473,2024-01-08,16
2024-01-08 17:00:00,27.7284002964553,7.00080920431952,7.76005999959514,3.76439408523354,2024-01-08,17
2024-01-08 18:00:00,27.5839425747441,7.46712692076689,7.77206189849756,3.92751841885827,2024-01-08,18
2024-01-08 19:00:00,27.2563026524059,7.20049895460253,7.57287553652007,3.69624516632818,2024-01-08,19
2024-01-08 20:00:00,26.791923769159,6.37291571919476,7.94897360728715,3.23963752153128,2024-01-08,20
2024-01-08 21:00:00,26.3910916651885,7.34547534815557,7.69382146799598,3.75908600230693,2024-01-08,21
2024-01-08 22:00:00,27.0320910287598,6.51744747475442,7.37714647082894,4.78443150554353,2024-01-08,22
2024-01-08 23:00:00,27.8138392765941,7.03000987137857,7.75203595215922,3.35951549520941,2024-01-08,23
2024-01-09 00:00:00,27.4284562464781,6.71798995951372,8.03604144026977,2.7459532223346,2024-01-09,0
2024-01-09 01:00:00,26.5525567327728,6.76868024895863,7.74874481621401,3.05789742869258,2024-01-09,1
2024-01-09 02:00:00,27.4039085555107,7.35974578502431,8.19497684687594,3.57895468013074,2024-01-09,2
2024-01-09 03:00:00,27.5311904278373,6.27588376811046,7.92008326919519,2.61993414631383,2024-01-09,3
2024-01-09 04:00:00,26.7696855382793,8.06711704456616,7.90113921407888,3.38284332221219,2024-01-09,4
2024-01-09 05:00:00,27.3922350635673,5.8073483584233,7.8030363641573,3.47354475963583,2024-01-09,5
2024-01-09 06:00:00,27.3349252310676,6.54139939004709,7.8156598963695,3.97010234811944,2024-01-09,6
2024-01-09 07:00:00,26.6142178213016,7.12212713396505,7.7746810366249,3.87338378810335,2024-01-09,7
2024-01-09 08:00:00,27.514672416209,7.25058849986119,7.76652342766267,3.68177146045326,2024-01-09,8
2024-01-09 09:00:00,27.6364707158209,6.83971456765698,7.9414821040341,2.38004802547875,2024-01-09,9
2024-01-09 10:00:00,27.9498307459052,6.86556557819908,7.63347544174398,3.70605284506061,2024-01-09,10
2024-01-09 11:00:00,27.9322812312209,7.14633005119657,7.60406229596791,3.61337075600591,2024-01-09,11
2024-01-09 12:00:00,26.4733983792258,6.76135831352539,7.59412903931617,3.42005608214369,2024-01-09,12
2024-01-09 13:00:00,26.7373049760509,7.73590875476094,8.2595874550122,2.56600448575744,2024-01-09,13
2024-01-09 14:00:00,27.6090211603252,7.40360946853896,7.94137200935082,2.97598721904956,2024-01-09,14
2024-01-09 15:00:00,27.6082715705473,7.42369461060338,7.89394336235283,2.80826620910035,2024-01-09,15
2024-01-09 16:00:00,27.6090286117836,6.32030596597775,7.60792191923838,2.44354637101195,2024-01-09,16
2024-01-09 17:00:00,29.6116388943928,6.85236694535658,7.96090188314171,3.30874648489164,2024-01-09,17
2024-01-09 18:00:00,27.6425343064159,6.71972043076758,7.8055200172448,2.96693648777961,2024-01-09,18
2024-01-09 19:00:00,27.9813393841084,6.29663917458632,7.87497547763767,4.43888139951563,2024-01-09,19
2024-01-09 20:00:00,27.8724010580959,7.11609851036746,7.62490973366865,3.2374280660417,2024-01-09,20
2024-01-09 21:00:00,27.6908347507835,6.57741254533211,7.86365646005769,3.86631385702236,2024-01-09,21
2024-01-09 22:00:00,27.1108384532158,7.29324229791014,7.74099495697664,2.63528741938191,2024-01-09,22
2024-01-09 23:00:00,27.755381532296,6.2578850622634,7.66922165702366,3.08206147801791,2024-01-09,23
2024-01-10 00:00:00,26.8363048712775,7.93142436770509,7.98416233051952,3.35166608669476,2024-01-10,0
2024-01-10 01:00:00,27.157908835956,6.36220040484476,7.5070813602087,2.9194938020987,2024-01-10,1
2024-01-10 02:00:00,27.0087818713025,7.03158140232026,7.94860301550597,3.12845370553396,2024-01-10,2
2024-01-10 03:00:00,27.3491244836318,7.37511558623284,7.97374208804613,3.21628111031528,2024-01-10,3
2024-01-10 04:00:00,28.6887951400041,6.55761574187993,7.64527482813424,3.2094195662587,2024-01-10,4
2024-01-10 05:00:00,26.179640884445,7.41148118605977,7.65773102316218,4.1077009864052,2024-01-10,5
2024-01-10 06:00:00,27.7117561142247,6.16248984131975,7.78316460693406,3.47263730273555,2024-01-10,6
2024-01-10 07:00:00,26.3323704772862,7.77127061950954,7.88922760419707,3.51618954206476,2024-01-10,7
2024-01-10 08:00:00,27.0168408805263,6.90848955897946,7.79790045171901,3.54205155296838,2024-01-10,8
2024-01-10 09:00:00,27.9533703581804,6.54215315521867,7.9210481166403,3.57342934225496,2024-01-10,9
2024-01-10 10:00:00,27.3385680114573,6.72049093654354,8.20022572703285,3.27435859693381,2024-01-10,10
2024-01-10 11:00:00,26.6533531332424,7.38535156163563,7.72337947847856,3.1720790602641,2024-01-10,11
2024-01-10 12:00:00,26.870817774444,6.54932682488974,7.46981220615228,3.38173090559286,2024-01-10,12
2024-01-10 13:00:00,27.7077586493608,6.45038538634633,8.00344395243644,3.80742569803279,2024-01-10,13
2024-01-10 14:00:00,26.8617800209697,6.76707804144976,8.18349606094478,3.79428242102765,2024-01-10,14
2024-01-10 15:00:00,27.4298751537492,6.19382273233802,7.91248135624074,3.20662865545398,2024-01-10,15
2024-01-10 16:00:00,27.3273431039423,7.99232634476509,7.60157277817573,3.64017278870729,2024-01-10,16
2024-01-10 17:00:00,26.9090397914365,6.56016324527117,7.80398260372061,3.22632859489294,2024-01-10,17
2024-01-10 18:00:00,28.5863664535952,7.39897007170824,7.59511006831556,3.32456433625716,2024-01-10,18
2024-01-10 19:00:00,27.6803514133908,7.02568205018866,7.96499965373222,3.1063849459317,2024-01-10,19
2024-01-10 20:00:00,26.0849144480054,6.30927956971082,7.54622901543333,3.23189259027032,2024-01-10,20
2024-01-10 21:00:00,27.4118725888617,6.89642717447236,7.76697295476608,3.88677192990636,2024-01-10,21
2024-01-10 22:00:00,26.902928121139,7.37040166758645,7.61908905647828,3.34974109335587,2024-01-10,22
2024-01-10 23:00:00,27.8114600008777,6.78704319894822,7.85663318387834,3.3681714786775,2024-01-10,23
2024-01-11 00:00:00,26.8244875569404,7.61586776751062,7.75306824780107,2.68769635491908,2024-01-11,0
2024-01-11 01:00:00,27.2311581351199,7.51290923566912,7.86712004168256,3.17702511971793,2024-01-11,1
2024-01-11 02:00:00,27.6029923673883,7.451348912795,7.83469361654294,3.20623459138977,2024-01-11,2
2024-01-11 03:00:00,27.8194531165021,6.6242059366362,7.62280160417794,2.95346830125934,2024-01-11,3
2024-01-11 04:00:00,26.5798221557665,6.25209453133111,7.9616441833411,3.31931612703253,2024-01-11,4
2024-01-11 05:00:00,27.0992992584954,6.53184743678232,7.81975921311295,3.12545161520211,2024-01-11,5
2024-01-11 06:00:00,27.0150328133034,7.01774456440003,7.62240890834816,3.34439821775474,2024-01-11,6
2024-01-11 07:00:00,26.9080024604558,7.22747202811941,8.30059457680322,3.36224629422214,2024-01-11,7
2024-01-11 08:00:00,28.3592725441687,5.59705715714373,7.9300503350106,2.89902562613626,2024-01-11,8
2024-01-11 09:00:00,27.5429890265766,6.89513207903295,7.79781528378615,3.13855823353223,2024-01-11,9
2024-01-11 10:00:00,26.543469627399,6.99485353519391,8.12719295060738,3.34327094158716,2024-01-11,10
2024-01-11 11:00:00,27.8507171682329,6.73347344621067,8.21678127797119,3.81924875539739,2024-01-11,11
2024-01-11 12:00:00,28.5732937182076,7.67476430340953,7.79947662131408,3.42038924430217,2024-01-11,12
2024-01-11 13:00:00,27.9194791563307,7.15306804455052,7.9029534721513,3.02536787263551,2024-01-11,13
2024-01-11 14:00:00,26.3883780204276,7.68611514484854,7.62251940821938,3.48157204647486,2024-01-11,14
2024-01-11 15:00:00,27.0094595562803,6.77042368778986,7.79908952233872,4.04424602240836,2024-01-11,15
2024-01-11 16:00:00,28.060146689512,7.46248649550416,7.78819686371043,3.70418378321328,2024-01-11,16
2024-01-11 17:00:00,26.8753983206287,7.88103983671651,7.86881367706055,3.54543640808732,2024-01-11,17
2024-01-11 18:00:00,27.5662916568877,7.6870160695636,7.89987970051377,3.6220037754574,2024-01-11,18
2024-01-11 19:00:00,27.7647804320576,6.24471504394276,7.94756397425389,3.92918023781431,2024-01-11,19
2024-01-11 20:00:00,26.7438417170532,6.74779435347457,7.87990495782299,3.77251952142759,2024-01-11,20
2024-01-11 21:00:00,27.2642847863629,6.69290117673012,7.57574404840788,3.55370696388059,2024-01-11,21
2024-01-11 22:00:00,25.3552395959586,7.1935527210458,7.63292190779437,3.76951615442374,2024-01-11,22
2024-01-11 23:00:00,26.6853674151994,7.31181213300872,7.71525439991263,2.84489002860645,2024-01-11,23
2024-01-12 00:00:00,27.1484591091641,6.39666439558456,7.77072947569612,2.66402594149368,2024-01-12,0
2024-01-12 01:00:00,26.5513300908211,6.94070310835016,8.05066260099915,3.37755241977685,2024-01-12,1
2024-01-12 02:00:00,28.279446782359,5.68804360070632,7.58578281276089,3.33953270514973,2024-01-12,2
2024-01-12 03:00:00,26.4419151732236,7.76516700348113,7.75494283988415,3.0761186769893,2024-01-12,3
2024-01-12 04:00:00,27.0359733079818,6.59257545559398,8.03013199462495,3.66511664802592,2024-01-12,4
2024-01-12 05:00:00,27.3784443463717,6.9335183639067,7.76702573035571,2.50896865782597,2024-01-12,5
2024-01-12 06:00:00,28.1647639734397,6.71421017160716,7.92668728646699,3.08004792989514,2024-01-12,6
2024-01-12 07:00:00,26.4384827092923,7.58761654500805,7.80069617098514,3.10146911570263,2024-01-12,7
2024-01-12 08:00:00,27.997898251293,5.19749613516157,7.88392448403819,2.60639023240723,2024-01-12,8
2024-01-12 09:00:00,27.3061398366118,6.89003379460446,7.7820207658,3.9527343331258,2024-01-12,9
2024-01-12 10:00:00,26.7110948093712,6.83650874550138,7.97008374927296,2.72554345447477,2024-01-12,10
2024-01-12 11:00:00,27.577262084558,6.62781816744499,7.50553815444465,3.0570137753577,2024-01-12,11
2024-01-12 12:00:00,27.4194358173441,7.93573592738138,7.75370447823841,3.70043129585621,2024-01-12,12
2024-01-12 13:00:00,26.9398698737047,6.36760232468654,7.89228026210581,3.58779949767436,2024-01-12,13
2024-01-12 14:00:00,27.341881250994,7.3630777063414,7.9420760020813,2.83348488051156,2024-01-12,14
2024-01-12 15:00:00,27.0688118418829,7.11375167322365,8.1435200507783,3.60347035998207,2024-01-12,15
2024-01-12 16:00:00,27.3681104071508,7.65691155152131,7.74788481995823,3.43460732582304,2024-01-12,16
2024-01-12 17:00:00,27.6972784047126,6.4996865491335,8.14069116999078,4.31320529170793,2024-01-12,17
2024-01-12 18:00:00,28.2516100896872,6.46021866052575,7.69160499640147,3.48369437890937,2024-01-12,18
2024-01-12 19:00:00,26.5573107007039,7.55764194448644,8.10901574642438,3.24926601694053,2024-01-12,19
2024-01-12 20:00:00,28.5798200247938,7.15519278499807,8.00166809660666,2.94170415843865,2024-01-12,20
2024-01-12 21:00:00,26.1287473202865,5.97303759199395,7.63817369827723,2.9899753522091,2024-01-12,21
2024-01-12 22:00:00,27.2089289429787,6.57641699132204,7.89447823982288,2.95491928894869,2024-01-12,22
2024-01-12 23:00:00,27.6529903238908,7.13182959230884,7.81924047453824,3.89957248998213,2024-01-12,23
2024-01-13 00:00:00,27.468595120641,7.40265853292795,7.96137276467175,3.31772706345708,2024-01-13,0
2024-01-13 01:00:00,26.9263802881076,6.49246160808423,7.78311296642901,3.55305626330913,2024-01-13,1
2024-01-13 02:00:00,27.1751266497856,5.15144640610984,7.76547829261104,3.96112646799178,2024-01-13,2
2024-01-13 03:00:00,27.0041994392047,7.21393391144222,8.1175098623802,2.29586041885079,2024-01-13,3
2024-01-13 04:00:00,26.9463811458335,6.16780758603362,7.80926861216431,3.85991571882116,2024-01-13,4
2024-01-13 05:00:00,27.8097612582126,5.68959672112655,8.00354868808027,3.33382067206683,2024-01-13,5
2024-01-13 06:00:00,27.514209291579,5.20060444500952,7.78267618814072,3.49707079980539,2024-01-13,6
2024-01-13 07:00:00,26.8842542428436,7.38838851611865,8.17999928443778,2.95378661464825,2024-01-13,7
2024-01-13 08:00:00,27.83975992526,6.97717047024298,7.68754972783955,2.98529650866714,2024-01-13,8
2024-01-13 09:00:00,27.484379712526,6.76460617157265,7.70102985843809,3.52020373261959,2024-01-13,9
2024-01-13 10:00:00,27.7877172713034,7.73341461777766,8.15014860803434,4.33537705414253,2024-01-13,10
2024-01-13 11:00:00,27.6777773051542,7.28239480981384,7.736561257912,3.74142472451041,2024-01-13,11
2024-01-13 12:00:00,26.8026029934468,7.86978002563315,8.16622560429452,3.85417485620997,2024-01-13,12
2024-01-13 13:00:00,26.9638913758818,6.0643587166998,8.01728652171491,3.22743945378759,2024-01-13,13
2024-01-13 14:00:00,27.748376163074,6.87926962562762,7.79752356162223,3.05191218342818,2024-01-13,14
2024-01-13 15:00:00,27.6662221592601,5.92997197503119,7.4492083708764,2.97425387082103,2024-01-13,15
2024-01-13 16:00:00,27.2874590436215,6.76237060088672,7.82594315610291,3.10004229838042,2024-01-13,16
2024-01-13 17:00:00,27.3703964299853,6.75083048773999,7.85134231124202,2.42730355373667,2024-01-13,17
2024-01-13 18:00:00,28.0665989374731,7.27596818235784,8.07511572399392,2.99828468255661,2024-01-13,18
2024-01-13 19:00:00,26.9450571666985,6.92733832868514,8.16357390701042,3.06904814289427,2024-01-13,19
2024-01-13 20:00:00,27.628258428702,7.27404428296795,7.68615269237981,3.23459598501022,2024-01-13,20
2024-01-13 21:00:00,27.1786844085397,7.32206407988334,7.99824817043752,3.36665254719134,2024-01-13,21
2024-01-13 22:00:00,27.1693912780637,8.19295720642989,7.9907344527628,3.46585387350901,2024-01-13,22
2024-01-13 23:00:00,27.9592661111923,6.71082200682833,8.05541666750619,3.30358208984953,2024-01-13,23
2024-01-14 00:00:00,27.7952498093928,6.33538637960017,7.93472488154847,3.05997947287262,2024-01-14,0
2024-01-14 01:00:00,27.7881057816004,7.04765016918985,7.42207548489803,2.46575578339583,2024-01-14,1
2024-01-14 02:00:00,28.0832872842926,6.41863198371627,7.79736128916917,3.06261729838723,2024-01-14,2
2024-01-14 03:00:00,27.3126023049797,7.78917646106192,7.58730140926745,2.89184622579459,2024-01-14,3
2024-01-14 04:00:00,27.709171782777,6.73006917663286,7.7874527876872,3.5104087017598,2024-01-14,4
2024-01-14 05:00:00,27.1138399460439,6.56065417927561,8.03580088958812,3.70099358057829,2024-01-14,5
2024-01-14 06:00:00,27.4944998114931,6.61721056730933,7.89408167553374,3.71358555883577,2024-01-14,6
2024-01-14 07:00:00,27.2219141673794,7.33105045408299,8.07109908194346,3.63548967653496,2024-01-14,7
2024-01-14 08:00:00,27.3581975789956,6.80535181006111,7.90176832334984,3.25258393375543,2024-01-14,8
2024-01-14 09:00:00,27.6570942152622,6.51499990792177,7.55735155266953,3.08555910684536,2024-01-14,9
2024-01-14 10:00:00,26.8090675900599,7.89921115057412,7.30062212861973,2.98874581592316,2024-01-14,10
2024-01-14 11:00:00,28.5554323654113,6.38629809560295,7.86124983995271,2.66177546586125,2024-01-14,11
2024-01-14 12:00:00,26.6963895711002,6.9213396444198,7.78507544206626,3.73649709121838,2024-01-14,12
2024-01-14 13:00:00,26.5714868323274,7.29138369096614,7.6248413947298,3.23487425369011,2024-01-14,13
2024-01-14 14:00:00,27.9948665241,5.92119893374976,7.47286827757321,2.77407367374302,2024-01-14,14
2024-01-14 15:00:00,27.7749976163778,7.18815630084356,7.67570392517073,2.9546087084446,2024-01-14,15
2024-01-14 16:00:00,27.6744718902313,6.26693539471173,7.7891567881784,2.937201413734,2024-01-14,16
2024-01-14 17:00:00,27.6770073055586,7.3936696685004,7.96983434297834,3.3285005285565,2024-01-14,17
2024-01-14 18:00:00,27.2926519362919,6.32240939284861,7.86961252712928,3.7690111759604,2024-01-14,18
2024-01-14 19:00:00,26.7616473771085,7.31566141910932,8.16769412190627,3.1603644936739,2024-01-14,19
2024-01-14 20:00:00,27.3454827349162,7.56349983977683,7.61252314823047,2.34141058864303,2024-01-14,20
2024-01-14 21:00:00,26.8937029730927,7.41686191537968,8.01502236733206,3.22865245588166,2024-01-14,21
2024-01-14 22:00:00,27.8850718400507,7.05078998894286,7.83993273605703,3.24283662295821,2024-01-14,22
2024-01-14 23:00:00,27.2117655710987,6.76121943424218,7.9758805160649,3.21328430069773,2024-01-14,23
2024-01-15 00:00:00,26.8047016819245,6.55414825419909,7.73833187871424,3.04019169841545,2024-01-15,0
2024-01-15 01:00:00,27.1071684950082,7.78262081449026,8.05505287851702,3.40349880471211,2024-01-15,1
2024-01-15 02:00:00,27.5477588725654,6.48030286789942,7.8919971992525,3.33844067951407,2024-01-15,2
2024-01-15 03:00:00,26.9617652683176,6.277760355858,7.68731655316727,3.29932296492554,2024-01-15,3
2024-01-15 04:00:00,26.8066677626601,7.2992213610197,7.82747495392823,3.48743578542048,2024-01-15,4
2024-01-15 05:00:00,27.4462123268952,6.4223179180881,7.77969326962321,3.12517188604642,2024-01-15,5
2024-01-15 06:00:00,27.4469799426652,6.32996190152032,7.93272745363394,3.10076816202872,2024-01-15,6
2024-01-15 07:00:00,26.9958340947773,6.03383744269814,7.58224688263135,3.90345301452172,2024-01-15,7
2024-01-15 08:00:00,27.017377016629,6.61025409632369,7.8238361425557,3.55052282617764,2024-01-15,8
2024-01-15 09:00:00,27.4392299624146,6.85037098566211,7.91301452305636,3.6655868062054,2024-01-15,9
2024-01-15 10:00:00,26.4311493951016,7.04585503659642,7.83693489451054,3.83722497169365,2024-01-15,10
2024-01-15 11:00:00,26.4555217353741,7.47078374657969,8.11285766132169,3.53615599766866,2024-01-15,11
2024-01-15 12:00:00,26.8689334672485,7.21613875419948,7.99254478255492,3.70920713202855,2024-01-15,12
2024-01-15 13:00:00,27.1719317089729,6.78547666826809,7.82842903268444,2.63088158030979,2024-01-15,13
2024-01-15 14:00:00,27.4865445393588,6.78108259417217,7.87550471047451,3.39778616495829,2024-01-15,14
2024-01-15 15:00:00,28.1852137301697,7.20609448134911,7.89208976581122,3.23143106141984,2024-01-15,15
2024-01-15 16:00:00,27.8145957739212,7.66354209775714,7.91469291687503,4.03140415908692,2024-01-15,16
2024-01-15 17:00:00,27.204036882022,6.97578851968992,7.44661182091043,3.70888757867542,2024-01-15,17
2024-01-15 18:00:00,27.2885902752584,6.61852148747376,7.76667947788844,3.03890856795893,2024-01-15,18
2024-01-15 19:00:00,26.6984823812173,6.30428039934867,7.51826779567938,3.47030148816756,2024-01-15,19
2024-01-15 20:00:00,27.2888921184046,6.03287684135267,8.09843899896649,3.38210297338317,2024-01-15,20
2024-01-15 21:00:00,27.1268048166479,7.29976180322611,7.81722160079939,3.50536251625546,2024-01-15,21
2024-01-15 22:00:00,27.4936311362029,7.24678711418374,7.78939840056728,2.8718977381689,2024-01-15,22
2024-01-15 23:00:00,26.8036614338686,7.246418115064,8.01832743972698,3.46480708005244,2024-01-15,23
2024-01-16 00:00:00,27.6116079085447,6.82280433218877,7.91868820746447,3.21189491980606,2024-01-16,0
2024-01-16 01:00:00,28.2196433478016,7.74416084753505,7.59298675198037,3.43145339854391,2024-01-16,1
2024-01-16 02:00:00,27.2347439109259,6.60952890324911,7.81510987386925,2.99851437899747,2024-01-16,2
2024-01-16 03:00:00,27.5410270332594,7.47316154232432,7.75961493562246,3.05842283629946,2024-01-16,3
2024-01-16 04:00:00,27.7140863950267,6.87675426300628,7.46364809339273,3.81475206875768,2024-01-16,4
2024-01-16 05:00:00,27.0592677168685,6.5349895411924,7.68504199102019,2.85783454991373,2024-01-16,5
2024-01-16 06:00:00,27.4344554890863,7.25551818439066,7.79145653237654,2.88956560755192,2024-01-16,6
2024-01-16 07:00:00,27.3075554404691,7.1457816712104,7.80586030438671,3.2878200593973,2024-01-16,7
2024-01-16 08:00:00,27.3586056591293,7.11418365556016,7.51873140102777,2.97808713867004,2024-01-16,8
2024-01-16 09:00:00,26.8361941296867,6.94876705323372,8.07184977243997,2.929437688127,2024-01-16,9
2024-01-16 10:00:00,27.3147061045554,6.8772641509699,7.8085583576328,3.35518266761957,2024-01-16,10
2024-01-16 11:00:00,27.5987989747473,8.33302319572226,7.83788614609872,2.66282168153141,2024-01-16,11
2024-01-16 12:00:00,28.170686164677,7.6105539871177,7.91413474405137,2.87657623898714,2024-01-16,12
2024-01-16 13:00:00,27.8755624956511,7.33369613699131,7.66450398668023,4.19326110065717,2024-01-16,13
2024-01-16 14:00:00,28.5919094745069,6.96707949492203,7.92583475435787,3.50757427535667,2024-01-16,14
2024-01-16 15:00:00,26.8395914622672,7.504294320358,7.75291432433618,2.98897775852394,2024-01-16,15
2024-01-16 16:00:00,27.8233923820324,7.21079686583487,7.64171703646409,3.48983248365447,2024-01-16,16
2024-01-16 17:00:00,27.410005203443,6.91572285166442,7.95042397360463,3.55395210510425,2024-01-16,17
2024-01-16 18:00:00,28.6138817599306,6.71786140484045,8.14325151034838,3.7375982006388,2024-01-16,18
2024-01-16 19:00:00,26.8150210287869,6.85144959740239,7.98221416843203,3.25532290733361,2024-01-16,19
2024-01-16 20:00:00,26.7961668946915,4.99774455847317,8.02382528867949,3.72989401219234,2024-01-16,20
2024-01-16 21:00:00,26.9403644127336,7.02636050357859,7.72066757262192,2.43346799430067,2024-01-16,21
2024-01-16 22:00:00,26.0256625654141,6.60691435193379,7.49449985687462,2.85578750389543,2024-01-16,22
2024-01-16 23:00:00,26.9845469869915,7.85560199896973,8.14292887964097,3.38046470274668,2024-01-16,23
2024-01-17 00:00:00,26.8445204030678,6.91160644248705,8.261448126775,3.45174241910735,2024-01-17,0
2024-01-17 01:00:00,27.3902362718857,6.18662194827902,8.15398942249163,2.91793361630248,2024-01-17,1
2024-01-17 02:00:00,27.5050535854663,6.87007190752313,7.75948495281425,3.42155059624316,2024-01-17,2
2024-01-17 03:00:00,28.4257025035295,6.2723273489625,7.58752678886694,3.04174869306448,2024-01-17,3
2024-01-17 04:00:00,27.8702543029116,7.18404444942748,7.60620663345789,3.19090758948232,2024-01-17,4
2024-01-17 05:00:00,26.9538578066026,7.07456841860369,7.47641616080105,3.75065273428596,2024-01-17,5
2024-01-17 06:00:00,26.760951197191,7.47470377866496,7.80745049013389,3.7008431236621,2024-01-17,6
2024-01-17 07:00:00,27.5951515029039,6.42547092498326,8.16719237119732,2.8812640592338,2024-01-17,7
2024-01-17 08:00:00,26.5078600757876,6.92040485773689,7.80025084730683,2.85538187133136,2024-01-17,8
2024-01-17 09:00:00,28.3988752595126,6.08098692274402,7.89348780907314,3.13319543991207,2024-01-17,9
2024-01-17 10:00:00,28.0076640724328,7.32089686915483,8.11887536250388,3.29849909049564,2024-01-17,10
2024-01-17 11:00:00,27.0184946087372,7.21132270826407,7.7451399845152,3.02710364991286,2024-01-17,11
2024-01-17 12:00:00,26.2721192825455,7.19748301261654,8.25746160591111,3.75747625040386,2024-01-17,12
2024-01-17 13:00:00,28.1123234244993,6.90097141881417,8.24833982557447,3.45937763193468,2024-01-17,13
2024-01-17 14:00:00,27.2312760928484,7.14886373447328,7.8024666188771,3.48461659724601,2024-01-17,14
2024-01-17 15:00:00,28.0426897871841,7.86260346498516,7.70871780455597,2.76538830355366,2024-01-17,15
2024-01-17 16:00:00,26.3433434047234,6.72894344577479,7.97641998974197,3.81193500847503,2024-01-17,16
2024-01-17 17:00:00,26.9403749862277,6.98318711022605,7.75701976207104,2.0973274064365,2024-01-17,17
2024-01-17 18:00:00,27.3031462198309,6.24832422049115,7.58712340441586,3.66864384429523,2024-01-17,18
2024-01-17 19:00:00,27.3281883562589,6.379043423041,8.09906011723983,3.71175404719843,2024-01-17,19
2024-01-17 20:00:00,27.0299607171125,6.95868797585599,8.08545395132819,3.12406748947048,2024-01-17,20
2024-01-17 21:00:00,27.6737099594085,7.56236012802115,7.86265743679035,3.85735139341639,2024-01-17,21
2024-01-17 22:00:00,26.6594277423704,6.74623150544906,7.56479840171708,3.28286805222963,2024-01-17,22
2024-01-17 23:00:00,27.2145723089872,6.75845008241273,7.57179948724435,3.3368456324308,2024-01-17,23
2024-01-18 00:00:00,27.3721773790271,6.65586885329738,7.85251815056802,3.45599737858381,2024-01-18,0
2024-01-18 01:00:00,27.6086633004353,6.57914599749341,7.72502708275394,4.68022721207875,2024-01-18,1
2024-01-18 02:00:00,27.7269689268533,7.07698287342529,7.75837048425026,3.88810658047569,2024-01-18,2
2024-01-18 03:00:00,26.6252147448973,6.00164541289281,8.0446122625626,3.61148641630656,2024-01-18,3
2024-01-18 04:00:00,26.3795314975586,7.66856374600004,7.98396765665874,2.91749407076149,2024-01-18,4
2024-01-18 05:00:00,28.0666060931391,6.50074662112232,8.1194099629045,3.37174362495618,2024-01-18,5
2024-01-18 06:00:00,27.4993884071878,7.33314209126289,7.62196912309078,2.96035663964605,2024-01-18,6
2024-01-18 07:00:00,26.8509080780661,6.13800084156368,7.75792977057579,3.66350766433161,2024-01-18,7
2024-01-18 08:00:00,28.2306911853135,7.30130407832773,7.98938615604662,3.37040079956599,2024-01-18,8
2024-01-18 09:00:00,27.3694047805757,7.3031667646887,7.92409645161271,2.82645567776603,2024-01-18,9
2024-01-18 10:00:00,28.0075783104383,7.13052124320354,8.1517998803434,3.34488357086996,2024-01-18,10
2024-01-18 11:00:00,27.3405110888461,6.30334288692013,7.91831270823986,2.94475048802199,2024-01-18,11
2024-01-18 12:00:00,28.5364487549292,7.04972891375885,8.21810291186217,3.37502297517515,2024-01-18,12
2024-01-18 13:00:00,28.3532045054659,6.19016628915937,7.94340373836186,2.94059675396294,2024-01-18,13
2024-01-18 14:00:00,27.1506215109126,6.74834204694229,8.05305516399362,3.32181968234515,2024-01-18,14
2024-01-18 15:00:00,27.8829425705726,7.5176478605732,7.76206186117526,3.63270204063209,2024-01-18,15
2024-01-18 16:00:00,27.6872255697511,7.37802115624245,7.83300031449564,3.2871876434722,2024-01-18,16
2024-01-18 17:00:00,28.1211789345194,6.90910976552426,8.02129832480629,3.14191804511587,2024-01-18,17
2024-01-18 18:00:00,26.7210459236519,6.3151160544463,8.16872541582454,3.39740877505471,2024-01-18,18
2024-01-18 19:00:00,27.7116308759991,7.28735262730452,7.98313975935526,3.60978852694093,2024-01-18,19
2024-01-18 20:00:00,27.9350546921098,6.91162874261882,7.81253392789373,2.83391119395084,2024-01-18,20
2024-01-18 21:00:00,26.2447563081461,5.50781064106175,8.11924035620095,3.42208214652324,2024-01-18,21
2024-01-18 22:00:00,26.5900448924005,7.36957789578991,7.36968448218123,3.87654255217748,2024-01-18,22
2024-01-18 23:00:00,26.0764606933439,6.88546029967819,7.53133075468356,3.55667249420899,2024-01-18,23
2024-01-19 00:00:00,27.1383558993333,7.62147074878984,7.97314318697036,3.33483428306691,2024-01-19,0
2024-01-19 01:00:00,27.7305253534776,6.24283768869432,7.83296275481316,3.58508712788053,2024-01-19,1
2024-01-19 02:00:00,28.2014142312576,4.9939777120824,7.95715786673608,3.50457347612415,2024-01-19,2
2024-01-19 03:00:00,27.3444568682519,7.06745031500711,7.84352557971071,3.63404847693872,2024-01-19,3
2024-01-19 04:00:00,28.2771693273428,7.07493820600918,7.94989859586681,2.43970940727733,2024-01-19,4
2024-01-19 05:00:00,26.4719391250711,5.88559702343613,7.65897540759143,2.6420138625248,2024-01-19,5
2024-01-19 06:00:00,26.2779705363869,6.31290027248004,7.94980207807674,3.74207653427779,2024-01-19,6
2024-01-19 07:00:00,27.266671380662,8.55313064623194,8.03882705092359,2.66272995425058,2024-01-19,7
2024-01-19 08:00:00,27.5304392693636,6.71663363150772,8.08631562682556,3.48266161335926,2024-01-19,8
2024-01-19 09:00:00,27.2803831511436,7.33857538582573,8.25284640187623,3.15861864790612,2024-01-19,9
2024-01-19 10:00:00,26.0595347399761,6.50960410357897,7.8812606731355,2.88163862439372,2024-01-19,10
2024-01-19 11:00:00,27.2465279762923,5.64581826068811,7.88752132823791,3.46034939557341,2024-01-19,11
2024-01-19 12:00:00,26.5173182996971,6.79784505192246,7.51013378252349,3.39644440659813,2024-01-19,12
2024-01-19 13:00:00,27.701803529298,6.74063726382834,7.71840360576093,4.21744734040144,2024-01-19,13
2024-01-19 14:00:00,27.5199589476581,6.66007305679898,7.78945276445861,3.04133118204957,2024-01-19,14
2024-01-19 15:00:00,26.7360721282036,6.83121549869617,8.05056710597803,3.92924735162975,2024-01-19,15
2024-01-19 16:00:00,26.991679849598,7.05856096298738,7.70168976394118,3.46154185318526,2024-01-19,16
2024-01-19 17:00:00,26.6644718868666,6.80992982924772,7.99723140414726,3.02576059093663,2024-01-19,17
2024-01-19 18:00:00,27.2623925416361,6.14159629923158,7.82965943943769,3.65367597673242,2024-01-19,18
2024-01-19 19:00:00,27.8730853923007,7.19171087493716,7.7927946958259,3.5532675569152,2024-01-19,19
2024-01-19 20:00:00,26.7085643721987,5.73037694680655,7.88226773351798,3.32541261678896,2024-01-19,20
2024-01-19 21:00:00,27.6024279093107,5.66978552562948,7.7478571618269,3.42450700326947,2024-01-19,21
2024-01-19 22:00:00,26.9818454289765,7.34350829682094,7.73990217790054,3.05329557665042,2024-01-19,22
2024-01-19 23:00:00,26.8242763006426,7.20421216328121,7.47199495978408,2.95491153614056,2024-01-19,23
2024-01-20 00:00:00,27.2357817840273,6.86556278095558,7.77792961646114,3.63656013474371,2024-01-20,0
2024-01-20 01:00:00,26.6788546065484,6.06273089714696,7.72920668930877,3.21370604754529,2024-01-20,1
2024-01-20 02:00:00,26.9678104167917,6.47525343559556,7.72164399223669,3.27556431075289,2024-01-20,2
2024-01-20 03:00:00,26.5812732644467,6.7423519513881,7.91754334314391,3.43032328625604,2024-01-20,3
2024-01-20 04:00:00,28.4788350797498,5.94246361885553,7.96831271008601,3.42407398825704,2024-01-20,4
2024-01-20 05:00:00,27.321158131183,6.45658280518606,7.87876084597489,2.69538961748115,2024-01-20,5
2024-01-20 06:00:00,26.8801646952045,7.29139820290601,8.03903718999439,3.86308839717559,2024-01-20,6
2024-01-20 07:00:00,27.4283879464405,7.75638321857353,7.95086800442438,3.36210832531729,2024-01-20,7
2024-01-20 08:00:00,27.2326031701855,6.64833914840487,7.76803820014082,3.22285909698648,2024-01-20,8
2024-01-20 09:00:00,27.1674182402801,7.35389301258966,7.73280017999998,3.49526378222299,2024-01-20,9
2024-01-20 10:00:00,27.6685000200261,5.75156395764752,7.89569266972104,3.41171314325439,2024-01-20,10
2024-01-20 11:00:00,27.7545046260284,7.29567074466817,7.9504910930794,3.63983695648057,2024-01-20,11
2024-01-20 12:00:00,26.9816993114337,6.41763095116351,8.12354730447662,3.54133297902491,2024-01-20,12
2024-01-20 13:00:00,26.9545090556132,7.08440737002478,8.08014633943742,3.6186738784684,2024-01-20,13
2024-01-20 14:00:00,27.134968981709,6.75134854905618,7.71629066863349,3.89092737946283,2024-01-20,14
2024-01-20 15:00:00,25.9188473011587,7.6922484058703,7.80857868117328,3.68995855605752,2024-01-20,15
2024-01-20 16:00:00,26.3908853626809,6.37533861099605,7.97091373903273,3.24099092525872,2024-01-20,16
2024-01-20 17:00:00,28.1201245604667,7.2765637785371,8.05427953339238,2.82715250288696,2024-01-20,17
2024-01-20 18:00:00,28.2869806281008,6.73229552202208,8.02718358842801,4.02715311119194,2024-01-20,18
2024-01-20 19:00:00,27.1505783762662,6.8050167131942,7.81658565510542,3.20777894946074,2024-01-20,19
2024-01-20 20:00:00,27.6459341778335,6.78968766410447,7.56665524299001,3.10656381225498,2024-01-20,20
2024-01-20 21:00:00,27.4867500927261,6.39259613730353,7.62022336098843,2.56320746836129,2024-01-20,21
2024-01-20 22:00:00,29.1473284850731,6.891540620456,7.88725303800708,3.45554343528421,2024-01-20,22
2024-01-20 23:00:00,27.9717449468608,6.86241106672691,7.90186737167911,3.37402123970012,2024-01-20,23
2024-01-21 00:00:00,27.2232494451115,7.04474414904404,7.59927733157878,2.65850057741272,2024-01-21,0
2024-01-21 01:00:00,26.7266757356397,6.95070308741572,7.83935961828675,3.50490783811727,2024-01-21,1
2024-01-21 02:00:00,26.3361322078455,7.37879672976734,7.96255711496407,3.09577747409838,2024-01-21,2
2024-01-21 03:00:00,27.4220781815203,7.45410516962842,7.5882424019235,4.46683545313414,2024-01-21,3
2024-01-21 04:00:00,26.8461895528294,6.26962600690332,8.06204941237893,3.06517468740093,2024-01-21,4
2024-01-21 05:00:00,26.4466477742414,7.42126350035446,7.75071845880244,3.12286686715495,2024-01-21,5
2024-01-21 06:00:00,26.9120562694545,6.18819814373409,8.0940987536411,2.93384622357062,2024-01-21,6
2024-01-21 07:00:00,26.6510711978314,7.25271353288264,7.71797498638706,3.85948690404805,2024-01-21,7
2024-01-21 08:00:00,28.3122849810435,7.27184327082172,7.61440864859432,3.14970640838016,2024-01-21,8
2024-01-21 09:00:00,27.8289838541697,5.7532098650025,7.73379123213324,2.99828691388084,2024-01-21,9
2024-01-21 10:00:00,27.29521641521,6.95578754791765,7.81001889415376,3.61399065426583,2024-01-21,10
2024-01-21 11:00:00,28.187966483334,6.61890233198381,7.74841921957799,2.71644823777233,2024-01-21,11
2024-01-21 12:00:00,27.3464209845886,6.44474084523878,7.78463970146965,3.57879753488705,2024-01-21,12
2024-01-21 13:00:00,26.783229479203,7.7105113984194,7.900132681432,4.07600187813837,2024-01-21,13
2024-01-21 14:00:00,28.2138744463618,6.50779251561755,7.79405233234276,3.55364136811909,2024-01-21,14
2024-01-21 15:00:00,27.6233460262108,6.41617384252917,7.81611639727008,3.58429627599177,2024-01-21,15
2024-01-21 16:00:00,26.6776523074041,6.94541696400306,7.47106245616746,3.68412589327022,2024-01-21,16
2024-01-21 17:00:00,27.1857967931498,7.31135384777905,7.9122565833622,4.04517445233047,2024-01-21,17
2024-01-21 18:00:00,26.7746290479692,6.81501084839392,7.81126730748475,3.83025440280822,2024-01-21,18
2024-01-21 19:00:00,26.4703201614214,7.59982232740155,8.1681615259014,3.4990579805774,2024-01-21,19
2024-01-21 20:00:00,27.855706528519,7.21858539717846,7.63269131487667,3.69867330227348,2024-01-21,20
2024-01-21 21:00:00,28.4456499842821,5.59307320816114,7.4502579810151,2.92904798205,2024-01-21,21
2024-01-21 22:00:00,26.4608594557085,6.5823198218958,7.95979438372531,3.64380624402135,2024-01-21,22
2024-01-21 23:00:00,27.6377815420143,6.56289474038898,7.90277067384573,2.87761093239099,2024-01-21,23
2024-01-22 00:00:00,26.9096144585269,7.18761657205765,7.61822906568846,3.1521803599884,2024-01-22,0
2024-01-22 01:00:00,27.0077247697412,5.32510976617553,7.50875271944914,1.98449826468841,2024-01-22,1
2024-01-22 02:00:00,26.9445636454567,8.42940582523063,8.1528533134437,3.48261475352801,2024-01-22,2
2024-01-22 03:00:00,26.7816055381921,7.21861565693653,8.12696318202742,3.03313503522341,2024-01-22,3
2024-01-22 04:00:00,27.3291129767669,6.98932608235062,7.30763408067171,3.78779244253792,2024-01-22,4
2024-01-22 05:00:00,26.8014299301534,7.60894062985149,7.73377316385614,3.47778282256032,2024-01-22,5
2024-01-22 06:00:00,27.4622740954679,8.30619243168758,8.17948033150462,3.7933612347217,2024-01-22,6
2024-01-22 07:00:00,27.2698571343305,7.42244798675304,7.73002686286665,2.84405348579081,2024-01-22,7
2024-01-22 08:00:00,27.1566311718802,7.46928785788297,7.7269714308544,3.75650599597864,2024-01-22,8
2024-01-22 09:00:00,26.755461802775,6.97841401467863,7.77062054119783,4.21551822807623,2024-01-22,9
2024-01-22 10:00:00,26.953937201659,6.81508454797983,7.59461163550869,3.63858806897072,2024-01-22,10
2024-01-22 11:00:00,27.7532347354955,6.61452273359706,7.47199709371211,3.64985007373768,2024-01-22,11
2024-01-22 12:00:00,27.6005503125746,6.40433280497128,8.0510349352543,3.38292700084982,2024-01-22,12
2024-01-22 13:00:00,26.7134668531209,6.4877915401803,7.44298324968799,3.08439242435689,2024-01-22,13
2024-01-22 14:00:00,27.3595993832575,6.08966642139421,7.88192700494284,3.63731272026165,2024-01-22,14
2024-01-22 15:00:00,27.7508322740231,6.85447712958899,8.01618169347911,2.66238434852711,2024-01-22,15
2024-01-22 16:00:00,26.2983568313272,5.88919945366417,7.52524247723076,3.13036529628405,2024-01-22,16
2024-01-22 17:00:00,27.626016115428,7.01454991448623,7.63590363545504,2.54844557499501,2024-01-22,17
2024-01-22 18:00:00,26.9024257446325,6.8782016351746,8.08476762956224,3.00742775775452,2024-01-22,18
2024-01-22 19:00:00,27.6423592011559,6.98816117903201,7.94190726124768,3.58607938951423,2024-01-22,19
2024-01-22 20:00:00,26.8420445060745,6.586721057988,7.70037000155543,3.5273191517748,2024-01-22,20
2024-01-22 21:00:00,26.2170707396013,8.7461162221083,8.08247229070585,3.33189288908025,2024-01-22,21
2024-01-22 22:00:00,26.3234745372701,7.71606954010819,8.0833725019254,3.38327242744667,2024-01-22,22
2024-01-22 23:00:00,27.3288509679968,6.15327449994917,7.8865010655333,2.49907821431839,2024-01-22,23
2024-01-23 00:00:00,27.4558335010329,7.03972085245614,7.64096635214653,3.14979821935451,2024-01-23,0
2024-01-23 01:00:00,26.7574100249374,6.53519631423761,7.74317577227092,3.01701880923286,2024-01-23,1
2024-01-23 02:00:00,27.6831554752664,6.29131216397555,7.89014121623063,3.02660433307875,2024-01-23,2
2024-01-23 03:00:00,26.3030879626386,6.09595675732564,7.79039508587903,3.56781880995991,2024-01-23,3
2024-01-23 04:00:00,27.2603521208116,7.15933001445555,8.02718100742932,2.93998184960272,2024-01-23,4
2024-01-23 05:00:00,26.5733902801425,6.49117185895826,7.50874744317704,3.04998723444521,2024-01-23,5
2024-01-23 06:00:00,26.9088983353187,7.48069561441512,7.51620465889609,2.41256022434491,2024-01-23,6
2024-01-23 07:00:00,27.3284392027899,7.49626932871826,7.86798293341131,3.18352703243825,2024-01-23,7
2024-01-23 08:00:00,26.7837519808296,7.72434863112687,7.72677567310055,2.84222985448314,2024-01-23,8
2024-01-23 09:00:00,27.0692666734621,6.38856794035554,7.69831979091348,3.34405725933655,2024-01-23,9
2024-01-23 10:00:00,27.9037756855287,7.18521936641521,7.45870808897338,2.90102353990074,2024-01-23,10
2024-01-23 11:00:00,26.9538648782861,7.27947252998538,7.83410462740762,3.35495316558616,2024-01-23,11
2024-01-23 12:00:00,27.8014152672391,6.61549309493762,7.81892142731984,3.24778512288079,2024-01-23,12
2024-01-23 13:00:00,26.6221758872054,6.43693682556428,7.96723058620987,4.0289779624082,2024-01-23,13
2024-01-23 14:00:00,27.6178825067492,7.86571239946558,7.8444702879554,3.52380373159487,2024-01-23,14
2024-01-23 15:00:00,28.1649411723947,7.03649752543923,7.8021531435695,2.51895571479821,2024-01-23,15
2024-01-23 16:00:00,25.8170132999236,7.28158065042704,8.07717013372597,2.76609779703584,2024-01-23,16
2024-01-23 17:00:00,26.8218628467177,6.40675439290324,7.5543818662758,3.3337394438667,2024-01-23,17
2024-01-23 18:00:00,27.6462432763083,6.16842932008668,7.94264173595799,2.91016538219116,2024-01-23,18
2024-01-23 19:00:00,27.1781727683742,6.55833013530473,7.47905909539298,2.03360157499858,2024-01-23,19
2024-01-23 20:00:00,27.5226875240228,6.825587167566,7.65394400519983,3.89030491494851,2024-01-23,20
2024-01-23 21:00:00,26.9376088879705,6.26146799590959,7.5753420021491,3.61969632726933,2024-01-23,21
2024-01-23 22:00:00,27.3519538724837,6.89409311480977,7.9942079324449,3.53402005560146,2024-01-23,22
2024-01-23 23:00:00,27.2065936587648,5.8868968871589,7.81626385094497,3.04885109044751,2024-01-23,23
2024-01-24 00:00:00,28.0006692369959,6.22797154651808,7.82716431863548,3.49390101153427,2024-01-24,0
2024-01-24 01:00:00,27.4526525059807,7.30254674896613,7.59758607257682,3.00712506058502,2024-01-24,1
2024-01-24 02:00:00,27.5025615972451,7.26227431216674,7.76706436585409,3.39808863909361,2024-01-24,2
2024-01-24 03:00:00,27.0528738203265,6.66487394076788,7.66967228630509,2.91414921289032,2024-01-24,3
2024-01-24 04:00:00,27.0074362655565,6.28934141455383,7.91052555311939,3.96200403373909,2024-01-24,4
2024-01-24 05:00:00,27.0404650873082,6.28355786908439,7.62187086158036,2.63479823874481,2024-01-24,5
2024-01-24 06:00:00,27.536671285427,6.67603905243521,8.10925681669307,3.83988204668966,2024-01-24,6
2024-01-24 07:00:00,27.0474093115078,7.28671109498718,7.47812810557894,3.32673380604745,2024-01-24,7
2024-01-24 08:00:00,27.4738649141379,7.4569474148066,7.66063083518412,3.09952919200294,2024-01-24,8
2024-01-24 09:00:00,28.5452404791873,6.60208095871082,8.18221210709288,3.38181125632917,2024-01-24,9
2024-01-24 10:00:00,27.822674822059,6.20790454440913,7.73862086292797,3.62533964308662,2024-01-24,10
2024-01-24 11:00:00,27.1043858806993,7.0607061827198,7.55387548047507,3.89770109677859,2024-01-24,11
2024-01-24 12:00:00,28.0207283532984,6.40587901762449,7.87600502813291,3.44465149994742,2024-01-24,12
2024-01-24 13:00:00,27.0551547761871,6.58904841668328,7.73016762913495,2.92700068333722,2024-01-24,13
2024-01-24 14:00:00,26.0771252788933,7.69516565426222,7.65446724632016,3.33392095321929,2024-01-24,14
2024-01-24 15:00:00,26.6951482134496,7.39626925713946,7.59986712973227,4.09122109176482,2024-01-24,15
2024-01-24 16:00:00,26.1775248473845,6.99478458735087,8.41135845718145,3.88950157677043,2024-01-24,16
2024-01-24 17:00:00,27.0890919095752,6.13684859933237,7.77717410096133,3.70076829559347,2024-01-24,17
2024-01-24 18:00:00,27.3110510275137,7.0268379404824,7.4256308543301,3.65214541865263,2024-01-24,18
2024-01-24 19:00:00,28.3058623873652,7.53759437447252,8.14367904939116,3.61076353896081,2024-01-24,19
2024-01-24 20:00:00,27.4961564242585,6.67461980054068,7.95832489007322,3.80826457883924,2024-01-24,20
2024-01-24 21:00:00,27.1685396827147,7.71066845399203,7.66904204948585,3.11364962213958,2024-01-24,21
2024-01-24 22:00:00,27.7976433487101,7.67564717371092,7.63404499137591,2.72731299171675,2024-01-24,22
2024-01-24 23:00:00,25.9733188145953,7.89823969928608,7.97142928719323,3.33967150531694,2024-01-24,23
2024-01-25 00:00:00,27.4413687348651,7.08314587591881,7.77814715122721,2.95843991768559,2024-01-25,0
2024-01-25 01:00:00,27.7625191163322,7.25243501988361,7.42554465812653,2.85634107518781,2024-01-25,1
2024-01-25 02:00:00,26.4128482525321,7.74851237299865,8.20532039256698,3.00028021206719,2024-01-25,2
2024-01-25 03:00:00,27.9862524259242,7.16843636224139,7.73886200293465,4.37868498754949,2024-01-25,3
2024-01-25 04:00:00,27.5030978444967,6.59925953532587,8.14407006466131,3.36853359265261,2024-01-25,4
2024-01-25 05:00:00,27.0508272516595,6.63087429808328,8.0984713411728,3.46562036963523,2024-01-25,5
2024-01-25 06:00:00,27.6796691196638,7.04313297226424,7.61978799565861,2.78438399298817,2024-01-25,6
2024-01-25 07:00:00,28.6624157146826,6.12566314683227,8.04696987151626,2.51718622771917,2024-01-25,7
2024-01-25 08:00:00,27.4091197530351,6.81404465078149,7.69319706452863,2.95780736345891,2024-01-25,8
2024-01-25 09:00:00,27.4489323517802,7.55792827093815,7.43799287677117,3.92842410163976,2024-01-25,9
2024-01-25 10:00:00,27.0243834602759,5.58524768930083,7.74083438513535,3.4537384504129,2024-01-25,10
2024-01-25 11:00:00,26.7900933783211,7.82068926107671,7.91350387537302,3.56739588932109,2024-01-25,11
2024-01-25 12:00:00,27.7982014899266,7.5734245312219,7.73282530392077,3.62758339685689,2024-01-25,12
2024-01-25 13:00:00,26.7863497044547,6.62414123050171,7.76551984840573,3.05571976668674,2024-01-25,13
2024-01-25 14:00:00,27.3429397423316,7.22603449672309,8.07014886943501,3.90682520110855,2024-01-25,14
2024-01-25 15:00:00,27.0134055319409,6.9018886361438,7.85236373586092,3.03789273233446,2024-01-25,15
2024-01-25 16:00:00,27.5873878954478,7.63799422106321,7.65290735463016,3.9146799144829,2024-01-25,16
2024-01-25 17:00:00,27.5001972631722,7.48960988566197,7.97742636797014,3.5001899271382,2024-01-25,17
2024-01-25 18:00:00,27.9225239665547,6.0599575660902,7.87151186906039,2.54071058367408,2024-01-25,18
2024-01-25 19:00:00,26.9939901606872,7.25235744807851,7.30046299169297,2.98835592076177,2024-01-25,19
2024-01-25 20:00:00,27.138075038824,6.77662328781405,7.91995411189201,2.542476430865,2024-01-25,20
2024-01-25 21:00:00,26.7127417705306,6.94969954231086,7.91228402862038,3.81021131710151,2024-01-25,21
2024-01-25 22:00:00,27.0334240439543,6.46309685941811,7.83422543721198,3.29936376905497,2024-01-25,22
2024-01-25 23:00:00,27.5263802958269,7.9488822414725,8.01725712202461,2.35181275082159,2024-01-25,23
2024-01-26 00:00:00,27.7541931699872,7.52403709194155,7.68879734729144,3.47157115913945,2024-01-26,0
2024-01-26 01:00:00,26.7467008054934,6.45613730161622,7.90066495565239,3.07901936717302,2024-01-26,1
2024-01-26 02:00:00,27.8217635520634,6.09923363585386,7.50093853205486,2.67196348233567,2024-01-26,2
2024-01-26 03:00:00,28.113382715283,6.66859642141329,7.91548898051375,4.03152530989654,2024-01-26,3
2024-01-26 04:00:00,27.5480609419342,7.16070158765478,8.24014253606338,3.35613292242153,2024-01-26,4
2024-01-26 05:00:00,28.4260774875348,7.04412350636773,7.62108016598182,3.18382449700528,2024-01-26,5
2024-01-26 06:00:00,26.8357264805379,7.65187969486095,7.67044155228257,3.13824734417601,2024-01-26,6
2024-01-26 07:00:00,26.5532071780132,7.37395183330851,7.68089675699277,2.65928982826216,2024-01-26,7
2024-01-26 08:00:00,26.2327678506574,7.48174141545175,7.85729962741834,2.74904397317883,2024-01-26,8
2024-01-26 09:00:00,28.1976265868935,7.09611324036626,7.60676238270072,3.86251421749629,2024-01-26,9
2024-01-26 10:00:00,27.6926193938124,6.06642076187341,7.91846194952511,3.10623036599214,2024-01-26,10
2024-01-26 11:00:00,27.2666491974537,6.78258088131186,8.00783638854852,3.31948911140285,2024-01-26,11
2024-01-26 12:00:00,27.4679811757919,7.5360538439452,7.9422129148253,2.43093789523354,2024-01-26,12
2024-01-26 13:00:00,26.624706571621,6.86908624288521,7.45863276061601,2.74322042460793,2024-01-26,13
2024-01-26 14:00:00,28.7674511877701,7.20185422117425,8.03898520968331,3.57221938354614,2024-01-26,14
2024-01-26 15:00:00,27.3775327091851,6.70875101085232,8.02684715699327,3.47241605684895,2024-01-26,15
2024-01-26 16:00:00,27.3656368767629,6.28211289087489,8.00433388819272,4.06395133545146,2024-01-26,16
2024-01-26 17:00:00,27.7354599743392,6.82599356157233,7.90829687221772,3.88747122260143,2024-01-26,17
2024-01-26 18:00:00,27.588605539042,7.08542846581959,7.87623975598308,3.21079428183153,2024-01-26,18
2024-01-26 19:00:00,27.4343304145675,6.50658736832313,8.04680177360654,3.51337003282671,2024-01-26,19
2024-01-26 20:00:00,26.8257153267328,6.758573253086,8.23393783239673,3.17386051955168,2024-01-26,20
2024-01-26 21:00:00,27.5828810142816,6.33632205480841,7.62986150269338,4.19356822201462,2024-01-26,21
2024-01-26 22:00:00,28.429214697885,7.57154695053846,8.0564063331169,3.80407631930253,2024-01-26,22
2024-01-26 23:00:00,28.107252027693,6.72332654544718,7.81189440941844,3.38296458906883,2024-01-26,23
2024-01-27 00:00:00,28.2559119759836,7.77165332707571,7.80276865907399,3.39616975749683,2024-01-27,0
2024-01-27 01:00:00,26.9932705941413,7.81724871032455,7.50732855501977,3.93128562352172,2024-01-27,1
2024-01-27 02:00:00,26.7062371078449,6.85137242116695,7.77019422400177,3.55921847425895,2024-01-27,2
2024-01-27 03:00:00,27.2245278479402,6.29493076047159,7.62057435882663,3.98021004734014,2024-01-27,3
2024-01-27 04:00:00,27.3334349473732,5.64846127336,7.73259056980375,2.36673139170868,2024-01-27,4
2024-01-27 05:00:00,27.9565149110826,6.01677775618393,7.59938085940659,3.50832815244448,2024-01-27,5
2024-01-27 06:00:00,26.2845212221711,6.07569910506081,7.73572923866427,3.08836300818701,2024-01-27,6
2024-01-27 07:00:00,28.2177301916764,7.7270817764769,7.74471682502509,4.06524253468004,2024-01-27,7
2024-01-27 08:00:00,27.2051952608526,6.96949475233617,7.85031853287215,3.97495143549163,2024-01-27,8
2024-01-27 09:00:00,27.0438713580316,7.13376271445519,7.49090252891882,3.32411939791356,2024-01-27,9
2024-01-27 10:00:00,26.6927373748439,5.56774739463893,7.52644118897348,3.97032132088874,2024-01-27,10
2024-01-27 11:00:00,26.3070859968805,6.18122014246964,7.90600199685341,4.07673924359678,2024-01-27,11
2024-01-27 12:00:00,27.7939023503772,7.43224786586777,7.66253799541528,3.34199486892824,2024-01-27,12
2024-01-27 13:00:00,27.343990780313,7.07206446742955,8.05565125594829,4.3729315221457,2024-01-27,13
2024-01-27 14:00:00,26.5260234601554,6.81167683278864,7.87730664162316,3.29652330435202,2024-01-27,14
2024-01-27 15:00:00,26.5229527367618,7.23890541516007,7.95742005154335,3.21775599135556,2024-01-27,15
2024-01-27 16:00:00,27.0985291804259,7.88147868368149,8.12624538728839,3.68232521309127,2024-01-27,16
2024-01-27 17:00:00,28.3014129151736,6.76737452187777,7.76496072952062,3.15786998560881,2024-01-27,17
2024-01-27 18:00:00,27.1442451891818,6.94162188159484,7.70935779186258,3.34669610359181,2024-01-27,18
2024-01-27 19:00:00,26.3981142281291,7.01555815123878,8.01305754297575,3.91605680234189,2024-01-27,19
2024-01-27 20:00:00,27.1525541615484,8.3352657811644,7.93699784842523,3.31826410645343,2024-01-27,20
2024-01-27 21:00:00,27.1363658581514,5.64038624134859,7.79066063493753,2.58114234902062,2024-01-27,21
2024-01-27 22:00:00,25.6818680142351,7.30993380887329,8.12220617306075,3.46794733677516,2024-01-27,22
2024-01-27 23:00:00,27.2674230800893,6.83111865074456,7.78542869493361,3.01059376100747,2024-01-27,23
2024-01-28 00:00:00,27.1614392818748,7.24006303571051,7.83688246388671,3.68206659763666,2024-01-28,0
2024-01-28 01:00:00,27.7177238188881,6.50557646760317,7.83445675667519,3.60936157780529,2024-01-28,1
2024-01-28 02:00:00,28.4093736569672,6.87062098148493,7.63373528207132,3.94270214971161,2024-01-28,2
2024-01-28 03:00:00,27.9759390177287,7.3268463476793,7.84629293179214,3.70023888934086,2024-01-28,3
2024-01-28 04:00:00,27.1386667856671,8.7677461206263,8.12331963725368,3.77880504197297,2024-01-28,4
2024-01-28 05:00:00,26.636084454755,7.38482171364124,7.923443346229,3.02228839314078,2024-01-28,5
2024-01-28 06:00:00,28.8440158819499,6.3911606411817,7.83652331954378,3.65571419323292,2024-01-28,6
2024-01-28 07:00:00,27.3355310604087,6.64574419078638,7.79602887095521,4.15643405442493,2024-01-28,7
2024-01-28 08:00:00,27.3083575751478,6.62795153496969,7.89948207596533,3.01388053928619,2024-01-28,8
2024-01-28 09:00:00,27.285524947734,5.82261409642199,7.98745099198273,4.08388746544265,2024-01-28,9
2024-01-28 10:00:00,27.4188508564607,6.70194588497914,7.95794015448685,3.07377946078343,2024-01-28,10
2024-01-28 11:00:00,27.2133837528456,7.33969744909305,7.76030837901739,2.94365236462851,2024-01-28,11
2024-01-28 12:00:00,26.9558027958719,6.13546072855392,7.89820413476312,3.43736619064258,2024-01-28,12
2024-01-28 13:00:00,26.9718846352558,7.52908959063036,7.93078734564114,3.61784147893539,2024-01-28,13
2024-01-28 14:00:00,27.2803480378704,7.1926648926506,7.61848905261934,3.70205255330807,2024-01-28,14
2024-01-28 15:00:00,26.9739451373197,6.45946000681738,7.86532841364858,2.89644215906752,2024-01-28,15
2024-01-28 16:00:00,26.8722925303937,6.81508221759729,7.3761261838765,3.49685224181935,2024-01-28,16
2024-01-28 17:00:00,27.3638581366151,7.85899308458462,7.93133207906245,3.01521153426209,2024-01-28,17
2024-01-28 18:00:00,27.1470136695475,7.34012868810352,7.96867204145816,2.66976342988965,2024-01-28,18
2024-01-28 19:00:00,28.2023957931496,6.90527019293889,7.98698468641516,2.9106433843209,2024-01-28,19
2024-01-28 20:00:00,25.7094181149642,6.75739000982341,7.74704016104439,2.987112842639,2024-01-28,20
2024-01-28 21:00:00,27.9549041111535,6.945965442271,7.89489983535505,3.53428591895158,2024-01-28,21
2024-01-28 22:00:00,28.0476511154986,6.59294186523462,8.12903030756365,3.80545187511953,2024-01-28,22
2024-01-28 23:00:00,26.0559658605551,5.63715029656859,8.12689162614116,2.67652114915364,2024-01-28,23
2024-01-29 00:00:00,27.0943874435518,8.12530674632084,7.82387373316242,3.46134326190946,2024-01-29,0
2024-01-29 01:00:00,27.0771354804025,6.99319499951964,7.85925712245321,2.80401978011851,2024-01-29,1
2024-01-29 02:00:00,26.4554929831693,7.13888835907352,8.06329134039423,3.58050672587602,2024-01-29,2
2024-01-29 03:00:00,26.8333099874455,6.86525535007386,7.51483157679494,3.04222585016839,2024-01-29,3
2024-01-29 04:00:00,26.6336544927205,6.45892991956525,7.76215409403783,2.85792852224999,2024-01-29,4
2024-01-29 05:00:00,28.3513622660542,6.78844531143074,8.11046979566272,3.65385574159946,2024-01-29,5
2024-01-29 06:00:00,27.8614070358885,5.94036314268341,8.0347921137538,3.05762327965861,2024-01-29,6
2024-01-29 07:00:00,28.0629330569965,8.26625189883198,7.90754539330648,3.17413550091834,2024-01-29,7
2024-01-29 08:00:00,27.7330032384259,6.15929280094656,7.51377519488057,2.35540469235076,2024-01-29,8
2024-01-29 09:00:00,26.6225689372697,6.28082022969169,7.81951885106136,3.71701708541209,2024-01-29,9
2024-01-29 10:00:00,26.9852878402321,6.63584447736816,7.70611776678751,3.66299066410272,2024-01-29,10
2024-01-29 11:00:00,27.5936247367368,7.67284543491143,7.89951816959162,3.31234687304097,2024-01-29,11
2024-01-29 12:00:00,26.5667233146648,6.90870539955759,7.66003719619308,2.65314019521702,2024-01-29,12
2024-01-29 13:00:00,27.7277990581034,6.15831852238172,7.61459808705533,3.83002874668395,2024-01-29,13
2024-01-29 14:00:00,27.1558047611051,7.6526030164544,7.39637829168644,3.02350674386486,2024-01-29,14
2024-01-29 15:00:00,27.0751075154702,7.33860037607129,8.08657898384511,3.11505801645675,2024-01-29,15
2024-01-29 16:00:00,27.7265759809221,7.22306097432987,7.74604819259696,4.3041789442346,2024-01-29,16
2024-01-29 17:00:00,27.5665579868916,7.3294405447025,7.86300061457753,3.00743632903303,2024-01-29,17
2024-01-29 18:00:00,27.0834203005086,8.33661714034947,7.82952999554042,3.6291502838434,2024-01-29,18
2024-01-29 19:00:00,27.9955978820186,8.21105693702167,7.6058388740783,3.55169967269553,2024-01-29,19
2024-01-29 20:00:00,26.6513620034401,6.48797079419802,7.56559636859588,3.47777404293844,2024-01-29,20
2024-01-29 21:00:00,27.6695613641666,7.87433099568669,7.61888382354058,3.43126023329844,2024-01-29,21
2024-01-29 22:00:00,27.655860754781,7.12990091385534,7.67813462784583,3.47184708161236,2024-01-29,22
2024-01-29 23:00:00,27.1142721364116,7.19945748968265,7.9069873118729,3.42693445410443,2024-01-29,23
2024-01-30 00:00:00,27.4956798133453,5.884637501014,7.66289929066067,3.28767510572629,2024-01-30,0
2024-01-30 01:00:00,26.5493318541688,6.79776854076708,8.19676303263487,3.95985174336762,2024-01-30,1
2024-01-30 02:00:00,27.8544162115241,6.41230584579806,8.04570171753756,2.74555595885631,2024-01-30,2
2024-01-30 03:00:00,27.1890587181342,7.39683528893599,7.9997555054298,3.74922698472661,2024-01-30,3
2024-01-30 04:00:00,26.9863661876886,7.54264830024168,7.80487163048064,3.66360718843565,2024-01-30,4
2024-01-30 05:00:00,27.9294055355021,5.65530818939021,8.1479989545013,3.61031162217164,2024-01-30,5
2024-01-30 06:00:00,26.8773937856744,6.88677908159744,7.78421881746456,3.79030115388526,2024-01-30,6
2024-01-30 07:00:00,26.4549232221819,7.57311690287655,7.82343510302761,3.27018226003459,2024-01-30,7
2024-01-30 08:00:00,26.3660224958857,6.78799262261193,7.86569465334735,2.50634114739444,2024-01-30,8
2024-01-30 09:00:00,27.6636059708074,7.33743818700142,7.9773828385141,3.27891415632277,2024-01-30,9
2024-01-30 10:00:00,26.5317423885022,7.11069928057625,7.96375069659063,2.88378648642144,2024-01-30,10
2024-01-30 11:00:00,28.3528765091906,7.10499613917158,7.73022369152663,2.99530053976103,2024-01-30,11
2024-01-30 12:00:00,26.0508423552698,6.73721101315902,7.71807131892055,2.77575954025206,2024-01-30,12
2024-01-30 13:00:00,28.317873820974,6.17005151751858,7.96437962100194,3.10474171086915,2024-01-30,13
2024-01-30 14:00:00,27.4266104803216,6.22708191154498,7.98019968261716,3.05345181158712,2024-01-30,14
2024-01-30 15:00:00,27.2419721328778,7.32561150867319,7.7473962637872,2.28764497313135,2024-01-30,15
2024-01-30 16:00:00,26.9730485479146,6.91167495331133,7.49669050536753,3.61109542185138,2024-01-30,16
2024-01-30 17:00:00,27.5394816686112,6.81689265323567,7.78646361983827,4.2647383989421,2024-01-30,17
2024-01-30 18:00:00,27.2774191785451,6.64566597460659,7.96094041775343,3.5706819932034,2024-01-30,18
2024-01-30 19:00:00,27.9619811292099,6.71688669271155,8.20913753774815,3.22274269869028,2024-01-30,19
2024-01-30 20:00:00,27.3685365891972,7.52814707669288,7.57842882790846,3.28645904985923,2024-01-30,20
2024-01-30 21:00:00,27.3901810568771,6.69885355087919,7.74042003690558,3.12897607675433,2024-01-30,21
2024-01-30 22:00:00,27.0818326726717,6.09536117201906,7.74822525207967,3.34871788106279,2024-01-30,22
2024-01-30 23:00:00,27.2658326257674,7.3461910653241,8.11471912128062,3.29408651954851,2024-01-30,23
2024-01-31 00:00:00,27.4846810613352,6.77707400168117,7.82266228490369,2.94834917492873,2024-01-31,0
2024-01-31 01:00:00,26.273898964406,6.91883751931967,7.63946142253182,4.03364200724757,2024-01-31,1
2024-01-31 02:00:00,26.4910887467366,7.86454698383971,7.94732600941358,2.6705236786448,2024-01-31,2
2024-01-31 03:00:00,27.7459584564136,6.8876636655897,7.7450259107914,3.61888256357353,2024-01-31,3
2024-01-31 04:00:00,27.4025192628768,7.07351020387124,7.57287867259483,3.26648502025346,2024-01-31,4
2024-01-31 05:00:00,27.1896099981884,6.19264590522101,7.64251760547201,4.12735768047827,2024-01-31,5
2024-01-31 06:00:00,27.3110603598392,6.76819832858942,8.19414881042875,3.45657177767674,2024-01-31,6
2024-01-31 07:00:00,27.508549023217,7.26571562712516,7.91068393654639,3.1552406190112,2024-01-31,7
2024-01-31 08:00:00,26.9761441918144,5.96677575969526,7.85262961164503,3.20348590467317,2024-01-31,8
2024-01-31 09:00:00,26.8330171647586,7.02050705586943,7.77752231547947,3.3271598786435,2024-01-31,9
2024-01-31 10:00:00,27.4175071530586,6.96047464358688,7.89135125684495,2.81860000115155,2024-01-31,10
2024-01-31 11:00:00,26.712976333431,6.92477247335246,7.88884954866052,2.9802461041993,2024-01-31,11
2024-01-31 12:00:00,27.5449516534287,7.52229533919495,7.89135545392354,2.5424740932475,2024-01-31,12
2024-01-31 13:00:00,26.2784498374573,7.10066310890911,7.85411746895833,2.91311993369914,2024-01-31,13
2024-01-31 14:00:00,27.9174933823954,7.78684313901387,8.01244765104417,3.35037978711399,2024-01-31,14
2024-01-31 15:00:00,27.5835584894478,6.30384629064358,7.83485191266015,3.43907527119234,2024-01-31,15
2024-01-31 16:00:00,27.4536178405883,6.98155474033101,7.62463284453395,2.45888823115155,2024-01-31,16
2024-01-31 17:00:00,27.8896145903673,6.95068007183397,7.70139119291082,3.25099896769099,2024-01-31,17
2024-01-31 18:00:00,28.2992846666776,6.25844730374695,7.41440607436716,3.55226627885352,2024-01-31,18
2024-01-31 19:00:00,27.9086220390109,7.47377700125481,8.2556315943689,3.23994775684822,2024-01-31,19
2024-01-31 20:00:00,26.195475461201,8.29480398351169,8.01117846431006,3.03747088231555,2024-01-31,20
2024-01-31 21:00:00,26.5322538199586,6.8897963553097,7.65568519602286,3.13277070762927,2024-01-31,21
2024-01-31 22:00:00,26.9251088533826,7.20301265296426,7.77081258162661,3.0774717573598,2024-01-31,22
2024-01-31 23:00:00,27.3156546301265,6.9507110854892,7.69625594041665,3.03620585958354,2024-01-31,23
2024-02-01 00:00:00,27.6105954122815,6.4718491980557,8.15393491438856,3.38474411585529,2024-02-01,0
2024-02-01 01:00:00,26.8645537121079,5.80754383331879,7.53182579550311,4.30230593792624,2024-02-01,1
2024-02-01 02:00:00,27.4120600586863,6.47653591014278,7.85403997235194,2.99020903573077,2024-02-01,2
2024-02-01 03:00:00,26.846770240588,6.06482497142896,7.80720915306138,3.17319866795559,2024-02-01,3
2024-02-01 04:00:00,26.9330893182048,7.92246124683547,8.00363611244891,3.28776988606865,2024-02-01,4
2024-02-01 05:00:00,26.4560033418911,6.83093418364606,7.80815806217781,3.01443759322593,2024-02-01,5
2024-02-01 06:00:00,26.7460600523335,6.6924484025717,7.46077613590236,3.78224139551507,2024-02-01,6
2024-02-01 07:00:00,26.4889892366302,7.43349229487268,7.77726525472509,2.29051928947823,2024-02-01,7
2024-02-01 08:00:00,26.7144760482136,6.22694933828647,7.6258459342319,3.08164455673717,2024-02-01,8
2024-02-01 09:00:00,27.9321850779647,6.43988157719727,7.84671170477688,3.66187490661758,2024-02-01,9
2024-02-01 10:00:00,26.7303606667008,6.94084336154917,8.13117717766927,3.18353944739289,2024-02-01,10
2024-02-01 11:00:00,28.8794292389024,7.51726139485409,7.46472069871122,2.95703924769438,2024-02-01,11
2024-02-01 12:00:00,27.5959907405285,7.20101102710127,7.66195322556602,3.49952540440867,2024-02-01,12
2024-02-01 13:00:00,27.4109016742169,7.04899508550953,7.71393447970547,3.69972759122078,2024-02-01,13
2024-02-01 14:00:00,26.7849853318913,6.94687064114161,7.74985746996323,3.40057324144248,2024-02-01,14
2024-02-01 15:00:00,27.7201859276454,7.14014151331607,7.9854263894621,2.96547524528046,2024-02-01,15
2024-02-01 16:00:00,26.9546173042573,7.02099174307755,7.79355567231211,3.50616742723525,2024-02-01,16
2024-02-01 17:00:00,27.3732058887872,6.28201663513384,7.91731857240129,3.13711880088184,2024-02-01,17
2024-02-01 18:00:00,28.8360507229613,6.92764753297989,7.69858766081633,3.63043035921435,2024-02-01,18
2024-02-01 19:00:00,27.2423640601652,6.25578680464935,7.87828411253777,3.94780132048833,2024-02-01,19
2024-02-01 20:00:00,27.9895639957714,6.94864952574049,7.99333750248432,2.18960199505393,2024-02-01,20
2024-02-01 21:00:00,26.8780941449245,6.61161123510706,7.67621709455521,3.35775901347412,2024-02-01,21
2024-02-01 22:00:00,27.2790069057018,8.42362897366972,7.99408520515937,2.56363440711252,2024-02-01,22
2024-02-01 23:00:00,28.3624803813813,6.87606336974897,7.84099828143279,4.3599690916918,2024-02-01,23
2024-02-02 00:00:00,26.9238197653273,6.05745626024305,8.04954665050127,3.10870645046764,2024-02-02,0
2024-02-02 01:00:00,28.3874691347982,6.81949187359385,7.78770182098384,3.63094049398491,2024-02-02,1
2024-02-02 02:00:00,27.7246511612733,7.21161524738273,7.91006137758404,3.2948137503742,2024-02-02,2
2024-02-02 03:00:00,26.9625199344634,7.90401836769151,7.82147269134751,2.9646736302908,2024-02-02,3
2024-02-02 04:00:00,27.6794446434333,6.54632856003677,7.80979542497148,2.91351718971371,2024-02-02,4
2024-02-02 05:00:00,27.883532669776,5.95054321558582,7.8843753899274,3.99184204443333,2024-02-02,5
2024-02-02 06:00:00,27.6730859773303,7.39010220685859,7.94272956853723,3.72105336587667,2024-02-02,6
2024-02-02 07:00:00,26.3578651680657,6.07164077646021,7.56759136849596,4.14574115757235,2024-02-02,7
2024-02-02 08:00:00,26.8637176945051,6.63830673509551,8.13106305785176,3.33384493411781,2024-02-02,8
2024-02-02 09:00:00,27.1514888186691,6.7454277086934,7.43947076148454,3.43380543713578,2024-02-02,9
2024-02-02 10:00:00,27.25533994254,6.85821992801994,7.68618945695483,3.19510762676823,2024-02-02,10
2024-02-02 11:00:00,27.6724032585304,7.3134986742446,7.81020349513937,3.18655465266055,2024-02-02,11
2024-02-02 12:00:00,27.40662060056,6.48981943062817,7.91659475350805,2.86198861903473,2024-02-02,12
2024-02-02 13:00:00,26.4987933847739,6.73576244869994,8.16099623082569,3.34612438209747,2024-02-02,13
2024-02-02 14:00:00,27.5281187106036,6.89143778823037,7.43975878747273,2.97062396419894,2024-02-02,14
2024-02-02 15:00:00,27.6663514471703,6.98975877451127,7.72338423303816,3.50002083653061,2024-02-02,15
2024-02-02 16:00:00,27.6358742687586,6.95869630482475,7.38336496756215,3.38310439416149,2024-02-02,16
2024-02-02 17:00:00,27.9484684353328,7.16160346513355,7.83664061452115,3.43370327878056,2024-02-02,17
2024-02-02 18:00:00,27.8003532927293,7.40630370578504,7.88705355274501,4.0303058740668,2024-02-02,18
2024-02-02 19:00:00,27.5755080475371,7.13558046939058,8.16406710585596,3.2937812816008,2024-02-02,19
2024-02-02 20:00:00,27.2579005731248,7.17215131410553,7.85533329978763,3.63539261122697,2024-02-02,20
2024-02-02 21:00:00,26.3034234398904,5.95066609995211,8.0492452771829,4.1921490695568,2024-02-02,21
2024-02-02 22:00:00,27.5577709314796,6.93013661949941,7.9526057871232,3.87184533979687,2024-02-02,22
2024-02-02 23:00:00,27.4246126122979,7.18770452880097,7.73859787862892,3.80586297033558,2024-02-02,23
2024-02-03 00:00:00,27.4629473023172,7.33736471674227,7.53411824317367,3.17812406732619,2024-02-03,0
2024-02-03 01:00:00,26.5339508545078,6.48458953545972,7.88775048264128,3.40874651389415,2024-02-03,1
2024-02-03 02:00:00,26.651366075755,6.50457643506681,7.51665857639947,2.74314119442713,2024-02-03,2
2024-02-03 03:00:00,27.9318917119997,6.55553959482984,8.10199348526063,3.5245331924147,2024-02-03,3
2024-02-03 04:00:00,27.276266907686,7.22184833993481,7.79596695857227,3.42801787637395,2024-02-03,4
2024-02-03 05:00:00,27.7089004184236,7.52032863295453,8.0809872564174,3.32005560381716,2024-02-03,5
2024-02-03 06:00:00,27.3169910256783,6.65552393562504,7.7291549688322,3.75169375894443,2024-02-03,6
2024-02-03 07:00:00,27.3178536836975,7.44477738817623,7.88645866514421,2.79065682635751,2024-02-03,7
2024-02-03 08:00:00,27.8629702835856,6.97408788549876,7.87396326004029,4.01299102599895,2024-02-03,8
2024-02-03 09:00:00,26.9903731630696,6.82542853370254,7.82054073521771,3.69775881581432,2024-02-03,9
2024-02-03 10:00:00,27.3576724661646,6.77316946210922,7.73914150218672,3.27962738874965,2024-02-03,10
2024-02-03 11:00:00,27.022634826777,7.3479668187613,7.91241576387881,3.24604627723852,2024-02-03,11
2024-02-03 12:00:00,27.0393022635406,7.09534669007224,7.63550571466853,3.5166628225569,2024-02-03,12
2024-02-03 13:00:00,27.1144967259188,8.26549525658858,7.5760185809186,3.96396602978743,2024-02-03,13
2024-02-03 14:00:00,27.4332802629802,6.38866521420161,8.09099364759863,3.35369131903671,2024-02-03,14
2024-02-03 15:00:00,27.0127508270019,7.21086102121799,7.98270527766734,3.37193328785107,2024-02-03,15
2024-02-03 16:00:00,28.0534536753441,6.58247939411309,7.84383723780647,3.31779094537913,2024-02-03,16
2024-02-03 17:00:00,26.7632356186683,6.37842780780681,8.1796799003342,4.07627036846163,2024-02-03,17
2024-02-03 18:00:00,27.1878770135032,6.89347971777902,7.77376924106778,3.15138026573708,2024-02-03,18
2024-02-03 19:00:00,27.0361613650355,6.98241148764422,8.10776767619769,3.2973117325938,2024-02-03,19
2024-02-03 20:00:00,28.1681867306122,8.65090413303606,7.86687055783442,3.93927733133223,2024-02-03,20
2024-02-03 21:00:00,27.4179328659069,6.78951251059008,7.61480234248396,3.37321465845353,2024-02-03,21
2024-02-03 22:00:00,27.9191067236812,6.22189276230919,8.21808844027188,3.79893530981958,2024-02-03,22
2024-02-03 23:00:00,26.4086637761778,7.06380643049663,8.03804927779106,2.91814957553173,2024-02-03,23
2024-02-04 00:00:00,27.4602301595216,5.65521597747218,7.80458558348799,3.22172421569974,2024-02-04,0
2024-02-04 01:00:00,27.8337784773741,6.84482593043744,7.98270596450213,3.9483066365293,2024-02-04,1
2024-02-04 02:00:00,27.3493703935653,6.9096151693771,7.74522227886044,3.01917392222168,2024-02-04,2
2024-02-04 03:00:00,27.9392882250392,7.37676022976713,8.0041212973625,3.24494141289903,2024-02-04,3
2024-02-04 04:00:00,26.9896269299398,7.48417334965671,7.32787350129037,3.42037464928334,2024-02-04,4
2024-02-04 05:00:00,28.1456084641114,6.59785822865537,7.61584171992414,2.88466355726302,2024-02-04,5
2024-02-04 06:00:00,28.6793388741716,6.80963159122204,8.03564454630026,3.13206164899258,2024-02-04,6
2024-02-04 07:00:00,27.0822968637362,6.4403275016336,7.77757233697403,3.35843377318503,2024-02-04,7
2024-02-04 08:00:00,27.0326984871595,6.22316246711538,7.87358388192664,3.33007314568964,2024-02-04,8
2024-02-04 09:00:00,28.1720306862706,7.08593686762838,7.54717501095576,3.86055136895997,2024-02-04,9
2024-02-04 10:00:00,28.2477432874384,6.13584867084204,8.21805206909744,3.97282659377787,2024-02-04,10
2024-02-04 11:00:00,26.986283983708,6.65122385965688,8.08001122518071,2.94188350503961,2024-02-04,11
2024-02-04 12:00:00,27.0478879097425,6.30289562406046,7.78785610414118,3.35784546324202,2024-02-04,12
2024-02-04 13:00:00,27.1309292346837,7.22980991177416,7.7450138700587,3.59992677262265,2024-02-04,13
2024-02-04 14:00:00,26.4933296933794,7.98085805955989,8.04621691589814,3.96202941029366,2024-02-04,14
2024-02-04 15:00:00,26.7488088321095,6.119047210318,8.24631879453547,3.61895082784637,2024-02-04,15
2024-02-04 16:00:00,26.6975155399488,5.78818891026146,8.03028965372038,3.4350927626847,2024-02-04,16
2024-02-04 17:00:00,26.8393214609375,6.82506786878996,8.28607856015329,3.59661328875253,2024-02-04,17
2024-02-04 18:00:00,27.2791890675679,6.90941867757466,7.636306220897,3.59972059876459,2024-02-04,18
2024-02-04 19:00:00,27.4405288395219,7.03119558405438,7.65792876559525,2.91108285431772,2024-02-04,19
2024-02-04 20:00:00,28.2303002956885,6.63220769085939,7.5803223652088,3.3929034807777,2024-02-04,20
2024-02-04 21:00:00,26.7009875755567,6.77961642070474,7.92276973642639,3.93743922750114,2024-02-04,21
2024-02-04 22:00:00,27.890593439086,7.12050624632436,7.86687674545892,3.22083658946158,2024-02-04,22
2024-02-04 23:00:00,27.1716066934647,7.5242585355869,7.79809026407088,3.3656620562954,2024-02-04,23
2024-02-05 00:00:00,27.2703217742085,5.72697073780903,7.99994431190589,3.20571792670381,2024-02-05,0
2024-02-05 01:00:00,27.7048916953,6.67863633658112,8.08878900709508,2.31504041688904,2024-02-05,1
2024-02-05 02:00:00,26.6263667870626,7.02828527636464,7.50961089404976,3.31885377621091,2024-02-05,2
2024-02-05 03:00:00,27.5294458477104,6.34921433723356,7.70463587414077,3.43977053018074,2024-02-05,3
2024-02-05 04:00:00,27.3998713249278,7.93870177906038,8.00223015476584,3.08962784192121,2024-02-05,4
2024-02-05 05:00:00,27.5954707584049,6.51875407186276,7.7317748763897,2.81350611197957,2024-02-05,5
2024-02-05 06:00:00,27.4735011863447,6.87522438779563,7.66237672396479,2.93133922229389,2024-02-05,6
2024-02-05 07:00:00,28.7731800839465,7.23361325810537,8.04389285980658,3.63860067493829,2024-02-05,7
2024-02-05 08:00:00,26.9173560094492,6.54522912671886,7.55920498535796,4.15818565241017,2024-02-05,8
2024-02-05 09:00:00,26.9814018269989,5.79205617131735,7.76666824036387,3.90444633658934,2024-02-05,9
2024-02-05 10:00:00,26.9261156841451,6.64280728385008,7.89901524541901,2.73193121792286,2024-02-05,10
2024-02-05 11:00:00,26.9667137285039,7.51766433355622,7.70949781807888,3.6774897435368,2024-02-05,11
2024-02-05 12:00:00,26.9175677236161,6.69786292392892,7.99446268776277,3.02484017840201,2024-02-05,12
2024-02-05 13:00:00,28.0134099186645,6.39213941912461,7.71053583520855,3.05962516312123,2024-02-05,13
2024-02-05 14:00:00,28.1523025487939,7.45540332570163,8.12581009362364,3.11135049287235,2024-02-05,14
2024-02-05 15:00:00,26.9575522237503,6.70153506238617,7.80359327752589,3.61360878843784,2024-02-05,15
2024-02-05 16:00:00,26.8005866561375,6.59390351180987,7.97096672870813,3.72247895187309,2024-02-05,16
2024-02-05 17:00:00,27.5828493338318,6.98967365379799,7.98666503012639,3.26784663934969,2024-02-05,17
2024-02-05 18:00:00,26.9686661734314,7.36245012577127,7.69821659942375,3.27513958136655,2024-02-05,18
2024-02-05 19:00:00,27.6797590906533,8.32902811903953,7.39876782478226,3.50963340959139,2024-02-05,19
2024-02-05 20:00:00,27.4217538125108,7.39634166459445,7.90575870847941,3.55423765199542,2024-02-05,20
2024-02-05 21:00:00,26.3905535310017,7.59590397983301,7.84518055289622,3.81577705390617,2024-02-05,21
2024-02-05 22:00:00,28.228503120798,6.59642028060729,7.94672346579078,2.75772005053105,2024-02-05,22
2024-02-05 23:00:00,28.3775266038573,6.28447913641831,7.7824292307996,3.31861175611573,2024-02-05,23
2024-02-06 00:00:00,26.9323267857094,6.93739880977147,7.73961018325185,2.85074951836679,2024-02-06,0
2024-02-06 01:00:00,27.0673790640384,6.96430194915576,8.25177933230616,3.28809482000274,2024-02-06,1
2024-02-06 02:00:00,27.4715192344349,6.25289235518124,7.52080564708274,3.21274462629727,2024-02-06,2
2024-02-06 03:00:00,27.5006740739922,6.79482328205759,7.98412960045649,3.28989773482184,2024-02-06,3
2024-02-06 04:00:00,27.6951265636037,7.13959056103148,7.70933360978149,2.96611055811247,2024-02-06,4
2024-02-06 05:00:00,28.5061227232598,7.11623603701085,7.75948649027451,2.67046538892081,2024-02-06,5
2024-02-06 06:00:00,27.1938316635036,7.20257271203056,7.76340840515947,2.40939186351259,2024-02-06,6
2024-02-06 07:00:00,26.8210216532769,7.07457883808247,7.66127880242404,3.25359253366612,2024-02-06,7
2024-02-06 08:00:00,26.4724084631913,6.59579480443797,7.94995708414961,3.12466952449184,2024-02-06,8
2024-02-06 09:00:00,26.8614419760349,6.5916596240107,8.12203515514949,3.01934680413435,2024-02-06,9
2024-02-06 10:00:00,27.2801238162757,6.18062916120368,7.9287028688618,3.87869583901761,2024-02-06,10
2024-02-06 11:00:00,28.3767347181107,7.97086502351106,7.85171021920454,2.94044157967802,2024-02-06,11
2024-02-06 12:00:00,26.9894332205783,6.90807021877158,7.62284749518916,3.91923865531969,2024-02-06,12
2024-02-06 13:00:00,27.4342727709833,6.76508816652309,7.93853330582313,4.00825281003578,2024-02-06,13
2024-02-06 14:00:00,27.2901462623564,6.34272475112853,8.28283342266315,2.47111279928057,2024-02-06,14
2024-02-06 15:00:00,28.0130359640689,8.66139474139667,7.75005412900303,3.34972402736956,2024-02-06,15
2024-02-06 16:00:00,28.8161594555242,6.25600318066626,7.75104344833611,3.13813050894052,2024-02-06,16
2024-02-06 17:00:00,26.9814787362478,6.64269124463636,7.71217128249399,2.05792430377158,2024-02-06,17
2024-02-06 18:00:00,27.0063363344891,7.14950210177164,7.72722301075617,2.68880426118058,2024-02-06,18
2024-02-06 19:00:00,27.9264965262414,7.26012777944657,7.2534870937288,3.64322252605664,2024-02-06,19
2024-02-06 20:00:00,27.7091348937758,7.47475923312941,7.9150574310297,4.17825567866584,2024-02-06,20
2024-02-06 21:00:00,28.4080243954416,7.98456510466156,7.65243404296553,3.69815160136068,2024-02-06,21
2024-02-06 22:00:00,27.6503569111956,7.20369459327643,7.49184474505372,3.44916196318058,2024-02-06,22
2024-02-06 23:00:00,27.0844247455278,6.26638152002,7.98816988944384,3.30082707589863,2024-02-06,23
2024-02-07 00:00:00,27.6543928984154,6.74583292492693,7.60277626514119,4.03354505329869,2024-02-07,0
2024-02-07 01:00:00,27.9652221483498,7.08469942350833,7.75887949868441,4.23374285684179,2024-02-07,1
2024-02-07 02:00:00,27.7922893087184,8.1409356249035,8.1379529021496,3.0576576478046,2024-02-07,2
2024-02-07 03:00:00,27.6043644186644,6.06131671294542,7.53406468241485,2.45000577906658,2024-02-07,3
2024-02-07 04:00:00,27.9400048137535,7.62154590313514,7.50815437073447,2.40777939079338,2024-02-07,4
2024-02-07 05:00:00,28.0015773542674,7.00794862172785,7.88655429980809,3.87840882662872,2024-02-07,5
2024-02-07 06:00:00,28.1292953946225,7.40269832113769,8.07139234644218,3.28976482746701,2024-02-07,6
2024-02-07 07:00:00,27.6892259325538,6.83880317001844,7.49938823927629,3.38879402149725,2024-02-07,7
2024-02-07 08:00:00,27.1997291518099,6.39454042192421,7.91561484473581,2.54002007302861,2024-02-07,8
2024-02-07 09:00:00,27.38802821186,7.3505236676408,7.95200990339196,2.98612876750096,2024-02-07,9
2024-02-07 10:00:00,28.023905379905,7.29265861626337,7.39757629842461,3.18294325002266,2024-02-07,10
2024-02-07 11:00:00,26.8098385974077,7.48323417944383,7.99768528096052,3.39937050484655,2024-02-07,11
2024-02-07 12:00:00,27.5212039853237,6.89201721877282,8.01408723476686,3.13860542326708,2024-02-07,12
2024-02-07 13:00:00,27.0639967126036,6.54010678600809,7.76452502961624,2.86394973473042,2024-02-07,13
2024-02-07 14:00:00,27.3172468937609,5.9647278029857,8.09299273608258,2.97263619318092,2024-02-07,14
2024-02-07 15:00:00,28.0670711175644,7.39162396088364,8.06865567060822,3.82957901295731,2024-02-07,15
2024-02-07 16:00:00,27.4146594408119,7.15433368946639,7.85165476440061,3.41525738642951,2024-02-07,16
2024-02-07 17:00:00,27.3278619288937,6.32053042028162,7.73519646803176,3.57322742699089,2024-02-07,17
2024-02-07 18:00:00,26.4840863154121,6.57685579602203,7.62570614255758,2.92348426132275,2024-02-07,18
2024-02-07 19:00:00,27.7477521396163,6.61994471282914,7.8221116630331,2.03985590127773,2024-02-07,19
2024-02-07 20:00:00,27.6872905086847,6.01020934081055,7.94964937313788,3.08506514803967,2024-02-07,20
2024-02-07 21:00:00,28.5979528339833,6.40939056203692,7.76192285918147,2.93737466159704,2024-02-07,21
2024-02-07 22:00:00,27.1153330590282,6.21970178591619,7.36852478889497,3.46007527551007,2024-02-07,22
2024-02-07 23:00:00,27.4314901965984,6.65251259286724,8.09642991786108,4.72286119688319,2024-02-07,23
2024-02-08 00:00:00,27.4496302102265,6.45678150100226,7.86994687658743,3.60892138757585,2024-02-08,0
2024-02-08 01:00:00,28.2464719678581,5.92379704747995,7.75027885569787,4.4864628685349,2024-02-08,1
2024-02-08 02:00:00,27.2428226805678,8.11355413834169,8.01000326156889,3.55457096899596,2024-02-08,2
2024-02-08 03:00:00,27.4674129154622,7.65152443861754,8.15017410526138,3.03914891784373,2024-02-08,3
2024-02-08 04:00:00,27.6647379058299,6.43258834708801,7.24159857040754,3.45960391359198,2024-02-08,4
2024-02-08 05:00:00,27.4119654738938,7.06345283799217,7.92119536648364,4.07567459777541,2024-02-08,5
2024-02-08 06:00:00,27.0321398312697,7.15047905389278,7.53040366572983,4.09671191641813,2024-02-08,6
2024-02-08 07:00:00,27.416453995739,7.61465151286409,7.93481320642778,3.06260493174148,2024-02-08,7
2024-02-08 08:00:00,27.9441790499159,6.40883698400395,7.85686471249866,3.4188689891507,2024-02-08,8
2024-02-08 09:00:00,26.6840908203534,7.55526407038946,7.96350257055252,2.69541524174141,2024-02-08,9
2024-02-08 10:00:00,27.3797818044881,6.57125681747584,7.72515800095612,3.66460750861732,2024-02-08,10
2024-02-08 11:00:00,26.8799275110365,6.09848255749883,7.43661957651798,3.97794252059404,2024-02-08,11
2024-02-08 12:00:00,28.0170279773549,7.3344819355887,7.7354226798361,3.32711376526989,2024-02-08,12
2024-02-08 13:00:00,26.3860878571297,7.67445505447346,7.91543800337936,3.02302485662515,2024-02-08,13
2024-02-08 14:00:00,26.9646468916371,8.45274538411841,8.0432323890218,3.46485630904935,2024-02-08,14
2024-02-08 15:00:00,27.5263271250387,6.18016484094587,7.58391542690077,3.48950738348616,2024-02-08,15
2024-02-08 16:00:00,28.2393144175406,7.31935181104847,8.04568268964333,3.34489184769534,2024-02-08,16
2024-02-08 17:00:00,27.2605498433562,6.65411925372388,7.69394681917423,3.38684750346446,2024-02-08,17
2024-02-08 18:00:00,26.9668802839841,7.37001522631442,7.90611447513485,3.23525961429817,2024-02-08,18
2024-02-08 19:00:00,28.4286942416644,6.01770626926125,7.72292226989822,3.73826061913736,2024-02-08,19
2024-02-08 20:00:00,26.4311916597503,6.14233813458086,7.86825583181954,3.626577801421,2024-02-08,20
2024-02-08 21:00:00,25.980716426028,6.43447510610011,8.01729430325976,2.88726564672802,2024-02-08,21
2024-02-08 22:00:00,27.564008670032,6.94737842740085,7.57232704376941,2.8754460406418,2024-02-08,22
2024-02-08 23:00:00,26.9987674653884,6.51535124007699,7.68721976168317,3.20061900067858,2024-02-08,23
2024-02-09 00:00:00,26.6872603097216,7.29543260634805,7.86884214334184,3.62683996336523,2024-02-09,0
2024-02-09 01:00:00,27.7250138683796,7.51613677095475,8.33433256881637,3.37366468797305,2024-02-09,1
2024-02-09 02:00:00,27.4462804282627,7.25974652474721,7.64873016044497,3.03344532364726,2024-02-09,2
2024-02-09 03:00:00,26.961552821558,7.87127258379652,8.25842811605935,3.42245299659211,2024-02-09,3
2024-02-09 04:00:00,26.5318173607975,7.14949597767321,8.25092889377179,3.16775147660542,2024-02-09,4
2024-02-09 05:00:00,27.8234743969681,6.1698619737959,7.80956465835267,3.68860917789638,2024-02-09,5
2024-02-09 06:00:00,27.6901207067752,7.718025908123,7.76738796949802,3.45321512707883,2024-02-09,6
2024-02-09 07:00:00,27.2404944817324,6.5369062586364,7.68466630828042,3.17443037939558,2024-02-09,7
2024-02-09 08:00:00,28.4079821976286,7.44625109981134,7.81567746863014,3.40955307197998,2024-02-09,8
2024-02-09 09:00:00,26.6579491402043,7.84424052993306,7.53458891916249,3.87547066559541,2024-02-09,9
2024-02-09 10:00:00,26.3846848974452,7.17401280643824,7.81398980636268,3.06505906708506,2024-02-09,10
2024-02-09 11:00:00,26.8848551580713,6.00230471210121,8.14434485750868,3.48314250210828,2024-02-09,11
2024-02-09 12:00:00,27.2726483901867,6.34907270009413,7.70167213687989,3.27970205359962,2024-02-09,12
2024-02-09 13:00:00,27.4460036695936,7.69364668013108,7.7794478961623,3.4936029840607,2024-02-09,13
2024-02-09 14:00:00,27.1552583652862,6.79852638861431,7.47276050040388,3.02853707511384,2024-02-09,14
2024-02-09 15:00:00,27.5112332379086,6.9477441209653,7.90855303850752,3.35744423625853,2024-02-09,15
2024-02-09 16:00:00,26.5490763454857,7.35529464969817,7.88554115383979,3.78636401143923,2024-02-09,16
2024-02-09 17:00:00,28.166258762444,7.31779371724819,7.84337749555081,2.90708699806417,2024-02-09,17
2024-02-09 18:00:00,27.2507092929645,7.06727988743128,7.78446631945335,2.73835580557022,2024-02-09,18
2024-02-09 19:00:00,27.9703774989529,6.77479897726772,7.76852083705779,2.75467410727061,2024-02-09,19
2024-02-09 20:00:00,27.5056352078266,6.71239893256059,7.93539904907714,2.80661511201392,2024-02-09,20
2024-02-09 21:00:00,27.5740519314923,7.41473929517481,7.82394851366639,3.56598901379385,2024-02-09,21
2024-02-09 22:00:00,27.6418603681393,7.23214171864068,7.89614409302662,2.70548033507785,2024-02-09,22
2024-02-09 23:00:00,27.5686251360104,6.74561999962933,7.87514639166546,3.18190500176028,2024-02-09,23
2024-02-10 00:00:00,27.6856336559205,7.54926738779589,8.06591973029011,3.57586440042361,2024-02-10,0
2024-02-10 01:00:00,28.0974915180795,6.82257953092213,7.97216876044876,3.4891633960359,2024-02-10,1
2024-02-10 02:00:00,27.4179127018209,6.38900269539936,7.87050098706154,3.14420963861613,2024-02-10,2
2024-02-10 03:00:00,27.7254022545531,6.44461758065799,8.14886862643696,3.3920972046547,2024-02-10,3
2024-02-10 04:00:00,27.2461585834277,6.31275549821414,7.91825639110188,3.35607249178715,2024-02-10,4
2024-02-10 05:00:00,28.1640703292697,6.73655399003779,8.10404216464599,3.21357638911428,2024-02-10,5
2024-02-10 06:00:00,26.8941646187644,7.64023456700172,7.95745794776119,3.21934107097853,2024-02-10,6
2024-02-10 07:00:00,28.3805642597465,6.4169428913817,7.44319699342438,4.27123379694549,2024-02-10,7
2024-02-10 08:00:00,27.2759052296134,7.01308545661086,8.10401530029706,3.65800368869046,2024-02-10,8
2024-02-10 09:00:00,26.4415349387292,6.50598639262355,7.85838701068196,4.37667989453022,2024-02-10,9
2024-02-10 10:00:00,27.3768626489465,6.74381457523714,7.81908949811084,3.09630585284419,2024-02-10,10
2024-02-10 11:00:00,26.8913690055151,5.99397527280885,7.88908315297281,3.2734643633381,2024-02-10,11
2024-02-10 12:00:00,27.8043861293932,6.76767706250608,7.75755353598902,2.73718592093104,2024-02-10,12
2024-02-10 13:00:00,26.9084256124186,6.78377677211702,7.87767606068168,2.96188627510148,2024-02-10,13
2024-02-10 14:00:00,27.0322899400711,7.22417276642142,7.70570602606795,4.12782265392488,2024-02-10,14
2024-02-10 15:00:00,26.1662755614327,7.03396854795322,8.09759717433422,3.08552525536805,2024-02-10,15
2024-02-10 16:00:00,27.0286162084506,6.18096472502877,7.80614649613958,4.13529095906212,2024-02-10,16
2024-02-10 17:00:00,25.8456724040226,7.55051894642613,7.74965739302829,2.77535422790765,2024-02-10,17
2024-02-10 18:00:00,26.3496583059086,7.0261818241332,7.63576557869895,2.85700831534849,2024-02-10,18
2024-02-10 19:00:00,27.7562487936866,7.01903611030649,7.88644291572122,3.16327057495993,2024-02-10,19
2024-02-10 20:00:00,27.7714800951905,6.89449058796892,7.86929249102627,3.28258753367795,2024-02-10,20
2024-02-10 21:00:00,27.555274537071,6.58934553166667,7.91156916887228,3.70692753575356,2024-02-10,21
2024-02-10 22:00:00,26.7198143141225,7.03068140384924,7.61427710362392,3.5038312793901,2024-02-10,22
2024-02-10 23:00:00,27.2713731863148,7.18535306155715,7.49375194824957,3.13098443934207,2024-02-10,23
2024-02-11 00:00:00,27.2978384765457,5.85186258519267,7.96137417352638,3.25267420319721,2024-02-11,0
2024-02-11 01:00:00,26.6049811864845,6.57674349759234,8.14177479099407,3.17280294449258,2024-02-11,1
2024-02-11 02:00:00,28.2020389810603,6.74703181775785,7.61446573929812,2.91669889380994,2024-02-11,2
2024-02-11 03:00:00,27.8264173743454,7.05370236341657,8.16378266954796,2.9281759372613,2024-02-11,3
2024-02-11 04:00:00,27.1674214957022,7.61598660355628,7.88962132233464,3.75199007331637,2024-02-11,4
2024-02-11 05:00:00,27.3161315033967,6.43695551124193,7.82851679004433,2.52388908099133,2024-02-11,5
2024-02-11 06:00:00,27.4250296847685,6.6012228919093,7.74651477372539,4.00546423990137,2024-02-11,6
2024-02-11 07:00:00,26.0749590789454,6.59247953361207,7.53925121592075,3.16251248299104,2024-02-11,7
2024-02-11 08:00:00,27.1516935704876,6.41908344593728,8.03742298834417,2.97782129925137,2024-02-11,8
2024-02-11 09:00:00,26.8908094512013,6.69168810293264,7.6671226640981,3.62809649499983,2024-02-11,9
2024-02-11 10:00:00,26.6990279940631,7.36248133199278,7.6662405980951,3.94864313118326,2024-02-11,10
2024-02-11 11:00:00,27.1313398242684,6.26769870278139,8.03830452507626,3.7905819498897,2024-02-11,11
2024-02-11 12:00:00,28.3786119161097,7.15668863709174,7.43457347619894,3.52579638122475,2024-02-11,12
2024-02-11 13:00:00,27.6845057167602,5.878858661989,7.51004445975969,3.77735130058039,2024-02-11,13
2024-02-11 14:00:00,26.9572926061303,6.56319720213468,7.8261918088633,2.57190604182814,2024-02-11,14
2024-02-11 15:00:00,27.6435496688137,6.70230641986921,7.89158973009102,3.0856128671601,2024-02-11,15
2024-02-11 16:00:00,28.1396132619516,7.90491580374844,7.93179427607347,2.91819687418932,2024-02-11,16
2024-02-11 17:00:00,27.8547802097477,6.73511861714839,7.76662231638679,3.83659465442253,2024-02-11,17
2024-02-11 18:00:00,27.3357782219521,5.57925391592945,8.36137763041475,3.14510445186273,2024-02-11,18
2024-02-11 19:00:00,26.9118379333767,5.70066665588325,7.78214256265918,3.67352481941628,2024-02-11,19
2024-02-11 20:00:00,27.7189339881682,6.92041775180801,7.78153490805843,3.54041848527011,2024-02-11,20
2024-02-11 21:00:00,27.5360912312531,7.26826251347395,7.66263279954909,2.93920801744962,2024-02-11,21
2024-02-11 22:00:00,27.8371159320166,7.12527351457635,7.85602043146943,3.0576079697102,2024-02-11,22
2024-02-11 23:00:00,27.6811030810092,7.00054206348059,7.95914185872982,3.86634160705033,2024-02-11,23
2024-02-12 00:00:00,27.9297316291916,7.5973557585034,8.08275139145203,2.9765424610657,2024-02-12,0
2024-02-12 01:00:00,26.9788588730637,6.57624526755772,7.51725030446755,3.36369307238406,2024-02-12,1
2024-02-12 02:00:00,28.0904364393806,7.4369463336161,7.7783409789453,2.97350724687963,2024-02-12,2
2024-02-12 03:00:00,27.4185597628154,5.92079106898415,7.92380775826992,3.17500055962618,2024-02-12,3
2024-02-12 04:00:00,28.5451565235752,6.35703130023716,7.95328208226485,3.29015036409291,2024-02-12,4
2024-02-12 05:00:00,26.8864873091463,5.81577516304091,7.83137521813895,2.97336740057208,2024-02-12,5
2024-02-12 06:00:00,28.3415782818992,6.73509281959813,7.94390903360174,2.89700780978693,2024-02-12,6
2024-02-12 07:00:00,27.4187464700776,6.8722432696402,7.66011758248558,3.4330975348143,2024-02-12,7
2024-02-12 08:00:00,26.9091491978313,6.96846089533591,8.15716014078686,2.94676291421979,2024-02-12,8
2024-02-12 09:00:00,27.0096684995674,6.93713001173228,8.03845190162568,2.96141725104957,2024-02-12,9
2024-02-12 10:00:00,27.1077916150834,6.34346800151296,7.54756516471631,2.90620714820815,2024-02-12,10
2024-02-12 11:00:00,27.5544995678412,6.78585549335207,7.60422835989548,3.27649954007753,2024-02-12,11
2024-02-12 12:00:00,27.6137012928213,6.00153199883655,7.61014643247755,3.71579170279193,2024-02-12,12
2024-02-12 13:00:00,26.9557799976369,7.71793738507935,7.97237369388827,3.95780731361428,2024-02-12,13
2024-02-12 14:00:00,27.2853872446434,6.7178243562612,7.56020716905233,2.99785522302268,2024-02-12,14
2024-02-12 15:00:00,28.5853622151671,6.60666832857379,7.7604848898163,4.23463364113242,2024-02-12,15
2024-02-12 16:00:00,28.3365259020604,7.85336419706645,7.92548792324752,2.87797690989608,2024-02-12,16
2024-02-12 17:00:00,27.5617942018044,6.15465207987046,7.81610515374525,3.77592586503098,2024-02-12,17
2024-02-12 18:00:00,27.3228020869009,6.22464773158082,7.88436637829967,2.99967052477336,2024-02-12,18
2024-02-12 19:00:00,27.372018796031,6.24226780507886,7.60618143061676,2.9355029939559,2024-02-12,19
2024-02-12 20:00:00,27.6681107836383,6.85927717098031,7.95491941841342,2.98975485258271,2024-02-12,20
2024-02-12 21:00:00,26.686324460881,7.15897897778256,7.70122550258004,3.28744748915088,2024-02-12,21
2024-02-12 22:00:00,27.145574077546,7.3438052808707,7.76182986837643,3.55938803354445,2024-02-12,22
2024-02-12 23:00:00,26.2988495556735,8.44319719049698,7.87992366286026,3.59804325629907,2024-02-12,23
2024-02-13 00:00:00,27.5395338735632,5.55034052747954,7.85164642652148,2.90408644340041,2024-02-13,0
2024-02-13 01:00:00,27.6883175638216,7.26524135347465,7.83503580399327,2.88444650637015,2024-02-13,1
2024-02-13 02:00:00,27.0100881226204,6.56572165645666,7.67236836738488,2.91584536185368,2024-02-13,2
2024-02-13 03:00:00,28.244392057974,6.54815091066674,7.76709462364817,3.26211760697423,2024-02-13,3
2024-02-13 04:00:00,26.5645406021986,6.52813672304767,7.83045855407578,3.21963309019792,2024-02-13,4
2024-02-13 05:00:00,26.4213750718741,6.35473819751522,7.54123210103491,2.90142455130999,2024-02-13,5
2024-02-13 06:00:00,27.434671091136,7.91071490076207,7.73286807707419,3.4259295884472,2024-02-13,6
2024-02-13 07:00:00,27.9282589815673,7.40537839620834,7.9114127745969,4.28290458758419,2024-02-13,7
2024-02-13 08:00:00,28.3103566148747,6.91391758713443,7.56173831319248,3.09297235141089,2024-02-13,8
2024-02-13 09:00:00,27.0246694422786,7.7106094514922,8.07288214683479,3.12358991688248,2024-02-13,9
2024-02-13 10:00:00,27.9472085000588,5.99248262082068,8.09661878514597,3.55065447523948,2024-02-13,10
2024-02-13 11:00:00,27.2768949182996,6.10157692120145,7.56851837904838,3.06970899455318,2024-02-13,11
2024-02-13 12:00:00,27.1964236200355,5.59321936068319,8.11510012294053,3.59765472713882,2024-02-13,12
2024-02-13 13:00:00,27.830195962492,6.48035127592603,7.79984786637045,3.00102663608501,2024-02-13,13
2024-02-13 14:00:00,27.6913937270481,6.99701911602285,7.91788805742298,4.09781143125824,2024-02-13,14
2024-02-13 15:00:00,26.3541647058095,6.9617151467594,7.72570327905307,3.45825323821469,2024-02-13,15
2024-02-13 16:00:00,28.1859242098355,6.98960514663593,8.02383941371762,3.04339013189701,2024-02-13,16
2024-02-13 17:00:00,28.1280548124885,6.05336590136035,7.91527974395822,3.05686256922821,2024-02-13,17
2024-02-13 18:00:00,26.9246623790943,7.38189284556841,7.6590278161145,3.08906610633555,2024-02-13,18
2024-02-13 19:00:00,27.5374821200625,7.0437765109434,7.58530758000729,3.90028235648702,2024-02-13,19
2024-02-13 20:00:00,27.5964181117696,7.3398325688796,7.52333648860606,2.76443706673145,2024-02-13,20
2024-02-13 21:00:00,27.4564042594944,5.76434269344597,7.86946777305088,3.02278508170241,2024-02-13,21
2024-02-13 22:00:00,26.9698169076928,7.08689451527867,7.95021899647375,3.06848596052207,2024-02-13,22
2024-02-13 23:00:00,26.8970259792372,6.18734085604948,7.96670279254368,3.30325417429452,2024-02-13,23
2024-02-14 00:00:00,27.2846675574051,6.66160604846918,7.80522397013245,3.19342283216188,2024-02-14,0
2024-02-14 01:00:00,28.0036374115556,7.22061893918183,7.58703074431048,2.6687720325021,2024-02-14,1
2024-02-14 02:00:00,27.6261600927567,6.95465616375355,7.68676429241501,3.13807624605395,2024-02-14,2
2024-02-14 03:00:00,27.0776314007483,6.38907601213241,8.07199321418201,3.26719320623046,2024-02-14,3
2024-02-14 04:00:00,27.763019226389,6.90376389371065,7.72822800143398,3.03991793091569,2024-02-14,4
2024-02-14 05:00:00,25.590874427622,5.98107881085381,7.86011770244311,3.6053134602905,2024-02-14,5
2024-02-14 06:00:00,27.9892594202233,7.59016043753898,7.60411339844927,3.70534562436407,2024-02-14,6
2024-02-14 07:00:00,26.2561717327331,6.77682958830225,7.9006824395464,3.27629371911636,2024-02-14,7
2024-02-14 08:00:00,27.0825354351581,7.5711299665532,7.73388624204739,3.40913288234581,2024-02-14,8
2024-02-14 09:00:00,26.6281980632243,6.58408098774237,8.04980966989291,2.38074592113981,2024-02-14,9
2024-02-14 10:00:00,26.5231911145675,6.58585440695605,7.99244711830343,3.12892580797041,2024-02-14,10
2024-02-14 11:00:00,27.9964960724271,6.44148792801729,7.72590175121927,3.7420733274559,2024-02-14,11
2024-02-14 12:00:00,27.0193792792129,7.42570435901585,7.80340055425699,3.12792226923291,2024-02-14,12
2024-02-14 13:00:00,27.5079023290384,6.47434130560291,7.71426558959147,2.99297747915146,2024-02-14,13
2024-02-14 14:00:00,27.2718476526725,7.28675725944911,7.53191902872555,4.2894062381933,2024-02-14,14
2024-02-14 15:00:00,27.5862244963339,6.67052856139843,7.64993708979509,4.0922031917842,2024-02-14,15
2024-02-14 16:00:00,27.3460931346362,5.71442202006503,7.87162563882137,3.51105721236733,2024-02-14,16
2024-02-14 17:00:00,26.5302046654869,6.55781155932812,7.89830449462821,3.79973156293642,2024-02-14,17
2024-02-14 18:00:00,27.8977600916683,6.19253507138229,7.86119505975445,2.35284777027803,2024-02-14,18
2024-02-14 19:00:00,27.0037460501032,6.9203416342094,7.76663605866869,2.97135288052966,2024-02-14,19
2024-02-14 20:00:00,26.3660508608042,6.18575535859531,8.02594398720141,3.10791811453555,2024-02-14,20
2024-02-14 21:00:00,27.0431309034205,7.45558506042877,7.8433437999578,3.20852855748721,2024-02-14,21
2024-02-14 22:00:00,28.2004558743806,6.84535448378818,7.97768330390015,3.0993240709812,2024-02-14,22
2024-02-14 23:00:00,27.8101330452681,6.79344240314476,7.45750722223747,2.21348869464797,2024-02-14,23
2024-02-15 00:00:00,27.0908087193553,7.29353528267255,7.00629594716015,3.47599058604468,2024-02-15,0
2024-02-15 01:00:00,27.0904453774089,7.47834416044552,7.889595485846,3.54377127516066,2024-02-15,1
2024-02-15 02:00:00,27.1070189692696,6.88794074893821,7.53079921271849,3.99881648038369,2024-02-15,2
2024-02-15 03:00:00,28.5460487901365,6.43727982027043,7.78538514243026,2.97102701614677,2024-02-15,3
2024-02-15 04:00:00,27.5291612713389,5.83561823033272,7.76655962138483,2.93582984215464,2024-02-15,4
2024-02-15 05:00:00,27.5580249883146,6.48837014577889,8.16335412650726,2.15760667103528,2024-02-15,5
2024-02-15 06:00:00,27.9181700724191,6.52967265201122,7.91399927611816,3.18376626026592,2024-02-15,6
2024-02-15 07:00:00,27.4432734954159,6.96423447179538,7.86483039562772,3.69747806585673,2024-02-15,7
2024-02-15 08:00:00,27.1445747125076,6.69291187131718,8.00576814247307,3.04693981925713,2024-02-15,8
2024-02-15 09:00:00,27.182190090549,7.31275978323086,7.9073844932362,4.23168127197377,2024-02-15,9
2024-02-15 10:00:00,27.2570392443516,6.53221003723759,7.73388783147243,3.19966422061051,2024-02-15,10
2024-02-15 11:00:00,27.2776666580941,6.86577529988824,8.05500994535346,3.37320668224408,2024-02-15,11
2024-02-15 12:00:00,27.7365777261822,7.61039246591813,7.59695247314346,2.72386567534992,2024-02-15,12
2024-02-15 13:00:00,27.3311675314844,7.10509512837298,7.89788190938205,3.43350474842537,2024-02-15,13
2024-02-15 14:00:00,27.7395840463294,6.86397747498686,7.50501034323137,2.45889248821334,2024-02-15,14
2024-02-15 15:00:00,27.2515700519349,6.53883333483889,7.87282821007836,3.60829012065565,2024-02-15,15
2024-02-15 16:00:00,27.3471811141897,6.52006116197101,7.87052782477232,3.62150411578123,2024-02-15,16
2024-02-15 17:00:00,26.1010795892807,6.38963204822883,8.18205554200208,3.8944953124647,2024-02-15,17
2024-02-15 18:00:00,27.8497966048215,6.57539588053026,7.50135548237723,2.87141345092989,2024-02-15,18
2024-02-15 19:00:00,27.5078930855388,7.35339950324659,7.7038136930707,3.37904171086789,2024-02-15,19
2024-02-15 20:00:00,27.8988060659158,6.76686703722464,8.00276330958057,3.5524411205362,2024-02-15,20
2024-02-15 21:00:00,25.5622467730838,6.09013615837126,7.90041662384344,3.50018110448203,2024-02-15,21
2024-02-15 22:00:00,28.5530248228684,7.96090157583587,7.86786406078088,2.93792131169201,2024-02-15,22
2024-02-15 23:00:00,27.2162462231069,7.0919791146871,7.62921150237871,2.28144778749086,2024-02-15,23
2024-02-16 00:00:00,27.9649096900425,6.0558339596921,7.7059281469008,3.45919292766033,2024-02-16,0
2024-02-16 01:00:00,26.6760564437247,6.63489064365551,8.09145861172688,3.24442513832674,2024-02-16,1
2024-02-16 02:00:00,27.6676643430375,6.96653182969705,7.81918306931168,3.06633164502658,2024-02-16,2
2024-02-16 03:00:00,26.6679506620958,7.92275525597843,7.90882553619034,3.63849650639765,2024-02-16,3
2024-02-16 04:00:00,26.9257386235825,6.23513252504468,7.80581045095694,3.29068459859359,2024-02-16,4
2024-02-16 05:00:00,28.4484188123201,7.48562443161357,7.58155204179755,2.74274612730985,2024-02-16,5
2024-02-16 06:00:00,27.185590559542,7.73969185618341,8.02610018947575,2.47947551568863,2024-02-16,6
2024-02-16 07:00:00,27.4304597239078,6.52280741695526,7.93567880075182,2.82454579599274,2024-02-16,7
2024-02-16 08:00:00,27.8220406384133,6.73349182868386,8.31418373584711,4.33899528674972,2024-02-16,8
2024-02-16 09:00:00,27.5974091327836,6.27821445157574,7.61672791027339,3.62079401279109,2024-02-16,9
2024-02-16 10:00:00,27.3902513430862,6.77792331535182,8.0027403134521,3.39110330704926,2024-02-16,10
2024-02-16 11:00:00,27.5189766014797,6.87804601539424,7.55457576713223,3.2318858013101,2024-02-16,11
2024-02-16 12:00:00,28.742049351143,7.29578999884942,7.86304277921135,3.2036210358226,2024-02-16,12
2024-02-16 13:00:00,27.2654287217799,7.55411008261227,8.03506638370327,3.81189427284441,2024-02-16,13
2024-02-16 14:00:00,27.420659428029,6.45114236122701,7.39485162561974,3.09904383098152,2024-02-16,14
2024-02-16 15:00:00,27.9303926376046,5.7196049614644,7.78696418040926,3.55807577659425,2024-02-16,15
2024-02-16 16:00:00,27.9633155597748,6.88725313243426,7.71172595585105,3.16017598137462,2024-02-16,16
2024-02-16 17:00:00,28.0122181833362,7.07612251798119,7.68258896735803,4.14426735168908,2024-02-16,17
2024-02-16 18:00:00,27.6832381332175,7.04965061261103,7.91089465697446,3.62918405825867,2024-02-16,18
2024-02-16 19:00:00,26.6141970523617,6.70399605149457,8.06534399834874,3.84558943031396,2024-02-16,19
2024-02-16 20:00:00,28.2800589193807,6.97485125979836,7.80201146980188,3.05870379688406,2024-02-16,20
2024-02-16 21:00:00,26.6121927641888,7.80926688501135,7.87315214978761,3.76499852840399,2024-02-16,21
2024-02-16 22:00:00,27.4815812791434,7.12904050137751,7.85400483814244,3.17559170708028,2024-02-16,22
2024-02-16 23:00:00,26.8474344899884,6.67597894499815,7.83037873633485,3.35731497429113,2024-02-16,23
2024-02-17 00:00:00,27.2615169920442,6.5998813097424,7.60123804608046,4.01307049836637,2024-02-17,0
2024-02-17 01:00:00,27.4972574461821,6.79808858539336,8.06277336636181,2.86160672559474,2024-02-17,1
2024-02-17 02:00:00,27.4928143292702,7.88204397709838,7.89199102731336,3.39739652446132,2024-02-17,2
2024-02-17 03:00:00,27.5531524525412,6.79001957428428,7.91292511290054,3.49834226116305,2024-02-17,3
2024-02-17 04:00:00,28.2682267614352,6.88812339328758,7.66063297790463,3.53360188374435,2024-02-17,4
2024-02-17 05:00:00,27.5721205809084,6.61061185743822,7.73356371642226,3.11616266796981,2024-02-17,5
2024-02-17 06:00:00,27.1535060188256,7.55939001446518,7.79301181848074,4.20709356334748,2024-02-17,6
2024-02-17 07:00:00,27.878452300973,8.07590235284681,7.50783381437574,2.75317928930369,2024-02-17,7
2024-02-17 08:00:00,28.0136822933548,7.17036782965883,7.47551279170849,3.93732071711196,2024-02-17,8
2024-02-17 09:00:00,26.5634353109178,6.94966374227126,7.7038429345659,3.83247821040441,2024-02-17,9
2024-02-17 10:00:00,27.6584400419099,6.92206969990454,7.9397293609529,4.12738217952959,2024-02-17,10
2024-02-17 11:00:00,27.7207036453865,5.46941592672855,7.69284114811471,2.62706234755564,2024-02-17,11
2024-02-17 12:00:00,27.121461897984,7.34709051857089,7.61605090850595,2.93640246020743,2024-02-17,12
2024-02-17 13:00:00,28.125424087987,6.98049984959751,7.65891601282009,3.95153551543951,2024-02-17,13
2024-02-17 14:00:00,27.2099666477805,7.15700523039644,7.73437809113949,2.50287316350897,2024-02-17,14
2024-02-17 15:00:00,27.3753458720829,6.47312268354978,7.75568961780778,2.61922267255262,2024-02-17,15
2024-02-17 16:00:00,27.1961569054297,6.66932587261375,8.28475950496338,3.10002765171406,2024-02-17,16
2024-02-17 17:00:00,27.3093474285489,6.6533850380981,8.05147033198234,3.39255732910758,2024-02-17,17
2024-02-17 18:00:00,26.6422349478629,7.51297379044382,8.04520256357916,3.99465678166897,2024-02-17,18
2024-02-17 19:00:00,26.4359694704434,6.67274409803815,8.07540187649741,3.23033565657995,2024-02-17,19
2024-02-17 20:00:00,28.256703037935,8.14959619326588,7.62024761743985,3.04845716633225,2024-02-17,20
2024-02-17 21:00:00,26.791823191009,7.15851745140902,7.57330343085268,3.44389767320946,2024-02-17,21
2024-02-17 22:00:00,26.7051645903262,6.13459040400256,7.59755723877785,3.51192648781659,2024-02-17,22
2024-02-17 23:00:00,26.0079659318378,6.82287222404883,8.11024628800095,3.49973312353322,2024-02-17,23
2024-02-18 00:00:00,26.9166229513863,6.50899492670615,7.71508972433468,3.23346593058092,2024-02-18,0
2024-02-18 01:00:00,26.5061461239555,5.58337051810799,7.56721520172975,2.4693129710152,2024-02-18,1
2024-02-18 02:00:00,28.2852090960818,7.85968256406827,7.73949079795384,2.91542512468428,2024-02-18,2
2024-02-18 03:00:00,27.9058902536056,7.321885525332,7.77989283833993,3.92071656666501,2024-02-18,3
2024-02-18 04:00:00,26.8871097928934,7.21992439073959,7.88636678747586,3.39043964332994,2024-02-18,4
2024-02-18 05:00:00,28.6514614832066,6.99924219617982,7.88269971434953,3.17131548878397,2024-02-18,5
2024-02-18 06:00:00,27.889059292195,6.07078945878454,7.65608208158656,3.79081247580081,2024-02-18,6
2024-02-18 07:00:00,27.1051011698948,6.60982971626674,7.97398784242788,2.82404984808135,2024-02-18,7
2024-02-18 08:00:00,25.8003565710759,7.40506846487041,7.69576935791247,3.21310030250341,2024-02-18,8
2024-02-18 09:00:00,28.6745655435545,6.2692679821305,7.79718196929194,3.36923611422484,2024-02-18,9
2024-02-18 10:00:00,26.4662565199418,5.38093841024951,7.97422255480571,3.12020767358331,2024-02-18,10
2024-02-18 11:00:00,26.3127607518259,6.76373639533145,7.69521750517169,3.35332801384769,2024-02-18,11
2024-02-18 12:00:00,27.9135422592058,6.81494546758348,7.71043620104796,3.22929160948864,2024-02-18,12
2024-02-18 13:00:00,28.7638514438036,6.98133804984883,7.95425029043556,2.70828248945207,2024-02-18,13
2024-02-18 14:00:00,28.1305636911063,7.33711118610872,7.64987603291295,3.38803548920799,2024-02-18,14
2024-02-18 15:00:00,27.6383454720314,7.28256348733873,7.74919367504315,2.73880872964947,2024-02-18,15
2024-02-18 16:00:00,27.6568526049992,7.05526188314635,7.94670585738901,3.38121450379159,2024-02-18,16
2024-02-18 17:00:00,27.8120493352682,7.61731883285203,8.26135941270156,3.90087840438455,2024-02-18,17
2024-02-18 18:00:00,27.7553571538721,5.98861813151201,7.95713494600018,3.1891600251713,2024-02-18,18
2024-02-18 19:00:00,27.4687148543816,7.20274908868644,7.9292543502279,2.80626225411248,2024-02-18,19
2024-02-18 20:00:00,27.3625206623711,7.27592301800217,7.94146833257127,3.25539524032186,2024-02-18,20
2024-02-18 21:00:00,27.2624441232603,6.15626262835186,7.60463004244592,2.95225242352623,2024-02-18,21
2024-02-18 22:00:00,26.84762124668,5.99827763479057,7.85427531512278,3.56563887113153,2024-02-18,22
2024-02-18 23:00:00,27.1315949538799,6.45243472411464,7.82374903744936,3.24636483856517,2024-02-18,23
2024-02-19 00:00:00,26.2842259114828,6.50307513449083,7.89753275347828,4.04519819821577,2024-02-19,0
2024-02-19 01:00:00,27.2409962239232,7.35205167810146,7.85446669101993,3.81008552614126,2024-02-19,1
2024-02-19 02:00:00,26.7068453357095,6.53127672978534,7.90973693225759,3.244175383073,2024-02-19,2
2024-02-19 03:00:00,26.6378464096705,6.38619088903128,7.76459188907117,3.61771189922843,2024-02-19,3
2024-02-19 04:00:00,27.4079364906921,6.53301975798327,7.84230787264808,3.14090834405998,2024-02-19,4
2024-02-19 05:00:00,28.1352013718068,7.57117940049253,7.57215600112803,3.32460146062102,2024-02-19,5
2024-02-19 06:00:00,27.8509899636014,6.90782602462617,7.76281947161939,3.15458329556937,2024-02-19,6
2024-02-19 07:00:00,26.3576996378261,6.79244938478585,8.1220750451171,3.63957606273538,2024-02-19,7
2024-02-19 08:00:00,26.7062231180578,6.83399670077937,7.89694975132193,3.92618495898512,2024-02-19,8
2024-02-19 09:00:00,27.8644627127929,7.67523620059591,7.82560658214955,3.65341872909219,2024-02-19,9
2024-02-19 10:00:00,26.710507563877,6.45049696403806,8.22818588801341,3.7064327385527,2024-02-19,10
2024-02-19 11:00:00,27.1652201100018,7.68930497456406,7.54422465455677,3.70690437801136,2024-02-19,11
2024-02-19 12:00:00,27.6300312594147,7.0262977793529,7.59701433335629,3.54704004660393,2024-02-19,12
2024-02-19 13:00:00,26.7189933270818,6.80374837081479,8.18966939636802,2.82010695153959,2024-02-19,13
2024-02-19 14:00:00,27.3632253036876,8.40054029876057,7.83965179657028,4.0414177533491,2024-02-19,14
2024-02-19 15:00:00,26.4995847030491,6.26661630612084,7.77905756237914,4.08589665548032,2024-02-19,15
2024-02-19 16:00:00,26.9391794136293,6.6877885442598,7.57816709172992,3.20943177057525,2024-02-19,16
2024-02-19 17:00:00,27.4918691604855,6.1605412565016,7.92401621594295,3.15059989645704,2024-02-19,17
2024-02-19 18:00:00,26.344203759881,7.4714771823217,7.94433657260077,3.57333701075361,2024-02-19,18
2024-02-19 19:00:00,27.5642848427762,7.91351336019101,7.60015618422467,3.54684951912891,2024-02-19,19
2024-02-19 20:00:00,27.288217320644,7.90195366884278,7.80054212703441,3.2231631904362,2024-02-19,20
2024-02-19 21:00:00,27.6314939726503,7.6343692518876,7.75954167527306,2.77248896809733,2024-02-19,21
2024-02-19 22:00:00,27.4343484804388,6.78142771932242,7.88375520074794,3.4414515120224,2024-02-19,22
2024-02-19 23:00:00,28.1184842579843,6.68085541350609,7.59495744913366,3.54711771141548,2024-02-19,23
2024-02-20 00:00:00,27.3751347015888,5.89729813650356,8.09290896544776,3.62210309365668,2024-02-20,0
2024-02-20 01:00:00,27.0423566753249,8.12152412110908,8.0223229941355,3.46019589211231,2024-02-20,1
2024-02-20 02:00:00,27.3733785018194,7.18138684688908,7.75373313266611,3.19342048620438,2024-02-20,2
2024-02-20 03:00:00,27.6259788174218,6.60482585707831,7.78455207055594,3.7374208769877,2024-02-20,3
2024-02-20 04:00:00,27.3293160421954,7.69683413339218,7.8013513484417,3.33831485395335,2024-02-20,4
2024-02-20 05:00:00,27.3243550147223,6.316341289944,7.66655520386864,3.11008310382317,2024-02-20,5
2024-02-20 06:00:00,26.878804987316,7.14397322053361,7.73687982217064,3.23231904572034,2024-02-20,6
2024-02-20 07:00:00,26.9022594494694,6.7964225194255,7.77324322278833,2.55923331603576,2024-02-20,7
2024-02-20 08:00:00,26.4584368369202,7.28320628392818,8.1687023578485,3.23163601560323,2024-02-20,8
2024-02-20 09:00:00,28.3497460459122,6.86185587648833,8.02878984474939,3.60602770354611,2024-02-20,9
2024-02-20 10:00:00,26.5536820587652,6.02944326533327,8.02627748854069,3.45610669951987,2024-02-20,10
2024-02-20 11:00:00,26.8842568813225,6.94534582360202,7.90768437873092,3.96388559438191,2024-02-20,11
2024-02-20 12:00:00,26.8689556406585,7.52931848512522,7.59536132812444,3.19692078697325,2024-02-20,12
2024-02-20 13:00:00,27.8369546261667,6.88247015648761,7.82128686803875,3.51954466011293,2024-02-20,13
2024-02-20 14:00:00,27.1230301930248,7.36506907295345,8.03380257651881,3.65087827581148,2024-02-20,14
2024-02-20 15:00:00,28.0486452436042,6.27268230859557,7.56576442783287,4.31742851356359,2024-02-20,15
2024-02-20 16:00:00,26.8959056254537,6.88424352403809,7.96367617344339,3.37224916118059,2024-02-20,16
2024-02-20 17:00:00,27.4673964973343,6.52529372694685,8.31774793730518,2.86099951308847,2024-02-20,17
2024-02-20 18:00:00,26.7987917680442,7.34818850406283,8.05298149565784,3.67460936394277,2024-02-20,18
2024-02-20 19:00:00,28.587089476664,6.9188949373572,8.12694611846802,4.11226276306644,2024-02-20,19
2024-02-20 20:00:00,26.5874409485823,7.31404420580197,7.87585113759285,3.17130405460255,2024-02-20,20
2024-02-20 21:00:00,27.4858924261362,7.55262625569472,8.03326570924065,3.67166506160076,2024-02-20,21
2024-02-20 22:00:00,27.6802661285593,7.31497114507283,7.67925082498565,3.83835306374844,2024-02-20,22
2024-02-20 23:00:00,27.5482794584709,7.06387106057619,7.99713140059166,3.74733818390717,2024-02-20,23
2024-02-21 00:00:00,27.1888274046734,6.30107264489316,7.96742150815276,3.36399016466364,2024-02-21,0
2024-02-21 01:00:00,27.22210758016,6.89832833359986,7.89088134654791,3.00965628396835,2024-02-21,1
2024-02-21 02:00:00,27.3262868831875,6.5801457587905,8.10636155814088,3.27504979435416,2024-02-21,2
2024-02-21 03:00:00,27.2117987990229,6.69356162597746,7.71685518405205,3.50719819516738,2024-02-21,3
2024-02-21 04:00:00,27.878327470077,6.67527950954985,7.79071792154053,3.70053568535944,2024-02-21,4
2024-02-21 05:00:00,28.6263138009548,6.31204465513065,7.85004702868524,3.45359637063959,2024-02-21,5
2024-02-21 06:00:00,26.9655049289953,5.72559684651961,7.61378169607123,3.14663957438755,2024-02-21,6
2024-02-21 07:00:00,26.4781182122526,6.49911417100334,7.87765570819805,3.5488132521444,2024-02-21,7
2024-02-21 08:00:00,27.2470307709893,7.0160276711545,7.46902461327969,3.67983657912941,2024-02-21,8
2024-02-21 09:00:00,28.8478256025926,6.09109377274351,8.04986045222992,3.47323232425823,2024-02-21,9
2024-02-21 10:00:00,26.8177952592182,6.90940934188298,7.83979384697885,2.95043954074852,2024-02-21,10
2024-02-21 11:00:00,28.2834700832664,8.04016105458658,7.72061249018021,3.23199540507161,2024-02-21,11
2024-02-21 12:00:00,28.3066204884459,7.51383393315134,7.65478154141803,3.71756293385736,2024-02-21,12
2024-02-21 13:00:00,26.9678470549752,7.88612490547232,7.78073840377997,2.71530234223988,2024-02-21,13
2024-02-21 14:00:00,27.6413898475112,7.13467672615964,7.97453453926221,2.4099334503718,2024-02-21,14
2024-02-21 15:00:00,28.2770379738771,7.60050589379187,7.94502518553489,3.95847562556193,2024-02-21,15
2024-02-21 16:00:00,27.0725233554075,6.46562116171933,7.68183703107152,3.52990855965941,2024-02-21,16
2024-02-21 17:00:00,27.1778517839386,6.51339583978681,7.6523316687482,3.57089390108365,2024-02-21,17
2024-02-21 18:00:00,26.9509914516308,5.25651587631752,7.96794872832713,2.84696870134037,2024-02-21,18
2024-02-21 19:00:00,26.6911459615843,7.61168728442538,7.67830704503084,3.62713706729061,2024-02-21,19
2024-02-21 20:00:00,26.9104334729604,7.82419438789193,7.8425810525567,3.4283569356544,2024-02-21,20
2024-02-21 21:00:00,26.5656358399427,6.56809365279164,7.8559884749301,2.62873914152519,2024-02-21,21
2024-02-21 22:00:00,27.3204500809555,6.74762897616166,7.89553304766262,3.92244186813776,2024-02-21,22
2024-02-21 23:00:00,26.8380160613648,6.44768273178542,8.01023679033819,3.37823382915605,2024-02-21,23
2024-02-22 00:00:00,27.4402715470745,7.1295921308865,7.56477778325786,3.13968389458591,2024-02-22,0
2024-02-22 01:00:00,26.3664626122778,7.57495952718195,7.4286565416953,3.14746440922636,2024-02-22,1
2024-02-22 02:00:00,27.4985281393287,5.85433681567138,7.71083607094205,2.44345458066408,2024-02-22,2
2024-02-22 03:00:00,27.8001173769654,7.14566311838535,8.20832096564476,3.56513473784149,2024-02-22,3
2024-02-22 04:00:00,26.1037586144571,6.73399693696851,8.25465656101835,3.42259859911566,2024-02-22,4
2024-02-22 05:00:00,27.5244339419085,6.96803663518001,8.21454719846884,3.22654554309677,2024-02-22,5
2024-02-22 06:00:00,28.036601395484,7.17539640100458,7.78947391277026,3.85974863920422,2024-02-22,6
2024-02-22 07:00:00,26.5742153887853,6.78707853673631,7.45575583278319,2.71494062183179,2024-02-22,7
2024-02-22 08:00:00,28.3035434321026,6.83784788795653,7.33796178865311,3.05338783516193,2024-02-22,8
2024-02-22 09:00:00,27.5514114056196,6.77167489946722,7.70105198607462,2.94449645045303,2024-02-22,9
2024-02-22 10:00:00,26.876992886545,7.48218972107297,7.78840453766864,3.19011815869823,2024-02-22,10
2024-02-22 11:00:00,27.2665385534054,7.1512559760765,8.10313133422175,3.33901211086061,2024-02-22,11
2024-02-22 12:00:00,27.634996147513,7.03235012264242,8.01223914650391,3.49490581523888,2024-02-22,12
2024-02-22 13:00:00,27.3456032348475,6.13742896734463,7.87775506658824,3.1608014151648,2024-02-22,13
2024-02-22 14:00:00,27.6232535954678,6.67285215407211,7.64313259810236,2.9327370338834,2024-02-22,14
2024-02-22 15:00:00,26.7475958441524,7.43920149620351,7.62823629276857,4.03498298840129,2024-02-22,15
2024-02-22 16:00:00,27.4016164944217,6.92261794387435,7.883366814285,4.34700528246909,2024-02-22,16
2024-02-22 17:00:00,26.451771301857,7.29571888175348,7.97638070555634,3.37161326890927,2024-02-22,17
2024-02-22 18:00:00,27.2332643631908,7.95990708019658,7.91229506507157,2.98458444218103,2024-02-22,18
2024-02-22 19:00:00,26.7576554151211,7.52316364152529,7.6127344284826,3.94444527634819,2024-02-22,19
2024-02-22 20:00:00,26.8586820344461,6.95589500261985,7.96664020204634,2.68789444427876,2024-02-22,20
2024-02-22 21:00:00,28.0416559051263,6.59340649788256,7.9194413030913,3.16604747037692,2024-02-22,21
2024-02-22 22:00:00,27.9547860723566,5.36787024236646,7.60516005470006,3.01066966792109,2024-02-22,22
2024-02-22 23:00:00,27.6654828725443,6.79896904651629,7.66529259623695,2.81139971330629,2024-02-22,23
2024-02-23 00:00:00,26.6446123411965,6.70439250250989,7.97458415465793,3.18958957984364,2024-02-23,0
2024-02-23 01:00:00,27.1101549301831,7.13421971663723,7.78075341761936,2.9384060059552,2024-02-23,1
2024-02-23 02:00:00,28.0278586199875,6.80765686381519,8.16372093334366,3.31544141958392,2024-02-23,2
2024-02-23 03:00:00,27.3850301481839,6.70776896433792,7.93523714797356,3.32168618209916,2024-02-23,3
2024-02-23 04:00:00,28.691597723989,5.83236064169567,7.72780745048025,3.04282735888555,2024-02-23,4
2024-02-23 05:00:00,27.5359907036366,6.33601930250996,7.8278568239179,3.15067925666464,2024-02-23,5
2024-02-23 06:00:00,27.415229469894,7.18599062448033,7.84331051245392,3.21073494380141,2024-02-23,6
2024-02-23 07:00:00,27.1145301214785,7.92954457867962,7.67703803421924,3.65823380628135,2024-02-23,7
2024-02-23 08:00:00,27.3801245428694,6.84148476975263,7.6383564783827,3.2461753575424,2024-02-23,8
2024-02-23 09:00:00,27.2085180981717,7.09668664414448,7.9772918777,3.66462174853802,2024-02-23,9
2024-02-23 10:00:00,27.7248652060132,7.47148689417168,8.00750739237884,3.5618995829285,2024-02-23,10
2024-02-23 11:00:00,27.8740213900768,6.41346363827985,7.95679410860612,3.55575819966732,2024-02-23,11
2024-02-23 12:00:00,26.8284063236952,7.12008842597127,8.148216799808,3.90677376724877,2024-02-23,12
2024-02-23 13:00:00,26.5012602278653,6.45570593620071,7.71622762043756,2.82866192170926,2024-02-23,13
2024-02-23 14:00:00,26.198276776138,7.41889466309461,8.18159686087494,3.10653126428794,2024-02-23,14
2024-02-23 15:00:00,27.6047947961475,6.99084182877104,7.64080656510363,4.06821848412882,2024-02-23,15
2024-02-23 16:00:00,26.6379800362957,7.07907108838886,7.61733603169262,3.19935390474662,2024-02-23,16
2024-02-23 17:00:00,26.0082656442285,6.43044084154885,7.46040863474866,2.09949681334049,2024-02-23,17
2024-02-23 18:00:00,27.5331471627186,7.32421941576647,7.73638298409637,3.22272361244641,2024-02-23,18
2024-02-23 19:00:00,28.7957997104597,8.15082775273861,7.72421830926582,3.3680239979702,2024-02-23,19
2024-02-23 20:00:00,27.2963574530761,6.29525298274308,7.94044682885348,2.18464135950458,2024-02-23,20
2024-02-23 21:00:00,27.803094464671,6.69614459541149,7.88121709774029,3.88359232515182,2024-02-23,21
2024-02-23 22:00:00,27.3490976151285,7.03896448450086,7.57947559208598,3.00310364053779,2024-02-23,22
2024-02-23 23:00:00,27.2406662080853,7.37184372719749,7.74752748993058,3.45128213953063,2024-02-23,23
2024-02-24 00:00:00,27.8514458897927,6.56427222882632,7.75199297557159,3.21282793550205,2024-02-24,0
2024-02-24 01:00:00,27.1258352734868,5.20018182591436,7.457043728138,2.75600888974226,2024-02-24,1
2024-02-24 02:00:00,27.4604353884431,7.71551369649842,7.62400118732719,2.84968150210677,2024-02-24,2
2024-02-24 03:00:00,27.4930186837176,7.35630367175049,7.66812913757104,2.90791438033616,2024-02-24,3
2024-02-24 04:00:00,26.8991457278142,5.854231481708,8.1310612541624,3.77683892094896,2024-02-24,4
2024-02-24 05:00:00,27.8952254097219,6.53545872493227,7.87020465035104,3.24655857911694,2024-02-24,5
2024-02-24 06:00:00,27.1950241459828,7.8409094577164,7.96905543832898,3.08559782788275,2024-02-24,6
2024-02-24 07:00:00,26.8465529043043,7.76867785107472,7.51528654559867,2.9081181675862,2024-02-24,7
2024-02-24 08:00:00,27.6219059061422,7.46318401360737,8.08078504143294,3.82434459525623,2024-02-24,8
2024-02-24 09:00:00,26.7609192109254,6.79433253962408,8.10323143323506,3.93960654718514,2024-02-24,9
2024-02-24 10:00:00,27.3169086944215,6.94979245128751,7.41034755689963,3.81943987644387,2024-02-24,10
2024-02-24 11:00:00,27.2945286020135,6.82144451692432,7.68188348797767,3.52174805583629,2024-02-24,11
2024-02-24 12:00:00,27.951537339499,7.5769438699613,7.93411077033326,3.43462691800441,2024-02-24,12
2024-02-24 13:00:00,27.584818939728,6.37449455610294,7.96532157524302,2.78714673827036,2024-02-24,13
2024-02-24 14:00:00,27.2849838247529,6.41652020706948,7.68751610659768,3.20429777551425,2024-02-24,14
2024-02-24 15:00:00,27.7906597795202,7.50616475210161,7.76584511275873,3.01594011256103,2024-02-24,15
2024-02-24 16:00:00,28.1341245294104,6.87338312669306,7.70454997718052,2.52502979313658,2024-02-24,16
2024-02-24 17:00:00,27.6346861838111,7.72708041327229,7.85318778985869,3.76452867024111,2024-02-24,17
2024-02-24 18:00:00,27.306211571906,6.49709267581167,8.081407491607,3.01079312305132,2024-02-24,18
2024-02-24 19:00:00,26.5128982605899,6.86713298379671,7.66808114700035,3.82425502019718,2024-02-24,19
2024-02-24 20:00:00,26.6609318021548,6.34655220909363,8.04017230453137,3.68915095232681,2024-02-24,20
2024-02-24 21:00:00,27.1168651773872,6.90441760885414,7.66584886480715,3.54938872995237,2024-02-24,21
2024-02-24 22:00:00,26.9342926787044,6.01287183780072,7.65199828537566,3.57354015085817,2024-02-24,22
2024-02-24 23:00:00,27.1878172182087,6.60741994742702,8.00190486985207,3.04541503070831,2024-02-24,23
2024-02-25 00:00:00,27.3339899549383,6.03824768104313,8.0236066393816,4.10887556505499,2024-02-25,0
2024-02-25 01:00:00,27.617815652614,7.31635393991476,8.00879608672016,3.32854393530981,2024-02-25,1
2024-02-25 02:00:00,27.2577007331646,7.32995360385579,7.55368254427419,3.43983062460104,2024-02-25,2
2024-02-25 03:00:00,27.5919009862957,5.86184236170939,7.73215029460487,3.03089717656635,2024-02-25,3
2024-02-25 04:00:00,27.3386846488861,7.70033144730034,8.0028276043207,2.90959893786591,2024-02-25,4
2024-02-25 05:00:00,26.1147200601877,8.39844907585191,7.83872378651842,3.51523728378805,2024-02-25,5
2024-02-25 06:00:00,26.7363987637088,6.92760383204181,7.60452450229853,3.40353080325368,2024-02-25,6
2024-02-25 07:00:00,27.213547466567,6.51533144386521,7.92624676721634,2.97057848266189,2024-02-25,7
2024-02-25 08:00:00,26.5741831542953,8.59459835460183,7.67989047561179,2.69147651092658,2024-02-25,8
2024-02-25 09:00:00,27.6599572379977,6.10861890101849,8.20685021816236,2.76393307244916,2024-02-25,9
2024-02-25 10:00:00,28.2184504994062,6.91206388012146,8.15441670710784,3.82433749834918,2024-02-25,10
2024-02-25 11:00:00,28.0312571110184,7.00777336357916,7.95686045953467,3.04630085970047,2024-02-25,11
2024-02-25 12:00:00,27.1719342774419,7.70708857227145,8.11581140800165,3.16426932535939,2024-02-25,12
2024-02-25 13:00:00,28.19443568211,7.11584338507607,7.84360618352591,3.9336463112664,2024-02-25,13
2024-02-25 14:00:00,27.3892004743213,6.60081966252693,7.99074187381875,2.82747525856084,2024-02-25,14
2024-02-25 15:00:00,27.0977484173292,6.32928937776723,8.14032126201344,2.99739222494167,2024-02-25,15
2024-02-25 16:00:00,26.9319584018754,6.69490690785232,7.88155472317681,2.9794302637189,2024-02-25,16
2024-02-25 17:00:00,27.1185181881071,6.29584358343291,7.776410693982,4.0057694469014,2024-02-25,17
2024-02-25 18:00:00,27.0670939088753,6.92869519187081,7.47202938878281,4.16715490525044,2024-02-25,18
2024-02-25 19:00:00,27.4022497334253,6.56148229208371,7.81254195959849,3.63317218692293,2024-02-25,19
2024-02-25 20:00:00,27.3963443886299,6.00357732402615,8.00291886875809,3.64685543138632,2024-02-25,20
2024-02-25 21:00:00,27.3018276120921,7.65308747302494,8.0285830197892,3.06044734877333,2024-02-25,21
2024-02-25 22:00:00,27.5621629018478,6.60139648594258,7.93591666380087,4.14735124936884,2024-02-25,22
2024-02-25 23:00:00,28.0143877648718,6.13911791701481,7.71632719005793,3.42510938937423,2024-02-25,23
2024-02-26 00:00:00,27.8697324812648,6.79904451930748,7.41486747052101,3.67683741371339,2024-02-26,0
2024-02-26 01:00:00,26.4090612189301,6.9410229395806,7.72600482941901,3.26462427632849,2024-02-26,1
2024-02-26 02:00:00,25.7676473190588,5.85211996465258,7.76608757707867,3.19474598744913,2024-02-26,2
2024-02-26 03:00:00,27.8605919467436,7.09898860027546,7.7642849168901,4.02510817162633,2024-02-26,3
2024-02-26 04:00:00,26.4798727809508,6.27170545878584,7.95989683496536,3.54208118228747,2024-02-26,4
2024-02-26 05:00:00,27.1651407588644,7.92661728551447,8.24699204631312,3.93409144826026,2024-02-26,5
2024-02-26 06:00:00,26.5979321843644,7.21437630724604,7.85594113238663,3.41979111385037,2024-02-26,6
2024-02-26 07:00:00,26.218811737452,6.66006000593441,7.78448632427714,2.94520238933807,2024-02-26,7
2024-02-26 08:00:00,27.6248776369229,6.45289933780959,7.77556341926914,3.05916253886225,2024-02-26,8
2024-02-26 09:00:00,27.7554930961816,6.83701937546183,7.85612080105062,3.35427505425978,2024-02-26,9
2024-02-26 10:00:00,26.954093759564,7.26767444494997,7.65605831032684,3.04060490710137,2024-02-26,10
2024-02-26 11:00:00,25.7453746247131,6.88470352284888,7.85524169733667,2.83379159429009,2024-02-26,11
2024-02-26 12:00:00,26.9722533310485,6.76970471571789,7.92467059062968,3.82660932366842,2024-02-26,12
2024-02-26 13:00:00,27.5350824032415,6.93502217449074,7.87403407335064,3.07570586954589,2024-02-26,13
2024-02-26 14:00:00,26.4126530587355,6.53768464125783,7.926083806141,3.36942288155027,2024-02-26,14
2024-02-26 15:00:00,27.4100159518675,6.69407644389418,7.92108699796319,3.43733744365081,2024-02-26,15
2024-02-26 16:00:00,27.2908140904962,5.648524536657,7.45790169672825,3.05709415611216,2024-02-26,16
2024-02-26 17:00:00,27.6475748997607,7.48423573851142,7.96374273326304,3.93384377051276,2024-02-26,17
2024-02-26 18:00:00,27.3717482210485,7.07927866819306,7.68908688241088,2.82962904268202,2024-02-26,18
2024-02-26 19:00:00,26.7161586354711,6.43592649357994,7.59987377576917,3.42249886333973,2024-02-26,19
2024-02-26 20:00:00,28.0179429009987,8.03924098881314,7.59806511615045,3.41583061374193,2024-02-26,20
2024-02-26 21:00:00,27.2048822561838,6.95220988823543,7.92104373819923,3.28667052076842,2024-02-26,21
2024-02-26 22:00:00,27.283617276294,6.27831385681488,7.78325926528278,2.75232757629305,2024-02-26,22
2024-02-26 23:00:00,26.7400392245561,7.41404245288228,7.47678655536306,3.68445154730129,2024-02-26,23
2024-02-27 00:00:00,27.0340306492851,7.13882892990556,7.93038794119038,3.62970958824388,2024-02-27,0
2024-02-27 01:00:00,26.7691183715839,7.13674799129053,7.52768229253225,3.01950553270578,2024-02-27,1
2024-02-27 02:00:00,27.196232364046,6.64454663720905,7.85936248528882,3.61421949909831,2024-02-27,2
2024-02-27 03:00:00,28.3270250880854,7.17029743426682,7.88008477439134,3.47121030510933,2024-02-27,3
2024-02-27 04:00:00,26.4768593142412,6.74294502586734,8.01597118715596,2.75933677749472,2024-02-27,4
2024-02-27 05:00:00,26.331863161274,7.23356487098751,8.20415380515804,2.94281056673432,2024-02-27,5
2024-02-27 06:00:00,28.1827021964962,5.75703332759362,7.54341797156089,3.79946102130252,2024-02-27,6
2024-02-27 07:00:00,27.1744057937089,6.63967592221249,7.81898049022676,3.44304895961108,2024-02-27,7
2024-02-27 08:00:00,26.8985563568041,7.93329305868492,7.77196958804071,3.06734973330143,2024-02-27,8
2024-02-27 09:00:00,27.9239428124377,6.43975952675982,7.9210874340518,2.94085536679576,2024-02-27,9
2024-02-27 10:00:00,26.9366306761579,6.53769702150409,7.87529044189606,3.08838066681037,2024-02-27,10
2024-02-27 11:00:00,28.3956058281282,6.63122319693002,7.75596528902531,3.11887380215259,2024-02-27,11
2024-02-27 12:00:00,27.7067555228036,6.17111631846681,7.73741054039172,2.94623589596942,2024-02-27,12
2024-02-27 13:00:00,27.0072531551126,5.57503153426305,7.59554532041135,2.56104143167518,2024-02-27,13
2024-02-27 14:00:00,28.5943849279593,6.76164816088583,8.03745093230537,3.80020571315234,2024-02-27,14
2024-02-27 15:00:00,26.936571046198,6.98151565444899,7.9264328781359,3.72737247922292,2024-02-27,15
2024-02-27 16:00:00,27.7452572232056,6.86849695887681,8.02273132153698,2.76250015572305,2024-02-27,16
2024-02-27 17:00:00,27.4795755482439,6.81307286283127,7.76481681134014,3.36861385709238,2024-02-27,17
2024-02-27 18:00:00,28.0810447736393,6.92582452251023,7.69206455157417,2.92203757283265,2024-02-27,18
2024-02-27 19:00:00,28.2369067180361,7.51370488293046,7.60355383600786,3.19752609401259,2024-02-27,19
2024-02-27 20:00:00,27.3192024894395,6.78573228844247,7.90537269258554,3.16175037065433,2024-02-27,20
2024-02-27 21:00:00,26.8479492777923,6.55555045374764,7.61164342284907,3.12603128724132,2024-02-27,21
2024-02-27 22:00:00,27.5759832857635,6.73132470906715,8.21821924448298,4.1712672461528,2024-02-27,22
2024-02-27 23:00:00,26.8933707781487,7.24760805585407,7.55539505797038,3.12065995558924,2024-02-27,23
2024-02-28 00:00:00,28.508032348516,7.74721612712595,7.88746862503463,2.96244655522122,2024-02-28,0
2024-02-28 01:00:00,27.3819211986496,6.52311375649849,8.1590394885149,2.98208998531627,2024-02-28,1
2024-02-28 02:00:00,27.0808070692127,6.95936027221733,7.9558088494454,3.75882409125276,2024-02-28,2
2024-02-28 03:00:00,27.410808183519,7.10301446516158,7.86689147962327,2.59959599737204,2024-02-28,3
2024-02-28 04:00:00,26.4917242262822,6.30445319596271,7.626618434138,2.98207214593273,2024-02-28,4
2024-02-28 05:00:00,26.7170315768936,6.91225030032775,7.53982847040078,3.93213382124796,2024-02-28,5
2024-02-28 06:00:00,28.0202483447667,6.02059568559474,7.99171052287269,3.41491406083899,2024-02-28,6
2024-02-28 07:00:00,26.9058634326172,5.83856981775636,8.14629092056274,3.39252646216553,2024-02-28,7
2024-02-28 08:00:00,26.6718534103908,7.12004784473535,7.73784150199958,4.22682297786179,2024-02-28,8
2024-02-28 09:00:00,27.6219916515164,6.66967515520153,7.59079708340057,3.41592961976786,2024-02-28,9
2024-02-28 10:00:00,28.0114224927978,7.02136824457273,7.31378441958471,3.00547995061538,2024-02-28,10
2024-02-28 11:00:00,27.731371986399,6.88926301379499,7.62403938283087,3.18870686554317,2024-02-28,11
2024-02-28 12:00:00,27.8976286114835,6.31415997080172,7.8061320630752,2.82176410711686,2024-02-28,12
2024-02-28 13:00:00,26.8459229468583,6.8728474188214,8.16581588057571,3.85005292720675,2024-02-28,13
2024-02-28 14:00:00,26.4469135999549,6.16013921699109,7.97135807536892,3.55706153854079,2024-02-28,14
2024-02-28 15:00:00,28.2008001911733,7.73458341480084,7.89406793498842,3.79349808448748,2024-02-28,15
2024-02-28 16:00:00,27.1063920966947,6.08641779308402,7.74597487112676,3.83158308927623,2024-02-28,16
2024-02-28 17:00:00,27.149500190127,6.78252883741885,7.70753519937625,3.13188936420116,2024-02-28,17
2024-02-28 18:00:00,28.0969164851094,6.27463704717165,8.12518599547667,2.90375627363618,2024-02-28,18
2024-02-28 19:00:00,27.6337380056404,7.24225270401648,7.87215509355926,3.28776336213754,2024-02-28,19
2024-02-28 20:00:00,27.573532663249,6.7011411772311,7.38845385469659,2.93471273956093,2024-02-28,20
2024-02-28 21:00:00,28.5990014069407,6.58879996822727,7.68855667394158,3.38093145642588,2024-02-28,21
2024-02-28 22:00:00,26.9138890617719,7.41192092703093,7.64977463332796,3.79680165875892,2024-02-28,22
2024-02-28 23:00:00,27.8567040768487,6.91765835500653,7.71528455807273,3.23769995219886,2024-02-28,23
2024-02-29 00:00:00,27.3342078749383,7.20998666756158,7.94821123865987,3.37449788866033,2024-02-29,0
2024-02-29 01:00:00,27.461155367318,6.31120443808952,7.80743657482321,3.26964638502395,2024-02-29,1
2024-02-29 02:00:00,28.2170810558475,6.0571098336435,7.81385826452923,3.65517285614821,2024-02-29,2
2024-02-29 03:00:00,27.6047014537738,6.96432477722408,8.1058293638783,3.02285357045604,2024-02-29,3
2024-02-29 04:00:00,27.6229776474298,6.70869218670316,7.6837431711448,2.36552810749347,2024-02-29,4
2024-02-29 05:00:00,27.9435044023859,7.27586080347237,8.22148190043634,3.51247360953141,2024-02-29,5
2024-02-29 06:00:00,27.0810283622743,6.85205492840247,7.68902540581207,3.73476880116244,2024-02-29,6
2024-02-29 07:00:00,26.7964741995966,7.02304520354078,7.84873162128864,3.50194092524617,2024-02-29,7
2024-02-29 08:00:00,26.6731144835874,5.92597048203525,7.77094724496542,3.03470088694875,2024-02-29,8
2024-02-29 09:00:00,26.1201860463744,8.03306216376855,7.8559180180352,2.82194479777999,2024-02-29,9
2024-02-29 10:00:00,28.5337242779642,6.80145480898078,7.92336431896536,3.52263393866554,2024-02-29,10
2024-02-29 11:00:00,26.638074980567,7.31855218220352,7.92110540041866,3.37083594976191,2024-02-29,11
2024-02-29 12:00:00,27.1672478258485,6.39834499786822,7.67184536056968,3.25590917010692,2024-02-29,12
2024-02-29 13:00:00,27.1339120200667,7.08480594133041,7.59418791773601,4.09365923748733,2024-02-29,13
2024-02-29 14:00:00,27.4844440186855,6.11829314188515,8.3556660760902,2.90287595950203,2024-02-29,14
2024-02-29 15:00:00,27.7894423275236,7.1712407029558,7.72836328868388,4.07326591908481,2024-02-29,15
2024-02-29 16:00:00,27.8162840930159,6.6864155493685,7.97683461212112,3.32366707909438,2024-02-29,16
2024-02-29 17:00:00,26.9501535368586,6.91751430236134,7.49239532479013,2.52070469494552,2024-02-29,17
2024-02-29 18:00:00,27.1997269717282,7.31878441807806,7.77128132882002,3.23294285864277,2024-02-29,18
2024-02-29 19:00:00,27.469547970293,6.16047581326783,7.80328812936369,3.72258331293776,2024-02-29,19
2024-02-29 20:00:00,27.1507853242899,6.48930496163232,7.92929116468485,3.15302633589386,2024-02-29,20
2024-02-29 21:00:00,28.264407345612,7.17439456865206,7.25828463039169,2.67584522726749,2024-02-29,21
2024-02-29 22:00:00,27.594584970983,8.15893288472805,7.86488952874645,3.23925875132765,2024-02-29,22
2024-02-29 23:00:00,27.7409266716299,6.81715059920311,7.58855429437274,2.94141587922657,2024-02-29,23
2024-03-01 00:00:00,27.6977287612005,7.25468167075436,7.89811259935093,3.52148019246782,2024-03-01,0
2024-03-01 01:00:00,28.0040843144912,6.83581711808491,7.61237086866399,3.64256192090907,2024-03-01,1
2024-03-01 02:00:00,27.4086129352222,8.06534735685378,7.65034863385563,2.85580372466832,2024-03-01,2
2024-03-01 03:00:00,26.5219008312265,5.85166699982085,7.77253820181741,3.00650425630027,2024-03-01,3
2024-03-01 04:00:00,27.5398127710516,6.95677262680162,7.60901081138333,3.63535625999598,2024-03-01,4
2024-03-01 05:00:00,26.9091858637249,5.92467357986276,7.73013776618558,2.94069696033145,2024-03-01,5
2024-03-01 06:00:00,26.9828299909502,5.39605705767797,7.5793910886059,2.84467200159396,2024-03-01,6
2024-03-01 07:00:00,27.6518184112531,7.07847723187069,7.44503420514327,2.80316281332761,2024-03-01,7
2024-03-01 08:00:00,28.0429698428602,6.98369867768848,8.04377098101017,3.46137660357199,2024-03-01,8
2024-03-01 09:00:00,27.3127629460416,6.72909783735468,7.55782977450698,3.44293781939251,2024-03-01,9
2024-03-01 10:00:00,27.4852998075594,6.83628354597615,7.79247701360232,3.01586020693701,2024-03-01,10
2024-03-01 11:00:00,28.3213289667812,8.75897966044276,7.9881071271137,3.31218672033514,2024-03-01,11
2024-03-01 12:00:00,27.4444519076931,6.74509491718114,7.70086173847163,3.96666692518671,2024-03-01,12
2024-03-01 13:00:00,28.8610098685082,7.20607461675005,7.65671516105344,2.89115413252517,2024-03-01,13
2024-03-01 14:00:00,27.6393057873789,6.51038110823167,7.87750999862016,2.47075067812551,2024-03-01,14
2024-03-01 15:00:00,26.2435423445065,7.07713954502436,8.0647661027727,3.50568249755976,2024-03-01,15
2024-03-01 16:00:00,27.7520049726627,6.75705979496663,7.58444379433184,3.26252749952232,2024-03-01,16
2024-03-01 17:00:00,27.5286950309297,6.65368891036216,7.79846895527634,3.00468921266951,2024-03-01,17
2024-03-01 18:00:00,28.0738516524497,7.9913391193202,7.46617613505686,3.59039450206261,2024-03-01,18
2024-03-01 19:00:00,27.703908810762,7.6063109779106,7.74742778922674,3.67086681220758,2024-03-01,19
2024-03-01 20:00:00,27.2169264096097,6.98204798843954,7.837182983753,2.36044045145156,2024-03-01,20
2024-03-01 21:00:00,26.5654210582264,5.51747283843362,7.65052882523144,3.02938289898746,2024-03-01,21
2024-03-01 22:00:00,27.1745860456284,6.68339446604846,7.7340317148967,4.30653197941465,2024-03-01,22
2024-03-01 23:00:00,26.7896877274744,8.52181653864305,7.53427237865544,3.56086411379322,2024-03-01,23
2024-03-02 00:00:00,26.9516859301172,6.76160300001618,7.84618650839011,3.60072456446777,2024-03-02,0
2024-03-02 01:00:00,27.6531470426524,7.5619305432322,8.05169579226546,3.81434453981154,2024-03-02,1
2024-03-02 02:00:00,28.3019427026108,7.76516544117156,7.5995997873482,3.31733959483588,2024-03-02,2
2024-03-02 03:00:00,27.5368029178938,7.03137834951359,7.699238929024,3.6525741888394,2024-03-02,3
2024-03-02 04:00:00,26.5824701627789,6.39490702087911,7.93553471175538,3.61876667885,2024-03-02,4
2024-03-02 05:00:00,27.5667616009321,5.43881260093027,8.08453905105777,3.54178784360369,2024-03-02,5
2024-03-02 06:00:00,28.0179788919874,7.31049792516537,7.51643013943613,3.17153485263452,2024-03-02,6
2024-03-02 07:00:00,26.9341302574084,6.41114639830587,7.79455520514265,3.38398533661749,2024-03-02,7
2024-03-02 08:00:00,27.2195896999963,7.00569027113262,7.8894574726871,3.05700452734809,2024-03-02,8
2024-03-02 09:00:00,27.3088129168375,6.15010779624638,7.80856815796794,3.31551015096359,2024-03-02,9
2024-03-02 10:00:00,26.8290610121507,6.74085747571788,7.30987366595581,2.80754891639732,2024-03-02,10
2024-03-02 11:00:00,27.6889682603063,6.92023143294063,7.93522890195484,2.97003168375263,2024-03-02,11
2024-03-02 12:00:00,27.2274311108353,7.06115614862658,8.14906063372904,3.18860582197228,2024-03-02,12
2024-03-02 13:00:00,27.5517194663442,6.23110668758855,7.8544989677456,2.90420666448507,2024-03-02,13
2024-03-02 14:00:00,26.7675046933187,7.61814656925681,7.61346772880821,3.09284257357957,2024-03-02,14
2024-03-02 15:00:00,27.037525019806,6.54186312916082,7.7222432782635,3.23951182999513,2024-03-02,15
2024-03-02 16:00:00,27.7334288146967,5.89531832372805,8.20168174420767,3.48297280820568,2024-03-02,16
2024-03-02 17:00:00,27.0763001087449,6.83458594802192,8.02109213358072,3.71818063979675,2024-03-02,17
2024-03-02 18:00:00,28.3361783107401,6.92062518541588,7.96440558986071,3.11057272030741,2024-03-02,18
2024-03-02 19:00:00,27.0602182886312,6.99635365990306,7.90484664254222,3.88409498542551,2024-03-02,19
2024-03-02 20:00:00,27.4348108354511,7.71727944221105,7.6911612064399,3.71360276380896,2024-03-02,20
2024-03-02 21:00:00,27.8595544991239,6.75813069795848,7.78788005206229,3.5267603477359,2024-03-02,21
2024-03-02 22:00:00,26.4489805602402,6.82822822537874,7.81363622550751,3.37606912559755,2024-03-02,22
2024-03-02 23:00:00,26.2435147128115,6.23808937126014,7.94541060637353,3.44722196200347,2024-03-02,23
2024-03-03 00:00:00,26.3846062112579,7.39233210173274,8.14687296779605,3.82043199478654,2024-03-03,0
2024-03-03 01:00:00,28.0575504620563,7.01058543844686,8.06485100872656,3.83613925369649,2024-03-03,1
2024-03-03 02:00:00,26.9688851124645,6.6479833636235,7.53192928528283,3.88402709320497,2024-03-03,2
2024-03-03 03:00:00,28.834919571401,5.75719518392072,7.87703894346922,3.32777053770711,2024-03-03,3
2024-03-03 04:00:00,26.9614514408056,7.76664731703305,7.98472030248526,3.5486358809494,2024-03-03,4
2024-03-03 05:00:00,27.4107307819182,6.16339202132637,7.95996066933037,3.88772499784748,2024-03-03,5
2024-03-03 06:00:00,28.2252659715407,6.54523319437818,7.69786090968864,3.04180210498595,2024-03-03,6
2024-03-03 07:00:00,28.5036557328955,7.1150067066456,8.44196293531136,3.17308075290113,2024-03-03,7
2024-03-03 08:00:00,28.5369021459818,6.18206524282999,7.56181224191047,3.3168957650958,2024-03-03,8
2024-03-03 09:00:00,28.0250197383559,6.00389413304812,7.60253042620013,3.69682745733115,2024-03-03,9
2024-03-03 10:00:00,27.9144375154869,5.6256314503796,7.87905496706493,3.70352402480901,2024-03-03,10
2024-03-03 11:00:00,27.6555161695207,7.33259817174338,8.27452864154241,3.21072843218489,2024-03-03,11
2024-03-03 12:00:00,27.7670166457,6.57288825316421,7.65439908135212,2.66129793461673,2024-03-03,12
2024-03-03 13:00:00,26.9692885702029,8.656362055484,7.77417604321413,3.41585909604727,2024-03-03,13
2024-03-03 14:00:00,26.8090806699466,6.30338696062148,8.0562316713333,2.91512406094879,2024-03-03,14
2024-03-03 15:00:00,27.2979753255534,6.34712938594265,7.82624894747358,2.6693274320047,2024-03-03,15
2024-03-03 16:00:00,27.197889226485,6.56076421782876,7.75973319054864,2.7665352288845,2024-03-03,16
2024-03-03 17:00:00,27.0280631704036,7.04588079308309,7.94878290939621,3.45034383337359,2024-03-03,17
2024-03-03 18:00:00,27.717832468474,6.61787799672881,7.88722877794822,3.89524606520111,2024-03-03,18
2024-03-03 19:00:00,27.8731831251423,7.26739932840151,8.04639214498373,3.32672464198159,2024-03-03,19
2024-03-03 20:00:00,27.3530441317751,6.31284696600681,8.10120846670373,3.40089368149777,2024-03-03,20
2024-03-03 21:00:00,28.1865180486332,6.07104496892185,7.89447064260113,3.81864482371751,2024-03-03,21
2024-03-03 22:00:00,26.6149865315199,5.82107115635454,7.89126387232945,2.64588438909407,2024-03-03,22
2024-03-03 23:00:00,27.1838043244322,5.56585549923768,7.87496330628009,3.53367586128812,2024-03-03,23
2024-03-04 00:00:00,26.8699066076383,6.58915858831497,7.93271741689635,3.30501639274291,2024-03-04,0
2024-03-04 01:00:00,26.1800780297562,6.71941181256407,7.84158583395301,3.55340470729779,2024-03-04,1
2024-03-04 02:00:00,27.2503915884944,6.52113778351009,7.82987221871232,3.10210191938636,2024-03-04,2
2024-03-04 03:00:00,27.22695149497,7.6460434783123,8.08129169537372,2.95828696511661,2024-03-04,3
2024-03-04 04:00:00,28.2080698459453,7.63681812576488,8.14838439787456,3.37041882884281,2024-03-04,4
2024-03-04 05:00:00,27.6784870107329,6.6991182075333,7.51341388162698,4.01915226903382,2024-03-04,5
2024-03-04 06:00:00,26.6854879054025,5.82364733208482,7.83210444186552,3.68019134495283,2024-03-04,6
2024-03-04 07:00:00,28.4124555398005,6.55997693516697,7.6853741689765,3.09169210882256,2024-03-04,7
2024-03-04 08:00:00,28.0326202173152,6.54010716364976,7.76469599203793,2.73338202452805,2024-03-04,8
2024-03-04 09:00:00,27.6492586220812,6.50571902263317,7.91452840404442,2.58671106800995,2024-03-04,9
2024-03-04 10:00:00,27.1641095406901,6.48136865766105,7.97058205802392,3.87592276429571,2024-03-04,10
2024-03-04 11:00:00,26.7243364579659,6.50792226256512,7.80645344684162,2.89931461610159,2024-03-04,11
2024-03-04 12:00:00,27.0766759343574,6.66807503046135,7.42819852970821,3.17002923241218,2024-03-04,12
2024-03-04 13:00:00,27.9532491718225,6.51867534071067,7.627340428079,3.87812078421336,2024-03-04,13
2024-03-04 14:00:00,28.4307517835608,7.02499350517536,8.01826493074204,2.61602237414403,2024-03-04,14
2024-03-04 15:00:00,28.2259461169633,7.11622122954292,7.25451045137266,3.95167373907428,2024-03-04,15
2024-03-04 16:00:00,27.0066903469282,6.35361294769051,8.07935970185322,3.20093460482622,2024-03-04,16
2024-03-04 17:00:00,26.6282295400266,7.66263919560422,7.93945829803535,2.81610917444734,2024-03-04,17
2024-03-04 18:00:00,27.3845317481467,6.31196261889563,8.10639697712131,3.20363910132597,2024-03-04,18
2024-03-04 19:00:00,26.2389363806623,5.9293196317108,7.788300470755,2.99928338399737,2024-03-04,19
2024-03-04 20:00:00,27.4939006285109,7.12846684281903,7.39710486095519,3.49955251352946,2024-03-04,20
2024-03-04 21:00:00,27.2114384482208,6.4095551193514,7.92037615471636,3.03130305342826,2024-03-04,21
2024-03-04 22:00:00,27.0203780988791,7.09277488245443,8.09767715604805,2.48799384930481,2024-03-04,22
2024-03-04 23:00:00,26.3431781596399,5.45779883933968,8.02419157915782,3.21515811020413,2024-03-04,23
2024-03-05 00:00:00,27.6081600639418,7.73547356488984,7.69083478846751,2.72668562751679,2024-03-05,0
2024-03-05 01:00:00,26.9803794962029,7.30337604482424,7.84821982584716,3.39785755011498,2024-03-05,1
2024-03-05 02:00:00,26.5980498985738,5.9997140705022,7.71810438355622,2.79953395711817,2024-03-05,2
2024-03-05 03:00:00,25.576642672031,6.01273372569223,7.65795404252023,3.100154494636,2024-03-05,3
2024-03-05 04:00:00,27.2834910569696,7.90335954245852,8.03063159994777,3.38851275581217,2024-03-05,4
2024-03-05 05:00:00,28.3633509580019,6.45757205790123,7.57851821463432,3.21864274823526,2024-03-05,5
2024-03-05 06:00:00,28.2967555287287,6.39948909076043,7.64229854957786,3.41768502169045,2024-03-05,6
2024-03-05 07:00:00,27.0257422460482,5.54036874351043,7.5981546169708,3.60252348125864,2024-03-05,7
2024-03-05 08:00:00,26.9386727637829,6.68953307663907,7.5170480201072,2.81208850911554,2024-03-05,8
2024-03-05 09:00:00,27.581264553645,6.76336823109855,7.86074700128695,3.28230905753138,2024-03-05,9
2024-03-05 10:00:00,26.700968736487,7.32929585806169,8.07391564018121,1.8783133670715,2024-03-05,10
2024-03-05 11:00:00,27.4810751398917,6.06055294308932,7.7911758811885,3.41635331972349,2024-03-05,11
2024-03-05 12:00:00,27.7596481670308,5.98782792465564,7.51379296188153,3.18064992393882,2024-03-05,12
2024-03-05 13:00:00,28.0361599343306,7.17057758086589,8.00638835334583,2.88711660170447,2024-03-05,13
2024-03-05 14:00:00,27.239907554112,7.50403804273624,8.18399736834734,3.44575935158751,2024-03-05,14
2024-03-05 15:00:00,27.1777957498938,5.95730858932927,7.69428911192922,3.81425995818958,2024-03-05,15
2024-03-05 16:00:00,26.7732104479461,7.54890845177985,7.72950360398928,3.10531236853245,2024-03-05,16
2024-03-05 17:00:00,26.8038717875761,6.92252510489209,7.93828873231751,2.90372976919606,2024-03-05,17
2024-03-05 18:00:00,27.1641126648591,7.55508320344479,8.17059348703486,3.38096086284865,2024-03-05,18
2024-03-05 19:00:00,27.5204193040897,6.85786778308943,7.7208348293977,2.73568913334207,2024-03-05,19
2024-03-05 20:00:00,27.84815077574,5.38663324950723,7.55018554599038,3.02603601066972,2024-03-05,20
2024-03-05 21:00:00,26.8180926295918,6.80881957061038,7.96259790731721,3.83563292950972,2024-03-05,21
2024-03-05 22:00:00,28.1956131413757,7.53608629120276,7.99780429535988,3.33673706881928,2024-03-05,22
2024-03-05 23:00:00,27.1373258393745,6.36375238854977,7.8312876045914,2.50182920550315,2024-03-05,23
2024-03-06 00:00:00,27.2871796233909,6.66722101865553,7.71279201547194,2.53729359166986,2024-03-06,0
2024-03-06 01:00:00,26.8516729925113,6.79431989786941,8.03881953350833,3.37969684783811,2024-03-06,1
2024-03-06 02:00:00,25.8454558438362,5.16029167207891,7.94088756095507,3.68082794764461,2024-03-06,2
2024-03-06 03:00:00,27.8304272378166,7.90280854526249,7.66862854145027,2.61442277279076,2024-03-06,3
2024-03-06 04:00:00,27.7421063382555,6.3591745920617,7.84030989357419,3.5033764212235,2024-03-06,4
2024-03-06 05:00:00,27.1312034657291,7.20344125948368,7.54614141827482,3.88204770822058,2024-03-06,5
2024-03-06 06:00:00,27.3401944303349,6.84797931831108,7.97403699585196,4.12177936482222,2024-03-06,6
2024-03-06 07:00:00,27.6095635306225,7.65457143381562,7.7749309504296,3.45242578673975,2024-03-06,7
2024-03-06 08:00:00,26.3624724858681,7.14363367345685,7.73850072519921,3.52792511565756,2024-03-06,8
2024-03-06 09:00:00,26.9825683935922,6.75904543708742,7.82309635811799,2.3927306961199,2024-03-06,9
2024-03-06 10:00:00,27.7765588077731,6.36389094448843,7.83846461685935,4.21289359563828,2024-03-06,10
2024-03-06 11:00:00,26.5474263460985,7.37871042082928,8.01793531292877,3.06253920836867,2024-03-06,11
2024-03-06 12:00:00,27.4761347593,5.77593521762723,7.9541290115783,2.90860740187723,2024-03-06,12
2024-03-06 13:00:00,26.486050917226,7.28753425216554,7.79715405145351,3.20026136219096,2024-03-06,13
2024-03-06 14:00:00,27.5798579894601,6.24057314906708,7.99037031144099,3.96001956809974,2024-03-06,14
2024-03-06 15:00:00,27.2786151106215,7.65137019717399,7.91415482327524,4.25945980044373,2024-03-06,15
2024-03-06 16:00:00,26.3309209104567,6.99677972559762,7.74041407637993,3.36392573217461,2024-03-06,16
2024-03-06 17:00:00,27.9988436126743,7.28647426071007,7.80380918677034,3.73917619421957,2024-03-06,17
2024-03-06 18:00:00,26.8592450539212,6.94919328829483,7.79887319334295,3.32857774093477,2024-03-06,18
2024-03-06 19:00:00,26.8138485377914,5.8485737429154,7.93610488206658,2.86374794660218,2024-03-06,19
2024-03-06 20:00:00,27.4203415183386,6.3835625019628,7.75292525090846,3.94499977843897,2024-03-06,20
2024-03-06 21:00:00,27.9891824096572,7.30343360256683,7.74801407085146,3.04248518344675,2024-03-06,21
2024-03-06 22:00:00,26.690506908613,6.99999349041591,8.24343903498113,3.97027823254991,2024-03-06,22
2024-03-06 23:00:00,27.3370079099088,7.6085939431834,8.02734445116689,3.86837277180071,2024-03-06,23
2024-03-07 00:00:00,27.5572899001984,7.1419647378223,7.67027386047072,3.5740355935016,2024-03-07,0
2024-03-07 01:00:00,27.7158633643579,6.3199788655784,7.94989760872786,4.09645914518937,2024-03-07,1
2024-03-07 02:00:00,27.4058649331663,6.42236151736762,7.85485351378759,4.26990879426987,2024-03-07,2
2024-03-07 03:00:00,27.07978329655,6.96175043431394,7.91222574680462,3.23464535392535,2024-03-07,3
2024-03-07 04:00:00,26.8034458676108,5.51157356039994,7.85884167815867,2.96221852908094,2024-03-07,4
2024-03-07 05:00:00,27.3516863298278,7.90406513137379,8.0798249555519,2.50836396997972,2024-03-07,5
2024-03-07 06:00:00,26.6567165928086,7.16504804182654,7.9025802723768,4.27521336983501,2024-03-07,6
2024-03-07 07:00:00,25.5471897099032,7.63622075822932,7.816961373375,3.12093673616507,2024-03-07,7
2024-03-07 08:00:00,27.5619358824946,5.9516376355145,8.04886002116643,3.79806584855375,2024-03-07,8
2024-03-07 09:00:00,27.8423609046517,7.64673909621315,7.87898985862845,2.99126019197092,2024-03-07,9
2024-03-07 10:00:00,25.8822405386749,8.23889934661665,7.8555105016591,3.97145422559218,2024-03-07,10
2024-03-07 11:00:00,26.694161577174,6.10747298677361,7.89594474652208,3.00894943551937,2024-03-07,11
2024-03-07 12:00:00,27.6714925566031,7.36284107694226,7.81034210509306,2.79756077254454,2024-03-07,12
2024-03-07 13:00:00,28.534497281827,6.90066596681238,7.83193766852905,3.22034223468989,2024-03-07,13
2024-03-07 14:00:00,27.3124762246052,5.97333969105105,7.70679413636001,3.0813364485865,2024-03-07,14
2024-03-07 15:00:00,26.8631982352625,7.19573038311112,7.67225488387899,3.56640890774832,2024-03-07,15
2024-03-07 16:00:00,27.1902621353371,7.40016192290241,7.62030021883869,3.28790018130722,2024-03-07,16
2024-03-07 17:00:00,28.1249258514889,6.53932406839869,7.53768350977261,3.57991202965733,2024-03-07,17
2024-03-07 18:00:00,26.9124214925253,7.59954991215313,7.64525935410924,3.18486076657332,2024-03-07,18
2024-03-07 19:00:00,26.8204847960099,5.89994195592648,7.79340392276195,3.02400383046191,2024-03-07,19
2024-03-07 20:00:00,27.0103538866908,6.00314631213021,7.85165469231358,3.05906896440469,2024-03-07,20
2024-03-07 21:00:00,26.7280028350448,6.98195843735325,7.773027721739,4.18932368315334,2024-03-07,21
2024-03-07 22:00:00,27.3736021895969,6.91523116678336,7.33530226707326,3.40682350085758,2024-03-07,22
2024-03-07 23:00:00,28.2748070750817,6.47005590694554,8.16066313513009,2.45698224993519,2024-03-07,23
2024-03-08 00:00:00,27.4938475638696,7.38575666158313,8.05816082580698,3.08631012421475,2024-03-08,0
2024-03-08 01:00:00,27.1485878987242,7.21853658852957,7.9236095687556,3.35165239396463,2024-03-08,1
2024-03-08 02:00:00,27.1249132386507,7.41488344256041,8.23057304123619,4.10352186293766,2024-03-08,2
2024-03-08 03:00:00,26.362085514782,6.82611813878864,7.62475353532842,3.75234044783266,2024-03-08,3
2024-03-08 04:00:00,27.8298658662883,7.261548160787,8.22640127533146,2.91366133031278,2024-03-08,4
2024-03-08 05:00:00,27.2532976817923,6.632609818182,7.62730504388239,4.34989297403615,2024-03-08,5
2024-03-08 06:00:00,27.1917120518456,8.13229121405196,7.88013496431119,3.29660104313537,2024-03-08,6
2024-03-08 07:00:00,29.2158645407069,6.41247253792681,7.56249416172182,3.84592181876223,2024-03-08,7
2024-03-08 08:00:00,27.4792517450194,8.16317845767499,7.83308576006432,2.81334634611804,2024-03-08,8
2024-03-08 09:00:00,26.8489253699429,6.92093276825365,7.91109496457966,2.27878986904211,2024-03-08,9
2024-03-08 10:00:00,27.0441854422767,6.07469346625876,7.79751503046174,2.70437445914161,2024-03-08,10
2024-03-08 11:00:00,27.9890674255181,7.72084761029316,7.97991426325893,1.91235660523585,2024-03-08,11
2024-03-08 12:00:00,27.3679622463227,6.97554083303698,7.85079303439232,4.21819841071875,2024-03-08,12
2024-03-08 13:00:00,26.4370332130096,7.41067445902814,7.72029290704072,3.40224915512116,2024-03-08,13
2024-03-08 14:00:00,27.8515373607451,7.63431355112556,7.71096920326151,2.91240307206735,2024-03-08,14
2024-03-08 15:00:00,26.8991135486766,7.10277333248702,8.0002918922493,3.50462833289145,2024-03-08,15
2024-03-08 16:00:00,28.4239786657305,6.54465549311231,7.69271417374054,3.39141363555747,2024-03-08,16
2024-03-08 17:00:00,27.9480288394288,7.48542802660155,8.02223462380184,3.57700136011402,2024-03-08,17
2024-03-08 18:00:00,27.0316068626048,6.90045330447276,8.08676947649471,3.8300985024886,2024-03-08,18
2024-03-08 19:00:00,28.0686098170411,7.31151469116505,7.47957008890731,3.18533390419924,2024-03-08,19
2024-03-08 20:00:00,27.3407133063164,5.60776165572512,8.06791454133322,2.93166909837658,2024-03-08,20
2024-03-08 21:00:00,27.8116642050733,7.16818903020591,8.26268876667339,3.66594334217993,2024-03-08,21
2024-03-08 22:00:00,27.5908396903767,6.51684850491298,7.88292078985241,3.65500309449032,2024-03-08,22
2024-03-08 23:00:00,26.7921860070055,7.89198578230712,7.95580767891191,3.35331639749218,2024-03-08,23
2024-03-09 00:00:00,26.9138701006095,7.27385240873346,8.04777111811752,4.24634830113273,2024-03-09,0
2024-03-09 01:00:00,27.9179764905487,7.04391464750958,7.77214871381241,3.12173648716949,2024-03-09,1
2024-03-09 02:00:00,27.0991348007361,7.19178599601013,7.86827884694295,2.92306107219684,2024-03-09,2
2024-03-09 03:00:00,27.0578109220548,6.30093548827397,7.55401809877915,3.48977931382784,2024-03-09,3
2024-03-09 04:00:00,26.7269264523904,7.87395401431683,7.85911335599139,3.0197767215272,2024-03-09,4
2024-03-09 05:00:00,27.5541594393561,8.09482225105014,7.93460351908535,3.52307210538231,2024-03-09,5
2024-03-09 06:00:00,28.5375149515459,7.13574810632893,7.93839423481456,2.95180644998904,2024-03-09,6
2024-03-09 07:00:00,26.6594802514474,7.85424214114418,8.05373919195549,3.13789581833929,2024-03-09,7
2024-03-09 08:00:00,27.3145316740037,6.55851108079648,7.66729154259154,4.12306138061684,2024-03-09,8
2024-03-09 09:00:00,28.1473323332493,6.42173186026501,7.71815258109857,3.1355974365985,2024-03-09,9
2024-03-09 10:00:00,27.2522151652526,6.92455484923735,8.22805654265818,2.96649383607256,2024-03-09,10
2024-03-09 11:00:00,27.5714230777498,7.16096462302074,7.79843104150962,3.8133918791438,2024-03-09,11
2024-03-09 12:00:00,26.6625638831119,6.66360799125413,7.87200709533559,2.85805196137672,2024-03-09,12
2024-03-09 13:00:00,27.5569842583246,7.22266091422109,7.8159278912377,3.01203441103676,2024-03-09,13
2024-03-09 14:00:00,27.1877134409973,7.08383368924405,7.65744702647595,3.55792128181887,2024-03-09,14
2024-03-09 15:00:00,27.8914379974079,6.30101593482537,8.17094113428728,3.71351691226552,2024-03-09,15
2024-03-09 16:00:00,28.0124316309389,7.21127581047103,7.71918270349667,3.83480484816486,2024-03-09,16
2024-03-09 17:00:00,28.8537381852112,7.41811694551291,7.59327004002155,2.98869461214519,2024-03-09,17
2024-03-09 18:00:00,27.6477799039282,7.00288159055424,7.73534454176642,3.56628372938403,2024-03-09,18
2024-03-09 19:00:00,27.4954777899493,7.59158886195702,7.40964173963764,3.109573474196,2024-03-09,19
2024-03-09 20:00:00,27.4166305809464,6.16955772390183,7.69322963235353,3.04956807759043,2024-03-09,20
2024-03-09 21:00:00,27.0881002243136,7.18077025327911,7.62669299445101,3.82738149638568,2024-03-09,21
2024-03-09 22:00:00,27.503090306077,6.19783157616194,7.95966001249474,3.07369160978038,2024-03-09,22
2024-03-09 23:00:00,27.1227591539166,6.23155118506015,7.68858300969243,3.42962797628902,2024-03-09,23
2024-03-10 00:00:00,27.4010765857618,6.52144149975733,8.01643882647156,3.37689917176918,2024-03-10,0
2024-03-10 01:00:00,28.0905585213648,6.33476388985545,8.12368163854456,2.84957561817444,2024-03-10,1
2024-03-10 02:00:00,26.6960744608322,6.57120250875532,7.9940468206204,3.72541992780322,2024-03-10,2
2024-03-10 03:00:00,27.9839271366774,6.77150981357329,7.78476845933938,3.55092078428195,2024-03-10,3
2024-03-10 04:00:00,28.0902690404039,7.40229269179883,7.85963404430818,2.45589503689572,2024-03-10,4
2024-03-10 05:00:00,27.2291588838054,6.70730457677658,7.50975316256975,3.42929107783206,2024-03-10,5
2024-03-10 06:00:00,26.0268870605949,5.94862457593825,7.80190633177054,2.97762142330835,2024-03-10,6
2024-03-10 07:00:00,26.9353068077433,7.5840407078971,7.64930792170597,3.78174238175743,2024-03-10,7
2024-03-10 08:00:00,28.0781967279367,6.39774591983098,7.97580854004135,2.68847807018427,2024-03-10,8
2024-03-10 09:00:00,27.2862791626207,6.86476774373722,8.37027800174134,3.1567149034893,2024-03-10,9
2024-03-10 10:00:00,26.7004186606231,7.16792190416443,7.9349625435545,3.46567055692504,2024-03-10,10
2024-03-10 11:00:00,26.9971350472631,7.01976625104167,7.41186056871952,3.33336632648101,2024-03-10,11
2024-03-10 12:00:00,27.8043720159027,7.55650772851289,7.75414165948798,3.63807205038701,2024-03-10,12
2024-03-10 13:00:00,27.6280401409208,7.18740188603566,7.85572309432864,2.65707854601601,2024-03-10,13
2024-03-10 14:00:00,27.1566407404982,6.38321425218174,7.84834505930466,4.02032316485297,2024-03-10,14
2024-03-10 15:00:00,27.0799053529112,8.207137304395,7.67652924362216,3.53581220327896,2024-03-10,15
2024-03-10 16:00:00,27.0649451105737,7.01660007800294,7.88151126595376,3.89467883159039,2024-03-10,16
2024-03-10 17:00:00,26.7465538893009,6.8115958640271,7.56907482424693,3.68592327277029,2024-03-10,17
2024-03-10 18:00:00,28.2692254136817,7.47835525383334,7.63156916823614,3.30500765078433,2024-03-10,18
2024-03-10 19:00:00,27.1066077184732,7.04967056755804,7.96561750473678,2.7577947693082,2024-03-10,19
2024-03-10 20:00:00,28.0302951124953,7.1395369157636,7.61671072151524,3.06767213206306,2024-03-10,20
2024-03-10 21:00:00,28.2127896311535,8.39531039916041,7.94302443715337,3.99351223313091,2024-03-10,21
2024-03-10 22:00:00,27.8989865388888,6.73492714304697,7.54241260732223,3.90573824611224,2024-03-10,22
2024-03-10 23:00:00,27.0410278123692,6.70934346358956,8.20061343559627,3.04357200855541,2024-03-10,23
2024-03-11 00:00:00,27.542238054202,6.96994710720748,7.66740331629515,2.09812915693306,2024-03-11,0
2024-03-11 01:00:00,27.2854826361655,7.54290956134862,7.78303001992128,3.2185434142488,2024-03-11,1
2024-03-11 02:00:00,26.7577788835619,5.99607958188576,7.89942878482899,3.18628775810448,2024-03-11,2
2024-03-11 03:00:00,27.494615569033,5.7206664651141,7.71127650997477,3.20259777682264,2024-03-11,3
2024-03-11 04:00:00,26.5925761253041,6.54773083762791,7.86011525182497,3.5372718567875,2024-03-11,4
2024-03-11 05:00:00,28.0126076330769,5.91964622456443,7.95082491214923,3.68677140910832,2024-03-11,5
2024-03-11 06:00:00,27.021229621621,6.64510119148462,8.03172877882573,3.7358288052528,2024-03-11,6
2024-03-11 07:00:00,27.4206957935237,7.20149981767758,7.99621446155432,3.50165493025821,2024-03-11,7
2024-03-11 08:00:00,27.4699727229277,6.36555068186864,7.79391980260144,2.53566859817327,2024-03-11,8
2024-03-11 09:00:00,27.1446570157776,6.0439040539312,7.79920732745084,3.16328411494188,2024-03-11,9
2024-03-11 10:00:00,27.6520162808852,6.94160229702921,8.32331279718526,4.30075860692615,2024-03-11,10
2024-03-11 11:00:00,27.0150578060265,7.4175260907691,8.02947670433235,3.47091319596507,2024-03-11,11
2024-03-11 12:00:00,27.8227783784744,5.88301593689003,7.63641703217276,3.46816241443086,2024-03-11,12
2024-03-11 13:00:00,26.492412191852,7.39213943898359,7.85099751439077,3.46457895410276,2024-03-11,13
2024-03-11 14:00:00,27.3758277477279,7.390383722243,7.75961994085658,3.48861323767758,2024-03-11,14
2024-03-11 15:00:00,28.463357399435,7.47245106129398,7.80157981087615,2.28526176213305,2024-03-11,15
2024-03-11 16:00:00,26.6998012052367,7.63108812892301,7.5718060168813,3.20700454372824,2024-03-11,16
2024-03-11 17:00:00,26.8933530176851,8.22120835479577,7.74349612077895,3.29370608232828,2024-03-11,17
2024-03-11 18:00:00,27.6083447097954,6.68634477082857,8.21042671237072,3.86104302167897,2024-03-11,18
2024-03-11 19:00:00,27.4077490691638,6.96574294804672,7.95160602318386,3.33049934468759,2024-03-11,19
2024-03-11 20:00:00,27.5103780595641,6.65013694005119,7.30685610428819,2.60200010376117,2024-03-11,20
2024-03-11 21:00:00,27.5935122780886,6.90118610685349,8.08551193342457,3.49493833715385,2024-03-11,21
2024-03-11 22:00:00,27.6808328811371,7.81972401338179,8.05882219981092,2.96435540125562,2024-03-11,22
2024-03-11 23:00:00,27.9658199051737,6.0929913096416,7.75455008609565,2.78678217433499,2024-03-11,23
2024-03-12 00:00:00,27.5458911941571,6.38337019670066,7.98062534419448,2.95131160991187,2024-03-12,0
2024-03-12 01:00:00,27.1552454072289,7.72630856190274,7.64952616572839,3.54327681875574,2024-03-12,1
2024-03-12 02:00:00,27.7035442207216,7.51202190414125,7.73124629958407,3.85126733309683,2024-03-12,2
2024-03-12 03:00:00,28.4399291609371,6.68212101190975,8.14469473574067,3.51765987642636,2024-03-12,3
2024-03-12 04:00:00,27.2204197521705,7.41264120067243,7.77293669162736,3.58176998615532,2024-03-12,4
2024-03-12 05:00:00,26.7152824171976,7.10472950549522,7.43735635098945,3.51340946732034,2024-03-12,5
2024-03-12 06:00:00,27.9642484015722,7.80016476540059,7.81670632321592,3.35357068605,2024-03-12,6
2024-03-12 07:00:00,27.2277713016278,6.94470575629606,7.81349643748799,3.60968017303399,2024-03-12,7
2024-03-12 08:00:00,25.9963982723916,7.51537926832355,8.08165739956843,2.26992654916015,2024-03-12,8
2024-03-12 09:00:00,27.8084530062903,8.48520714629557,7.83301064865691,3.35776799106108,2024-03-12,9
2024-03-12 10:00:00,26.9788030884277,7.25885949302848,7.74146771459754,2.86068223511243,2024-03-12,10
2024-03-12 11:00:00,27.2456800306175,6.92959689947691,8.04946179049855,3.81004810619398,2024-03-12,11
2024-03-12 12:00:00,27.4991881983414,7.33346819113259,7.85536594882523,3.24672321875675,2024-03-12,12
2024-03-12 13:00:00,27.4142998078674,6.68083148507767,7.6724952368712,3.32330767795517,2024-03-12,13
2024-03-12 14:00:00,27.7256710902834,8.33278062331484,8.07254948771374,2.66281909407087,2024-03-12,14
2024-03-12 15:00:00,27.0387081776581,7.00804262261759,7.87066897054853,3.74723728227553,2024-03-12,15
2024-03-12 16:00:00,27.6078634789057,6.73624000786469,7.83061445300268,3.57975109171774,2024-03-12,16
2024-03-12 17:00:00,27.1442719934497,6.39858659698798,7.86736076219645,3.54948758940642,2024-03-12,17
2024-03-12 18:00:00,27.7432862885325,7.55833211496386,7.60515964200252,2.96040017356741,2024-03-12,18
2024-03-12 19:00:00,27.6692204904078,7.42031244769664,7.71919270700255,2.9773348666766,2024-03-12,19
2024-03-12 20:00:00,26.7387367787732,6.60158737715154,7.83075234638489,3.40614776541174,2024-03-12,20
2024-03-12 21:00:00,27.951589269705,7.24587080707345,7.78912062404482,3.01136568359334,2024-03-12,21
2024-03-12 22:00:00,26.9784219329316,5.99486641907229,8.09720996039149,3.49700397395126,2024-03-12,22
2024-03-12 23:00:00,27.7848346789687,7.01098234504389,7.87565522907267,2.38080758081031,2024-03-12,23
2024-03-13 00:00:00,27.5203723880408,7.17165381124602,8.00952982375365,3.10035584074517,2024-03-13,0
2024-03-13 01:00:00,28.4029102060771,7.92439788573553,7.83197302446093,4.08260399013339,2024-03-13,1
2024-03-13 02:00:00,27.1659204105769,6.43750871836279,8.05182058158669,3.49897890603818,2024-03-13,2
2024-03-13 03:00:00,27.0904099223291,6.13298842271861,7.91348082888036,3.38172127574833,2024-03-13,3
2024-03-13 04:00:00,27.2883482364674,6.36274322344498,7.83281830193158,4.16364741033868,2024-03-13,4
2024-03-13 05:00:00,27.1180921302994,6.09805889981105,7.82721055131861,2.30553994391538,2024-03-13,5
2024-03-13 06:00:00,27.7799651411652,7.70199441465539,7.6295678884789,2.95941622064111,2024-03-13,6
2024-03-13 07:00:00,26.3302136349381,7.82918357701442,7.93645230122863,3.13749553614862,2024-03-13,7
2024-03-13 08:00:00,26.6677905485122,7.0921299467693,7.82155700574736,3.67909103019232,2024-03-13,8
2024-03-13 09:00:00,26.6593182470525,7.63277696741109,7.72458168836195,3.68653223618814,2024-03-13,9
2024-03-13 10:00:00,27.8701845551842,6.98037502834814,8.06235697187054,2.93761711513747,2024-03-13,10
2024-03-13 11:00:00,28.3263680235492,6.84293301137954,7.56745463456209,3.7391203585213,2024-03-13,11
2024-03-13 12:00:00,27.2373304688775,6.70017742856774,7.74127586195919,3.13657465005167,2024-03-13,12
2024-03-13 13:00:00,27.198706966086,6.71376540517346,8.0458209372437,3.83100503902914,2024-03-13,13
2024-03-13 14:00:00,27.3420312978679,5.97131906621458,7.89625981759325,2.86596363980752,2024-03-13,14
2024-03-13 15:00:00,27.9971269815649,7.0585528581644,7.81994962519292,3.25697601240155,2024-03-13,15
2024-03-13 16:00:00,26.7435881194857,6.87579965387157,7.88271074406153,3.09922805438808,2024-03-13,16
2024-03-13 17:00:00,27.4430213896409,7.34721643444673,7.86767697592026,3.76409305977326,2024-03-13,17
2024-03-13 18:00:00,27.8851185778695,6.95611409786317,7.51150086527996,3.08520407687655,2024-03-13,18
2024-03-13 19:00:00,27.6006565019639,6.80237777905855,7.75665500407693,3.29174713252495,2024-03-13,19
2024-03-13 20:00:00,27.4137489699593,6.37728418199542,8.16946954744789,3.52792890099511,2024-03-13,20
2024-03-13 21:00:00,27.9006276555403,6.94329194209306,7.6915419316968,3.54446114770123,2024-03-13,21
2024-03-13 22:00:00,25.6780606242005,7.3429423384897,7.76315678703809,3.69138962121346,2024-03-13,22
2024-03-13 23:00:00,27.7067251917185,6.21399660534968,7.71625963970507,3.40078365404321,2024-03-13,23
2024-03-14 00:00:00,26.9075545901236,6.95248425220844,7.81172680310319,3.13015296642967,2024-03-14,0
2024-03-14 01:00:00,26.2016202618861,7.03982577091769,7.7075442054219,3.15962953949574,2024-03-14,1
2024-03-14 02:00:00,27.606721559715,6.46916112982904,7.93221571545319,3.32103909553927,2024-03-14,2
2024-03-14 03:00:00,28.1241951270978,6.5472862170552,7.87143581658096,3.41732476471199,2024-03-14,3
2024-03-14 04:00:00,27.2175308912234,7.03836650925973,7.99244499917247,3.24671619142517,2024-03-14,4
2024-03-14 05:00:00,27.8717247283218,6.21994738902443,7.60930235510032,3.31825747101519,2024-03-14,5
2024-03-14 06:00:00,28.2673669547932,7.10995422914964,7.75852849859459,2.657580839954,2024-03-14,6
2024-03-14 07:00:00,28.0889486721504,6.36278737580448,7.78259824736145,3.59696277231551,2024-03-14,7
2024-03-14 08:00:00,28.2839787176228,7.53771221581993,7.92568585111861,3.38787828422246,2024-03-14,8
2024-03-14 09:00:00,27.7452764946431,8.30269664723298,7.66342354858652,3.74080427782267,2024-03-14,9
2024-03-14 10:00:00,27.345260183341,6.38354591897891,8.02228729889425,3.31006901818505,2024-03-14,10
2024-03-14 11:00:00,26.3388205128617,7.22052471742481,8.0791472740087,2.56248904123563,2024-03-14,11
2024-03-14 12:00:00,27.152362507122,6.46395485707079,7.62233680699653,3.15586813859813,2024-03-14,12
2024-03-14 13:00:00,26.7940520428103,7.52457250427867,7.72691669207235,3.22403013305908,2024-03-14,13
2024-03-14 14:00:00,28.6025656304987,6.14084495454887,7.71829438325866,3.62944842133645,2024-03-14,14
2024-03-14 15:00:00,27.1944685125406,7.18835205505663,8.38280110298227,2.41978237585924,2024-03-14,15
2024-03-14 16:00:00,27.3739228840707,6.37620661986639,7.73972097790634,3.32770719228804,2024-03-14,16
2024-03-14 17:00:00,27.6308912256243,6.77580924654098,8.18230134285279,3.53088034279112,2024-03-14,17
2024-03-14 18:00:00,27.3261614678235,6.28138483491162,7.56400728102761,3.02556020932895,2024-03-14,18
2024-03-14 19:00:00,28.3170306242585,7.39341028253745,7.62217329710548,3.34209004422124,2024-03-14,19
2024-03-14 20:00:00,26.9264103829593,6.39781178733625,7.68581304831188,3.04037430106557,2024-03-14,20
2024-03-14 21:00:00,27.4167644731424,7.2311785555991,7.65240524459623,2.99628363871523,2024-03-14,21
2024-03-14 22:00:00,26.8545176485812,6.6935411830426,7.77374126582672,3.13437946444353,2024-03-14,22
2024-03-14 23:00:00,26.5079864932676,6.83131657692068,7.68115657742849,3.00440244323919,2024-03-14,23
2024-03-15 00:00:00,26.9329385454568,6.98865354444008,7.65793826552574,3.60395587413262,2024-03-15,0
2024-03-15 01:00:00,27.277777921771,6.44290519700469,8.0732791192594,2.99397069296079,2024-03-15,1
2024-03-15 02:00:00,27.0424186652897,7.02622026812453,8.08699666072777,2.92174869696939,2024-03-15,2
2024-03-15 03:00:00,26.8845474120757,7.81820073861265,8.02935226465882,4.070209326741,2024-03-15,3
2024-03-15 04:00:00,26.4562095217969,6.43314312850037,7.94003978067271,3.72311820508434,2024-03-15,4
2024-03-15 05:00:00,27.2501366564228,7.60308608596431,7.84947604381371,2.50954925491654,2024-03-15,5
2024-03-15 06:00:00,26.3971677755814,7.79885858009267,7.72562355496016,2.98114963536341,2024-03-15,6
2024-03-15 07:00:00,27.7560335782138,6.41030700658317,7.62983692400143,3.41425907784077,2024-03-15,7
2024-03-15 08:00:00,27.3494638517607,6.02696723694567,7.90622909772086,3.44921467890954,2024-03-15,8
2024-03-15 09:00:00,26.425469100321,7.08117654010306,7.58353761756517,2.66908806773314,2024-03-15,9
2024-03-15 10:00:00,27.1144745537701,6.57155548633988,7.62127660487317,3.8081831619136,2024-03-15,10
2024-03-15 11:00:00,26.8487061566457,8.0211619314978,8.07211178380301,3.6648465002481,2024-03-15,11
2024-03-15 12:00:00,27.4915047062515,6.9208845242999,8.22913629876164,3.51721770177735,2024-03-15,12
2024-03-15 13:00:00,28.1042702676139,6.41868035517889,7.91259197901496,3.89339325100621,2024-03-15,13
2024-03-15 14:00:00,26.1748965182126,6.21170429339297,8.06235600198188,3.5044846968055,2024-03-15,14
2024-03-15 15:00:00,27.3690156474885,7.5539429754545,7.77837185333676,3.50288977807829,2024-03-15,15
2024-03-15 16:00:00,27.20392032266,6.55728961554949,7.54908842092159,3.97980208688356,2024-03-15,16
2024-03-15 17:00:00,27.7028040458703,6.92629727967626,7.9585560399099,3.78352441971292,2024-03-15,17
2024-03-15 18:00:00,27.4279179769426,7.47348164706749,7.94955075788671,2.94815179266804,2024-03-15,18
2024-03-15 19:00:00,26.8488184009567,6.6094449888415,7.84505039631485,3.58227392682892,2024-03-15,19
2024-03-15 20:00:00,27.1085676386,6.8724427027559,7.77910115379793,3.02436481806781,2024-03-15,20
2024-03-15 21:00:00,26.8223844859179,6.89005895410649,8.03206422150203,3.52678645690862,2024-03-15,21
2024-03-15 22:00:00,27.9456042831592,7.30999470690966,7.62299606298023,3.51494380801852,2024-03-15,22
2024-03-15 23:00:00,27.3127869892032,7.2544466013062,7.66750607843296,2.71510905564393,2024-03-15,23
2024-03-16 00:00:00,28.4407144114518,6.7679317612471,7.61829763358031,3.25760638713626,2024-03-16,0
2024-03-16 01:00:00,27.2636035117112,6.93818943689791,7.84784432215352,3.42406052013957,2024-03-16,1
2024-03-16 02:00:00,26.8749559398537,6.67693259308591,7.60154246745706,3.12239521787251,2024-03-16,2
2024-03-16 03:00:00,26.3917713644323,6.01343255584833,7.6863091420918,3.44532527522803,2024-03-16,3
2024-03-16 04:00:00,26.2181161942464,7.05456051443888,7.68179133193229,3.65653604411046,2024-03-16,4
2024-03-16 05:00:00,26.3495184341967,8.03531505649984,7.77527225020987,3.29684498238078,2024-03-16,5
2024-03-16 06:00:00,27.4602759906069,6.36976851558536,7.51765136625517,3.40657777498455,2024-03-16,6
2024-03-16 07:00:00,27.605235013938,6.43618217423838,7.84831304832783,3.90487235377907,2024-03-16,7
2024-03-16 08:00:00,26.3512855787807,6.37756333701376,8.09193376663958,3.51347453078685,2024-03-16,8
2024-03-16 09:00:00,27.8370229884457,7.33475506723387,7.85845318818652,3.39635444456002,2024-03-16,9
2024-03-16 10:00:00,27.0101633689899,7.16909127251786,8.15367744040828,2.89802586675422,2024-03-16,10
2024-03-16 11:00:00,27.3880758071913,6.80487738455013,8.11013961903415,3.59854118489721,2024-03-16,11
2024-03-16 12:00:00,28.2673323769533,6.34918856301662,7.99332435992205,3.45196447823853,2024-03-16,12
2024-03-16 13:00:00,27.8381035895193,6.95542607498396,7.84568402695375,3.86200795649161,2024-03-16,13
2024-03-16 14:00:00,27.1388816112565,5.96122672359852,7.83472508153154,3.33015777362042,2024-03-16,14
2024-03-16 15:00:00,26.7652846647508,6.9860559401145,7.99039795219628,2.52900540494238,2024-03-16,15
2024-03-16 16:00:00,26.0089107592024,7.42291463165276,7.74774917200415,2.57894802640385,2024-03-16,16
2024-03-16 17:00:00,26.8685080084546,6.14928051801979,7.43467064219183,3.62634272841669,2024-03-16,17
2024-03-16 18:00:00,27.1733218567034,5.9804890339022,7.93332085136162,3.06481675298979,2024-03-16,18
2024-03-16 19:00:00,26.7076922837093,7.84766273501692,7.59247558771366,3.49781013297751,2024-03-16,19
2024-03-16 20:00:00,27.2212458197446,6.53294421629725,7.62795034208002,3.35912003713601,2024-03-16,20
2024-03-16 21:00:00,27.3461111297753,7.58156870756629,7.83004702907912,3.23825894289161,2024-03-16,21
2024-03-16 22:00:00,27.1650864109152,6.8076014008813,7.81002377571377,3.26856464719706,2024-03-16,22
2024-03-16 23:00:00,26.9099984515059,6.8028271098352,7.53346412267372,2.93788251283055,2024-03-16,23
2024-03-17 00:00:00,27.40119280318,7.16304761969799,7.86475322846796,3.30321559377314,2024-03-17,0
2024-03-17 01:00:00,27.5651643897417,6.36960068595214,8.03288932878082,3.05866782389841,2024-03-17,1
2024-03-17 02:00:00,26.6457605535343,6.97949828609739,7.59304827024419,3.14992969634595,2024-03-17,2
2024-03-17 03:00:00,28.1465594278478,6.67110635110555,8.09722149947824,3.17083091077506,2024-03-17,3
2024-03-17 04:00:00,27.2408471206294,6.10770393395698,7.50236412672271,3.21252189394355,2024-03-17,4
2024-03-17 05:00:00,27.3113097737669,7.10248924483584,8.2746380703179,3.70653458629805,2024-03-17,5
2024-03-17 06:00:00,27.7249286539539,6.74201531587325,7.74363530959847,3.25418994344198,2024-03-17,6
2024-03-17 07:00:00,27.4399296787581,6.80578510293318,7.86057956933365,3.75019200473374,2024-03-17,7
2024-03-17 08:00:00,27.871881980348,6.17390343395151,7.43267294977801,3.97127762907039,2024-03-17,8
2024-03-17 09:00:00,27.4722744991211,7.85484022065768,7.81695142604145,3.67762619995414,2024-03-17,9
2024-03-17 10:00:00,26.9325375752157,7.42602851183167,7.87798125732082,3.53982147007946,2024-03-17,10
2024-03-17 11:00:00,27.5169021151237,7.47849353050319,7.81190595813911,3.45053785007791,2024-03-17,11
2024-03-17 12:00:00,26.6137642756076,6.71673317853499,7.711752973819,3.68210424489153,2024-03-17,12
2024-03-17 13:00:00,27.3651358234659,5.86249026629795,7.63122145110916,3.34842511759638,2024-03-17,13
2024-03-17 14:00:00,27.2800620056133,8.07175042949371,8.06741059010284,3.7333650337616,2024-03-17,14
2024-03-17 15:00:00,27.1751298856365,6.86334149519648,7.83646949834957,3.57406549627456,2024-03-17,15
2024-03-17 16:00:00,27.2228774931366,6.45072012238797,8.15355799906852,3.15526860186443,2024-03-17,16
2024-03-17 17:00:00,26.1708905727014,7.15008094468987,7.71943870549307,3.69521587844421,2024-03-17,17
2024-03-17 18:00:00,26.9707650553554,7.60027247280198,7.73869311439183,3.34933640257035,2024-03-17,18
2024-03-17 19:00:00,27.3557069406847,6.88616966634872,8.00127479136519,3.2643632367267,2024-03-17,19
2024-03-17 20:00:00,27.3959138351984,7.66714510076363,7.48917525797925,3.10523436102844,2024-03-17,20
2024-03-17 21:00:00,26.6833949154444,7.54979996311012,7.57517269436789,3.38138810458607,2024-03-17,21
2024-03-17 22:00:00,28.0594247045188,6.25417128755877,8.06047184398416,3.73847892462758,2024-03-17,22
2024-03-17 23:00:00,26.7802950910713,6.49572593660431,7.58389387486313,3.69224420240501,2024-03-17,23
2024-03-18 00:00:00,27.881674320316,7.47452229796786,7.44799928678647,3.46195933290735,2024-03-18,0
2024-03-18 01:00:00,27.556316617123,5.27243246171374,8.22239070949535,3.56784676551177,2024-03-18,1
2024-03-18 02:00:00,26.9122636140937,6.81032658410101,7.53729829394642,3.8568296203547,2024-03-18,2
2024-03-18 03:00:00,28.3651865355657,6.0415012790252,7.86866507364892,3.24551449479653,2024-03-18,3
2024-03-18 04:00:00,26.5838179009461,6.61406771913989,7.8445078904721,2.83036939848201,2024-03-18,4
2024-03-18 05:00:00,27.851492504166,6.72070794658248,7.2397680535102,3.86948583643679,2024-03-18,5
2024-03-18 06:00:00,27.9003493908258,6.6850533732555,7.77386342513476,3.08219535162679,2024-03-18,6
2024-03-18 07:00:00,26.897627874554,6.56864324873244,7.92416678239061,3.01315460696212,2024-03-18,7
2024-03-18 08:00:00,28.1354791800386,6.24171381022271,7.90440497011896,2.53763496520614,2024-03-18,8
2024-03-18 09:00:00,27.1499720912406,8.27514676009121,8.01973934359874,3.55565171286065,2024-03-18,9
2024-03-18 10:00:00,27.4732161775679,8.02047720249681,7.74862682386986,2.61277537144255,2024-03-18,10
2024-03-18 11:00:00,27.4561931032627,6.20276050784623,7.97962593283935,2.98738871269255,2024-03-18,11
2024-03-18 12:00:00,27.2194147551177,7.84927005078214,7.68524089570319,3.56294182164148,2024-03-18,12
2024-03-18 13:00:00,27.7864849638959,6.66032070571629,7.53380184255332,3.6204261385356,2024-03-18,13
2024-03-18 14:00:00,27.7760932323313,6.97751248399903,7.55747704110694,3.02976721626616,2024-03-18,14
2024-03-18 15:00:00,26.2508808160571,6.86203562406185,7.52295680440896,3.25231406939327,2024-03-18,15
2024-03-18 16:00:00,28.0826041457269,6.50415081524762,8.04201305325715,2.93478435364535,2024-03-18,16
2024-03-18 17:00:00,26.3025048071786,7.49031140616369,7.5119395630977,3.07418938124119,2024-03-18,17
2024-03-18 18:00:00,27.919527722605,6.975531918346,7.88754815653635,3.42447256186575,2024-03-18,18
2024-03-18 19:00:00,27.9760230820966,6.61406914606846,7.77415591924479,3.09429192811752,2024-03-18,19
2024-03-18 20:00:00,26.6454201418709,6.11724633371972,7.80844379957537,3.20498753272446,2024-03-18,20
2024-03-18 21:00:00,27.0535114272273,6.36384299176853,8.11635753199194,2.68017612690445,2024-03-18,21
2024-03-18 22:00:00,26.6365771989084,5.91517193063874,7.73793025288479,3.79717115086664,2024-03-18,22
2024-03-18 23:00:00,27.1710473818268,6.9073341290491,7.95843632792543,3.52932863506356,2024-03-18,23
2024-03-19 00:00:00,27.1151794294886,6.18200064462936,7.83788830379003,3.65094930989,2024-03-19,0
2024-03-19 01:00:00,27.7677963193616,6.74066369248888,7.79807602981713,3.86488288958525,2024-03-19,1
2024-03-19 02:00:00,28.0861852476718,7.72206111216622,8.31299351612116,2.95515846351534,2024-03-19,2
2024-03-19 03:00:00,28.137410286474,7.61957974375295,7.52731823339977,3.15589037229795,2024-03-19,3
2024-03-19 04:00:00,26.962699184053,6.88063386353843,8.10071768544186,2.49522122193965,2024-03-19,4
2024-03-19 05:00:00,27.1744668757533,6.84774916431411,7.96784537875289,4.66038185134396,2024-03-19,5
2024-03-19 06:00:00,26.2899370846674,8.02792472965261,7.72929975112733,3.24567831441353,2024-03-19,6
2024-03-19 07:00:00,26.8164779601023,7.21245367221523,8.17215688866274,3.75665299696341,2024-03-19,7
2024-03-19 08:00:00,27.8789109798585,6.70331612407409,7.44189687639841,2.77759070793575,2024-03-19,8
2024-03-19 09:00:00,28.2693496941289,6.04438912972773,7.7204290019672,3.73844702302649,2024-03-19,9
2024-03-19 10:00:00,26.5593906768721,7.13632393089885,7.57621873710349,4.10876407695936,2024-03-19,10
2024-03-19 11:00:00,26.9445214445083,7.39759426354972,7.91653752762301,3.28407927791797,2024-03-19,11
2024-03-19 12:00:00,27.2841565458246,6.52100908529181,7.59625653875069,2.87532095646647,2024-03-19,12
2024-03-19 13:00:00,27.4680966952918,7.07472165308282,7.92094342881568,3.25031754759342,2024-03-19,13
2024-03-19 14:00:00,26.814237888047,6.68185602305098,7.79084835267747,2.35249254426839,2024-03-19,14
2024-03-19 15:00:00,27.5544366266785,6.7895805604806,7.72933567204222,3.29370871856061,2024-03-19,15
2024-03-19 16:00:00,27.0156963917575,5.4073067654626,7.911615921667,3.66301586990459,2024-03-19,16
2024-03-19 17:00:00,27.291328637473,6.76693115777032,7.77358945897301,3.29462421291939,2024-03-19,17
2024-03-19 18:00:00,27.6277705488022,7.48162158144483,7.6013866829576,3.18781999148374,2024-03-19,18
2024-03-19 19:00:00,27.3038533618866,6.52115846666007,8.41828832782335,3.53685428992817,2024-03-19,19
2024-03-19 20:00:00,27.0381684656841,6.93151582092919,7.72769489156388,3.56973068418831,2024-03-19,20
2024-03-19 21:00:00,27.2342341176445,6.44642957598485,7.36430209316808,2.59624060812277,2024-03-19,21
2024-03-19 22:00:00,27.2469822244768,7.11626500577566,7.65315927515851,3.34819387377988,2024-03-19,22
2024-03-19 23:00:00,27.0779933820707,6.7700860814783,7.56387189544173,4.35747360341857,2024-03-19,23
2024-03-20 00:00:00,27.1447223623997,6.3364550755908,8.00349057936851,2.73594301437135,2024-03-20,0
2024-03-20 01:00:00,28.2591883023028,7.69953088059908,7.89754705851423,3.27326990188178,2024-03-20,1
2024-03-20 02:00:00,27.6365516687648,7.45735920811933,7.91372968837597,4.14495083248223,2024-03-20,2
2024-03-20 03:00:00,27.1227118091825,6.5370559416431,7.75229528217418,3.78479531731378,2024-03-20,3
2024-03-20 04:00:00,27.7181726427064,7.19867298565067,7.77133644811805,3.08923942726629,2024-03-20,4
2024-03-20 05:00:00,27.0997083061464,7.22244720169223,7.75210446824239,3.39863821323772,2024-03-20,5
2024-03-20 06:00:00,28.003874782552,7.28538074100671,7.81294943133155,3.30909197760653,2024-03-20,6
2024-03-20 07:00:00,27.5217853153189,5.88344646240295,8.00542002142662,2.98832912414168,2024-03-20,7
2024-03-20 08:00:00,27.2356187135975,7.50396392461958,7.90057583662612,3.27807159377798,2024-03-20,8
2024-03-20 09:00:00,27.5686301554862,6.55818062224456,7.93502369422038,3.18961456289319,2024-03-20,9
2024-03-20 10:00:00,26.3574743087589,6.68530323993524,7.93490737073233,3.358482043373,2024-03-20,10
2024-03-20 11:00:00,26.6239395186541,8.48272905135612,8.01573291185017,2.98819523230286,2024-03-20,11
2024-03-20 12:00:00,26.5836449961606,7.08112402843261,7.89051150872345,2.7610541738948,2024-03-20,12
2024-03-20 13:00:00,27.3857658568582,6.6682065147317,7.90535809526257,3.29224926744128,2024-03-20,13
2024-03-20 14:00:00,28.3395089996911,5.57682337634646,8.07964931065056,4.04750083381688,2024-03-20,14
2024-03-20 15:00:00,28.6387800877156,7.73385848036781,7.69034035721935,3.345347258293,2024-03-20,15
2024-03-20 16:00:00,27.6828306608645,6.09287419751484,7.65029405821018,3.16741467505944,2024-03-20,16
2024-03-20 17:00:00,27.6005066849667,6.2979366579003,7.58095646417076,3.63425689616655,2024-03-20,17
2024-03-20 18:00:00,26.2193653595084,6.70118862054729,7.86841205836025,3.24192256658399,2024-03-20,18
2024-03-20 19:00:00,26.9743957201596,7.74984707502018,7.44071622934398,4.11325415773242,2024-03-20,19
2024-03-20 20:00:00,26.8273297488551,7.36394399199946,7.92705236017253,3.30831762100312,2024-03-20,20
2024-03-20 21:00:00,26.9274914410493,6.80529749409585,7.80706945015488,3.61121373715801,2024-03-20,21
2024-03-20 22:00:00,27.1991137088491,7.08497523818329,8.06827433696242,2.98552011557089,2024-03-20,22
2024-03-20 23:00:00,27.0167456533817,6.53976858427734,7.68889736480235,3.52632837893477,2024-03-20,23
2024-03-21 00:00:00,26.1124201137745,6.98379221373921,7.78730316006232,3.42829019508581,2024-03-21,0
2024-03-21 01:00:00,27.7487461536705,6.94400204686688,8.06566269999161,3.28570236639654,2024-03-21,1
2024-03-21 02:00:00,26.6563541845561,7.48126193740881,8.12045848582341,3.09424416269702,2024-03-21,2
2024-03-21 03:00:00,27.4435481184667,7.48030687346337,7.68716800319212,3.03564702876948,2024-03-21,3
2024-03-21 04:00:00,28.54444960185,7.19638642932339,7.8681740588433,3.43141164551125,2024-03-21,4
2024-03-21 05:00:00,26.7483692450482,6.68259146547234,7.89182798531365,3.58044381716948,2024-03-21,5
2024-03-21 06:00:00,25.7818274863522,7.34509337663408,7.90846721518044,3.25531999759352,2024-03-21,6
2024-03-21 07:00:00,27.1283974668719,6.84481892027817,7.77485911154372,3.43352520952194,2024-03-21,7
2024-03-21 08:00:00,27.9605757809991,6.25085137877212,8.09909051360596,3.29369668840291,2024-03-21,8
2024-03-21 09:00:00,28.4750084725324,6.65802732485344,7.43316226843948,3.35236619070932,2024-03-21,9
2024-03-21 10:00:00,26.5622702433286,6.9507161902706,7.74156265069177,3.22380865744879,2024-03-21,10
2024-03-21 11:00:00,27.5980195339419,7.44612947019885,7.92406545388232,3.31772820912837,2024-03-21,11
2024-03-21 12:00:00,27.020813725932,6.78988309670571,7.92601721050936,4.47015739643149,2024-03-21,12
2024-03-21 13:00:00,27.2364309874175,6.17448077325624,8.1140793964291,3.44400274848719,2024-03-21,13
2024-03-21 14:00:00,28.8866060082102,6.93404500997809,8.08162733257227,3.58747769212535,2024-03-21,14
2024-03-21 15:00:00,26.3982178029629,6.96807362403393,7.77003625868548,3.49835015029108,2024-03-21,15
2024-03-21 16:00:00,27.4522437968968,7.01150257734165,8.10297296114143,3.19698876598226,2024-03-21,16
2024-03-21 17:00:00,27.5806159030593,7.45192290957266,7.68005123380674,3.86641536171542,2024-03-21,17
2024-03-21 18:00:00,27.9514717949636,7.51135394405394,8.02548635038629,3.18479957871667,2024-03-21,18
2024-03-21 19:00:00,27.3587898920825,6.543473476571,8.21020972046841,3.7636734560453,2024-03-21,19
2024-03-21 20:00:00,27.4848303237025,6.53031392517063,8.08513826243954,3.16629099083143,2024-03-21,20
2024-03-21 21:00:00,27.0650108595469,6.27588077342672,7.85221178054007,2.89721181676806,2024-03-21,21
2024-03-21 22:00:00,27.4614761647471,7.31928940216829,7.76032645792786,3.46712036954156,2024-03-21,22
2024-03-21 23:00:00,27.0940846347016,7.76929206500263,7.50899582778555,2.83499260687609,2024-03-21,23
2024-03-22 00:00:00,27.6729431339136,6.71095084325465,7.89521332396198,3.54032529675714,2024-03-22,0
2024-03-22 01:00:00,27.0782337983738,6.75514166116501,7.59580438212611,2.79651177788073,2024-03-22,1
2024-03-22 02:00:00,27.5262602363413,7.78006953413939,7.66344172064107,3.17282654689667,2024-03-22,2
2024-03-22 03:00:00,27.282442311789,7.20333471192901,7.5799433818453,2.69435623049436,2024-03-22,3
2024-03-22 04:00:00,27.9756301504633,7.16174142288063,7.7333176101421,4.52439181404317,2024-03-22,4
2024-03-22 05:00:00,27.2691637658469,6.18545009641577,7.82412642295773,2.59879738936499,2024-03-22,5
2024-03-22 06:00:00,26.2361805190759,7.30723684156765,7.8874590620448,3.31421990837045,2024-03-22,6
2024-03-22 07:00:00,28.0571529004284,6.34251819569415,7.70389360656307,3.80162083796191,2024-03-22,7
2024-03-22 08:00:00,26.7565606194824,6.21958788843903,8.05454957834299,3.75564594069242,2024-03-22,8
2024-03-22 09:00:00,26.9077401968107,6.69193705393997,7.78627689582211,3.67607711253445,2024-03-22,9
2024-03-22 10:00:00,26.9426032235739,6.54852436593079,7.66457828901424,3.17359179306477,2024-03-22,10
2024-03-22 11:00:00,28.1246628559025,6.76704018336898,7.87752137612112,3.89096824692491,2024-03-22,11
2024-03-22 12:00:00,26.0185954716128,6.03541101928505,8.2423460950442,3.70275816904494,2024-03-22,12
2024-03-22 13:00:00,29.182649120196,7.4752897838806,7.90038371897238,3.40128883559401,2024-03-22,13
2024-03-22 14:00:00,27.9336340854396,7.57661177670986,7.75380031825154,3.41344972582244,2024-03-22,14
2024-03-22 15:00:00,27.4339433484775,5.73159451551551,7.50923311521507,3.17931326152539,2024-03-22,15
2024-03-22 16:00:00,27.2670635996302,7.48707468339993,7.78392341259587,2.91884962889179,2024-03-22,16
2024-03-22 17:00:00,27.4713324449146,6.41368282210703,7.87933490626851,3.84197491945585,2024-03-22,17
2024-03-22 18:00:00,27.6126734570276,7.41418532218967,7.74860801283633,3.87424943724866,2024-03-22,18
2024-03-22 19:00:00,27.68712935157,6.85893210440015,7.48026922596939,2.92983306935713,2024-03-22,19
2024-03-22 20:00:00,27.6333626796021,6.9172653384486,7.65138126820428,3.24387237898714,2024-03-22,20
2024-03-22 21:00:00,27.3537484087532,6.78894141034727,8.13545307678643,3.24832801692266,2024-03-22,21
2024-03-22 22:00:00,27.1815969478156,7.62727752254009,8.1311402107834,3.29595796139167,2024-03-22,22
2024-03-22 23:00:00,27.2092360298079,6.15624719248498,7.64380577446704,3.33764679779266,2024-03-22,23
2024-03-23 00:00:00,27.1830550317884,7.26470420324101,7.97127892531188,3.71715042850786,2024-03-23,0
2024-03-23 01:00:00,27.9802620581202,7.56079809893373,7.58249971519826,2.9886965573507,2024-03-23,1
2024-03-23 02:00:00,27.6561340333685,7.32980404832425,8.12490641921894,2.94607079364956,2024-03-23,2
2024-03-23 03:00:00,25.5357668192014,8.29481934859405,7.88149952805779,3.84174648912148,2024-03-23,3
2024-03-23 04:00:00,27.6935404659179,6.58263194236518,8.02942471470947,3.11106276099104,2024-03-23,4
2024-03-23 05:00:00,27.4168417168313,7.47438289355612,7.46983039709167,2.76689479796186,2024-03-23,5
2024-03-23 06:00:00,27.2887747461325,6.83634561879515,7.97230379140423,3.10139412489706,2024-03-23,6
2024-03-23 07:00:00,27.0668889281467,7.6400436458116,7.82838844662626,3.16807732384508,2024-03-23,7
2024-03-23 08:00:00,27.9744676319916,6.89538660256718,8.00890510486608,3.97863397292208,2024-03-23,8
2024-03-23 09:00:00,27.8685158772737,6.66727453088252,8.02212223760055,3.707675271322,2024-03-23,9
2024-03-23 10:00:00,26.8362733993058,7.68364332232298,7.8438147847897,3.80343386515186,2024-03-23,10
2024-03-23 11:00:00,27.5442313722747,6.60506283658864,7.70382577578986,3.66258866620912,2024-03-23,11
2024-03-23 12:00:00,26.7170059592752,6.05236454465967,7.99373619825769,3.71688477879459,2024-03-23,12
2024-03-23 13:00:00,26.4722291011266,6.5898918700957,7.81736755512492,3.01412468557046,2024-03-23,13
2024-03-23 14:00:00,26.923969665246,7.27141976795312,7.6467151597592,3.224601073198,2024-03-23,14
2024-03-23 15:00:00,27.8174360834297,7.73522325095226,7.63676803139389,2.88433641539987,2024-03-23,15
2024-03-23 16:00:00,27.8718750272257,6.96667762517791,7.5197954725744,3.21949014686908,2024-03-23,16
2024-03-23 17:00:00,27.6078512520584,7.69091824034042,7.72283885649176,3.60416514610194,2024-03-23,17
2024-03-23 18:00:00,27.7350574721088,6.08509504711345,8.06156532967562,3.36787081246927,2024-03-23,18
2024-03-23 19:00:00,27.609706972269,6.63404192110926,7.86734425793814,3.87393675215293,2024-03-23,19
2024-03-23 20:00:00,26.9151110428662,6.72685492970754,7.71874878175616,2.8191912093423,2024-03-23,20
2024-03-23 21:00:00,27.5591535268044,6.83126434351649,7.99901974701782,3.52510249080024,2024-03-23,21
2024-03-23 22:00:00,27.7802457151366,6.95045663295012,7.65517990943809,2.77322979519619,2024-03-23,22
2024-03-23 23:00:00,27.7525747978881,7.31454657443532,7.85002355760988,3.35049588174467,2024-03-23,23
2024-03-24 00:00:00,28.0133480228848,6.63311589709771,7.79227762172764,3.62834337169929,2024-03-24,0
2024-03-24 01:00:00,27.7249823083206,6.98341721217188,7.99361743137355,3.21776389626559,2024-03-24,1
2024-03-24 02:00:00,27.510868924525,6.87292626580557,7.49878204210691,3.54698443975739,2024-03-24,2
2024-03-24 03:00:00,27.9420901429899,6.34446605766531,7.65145847337892,2.89731509602184,2024-03-24,3
2024-03-24 04:00:00,27.2840872444506,6.83179998655114,7.48596841159015,2.59461330937556,2024-03-24,4
2024-03-24 05:00:00,26.7708752092634,6.81380428206173,7.77548468842005,3.54952273766976,2024-03-24,5
2024-03-24 06:00:00,27.2021598216337,6.80095166099817,8.08439977576281,4.05992440065257,2024-03-24,6
2024-03-24 07:00:00,26.8530584131161,6.91905567394887,7.72385608597276,2.88170067572695,2024-03-24,7
2024-03-24 08:00:00,26.8948930350154,6.94540412436803,7.72275637297891,3.83554349744592,2024-03-24,8
2024-03-24 09:00:00,27.2132887975707,6.6406228925356,8.01306212907867,3.32867206579106,2024-03-24,9
2024-03-24 10:00:00,26.8245480474,7.66362884038276,8.05439540727561,2.73565264567198,2024-03-24,10
2024-03-24 11:00:00,27.1152230822166,6.19831162247819,7.81140007587355,2.82345272041857,2024-03-24,11
2024-03-24 12:00:00,26.1638311998277,6.46741793491806,7.97379011935048,3.31678745254508,2024-03-24,12
2024-03-24 13:00:00,27.4279762244238,8.56797817453413,7.60383954641563,3.13608121619264,2024-03-24,13
2024-03-24 14:00:00,27.3007232852173,6.27720518700646,8.11937461012434,2.74544741999396,2024-03-24,14
2024-03-24 15:00:00,26.8097468213591,6.08774719517415,8.28122832172678,2.58156310907308,2024-03-24,15
2024-03-24 16:00:00,27.6955474010594,7.34068604700073,7.93945531614963,2.9459106889916,2024-03-24,16
2024-03-24 17:00:00,27.8625420825759,5.65372808773568,7.39229035951801,3.39333787358238,2024-03-24,17
2024-03-24 18:00:00,26.3354640813786,6.75883565401654,7.71277164489647,3.30724767638065,2024-03-24,18
2024-03-24 19:00:00,26.8423651328603,8.18749495504589,7.95869331755056,3.09446767827497,2024-03-24,19
2024-03-24 20:00:00,26.8385145901276,5.97303844670796,7.74148857059506,3.39681149354534,2024-03-24,20
2024-03-24 21:00:00,26.7360581393347,5.71082130855677,8.09716169639252,3.75721148954096,2024-03-24,21
2024-03-24 22:00:00,27.7976849051591,6.00049127882538,7.95351302553153,3.47947439948668,2024-03-24,22
2024-03-24 23:00:00,27.1837043167363,7.43901574100819,7.68164014483918,3.25783727130248,2024-03-24,23
2024-03-25 00:00:00,27.1412910952136,7.57486603199149,7.83677561026196,3.7090709628641,2024-03-25,0
2024-03-25 01:00:00,26.097682581356,6.5924467218129,7.64229502366579,2.89726437004699,2024-03-25,1
2024-03-25 02:00:00,27.6812508181255,7.30992744240064,7.79165717553339,3.2132845979912,2024-03-25,2
2024-03-25 03:00:00,26.5564449630879,7.73415319650719,7.71353541950917,3.22353218769184,2024-03-25,3
2024-03-25 04:00:00,27.3359595781598,7.9724078486579,8.07669997804894,2.77811009886958,2024-03-25,4
2024-03-25 05:00:00,27.4664261627749,6.75219883129209,8.27436253193451,3.12945411021773,2024-03-25,5
2024-03-25 06:00:00,28.1163951575032,5.51911696939801,7.52945045002049,2.41776733721502,2024-03-25,6
2024-03-25 07:00:00,26.5147077605285,6.40747264655419,7.42612457989595,4.13223656049507,2024-03-25,7
2024-03-25 08:00:00,25.4882927065075,6.64391748303885,7.77851379141121,2.90691207097239,2024-03-25,8
2024-03-25 09:00:00,27.4103097268522,6.74463672205297,7.51113270324598,3.99202907651116,2024-03-25,9
2024-03-25 10:00:00,28.3803067089065,6.78728435939477,7.83970443677089,3.32637633745938,2024-03-25,10
2024-03-25 11:00:00,28.0433678117637,7.5713367587584,7.98727658389925,3.55289157682706,2024-03-25,11
2024-03-25 12:00:00,27.4257956491648,7.66465705601255,8.14376979842603,3.0998160867091,2024-03-25,12
2024-03-25 13:00:00,27.0050182886208,6.79699580764513,7.87229285733021,3.39940976754352,2024-03-25,13
2024-03-25 14:00:00,27.7842735579824,7.55909092563109,7.78943740278159,3.58971054519503,2024-03-25,14
2024-03-25 15:00:00,26.7158722801773,7.11459681997865,7.41453916751965,3.5957575381895,2024-03-25,15
2024-03-25 16:00:00,27.5858146616137,6.93870358371754,7.83549888132902,3.64315255773197,2024-03-25,16
2024-03-25 17:00:00,27.6032820955,7.44392649426598,7.84497032471539,3.15161693468315,2024-03-25,17
2024-03-25 18:00:00,27.9361259444993,6.94335122894275,7.96418093098468,3.10344534082872,2024-03-25,18
2024-03-25 19:00:00,28.9557960233467,8.13468670625866,7.68121749867889,2.62450418013493,2024-03-25,19
2024-03-25 20:00:00,27.5354495803073,6.03695329992327,7.73863895395047,3.53498417480608,2024-03-25,20
2024-03-25 21:00:00,26.9946218245755,6.59089746054479,7.51961952638612,3.77542284586908,2024-03-25,21
2024-03-25 22:00:00,27.2846554126848,6.82408866182763,7.34882851055435,4.00487212236471,2024-03-25,22
2024-03-25 23:00:00,26.2385544570665,7.16367161427479,7.59721561093268,3.44122423286962,2024-03-25,23
2024-03-26 00:00:00,26.8831721213466,7.66077629226185,7.50023157900687,2.98041369764932,2024-03-26,0
2024-03-26 01:00:00,27.0544305371321,6.88536085965831,7.90070958203833,2.58024865838553,2024-03-26,1
2024-03-26 02:00:00,26.9855469612392,6.04666221029628,7.72119184809996,3.75791669522584,2024-03-26,2
2024-03-26 03:00:00,27.3914129232202,7.405508337873,7.71697020268429,2.53760107628566,2024-03-26,3
2024-03-26 04:00:00,26.8065480405707,7.35297525968518,7.62327326030321,3.16354024657018,2024-03-26,4
2024-03-26 05:00:00,27.9726184003947,5.73488480437236,7.15116125917239,3.21354806398423,2024-03-26,5
2024-03-26 06:00:00,27.3001242389509,6.89771751979752,8.14674525723699,3.28013429072406,2024-03-26,6
2024-03-26 07:00:00,27.2944198073168,5.94591490159182,7.61994319021687,3.32539511801541,2024-03-26,7
2024-03-26 08:00:00,27.1032631700923,6.50120934149876,7.74339178533152,3.36940344923806,2024-03-26,8
2024-03-26 09:00:00,27.3931144103154,6.35831464382232,7.52447264528925,2.27139379730623,2024-03-26,9
2024-03-26 10:00:00,27.7950589588006,7.38555881894519,8.03410537212253,3.31630204124416,2024-03-26,10
2024-03-26 11:00:00,26.7797218705735,6.97009810450331,7.86012007677784,2.35128250313189,2024-03-26,11
2024-03-26 12:00:00,26.9051301065549,6.12864539954638,7.65646329009417,3.62485377142913,2024-03-26,12
2024-03-26 13:00:00,27.117764382734,7.42803957777441,7.74763178161776,3.07129618300445,2024-03-26,13
2024-03-26 14:00:00,26.4924774459161,6.03971650564295,8.18241778364622,2.38247420815396,2024-03-26,14
2024-03-26 15:00:00,26.8084452841671,7.09806827428257,7.81467641930493,2.95989198872429,2024-03-26,15
2024-03-26 16:00:00,27.0142674758732,6.41159359842507,7.79183595710066,3.0648676041506,2024-03-26,16
2024-03-26 17:00:00,27.8246335084276,6.68059375048169,7.63230988791075,3.82200083554865,2024-03-26,17
2024-03-26 18:00:00,27.4575367974012,7.20256244882303,7.43213795840082,3.39455422895261,2024-03-26,18
2024-03-26 19:00:00,27.4161539468205,7.21286963943572,7.79639187854834,3.45811132607075,2024-03-26,19
2024-03-26 20:00:00,27.8105387773008,7.70218144413358,7.89835187358817,3.81792530271486,2024-03-26,20
2024-03-26 21:00:00,27.2175769269604,6.85064778019713,8.06091273750881,3.26865795619247,2024-03-26,21
2024-03-26 22:00:00,27.5342789099573,7.08387051777801,7.35781572775507,3.63430082324393,2024-03-26,22
2024-03-26 23:00:00,27.2380669482405,6.63735760655741,7.59372977132516,3.60406027899076,2024-03-26,23
2024-03-27 00:00:00,27.4592174096398,7.00919392957368,7.70804437098315,2.75681811776515,2024-03-27,0
2024-03-27 01:00:00,26.9503448054331,7.16369162880511,7.82926902179963,3.94338293838083,2024-03-27,1
2024-03-27 02:00:00,25.8367097050341,6.84101409152737,7.79954292477903,2.6992702345696,2024-03-27,2
2024-03-27 03:00:00,27.2194325026882,5.8177497095445,7.80444537600567,3.70446765927548,2024-03-27,3
2024-03-27 04:00:00,28.15364888166,7.09888253779854,7.91570017229969,2.65765859413058,2024-03-27,4
2024-03-27 05:00:00,27.855729241345,7.11873688641328,7.64030844673639,3.56853181890522,2024-03-27,5
2024-03-27 06:00:00,27.8792384907547,6.49189591419123,8.02616970286908,4.11062339760458,2024-03-27,6
2024-03-27 07:00:00,28.0416784330837,6.12936777835649,7.92102501275689,3.21841917768341,2024-03-27,7
2024-03-27 08:00:00,27.3531945545769,7.78552749030238,7.7628352245331,3.19976707357315,2024-03-27,8
2024-03-27 09:00:00,27.4183894244434,7.19486730653664,8.16619067829667,3.57248919970625,2024-03-27,9
2024-03-27 10:00:00,26.9294088627394,6.76255138144698,8.15684736747007,3.16835952393611,2024-03-27,10
2024-03-27 11:00:00,27.1103562863838,6.21778027011151,8.0259080245907,4.09185984260941,2024-03-27,11
2024-03-27 12:00:00,27.6694626898627,6.40691110294719,7.19610307818076,3.39264266726724,2024-03-27,12
2024-03-27 13:00:00,28.0223306623013,7.68155423807174,8.16157846947078,3.17232711146509,2024-03-27,13
2024-03-27 14:00:00,27.2163322345914,6.98259716452083,7.99689928971911,3.07767722300486,2024-03-27,14
2024-03-27 15:00:00,27.0298864410892,6.56964775979958,8.25134581391972,2.9088321578256,2024-03-27,15
2024-03-27 16:00:00,27.300316775314,7.20581353873479,8.08986756426404,3.04006535569428,2024-03-27,16
2024-03-27 17:00:00,27.6607240493575,6.41136108753221,8.16145196227443,3.1592104407268,2024-03-27,17
2024-03-27 18:00:00,26.4336871103199,7.80050581816823,8.01451751853788,3.10031519839561,2024-03-27,18
2024-03-27 19:00:00,25.9222914281177,7.71168032093804,8.11322557171556,3.02698463212105,2024-03-27,19
2024-03-27 20:00:00,26.9696778903051,6.62005555727833,8.24876598555423,4.21250172905155,2024-03-27,20
2024-03-27 21:00:00,26.5675725444515,6.52279785178148,7.87547649505942,2.86705911710952,2024-03-27,21
2024-03-27 22:00:00,26.9951158814116,5.32912008078463,7.49983158574359,3.37305201268786,2024-03-27,22
2024-03-27 23:00:00,27.2113318087095,6.01105153706918,7.76543321099682,3.56478403419718,2024-03-27,23
2024-03-28 00:00:00,27.0280509545862,6.09631813502535,7.91188857587052,3.58094643810101,2024-03-28,0
2024-03-28 01:00:00,28.1714805206825,6.98111420459243,7.84572639271803,3.28479895741354,2024-03-28,1
2024-03-28 02:00:00,27.4960468587614,6.70425977733518,7.56822198710652,3.20649789410566,2024-03-28,2
2024-03-28 03:00:00,27.4802846157665,6.09279870755086,7.48747579870905,3.50416542123299,2024-03-28,3
2024-03-28 04:00:00,27.673324286426,6.73130157452127,7.67435583958669,3.42460430949063,2024-03-28,4
2024-03-28 05:00:00,26.6167001293315,7.20320228858841,7.99962530675667,3.19864770104997,2024-03-28,5
2024-03-28 06:00:00,27.9234670724522,7.21670360994935,8.16187135187282,2.6383922141585,2024-03-28,6
2024-03-28 07:00:00,27.2545414280787,5.76019783148467,8.02247919889332,3.1087927993967,2024-03-28,7
2024-03-28 08:00:00,27.7022883703447,6.8230419117097,8.05205973029397,2.81698342960579,2024-03-28,8
2024-03-28 09:00:00,26.6568856601759,6.06999553381703,7.81302872963565,3.02312139347148,2024-03-28,9
2024-03-28 10:00:00,26.3677447403904,7.44103721828417,7.46416268388175,3.32428599256229,2024-03-28,10
2024-03-28 11:00:00,27.790733794815,7.3704878498121,7.73440367801463,3.46425654191855,2024-03-28,11
2024-03-28 12:00:00,27.5258457156585,6.36118366420533,7.7756594735068,4.07559468305573,2024-03-28,12
2024-03-28 13:00:00,26.7587690673855,6.44037287855976,7.72561897776451,3.07891525707136,2024-03-28,13
2024-03-28 14:00:00,26.7782021512352,6.62323976970102,7.84148592172867,3.64308902316832,2024-03-28,14
2024-03-28 15:00:00,27.9752608706489,5.5483239631612,7.92269814957752,3.44156281050827,2024-03-28,15
2024-03-28 16:00:00,26.5863528642796,7.10158090406435,8.00913318953113,3.86727899837511,2024-03-28,16
2024-03-28 17:00:00,28.2856037719536,6.73629327219592,7.77159482848307,3.55777834942612,2024-03-28,17
2024-03-28 18:00:00,26.7596275592113,7.48210504954072,7.43021052481464,2.87635298626688,2024-03-28,18
2024-03-28 19:00:00,27.683035155365,6.24095446922247,7.72859567894886,2.56909020740477,2024-03-28,19
2024-03-28 20:00:00,27.1028289145506,6.52852623105004,7.83917918336832,3.44384253085703,2024-03-28,20
2024-03-28 21:00:00,27.6619124586494,5.99608484517653,8.08678966364802,3.08276607090283,2024-03-28,21
2024-03-28 22:00:00,26.9735315987315,6.29742566190345,7.71076035314134,2.88846508924124,2024-03-28,22
2024-03-28 23:00:00,27.2023242563566,6.19081080235907,7.93763416196387,2.76494158705078,2024-03-28,23
2024-03-29 00:00:00,27.3245515052374,7.49758420730787,7.89091845892344,3.37921946396248,2024-03-29,0
2024-03-29 01:00:00,26.6986875265311,6.48104289074917,7.83921911195591,3.95831431070475,2024-03-29,1
2024-03-29 02:00:00,27.7444946072521,6.97450541084677,8.02541199705816,3.1342708913464,2024-03-29,2
2024-03-29 03:00:00,26.9920718601171,6.67154195768292,7.69122334868196,3.56381623376239,2024-03-29,3
2024-03-29 04:00:00,27.162840050796,6.13832084039231,7.70921084557486,3.26602546940644,2024-03-29,4
2024-03-29 05:00:00,26.7033903752349,6.79901974609702,7.82750082715021,2.75556570168554,2024-03-29,5
2024-03-29 06:00:00,25.7625998047228,7.25946199911816,7.69556923393032,3.62596887770948,2024-03-29,6
2024-03-29 07:00:00,27.1853833424399,6.17534436447399,7.93668258112147,2.83928242106823,2024-03-29,7
2024-03-29 08:00:00,28.7475692529678,7.38546767443883,7.68022961608311,3.31929945115523,2024-03-29,8
2024-03-29 09:00:00,27.7707625727388,6.39016744711338,7.87752388362648,3.16314622154772,2024-03-29,9
2024-03-29 10:00:00,27.2884437721594,6.6102096443563,7.80896371855478,3.69402329686325,2024-03-29,10
2024-03-29 11:00:00,27.142265502475,7.21840987380603,7.87513445260311,2.85499507323761,2024-03-29,11
2024-03-29 12:00:00,27.3134795356872,6.50193830566831,7.73345430703676,3.47807406035484,2024-03-29,12
2024-03-29 13:00:00,27.6282714691051,6.92254491560152,7.75879145814937,2.94888711484006,2024-03-29,13
2024-03-29 14:00:00,26.5915123108147,6.71118550272715,7.85016194627938,3.09022475869862,2024-03-29,14
2024-03-29 15:00:00,27.9685930168013,6.97762080402229,7.87243564629388,1.74686390215776,2024-03-29,15
2024-03-29 16:00:00,27.7292287892648,5.4715565366859,7.82911759776786,4.2096023857957,2024-03-29,16
2024-03-29 17:00:00,27.7309114354248,5.80219091087515,8.18812609486775,3.54673948111528,2024-03-29,17
2024-03-29 18:00:00,27.5630854432858,7.2695802036281,7.62194524706433,2.98004058104659,2024-03-29,18
2024-03-29 19:00:00,27.3117699946164,7.52230884338943,7.81651720305993,2.82639805401681,2024-03-29,19
2024-03-29 20:00:00,27.7037167415801,6.35370797788109,7.49953790535543,3.09687103626188,2024-03-29,20
2024-03-29 21:00:00,27.6550884802448,6.75358298869732,7.90813711052015,3.61825819997236,2024-03-29,21
2024-03-29 22:00:00,27.0875755734354,7.07683155174138,7.59579822736087,2.49640348199848,2024-03-29,22
2024-03-29 23:00:00,26.9558389362619,7.31593056099522,7.77155484626592,3.24911869970343,2024-03-29,23
2024-03-30 00:00:00,27.3611137771572,5.68339363699749,7.75186649168042,4.07137600515895,2024-03-30,0
2024-03-30 01:00:00,28.2294120908971,6.36837585181297,7.88898713658625,2.82240307553385,2024-03-30,1
2024-03-30 02:00:00,26.5565357546077,6.70045237209008,7.71391390731551,3.34456556666837,2024-03-30,2
2024-03-30 03:00:00,26.4194848405485,7.32188411834163,7.70498580348426,4.25742322056084,2024-03-30,3
2024-03-30 04:00:00,27.3988565047419,8.3990582902329,8.13152985745804,3.58182520076703,2024-03-30,4
2024-03-30 05:00:00,27.3305326211136,6.76319656391417,7.88975902599965,3.36414724280875,2024-03-30,5
2024-03-30 06:00:00,27.4040049986222,6.05581352273761,7.71217932107532,3.52785367561087,2024-03-30,6
2024-03-30 07:00:00,27.4463719187451,7.14136084632078,7.77732492891964,3.13762790594583,2024-03-30,7
2024-03-30 08:00:00,27.1660786472191,7.69259747372443,8.17552453997686,3.86884145268048,2024-03-30,8
2024-03-30 09:00:00,28.1939180631613,6.9648084725877,7.78061537556727,3.13828809015291,2024-03-30,9
2024-03-30 10:00:00,26.3394576129141,6.35601087290743,7.685251909138,2.46755190824353,2024-03-30,10
2024-03-30 11:00:00,26.8029017851319,7.47479636488801,7.68615080847346,3.1417396653056,2024-03-30,11
2024-03-30 12:00:00,27.2380471439106,7.29812737109906,7.71468343899219,2.89430415215302,2024-03-30,12
2024-03-30 13:00:00,26.3140867133075,6.28435149348263,7.70515547829039,3.18908657475511,2024-03-30,13
2024-03-30 14:00:00,27.1944873573408,7.12885537052061,7.56127395184666,3.19859385459533,2024-03-30,14
2024-03-30 15:00:00,28.2968820994368,7.49835934059532,7.59391797964114,3.82489197591611,2024-03-30,15
2024-03-30 16:00:00,27.3125318929776,7.60913402553534,7.65584272138411,3.60897587246569,2024-03-30,16
2024-03-30 17:00:00,27.4384205434312,6.86013061481433,7.95422991387515,3.42320415965742,2024-03-30,17
2024-03-30 18:00:00,26.5439011408965,6.68515233229241,7.7499401696727,3.30873347312698,2024-03-30,18
2024-03-30 19:00:00,26.9301831551763,7.63636429324876,7.78649604529025,2.85469105619106,2024-03-30,19
2024-03-30 20:00:00,27.0748821718056,6.17390369821147,8.09671848530353,2.37209464780376,2024-03-30,20
2024-03-30 21:00:00,27.1093709419463,7.1631475745526,8.10195150148707,3.3586588048989,2024-03-30,21
2024-03-30 22:00:00,28.0689862770023,6.07798402358134,7.77075376194108,3.65169571753667,2024-03-30,22
2024-03-30 23:00:00,27.6346146364351,7.53922576335576,7.69751866275648,3.26341643020483,2024-03-30,23
2024-03-31 00:00:00,26.6331252258378,6.7451726906333,7.64846963412856,3.08001264120172,2024-03-31,0
2024-03-31 01:00:00,27.4479028670592,7.66114994138848,7.97548291163873,3.50973593104211,2024-03-31,1
2024-03-31 02:00:00,27.5989330490981,7.19484765381332,7.78701148096032,3.27416715373153,2024-03-31,2
2024-03-31 03:00:00,27.9840894231128,6.16606786196284,7.74883607303221,4.0348700025488,2024-03-31,3
2024-03-31 04:00:00,28.248324411941,7.75477663924635,7.65913043922111,3.84007318708936,2024-03-31,4
2024-03-31 05:00:00,26.6909434849033,7.83074715985664,7.66837005410761,3.72258846452003,2024-03-31,5
2024-03-31 06:00:00,26.8134854932738,7.42937189555953,7.89721222021358,3.63582566911026,2024-03-31,6
2024-03-31 07:00:00,26.5454532846512,6.44304728097827,7.55375796416368,2.75522801178587,2024-03-31,7
2024-03-31 08:00:00,27.1595880845358,6.71639162738556,8.03892242569547,3.59508729188262,2024-03-31,8
2024-03-31 09:00:00,27.5798150246678,6.98725633044346,7.71789262479887,3.47182016178803,2024-03-31,9
2024-03-31 10:00:00,27.8924007099535,6.47777376040114,7.79857645170712,3.5707626332082,2024-03-31,10
2024-03-31 11:00:00,27.2544293858145,7.91540794347792,7.54923462879048,3.52182207932961,2024-03-31,11
2024-03-31 12:00:00,27.1080914860471,6.98659588303562,7.8274031529691,3.50468791277467,2024-03-31,12
2024-03-31 13:00:00,27.3910547953492,5.27799117173559,7.76105260203498,4.47137258190633,2024-03-31,13
2024-03-31 14:00:00,26.798914259022,7.10361348765373,7.81948307424014,3.27724016192068,2024-03-31,14
2024-03-31 15:00:00,28.5537232330169,6.69110556190961,8.139058868656,3.71262507375661,2024-03-31,15
2024-03-31 16:00:00,26.3354033837292,6.85504406632893,7.86731658961595,3.10747438158648,2024-03-31,16
2024-03-31 17:00:00,27.4108443473374,6.67882838052858,7.66312157132938,3.6499758810717,2024-03-31,17
2024-03-31 18:00:00,28.5141637315378,7.38422784996401,7.68062281878522,3.71390755279996,2024-03-31,18
2024-03-31 19:00:00,27.304079906736,7.57181266713203,7.95497754904189,3.4667032131682,2024-03-31,19
2024-03-31 20:00:00,27.1859765789991,7.06983189735519,8.10272559110862,4.0277761852219,2024-03-31,20
2024-03-31 21:00:00,27.0855327463138,6.69641328771711,7.88920278435772,2.92976130436502,2024-03-31,21
2024-03-31 22:00:00,27.1917649909426,6.8751976771145,7.9746296763565,3.10049499508267,2024-03-31,22
2024-03-31 23:00:00,28.1237090848059,6.91175976994658,7.95804492190071,3.4013234369901,2024-03-31,23
2024-04-01 00:00:00,25.9728828532023,6.4185419760811,8.12800352680508,3.68874694699822,2024-04-01,0
2024-04-01 01:00:00,28.2200602207778,7.24735718914274,7.42058606372753,3.38715469415682,2024-04-01,1
2024-04-01 02:00:00,26.4456257085299,7.17602539431628,7.97011597725395,3.86287638569954,2024-04-01,2
2024-04-01 03:00:00,27.1400086024594,7.82426474386601,8.03658456921975,3.02547335548448,2024-04-01,3
2024-04-01 04:00:00,27.0424533478208,7.65320986817309,7.54886802171153,2.81955124951992,2024-04-01,4
2024-04-01 05:00:00,27.6531319618624,6.48859504944592,7.64400968135865,3.4424951847107,2024-04-01,5
2024-04-01 06:00:00,26.3411253888698,7.39217902470538,7.65133562278809,3.27681248127111,2024-04-01,6
2024-04-01 07:00:00,27.5773035996492,6.32942797014332,7.67695405876075,3.54343139975404,2024-04-01,7
2024-04-01 08:00:00,28.5145857739721,7.31755926056451,7.72883941930354,3.2982170149274,2024-04-01,8
2024-04-01 09:00:00,26.4820955972443,6.59003148074394,7.88094659074154,3.16379149003191,2024-04-01,9
2024-04-01 10:00:00,27.4138237005662,6.28604806597465,8.01179167674515,3.2777768441588,2024-04-01,10
2024-04-01 11:00:00,26.902810693322,7.06802720561844,8.05707656113139,3.32240502476107,2024-04-01,11
2024-04-01 12:00:00,27.5555323237158,5.29525972310752,7.65405715715477,3.17885804106522,2024-04-01,12
2024-04-01 13:00:00,27.3114886664495,5.84941465535686,7.65261237027237,3.22265322008093,2024-04-01,13
2024-04-01 14:00:00,26.9151078545734,6.79350486973543,8.10632258640341,3.13645486509563,2024-04-01,14
2024-04-01 15:00:00,27.5927233709226,6.94946505998091,7.96581622643792,3.67836600154385,2024-04-01,15
2024-04-01 16:00:00,28.3826088658721,6.67840873790509,7.84740161679249,3.39342903193749,2024-04-01,16
2024-04-01 17:00:00,27.1854577249636,5.95233822076944,7.92940070186654,4.28040356303257,2024-04-01,17
2024-04-01 18:00:00,27.7318547652889,6.4092648947169,7.8237412058112,3.37910295704974,2024-04-01,18
2024-04-01 19:00:00,26.5240362252773,7.13472559634244,7.94016278344,3.07313128775868,2024-04-01,19
2024-04-01 20:00:00,26.7261381739092,7.24906906237702,7.75942599373379,4.45839041119112,2024-04-01,20
2024-04-01 21:00:00,27.5834437667282,6.89026612944244,7.88644903623224,3.48785934241716,2024-04-01,21
2024-04-01 22:00:00,28.1904696171216,7.59410026862219,7.51278532942241,3.73575365836391,2024-04-01,22
2024-04-01 23:00:00,27.5133680092714,7.13843821407554,7.68556529808666,3.56460428277707,2024-04-01,23
2024-04-02 00:00:00,27.1121651816861,6.45152660762507,7.68782765287403,3.57789474259803,2024-04-02,0
2024-04-02 01:00:00,27.299574843254,6.73169876795303,7.75137809302655,3.54033124208156,2024-04-02,1
2024-04-02 02:00:00,26.5497553596182,6.05828030567529,7.63543221649625,2.83610363714629,2024-04-02,2
2024-04-02 03:00:00,27.6627091958132,6.83511660576515,7.71795583857715,3.46803749045141,2024-04-02,3
2024-04-02 04:00:00,27.8293998373941,7.5672603715328,7.5119730468964,2.7403096393444,2024-04-02,4
2024-04-02 05:00:00,27.0287458003002,7.31117405082658,7.94522710004293,3.23502398034261,2024-04-02,5
2024-04-02 06:00:00,27.0179747113443,7.74120559555147,7.81267216102861,2.99798449367779,2024-04-02,6
2024-04-02 07:00:00,27.4595269377912,6.71826885372061,7.47190640236704,3.46371217991495,2024-04-02,7
2024-04-02 08:00:00,27.0379681583756,7.70765987670856,7.6546857187852,3.45367428635544,2024-04-02,8
2024-04-02 09:00:00,27.2603204312245,6.78401746413122,7.90068629978806,3.51689273302903,2024-04-02,9
2024-04-02 10:00:00,28.5598330734999,7.78295104954194,7.71596539125898,3.43353752628211,2024-04-02,10
2024-04-02 11:00:00,27.1517845795524,6.88688595153473,7.683642293371,3.04906510303185,2024-04-02,11
2024-04-02 12:00:00,27.0849959087873,7.32433882428257,7.8143355378283,3.19776849957878,2024-04-02,12
2024-04-02 13:00:00,26.9114749166189,7.78506741858591,7.90215548238743,3.70577034933943,2024-04-02,13
2024-04-02 14:00:00,27.7465151829,6.78394342285128,7.52836598402178,3.76917837123659,2024-04-02,14
2024-04-02 15:00:00,27.1912654960691,7.0310333925265,7.94552698105576,2.81688326759058,2024-04-02,15
2024-04-02 16:00:00,26.9103761770071,7.67331805512378,7.66193841086245,2.65170111801956,2024-04-02,16
2024-04-02 17:00:00,28.0927824193638,6.82019810164196,7.82623512666754,2.99743756522197,2024-04-02,17
2024-04-02 18:00:00,28.1517618027082,6.1074646304963,7.82256177045478,3.75943926027387,2024-04-02,18
2024-04-02 19:00:00,26.9397458605568,8.18580423275095,7.71931611516965,3.83240013297871,2024-04-02,19
2024-04-02 20:00:00,26.1800760291836,6.61814132139772,7.61503145331255,2.9123738914275,2024-04-02,20
2024-04-02 21:00:00,27.9045082139022,6.99525363056253,7.77000582490063,3.44214302210663,2024-04-02,21
2024-04-02 22:00:00,26.889222104544,7.59360400167068,8.17131936490579,4.09880547325024,2024-04-02,22
2024-04-02 23:00:00,27.7743753594977,6.53490365776128,7.54404824360264,3.48858393521334,2024-04-02,23
2024-04-03 00:00:00,26.1179377093729,6.29527925206672,8.18538573401203,3.92124641265023,2024-04-03,0
2024-04-03 01:00:00,27.8355584029796,7.0522423780649,7.77545855407393,3.73945242513573,2024-04-03,1
2024-04-03 02:00:00,26.5732968424315,5.82415416125257,7.83742799758861,2.918614556322,2024-04-03,2
2024-04-03 03:00:00,27.7384584714399,6.72725635387925,7.60179072960921,3.22830798789626,2024-04-03,3
2024-04-03 04:00:00,27.3085638407019,7.04702319858924,7.66803342249773,3.3249444256655,2024-04-03,4
2024-04-03 05:00:00,26.727636348362,6.7380288619049,7.72438897349202,3.35477735684918,2024-04-03,5
2024-04-03 06:00:00,27.0557782122439,5.97392943408855,7.61040405611564,3.70402144997859,2024-04-03,6
2024-04-03 07:00:00,27.711791074174,7.85650677372241,7.78612722895212,3.48573444777843,2024-04-03,7
2024-04-03 08:00:00,27.3635366718691,6.96212289236951,7.74452666272058,2.04743359417541,2024-04-03,8
2024-04-03 09:00:00,27.6506477882835,7.75869127065705,8.2186640399115,2.74547868257013,2024-04-03,9
2024-04-03 10:00:00,28.4858643507093,6.74397824989173,7.5851454210071,2.3694262065603,2024-04-03,10
2024-04-03 11:00:00,26.3614550329734,6.37199281098554,7.8515650085172,3.38540705348179,2024-04-03,11
2024-04-03 12:00:00,28.2703275449812,7.0615085521531,7.88204771919938,3.41340968927114,2024-04-03,12
2024-04-03 13:00:00,27.3626135625139,6.77052772420307,7.60523268478312,3.43178673220261,2024-04-03,13
2024-04-03 14:00:00,26.7607295710061,6.19334312520519,7.9742337740451,2.89766084488272,2024-04-03,14
2024-04-03 15:00:00,26.5018118245566,7.7818705552725,7.74635132729486,3.5998819222016,2024-04-03,15
2024-04-03 16:00:00,27.1865277655338,6.5266378662636,7.30659817316756,3.61799287348147,2024-04-03,16
2024-04-03 17:00:00,27.8529900671547,5.79584016912266,7.96856841854196,2.77028590110178,2024-04-03,17
2024-04-03 18:00:00,27.2234705277735,7.6968996323744,7.5954424143385,2.67960357337699,2024-04-03,18
2024-04-03 19:00:00,28.2066929581484,6.59742119051243,7.60996726131079,3.30994337492242,2024-04-03,19
2024-04-03 20:00:00,26.4292945859691,6.53530566443063,7.9744594374074,4.08046637765374,2024-04-03,20
2024-04-03 21:00:00,27.2927466312924,5.84076744778202,7.75709608869213,4.04088937914542,2024-04-03,21
2024-04-03 22:00:00,26.5485639333521,7.9445648919582,8.02273215161582,3.55226387499266,2024-04-03,22
2024-04-03 23:00:00,27.518179129575,6.12631164767419,8.08413488002672,2.99610143122057,2024-04-03,23
2024-04-04 00:00:00,27.8321324340584,6.93506968842339,7.69456502333232,3.69134234358009,2024-04-04,0
2024-04-04 01:00:00,27.0475429237914,7.44757219352426,7.99658512415056,3.11545756613211,2024-04-04,1
2024-04-04 02:00:00,25.7374716860237,7.15303015980186,7.6713532317075,2.97997197423026,2024-04-04,2
2024-04-04 03:00:00,27.4193688880779,6.86420741280469,8.29895434259776,2.38809426240254,2024-04-04,3
2024-04-04 04:00:00,27.5620431310401,5.87900048502755,7.68447902904845,3.35402434528949,2024-04-04,4
2024-04-04 05:00:00,27.542576852977,6.41416509853963,8.0454783626016,3.03915703987093,2024-04-04,5
2024-04-04 06:00:00,28.0414693150933,7.01268020282551,8.00719590543513,3.35146506319726,2024-04-04,6
2024-04-04 07:00:00,26.6573677922106,6.4276955580078,7.89637844264288,2.32127619061806,2024-04-04,7
2024-04-04 08:00:00,27.7081296632703,7.02201567599926,7.6891859361025,3.38302546921099,2024-04-04,8
2024-04-04 09:00:00,28.0155045074868,7.30904604528909,7.7982065266923,2.2646178994922,2024-04-04,9
2024-04-04 10:00:00,26.2328474495961,7.47750173148006,7.37774649628164,3.77781430890548,2024-04-04,10
2024-04-04 11:00:00,27.4917910955514,6.16429238531239,7.87712820806027,3.53441323067809,2024-04-04,11
2024-04-04 12:00:00,26.9974921013954,8.21798763298737,7.90341921951596,3.19017414828743,2024-04-04,12
2024-04-04 13:00:00,27.251086396139,7.36048760673248,7.85803487800289,3.55196953983529,2024-04-04,13
2024-04-04 14:00:00,27.508605890123,6.89897150779856,7.20560570402856,2.88942806705467,2024-04-04,14
2024-04-04 15:00:00,27.0076628615319,7.55372194984598,7.56421634653114,3.3411214717144,2024-04-04,15
2024-04-04 16:00:00,26.894575152503,8.31924466319999,7.67290089360178,3.65175283653794,2024-04-04,16
2024-04-04 17:00:00,27.3204914504928,6.03676793936588,7.8912483759697,1.9794556228907,2024-04-04,17
2024-04-04 18:00:00,26.6476524366823,6.76484241450519,7.89076117018503,3.11769352533867,2024-04-04,18
2024-04-04 19:00:00,26.6485049226689,5.472941004076,7.79425300368605,3.30026302404136,2024-04-04,19
2024-04-04 20:00:00,27.7076239697739,7.01559091958882,7.96340156268683,3.22559374436932,2024-04-04,20
2024-04-04 21:00:00,26.6107235789048,7.11923654515509,7.61448910118639,3.93655378527778,2024-04-04,21
2024-04-04 22:00:00,27.6997875005455,6.87650273073434,7.95814935119574,2.82672251628316,2024-04-04,22
2024-04-04 23:00:00,27.5775547757124,6.50727985740102,7.92969584201638,3.04290152531855,2024-04-04,23
2024-04-05 00:00:00,26.2645159627256,5.67029129028701,7.90928649389596,2.48617631868737,2024-04-05,0
2024-04-05 01:00:00,26.8934612085986,7.12412021004706,7.79177150947201,3.95942326004745,2024-04-05,1
2024-04-05 02:00:00,28.0164656418284,7.7732606903492,8.21445620321457,3.20409523867822,2024-04-05,2
2024-04-05 03:00:00,26.7113006813162,6.54538892655994,7.93357109458288,3.12148417814422,2024-04-05,3
2024-04-05 04:00:00,27.0213574426144,7.16403595741389,7.62664946871675,3.28743244660639,2024-04-05,4
2024-04-05 05:00:00,27.5772365359511,5.95911341194797,7.88214414990456,3.58358140622504,2024-04-05,5
2024-04-05 06:00:00,27.7700343055696,7.17432783821551,7.98802150918559,3.45936626351193,2024-04-05,6
2024-04-05 07:00:00,27.1490766683733,6.66397062135321,7.7064971942259,4.44859021182955,2024-04-05,7
2024-04-05 08:00:00,26.941493883185,6.44254922963825,8.05874717185553,3.50519243201362,2024-04-05,8
2024-04-05 09:00:00,28.1534219170191,6.44378181527032,7.91022707820036,3.1099444654573,2024-04-05,9
2024-04-05 10:00:00,28.3433397982786,6.6638330507802,7.33807954909028,3.0686166028647,2024-04-05,10
2024-04-05 11:00:00,27.8873148304691,7.12945998941552,7.89293111524096,3.14111365046077,2024-04-05,11
2024-04-05 12:00:00,27.351190885539,6.11270207928269,7.74473387757333,2.66421012240917,2024-04-05,12
2024-04-05 13:00:00,26.8150405670154,6.66173080105929,7.94280776105376,3.32714160922138,2024-04-05,13
2024-04-05 14:00:00,26.8017333560661,6.87511693320051,8.02828511645288,3.64689128566984,2024-04-05,14
2024-04-05 15:00:00,27.6135084631595,6.24057646528089,7.87098402989978,3.04625365173201,2024-04-05,15
2024-04-05 16:00:00,27.5510389325332,7.97799912100501,8.17970296912839,2.96282657579783,2024-04-05,16
2024-04-05 17:00:00,28.1409591557679,6.3879027119632,7.79247155424167,3.96185641290652,2024-04-05,17
2024-04-05 18:00:00,27.6902700555217,6.49833785181991,7.96121174284131,2.6966122426529,2024-04-05,18
2024-04-05 19:00:00,26.3981518189441,6.3130152301065,7.99903794046384,2.42083809811476,2024-04-05,19
2024-04-05 20:00:00,27.9311685706338,7.97908805228287,7.80955734653253,2.81425216423163,2024-04-05,20
2024-04-05 21:00:00,26.7011636236114,7.23174313715969,7.99354260467533,2.64761393163655,2024-04-05,21
2024-04-05 22:00:00,27.0696172368286,6.33804479625382,7.70511867269595,3.47607720756497,2024-04-05,22
2024-04-05 23:00:00,27.450120123751,7.56373893531598,7.74126063200554,3.15489706480668,2024-04-05,23
2024-04-06 00:00:00,28.4974004938704,7.02041921657333,7.55437737502937,3.21553457063975,2024-04-06,0
2024-04-06 01:00:00,29.1659511336032,7.0543520526669,7.88069591443771,3.80576169609915,2024-04-06,1
2024-04-06 02:00:00,27.6640338354817,6.69331367474853,7.89830285192941,3.01272600970001,2024-04-06,2
2024-04-06 03:00:00,27.1900820287678,6.45035040782582,8.07764526330164,3.64328844705063,2024-04-06,3
2024-04-06 04:00:00,27.6207033890883,7.10265965943276,7.99613940091474,3.95986880365738,2024-04-06,4
2024-04-06 05:00:00,27.8325932555243,6.57294766200265,7.77019293310404,3.11406512585413,2024-04-06,5
2024-04-06 06:00:00,27.1075994246657,7.99005337774506,7.5825822656598,3.62691982788922,2024-04-06,6
2024-04-06 07:00:00,28.3771268135474,6.13842533685414,7.92089858452919,3.20601829761254,2024-04-06,7
2024-04-06 08:00:00,27.4380424555148,7.82169406371297,8.06325816620707,3.70736219540154,2024-04-06,8
2024-04-06 09:00:00,27.5986458534548,6.83320869072132,7.98858884449883,2.6342596493422,2024-04-06,9
2024-04-06 10:00:00,27.6995545512327,7.07945144041266,8.05774028022003,2.6024297345961,2024-04-06,10
2024-04-06 11:00:00,27.5529519663687,7.39989465997766,7.78550319844837,3.14175488258976,2024-04-06,11
2024-04-06 12:00:00,27.8033643002818,6.52185042299734,7.73201001668311,2.9277623321043,2024-04-06,12
2024-04-06 13:00:00,26.9296480880719,7.41854903081918,7.67525071603132,3.08781508294515,2024-04-06,13
2024-04-06 14:00:00,26.9650189476324,5.27547368677129,7.81826174201115,3.21560356954773,2024-04-06,14
2024-04-06 15:00:00,26.639907460217,6.46800628006684,7.81349593284655,3.61960581868959,2024-04-06,15
2024-04-06 16:00:00,27.5637007383721,6.34556231559536,7.87340230199322,3.13470595121665,2024-04-06,16
2024-04-06 17:00:00,27.7673619021073,6.14789639257694,7.80284753402254,2.95573963643207,2024-04-06,17
2024-04-06 18:00:00,27.5746637196911,6.77102709715263,7.80193817675738,3.15884924799367,2024-04-06,18
2024-04-06 19:00:00,28.3046954600085,7.13144998090902,7.66689424887585,2.97926752968315,2024-04-06,19
2024-04-06 20:00:00,27.2966423887026,7.32159599909958,8.02773999284581,2.90837763411303,2024-04-06,20
2024-04-06 21:00:00,27.7012449933555,7.04452605432025,7.84606879307118,2.6164027701619,2024-04-06,21
2024-04-06 22:00:00,26.6449794743164,6.50058392106387,7.79336677380009,3.33987558997506,2024-04-06,22
2024-04-06 23:00:00,27.0677401785154,7.1214098626951,7.67303985681767,3.06545654616327,2024-04-06,23
2024-04-07 00:00:00,27.7173226545395,6.97457141691051,7.55029824681787,3.72549985787091,2024-04-07,0
2024-04-07 01:00:00,27.8094612664459,7.46163370076161,8.10467248043536,2.68761968041466,2024-04-07,1
2024-04-07 02:00:00,27.1236198314015,7.36616202175891,7.94647412870768,3.07690407132941,2024-04-07,2
2024-04-07 03:00:00,27.2570404488852,6.91828584835238,7.48897725306031,4.08955010488326,2024-04-07,3
2024-04-07 04:00:00,26.3892757519915,6.36164819630325,7.99025988314903,2.90596790764793,2024-04-07,4
2024-04-07 05:00:00,27.085782479516,6.50822990650075,8.02372104574895,3.20829070159867,2024-04-07,5
2024-04-07 06:00:00,27.8342298981119,6.57012638421718,7.8561189856832,2.78718708738509,2024-04-07,6
2024-04-07 07:00:00,27.6451230096639,6.71084019965025,8.16560328810787,2.73017616950418,2024-04-07,7
2024-04-07 08:00:00,27.6003994328287,7.06083025655385,7.87551112484581,3.9753437227277,2024-04-07,8
2024-04-07 09:00:00,27.3298642123086,7.32910463407684,7.53246705913067,3.38354698183397,2024-04-07,9
2024-04-07 10:00:00,27.3042378951769,6.86932878419077,7.90668549022015,3.36748190044218,2024-04-07,10
2024-04-07 11:00:00,26.9038073163159,6.90967487274028,7.88142843335967,2.58058401890003,2024-04-07,11
2024-04-07 12:00:00,27.7192970521215,6.985983783,7.70330766175659,3.46425879688657,2024-04-07,12
2024-04-07 13:00:00,27.5525837666336,6.5904568121206,7.95044735574426,3.80769143677735,2024-04-07,13
2024-04-07 14:00:00,27.5952113087957,6.34476464541423,7.47979029409992,3.80427513615627,2024-04-07,14
2024-04-07 15:00:00,26.9843790943995,5.84673726161357,8.03801903376299,3.59738328873065,2024-04-07,15
2024-04-07 16:00:00,26.0079942480773,6.48291038515388,7.64559444224286,2.82432120163398,2024-04-07,16
2024-04-07 17:00:00,27.9582916270522,7.18388727196067,7.62316131372542,3.44464306939299,2024-04-07,17
2024-04-07 18:00:00,27.012697526395,6.47825313717626,7.80609679781543,3.59706153300494,2024-04-07,18
2024-04-07 19:00:00,26.7823345415741,6.75731577754444,7.92092431488916,2.53838925841177,2024-04-07,19
2024-04-07 20:00:00,27.7160873471484,7.17985877244739,7.86442405335462,2.82784977566283,2024-04-07,20
2024-04-07 21:00:00,27.0647924160485,7.2124136978536,7.6740415751878,3.69190764834968,2024-04-07,21
2024-04-07 22:00:00,27.935961830428,6.25228028870038,7.7237212488497,3.68669968396893,2024-04-07,22
2024-04-07 23:00:00,27.670203569746,7.49823561387219,7.59206110705073,2.6441092955428,2024-04-07,23
2024-04-08 00:00:00,27.7101415939203,7.57641005361329,7.78281722065773,3.65185922748574,2024-04-08,0
2024-04-08 01:00:00,26.4804265732797,6.22209008566887,8.05575445504729,3.35098046163606,2024-04-08,1
2024-04-08 02:00:00,28.0271663912318,6.40569787821531,7.82910478309479,3.64583385048108,2024-04-08,2
2024-04-08 03:00:00,27.4567503187403,7.61465440988772,8.01047699349949,3.03715583092341,2024-04-08,3
2024-04-08 04:00:00,27.0784337164523,6.81188788724682,8.1356342809225,3.58742890348679,2024-04-08,4
2024-04-08 05:00:00,27.3860330804054,5.56813323152889,7.70651611100224,3.67284637302882,2024-04-08,5
2024-04-08 06:00:00,26.234258860261,6.06019109716039,7.79081961685837,3.15892597775404,2024-04-08,6
2024-04-08 07:00:00,27.5451916868884,6.75037822489651,8.28595050082312,3.31763359485451,2024-04-08,7
2024-04-08 08:00:00,26.6823770950908,6.20217440982924,8.13331211651579,3.031135699313,2024-04-08,8
2024-04-08 09:00:00,26.4883978284939,6.65194573761814,7.47879504957941,4.02020474793493,2024-04-08,9
2024-04-08 10:00:00,26.3865844882693,6.91943772821015,7.91130114637279,3.25828306608992,2024-04-08,10
2024-04-08 11:00:00,27.967613024994,7.77735276242084,7.83011759839134,2.91352954017381,2024-04-08,11
2024-04-08 12:00:00,26.9224419637843,6.72572765026333,8.00355515328034,3.00219485703386,2024-04-08,12
2024-04-08 13:00:00,28.2202366259499,7.54352507974366,7.67355445882814,3.36451135849111,2024-04-08,13
2024-04-08 14:00:00,26.9785191221686,7.75725609722206,7.65368224187146,3.63393240386463,2024-04-08,14
2024-04-08 15:00:00,26.2755852254442,7.76058580161125,7.68802514978834,2.73559445658528,2024-04-08,15
2024-04-08 16:00:00,26.6300853360308,7.07085275603134,7.70989500529833,4.10449380126525,2024-04-08,16
2024-04-08 17:00:00,28.0414869720042,5.72202651129662,8.00121807502989,3.44273037644392,2024-04-08,17
2024-04-08 18:00:00,27.206461093238,7.17649491924232,7.58194775363874,3.51057606837685,2024-04-08,18
2024-04-08 19:00:00,26.9710276221056,7.52903993268813,7.69925108100854,3.26820849615592,2024-04-08,19
2024-04-08 20:00:00,27.3960109355117,6.85135973673875,7.4543073979947,3.31828135596098,2024-04-08,20
2024-04-08 21:00:00,27.6010696417005,7.94675032204515,8.0414947429166,3.24623825069122,2024-04-08,21
2024-04-08 22:00:00,27.9704392895415,7.41590013688048,8.09691632088054,3.74765226668546,2024-04-08,22
2024-04-08 23:00:00,28.1690995379358,7.24096402629167,7.76131457951861,3.30659070739505,2024-04-08,23
2024-04-09 00:00:00,27.0841388125266,7.5518284267235,7.76743063338922,3.63983159395187,2024-04-09,0
2024-04-09 01:00:00,26.5043713883508,7.10002191075653,7.92517659947941,3.12344556495839,2024-04-09,1
2024-04-09 02:00:00,27.051920903326,5.40431370036279,8.13964122154943,3.3941254271743,2024-04-09,2
2024-04-09 03:00:00,27.4561683039497,6.60051662911778,7.91580825698842,2.96431425197705,2024-04-09,3
2024-04-09 04:00:00,26.7217446442736,7.61830081634871,7.68351619208023,3.8331071399963,2024-04-09,4
2024-04-09 05:00:00,26.725709451063,6.41544519594102,7.49004725988285,2.95148868649078,2024-04-09,5
2024-04-09 06:00:00,27.5062727289299,6.76591649685784,7.59582348484067,3.17025883896763,2024-04-09,6
2024-04-09 07:00:00,27.2708085890577,6.27309821165816,7.84537608456562,3.17456702264446,2024-04-09,7
2024-04-09 08:00:00,27.319678197247,7.97035355712106,7.69238122012783,3.15780090330028,2024-04-09,8
2024-04-09 09:00:00,26.84490279918,7.90889547445081,7.87094321825806,3.62067318086046,2024-04-09,9
2024-04-09 10:00:00,27.1617595714765,6.36967866291556,7.71388595659039,3.17383716116324,2024-04-09,10
2024-04-09 11:00:00,26.745460113439,6.98837880023345,7.60778924942817,3.90938754813266,2024-04-09,11
2024-04-09 12:00:00,27.8341190466749,6.49170357134157,7.58282335739486,2.95805571296403,2024-04-09,12
2024-04-09 13:00:00,27.9211496008343,7.26896678341883,8.15809444696838,3.38283231207536,2024-04-09,13
2024-04-09 14:00:00,26.1922872826571,7.2058098463454,8.01668742732857,2.97641202459558,2024-04-09,14
2024-04-09 15:00:00,26.7422934838846,7.38702334296796,8.19340876988387,3.49101829648853,2024-04-09,15
2024-04-09 16:00:00,26.402082446946,7.09915106862473,7.94338968915857,3.30314161739999,2024-04-09,16
2024-04-09 17:00:00,26.9099856393559,8.66124372383308,7.73970180419088,3.24332332077965,2024-04-09,17
2024-04-09 18:00:00,27.2499372181258,6.28324574099356,8.10790159372289,3.82104423559652,2024-04-09,18
2024-04-09 19:00:00,26.4302128681809,5.87363798733809,7.82305571971403,3.02863299544631,2024-04-09,19
2024-04-09 20:00:00,26.7468841121248,6.66414587957912,7.87637677176097,3.56220151777574,2024-04-09,20
2024-04-09 21:00:00,26.6976255767511,5.95920704066384,7.82100688039414,2.97934723754984,2024-04-09,21
2024-04-09 22:00:00,27.4243603976394,6.00452263799641,7.21115011395036,3.35845463606896,2024-04-09,22
2024-04-09 23:00:00,27.3416066022218,6.29921120748122,8.16699435258192,2.79590260886392,2024-04-09,23
2024-04-10 00:00:00,26.8669574679977,6.34668665674102,7.93311082865113,3.0251176270881,2024-04-10,0
2024-04-10 01:00:00,27.4060925232836,6.32722913882996,7.89926284278239,3.27467849040367,2024-04-10,1
2024-04-10 02:00:00,26.9719919492476,7.21093137026725,7.81702702692318,4.09029914194892,2024-04-10,2
2024-04-10 03:00:00,27.1370069338044,6.5962865633488,7.86431984228109,3.3533456642977,2024-04-10,3
2024-04-10 04:00:00,28.3040712541791,6.79229125507651,7.70457142347229,4.02150737582268,2024-04-10,4
2024-04-10 05:00:00,28.1042766310742,7.43653966470056,7.95948166398453,3.4047390154271,2024-04-10,5
2024-04-10 06:00:00,26.5202512578434,6.44020648513115,7.55550934767618,3.14355377487578,2024-04-10,6
2024-04-10 07:00:00,27.7978394507275,6.74127246077717,7.86907437081882,3.9719233047183,2024-04-10,7
2024-04-10 08:00:00,27.786837932695,7.11945599165575,7.94793042881993,3.49791757749157,2024-04-10,8
2024-04-10 09:00:00,26.6110420267484,5.73505931962787,7.78827948189719,3.03362971463043,2024-04-10,9
2024-04-10 10:00:00,27.7912665862529,5.46905669462965,7.90788223641892,3.51234572754213,2024-04-10,10
2024-04-10 11:00:00,28.2227591510475,7.10767039727863,7.62181977763081,3.18418425753973,2024-04-10,11
2024-04-10 12:00:00,26.6264731162534,7.19520856834014,7.62717637811185,2.45471529564634,2024-04-10,12
2024-04-10 13:00:00,26.7494983073914,8.13853208091145,7.87971059541554,3.71246845848422,2024-04-10,13
2024-04-10 14:00:00,27.9105968801061,6.99485692552009,7.97249542747042,3.78082164392603,2024-04-10,14
2024-04-10 15:00:00,27.4628971864954,7.39184383035486,7.43627821234464,4.10031507289668,2024-04-10,15
2024-04-10 16:00:00,27.6308857651437,6.78271641384842,7.93962433337326,3.49152178764396,2024-04-10,16
2024-04-10 17:00:00,27.5043535298403,7.07833633295105,7.71592768492097,3.20304892764451,2024-04-10,17
2024-04-10 18:00:00,27.5344175525569,7.90035410504972,7.78951072166544,3.66904545377279,2024-04-10,18
2024-04-10 19:00:00,26.5041167230134,5.62560430912462,7.54870123605134,3.67542275708713,2024-04-10,19
2024-04-10 20:00:00,27.9283906239729,7.14816975454301,7.65116037956079,4.01446090874866,2024-04-10,20
2024-04-10 21:00:00,28.0017539954567,8.18135203804642,8.03288631836137,3.29081012208143,2024-04-10,21
2024-04-10 22:00:00,27.1623655535592,7.06922053152561,7.83690130853585,3.23880104179593,2024-04-10,22
2024-04-10 23:00:00,27.2739138301117,7.89034377793971,7.74961653564099,3.00231589950383,2024-04-10,23
2024-04-11 00:00:00,26.3813354984666,6.52247271028234,7.80553744594748,3.54110869729184,2024-04-11,0
2024-04-11 01:00:00,27.6085528536107,6.88077150350177,7.9327344831795,2.64424748266074,2024-04-11,1
2024-04-11 02:00:00,27.6432344650285,6.92011482143315,7.9225038441943,3.6437175703309,2024-04-11,2
2024-04-11 03:00:00,27.2626853898004,5.56944535238474,7.81424432991667,3.56276910240229,2024-04-11,3
2024-04-11 04:00:00,27.9746120159223,6.19909330328988,8.0595214132883,3.5615801870571,2024-04-11,4
2024-04-11 05:00:00,27.099553661412,6.24187495236961,8.0337971537504,3.36943685169579,2024-04-11,5
2024-04-11 06:00:00,27.6387635555362,7.39323964681952,7.91680812611738,3.96918064643837,2024-04-11,6
2024-04-11 07:00:00,26.6882013967847,7.42329186341043,7.84146847441112,3.68495719013355,2024-04-11,7
2024-04-11 08:00:00,27.2858687094755,7.09442186562392,7.9680374299751,3.04895680770845,2024-04-11,8
2024-04-11 09:00:00,27.1953874452583,7.39446173811342,7.89599615857825,3.05665300863001,2024-04-11,9
2024-04-11 10:00:00,27.4351847532246,6.80151035236694,8.05276801507925,2.93174026023171,2024-04-11,10
2024-04-11 11:00:00,27.0782838427,7.62115900172373,8.01890788911505,3.5470518330935,2024-04-11,11
2024-04-11 12:00:00,27.221116442597,6.90527306557924,7.61616668070228,2.87994026386682,2024-04-11,12
2024-04-11 13:00:00,27.7956283028649,6.93471842845605,7.60194773414424,3.77585862174084,2024-04-11,13
2024-04-11 14:00:00,27.0379414576571,6.74064442004255,7.68273759567514,3.87887852258858,2024-04-11,14
2024-04-11 15:00:00,26.3360537395568,7.31067028658186,8.03498912491405,2.93202300435131,2024-04-11,15
2024-04-11 16:00:00,28.3497503425233,6.64728071003225,7.49897511067804,3.23021413012507,2024-04-11,16
2024-04-11 17:00:00,28.1288724472143,7.48585882631884,7.91289905171268,3.31714702198584,2024-04-11,17
2024-04-11 18:00:00,26.5246423829366,6.2207105155704,7.90613404912952,3.69011275900196,2024-04-11,18
2024-04-11 19:00:00,27.7138246831471,6.24065024716308,8.0741560923241,4.00201765151225,2024-04-11,19
2024-04-11 20:00:00,26.9982151376692,7.3124560530759,7.86787112503942,2.58523827106651,2024-04-11,20
2024-04-11 21:00:00,27.4580923291986,6.84687347125019,7.54792602797738,3.17318229146353,2024-04-11,21
2024-04-11 22:00:00,27.4765344774081,6.62766515030812,7.6285354582639,3.19561282090905,2024-04-11,22
2024-04-11 23:00:00,27.1593553198102,7.43403463948528,7.58178094040146,2.70771196239878,2024-04-11,23
2024-04-12 00:00:00,26.8297406006482,6.53564315154835,7.71703176707004,3.10140269169925,2024-04-12,0
2024-04-12 01:00:00,26.8856753686102,6.77987924741978,7.79159067084098,3.49394064607076,2024-04-12,1
2024-04-12 02:00:00,26.7502848507113,7.7395367700427,7.58525727949358,3.19016807177899,2024-04-12,2
2024-04-12 03:00:00,26.8009066750617,7.82348540748639,8.13883901803698,2.64581289749881,2024-04-12,3
2024-04-12 04:00:00,27.2596930259704,7.8434389261622,7.55169091188999,4.54585556014426,2024-04-12,4
2024-04-12 05:00:00,26.8705440065336,6.73072453383965,8.11268171901112,3.4244564820378,2024-04-12,5
2024-04-12 06:00:00,27.7092312394276,7.63842174299068,8.07888423660226,3.35802847594587,2024-04-12,6
2024-04-12 07:00:00,28.1923476932016,6.33062830333879,8.0186435354347,2.83789166388117,2024-04-12,7
2024-04-12 08:00:00,26.951968055178,6.35585827516676,7.68430901242568,3.42210364964765,2024-04-12,8
2024-04-12 09:00:00,27.4436427003212,5.48972648842538,7.90191468462715,3.23938807286216,2024-04-12,9
2024-04-12 10:00:00,27.5998110661818,7.90372092113912,7.56175206195437,2.49793493253238,2024-04-12,10
2024-04-12 11:00:00,27.5832013625516,6.38161209055435,8.02129047735709,2.8497901607938,2024-04-12,11
2024-04-12 12:00:00,27.3455731607497,6.82408045215176,7.81446319587738,3.6518181875998,2024-04-12,12
2024-04-12 13:00:00,27.7456094510158,6.35380539484303,7.7440427549368,4.14592758950019,2024-04-12,13
2024-04-12 14:00:00,27.5893493716084,7.31709914899809,7.57301358220218,3.46788112416851,2024-04-12,14
2024-04-12 15:00:00,26.5574025466036,6.6746198035696,7.30972371508791,3.78432580966615,2024-04-12,15
2024-04-12 16:00:00,27.8214936386336,6.11710986574023,7.61190642002249,3.24302521730922,2024-04-12,16
2024-04-12 17:00:00,27.8323745023601,7.16499753851164,8.06368762107871,3.27278515090734,2024-04-12,17
2024-04-12 18:00:00,26.8420283374929,6.03976198511386,7.74540498002029,3.77912098187637,2024-04-12,18
2024-04-12 19:00:00,27.3227627012686,6.39755656481071,7.79444094000584,4.02499423434717,2024-04-12,19
2024-04-12 20:00:00,27.7099973956866,5.63586653122435,7.96766641524058,3.86947157819022,2024-04-12,20
2024-04-12 21:00:00,27.1744117082524,6.04562513268144,8.20919046440442,2.85146387758453,2024-04-12,21
2024-04-12 22:00:00,27.9437868286596,7.00711750183229,8.10825097753858,3.28120767716444,2024-04-12,22
2024-04-12 23:00:00,28.7183234967716,5.72127837713825,7.6258096491986,3.42933561432481,2024-04-12,23
2024-04-13 00:00:00,26.828408380419,6.01131256522697,7.42206017999814,3.19833847569176,2024-04-13,0
2024-04-13 01:00:00,26.4713732381077,6.89857865032032,8.32551899441102,3.47677874366871,2024-04-13,1
2024-04-13 02:00:00,27.4822911573629,6.57383586234417,8.30648823844849,3.66284802901765,2024-04-13,2
2024-04-13 03:00:00,27.7329375030757,8.09522198157559,7.86957525525015,3.74120819334071,2024-04-13,3
2024-04-13 04:00:00,27.1614801756931,8.00033792761463,7.56319746842782,4.03492416545526,2024-04-13,4
2024-04-13 05:00:00,28.1719563979926,6.37924652234931,8.03227757211773,3.16834032496832,2024-04-13,5
2024-04-13 06:00:00,26.4968365201661,7.23428257104209,7.80732342593735,2.7234657391191,2024-04-13,6
2024-04-13 07:00:00,27.715751173819,7.34956953412767,7.80627396414761,3.46404087542622,2024-04-13,7
2024-04-13 08:00:00,26.9364835075447,6.54151268518536,8.01783635705208,4.12003874340947,2024-04-13,8
2024-04-13 09:00:00,28.3316267437244,6.00267507810108,7.90021869684339,3.10490038021976,2024-04-13,9
2024-04-13 10:00:00,28.4955092119009,6.89262093041517,7.58097886868686,3.6053442001374,2024-04-13,10
2024-04-13 11:00:00,26.84000604733,6.79629259511153,7.76180419363279,3.60917069076324,2024-04-13,11
2024-04-13 12:00:00,26.9702657184549,6.63854130181763,7.96884211501888,3.39232008035818,2024-04-13,12
2024-04-13 13:00:00,27.8157527321879,7.16539012089869,7.93715296670505,3.3129776300488,2024-04-13,13
2024-04-13 14:00:00,27.0677216101263,6.44956223579664,7.88502348061528,2.9129254415398,2024-04-13,14
2024-04-13 15:00:00,27.2727532692407,6.20880147145252,8.02601882043993,2.32888530885915,2024-04-13,15
2024-04-13 16:00:00,27.3152330523255,6.9654497822099,7.75403943255838,2.83190419613447,2024-04-13,16
2024-04-13 17:00:00,26.1481961062814,7.13158205554133,7.86752065279601,3.14216921588197,2024-04-13,17
2024-04-13 18:00:00,27.2916973523435,6.19401303365997,7.1211283889627,3.78189175559176,2024-04-13,18
2024-04-13 19:00:00,26.8861633355615,7.45685436659465,7.73557345929301,3.26565493318891,2024-04-13,19
2024-04-13 20:00:00,27.0041263065601,5.83771131733435,7.99041961080089,3.0868189408652,2024-04-13,20
2024-04-13 21:00:00,28.1661792020813,6.55313192477061,7.7480171619054,2.92687625996003,2024-04-13,21
2024-04-13 22:00:00,26.5460958634325,6.74519487828144,7.73209224773941,3.59242650625908,2024-04-13,22
2024-04-13 23:00:00,27.7879231120488,6.51826577240884,7.61129488012729,3.89409358156516,2024-04-13,23
2024-04-14 00:00:00,27.1326222418009,6.56096371586929,8.04070683747312,3.76727736040301,2024-04-14,0
2024-04-14 01:00:00,27.1321438989025,8.02264468938487,7.94517728744352,3.57064437089614,2024-04-14,1
2024-04-14 02:00:00,27.774223137631,6.38946954657666,8.00333706554285,2.67548651905534,2024-04-14,2
2024-04-14 03:00:00,27.5040307767413,8.36473303348315,7.46749506798884,3.15878007557718,2024-04-14,3
2024-04-14 04:00:00,27.6423677983317,7.16227606783863,7.79630549091422,4.14734081842256,2024-04-14,4
2024-04-14 05:00:00,27.8809107963197,6.9552330823872,7.7711766883725,3.79243871152355,2024-04-14,5
2024-04-14 06:00:00,27.10121497009,7.1857442120326,7.7710799416143,2.64887361615907,2024-04-14,6
2024-04-14 07:00:00,26.9326579592954,8.41795664955117,7.70063421581923,3.28609607502431,2024-04-14,7
2024-04-14 08:00:00,26.6489096840653,6.30384419764113,7.7573181029262,3.46613232604425,2024-04-14,8
2024-04-14 09:00:00,26.8047536820126,6.22774924863817,8.0084254043684,2.98227186089873,2024-04-14,9
2024-04-14 10:00:00,29.0694566551852,6.44708028205685,7.42830121579696,2.3170422707942,2024-04-14,10
2024-04-14 11:00:00,28.0468077484421,6.91928588817874,8.2032319012864,3.35249433935707,2024-04-14,11
2024-04-14 12:00:00,26.4893553802752,5.86453732511246,7.93160663625556,2.97126394922321,2024-04-14,12
2024-04-14 13:00:00,26.5065252259539,6.91340354359117,7.82111030191136,2.97294805219359,2024-04-14,13
2024-04-14 14:00:00,27.5891196370311,7.9161282800482,8.02043517073832,3.15748744522977,2024-04-14,14
2024-04-14 15:00:00,27.6283588784268,6.99084443437487,7.52511470351463,3.25251935669843,2024-04-14,15
2024-04-14 16:00:00,27.6293303011904,6.72438872461483,7.69041280991829,3.30609439853886,2024-04-14,16
2024-04-14 17:00:00,27.1470265238678,6.52910373078982,7.80457415919798,2.92988434346354,2024-04-14,17
2024-04-14 18:00:00,27.2247274439983,7.43910702273094,8.11676767779076,3.21530990225735,2024-04-14,18
2024-04-14 19:00:00,27.4967277144956,6.40450033605717,7.82023571796342,2.55430795072682,2024-04-14,19
2024-04-14 20:00:00,27.351535803776,8.00783755235955,7.92451148094888,3.44374679810827,2024-04-14,20
2024-04-14 21:00:00,25.9684197763515,8.06001584862861,7.70618841085341,2.0818015722633,2024-04-14,21
2024-04-14 22:00:00,27.1621202216549,7.05405047919707,7.93223683448317,3.18551926541354,2024-04-14,22
2024-04-14 23:00:00,26.7891561394438,6.89309094715401,8.18222031452464,3.70525004608109,2024-04-14,23
2024-04-15 00:00:00,27.4051268513451,7.51839588494494,8.03906060525156,2.85448350447182,2024-04-15,0
2024-04-15 01:00:00,29.0911554015621,7.5568791013364,7.81289424256665,3.61806498757268,2024-04-15,1
2024-04-15 02:00:00,27.5204889992846,6.41640496136435,7.97185307792575,3.80696506621198,2024-04-15,2
2024-04-15 03:00:00,27.1118821882966,6.58406692011798,7.95127856046751,1.88760302042612,2024-04-15,3
2024-04-15 04:00:00,27.8530809011864,6.10659153919002,7.93638341105643,3.24491395146243,2024-04-15,4
2024-04-15 05:00:00,27.5896127323255,7.14543896300043,8.06351020578069,2.07341742611984,2024-04-15,5
2024-04-15 06:00:00,27.5520566942711,7.29997673007414,8.06194031780587,3.25917036840449,2024-04-15,6
2024-04-15 07:00:00,27.6641103559294,6.09004461728324,7.80329669465627,3.30691637927803,2024-04-15,7
2024-04-15 08:00:00,28.5339261388977,6.62688065711031,7.96479460291033,2.24250608605834,2024-04-15,8
2024-04-15 09:00:00,26.6214669388045,6.09164764945119,7.74955006655644,4.13768049569434,2024-04-15,9
2024-04-15 10:00:00,27.5841792460869,6.3607201138537,7.63615479677373,3.43298679728289,2024-04-15,10
2024-04-15 11:00:00,26.7441713220111,7.23061023613578,7.77340631130216,2.94491992420473,2024-04-15,11
2024-04-15 12:00:00,27.6333075878054,6.45991075999303,7.81398158813469,3.94011315382436,2024-04-15,12
2024-04-15 13:00:00,26.7487880931084,6.71950442638062,7.48106799227262,2.5378863151238,2024-04-15,13
2024-04-15 14:00:00,27.049579911837,5.92361296323161,8.01066983747751,2.78145645558712,2024-04-15,14
2024-04-15 15:00:00,27.1229460514573,7.0121941258348,7.2488616612535,2.32123412482194,2024-04-15,15
2024-04-15 16:00:00,27.8854900316068,6.87343600809321,8.40011155729213,4.08444943451191,2024-04-15,16
2024-04-15 17:00:00,27.8510726663655,6.4626244499801,8.14539461809723,3.45290893973296,2024-04-15,17
2024-04-15 18:00:00,26.5525695741322,6.78659142139052,7.77518816792381,3.59354276963485,2024-04-15,18
2024-04-15 19:00:00,27.3329604665999,7.00817692830207,7.83197953571839,3.43943053058495,2024-04-15,19
2024-04-15 20:00:00,26.8742520871505,6.41107911065439,7.89362409345333,3.55672013729217,2024-04-15,20
2024-04-15 21:00:00,26.5448970535948,6.01424247359893,7.70627631852232,3.34357341697528,2024-04-15,21
2024-04-15 22:00:00,27.1697897697454,7.98334465961209,7.87045002099326,3.4264961773642,2024-04-15,22
2024-04-15 23:00:00,27.1149103269265,6.52003637717384,7.79976000468265,3.35626947757587,2024-04-15,23
2024-04-16 00:00:00,28.7560298918073,6.84194393808787,7.8102027293815,3.04830552360521,2024-04-16,0
2024-04-16 01:00:00,27.5597758952164,7.50650384101219,7.86810682333093,3.28995135095769,2024-04-16,1
2024-04-16 02:00:00,26.4734294995475,9.01743311254229,7.55415916234566,3.42764566650252,2024-04-16,2
2024-04-16 03:00:00,26.9611355974974,6.15330813006668,7.83830964206807,3.35753612140742,2024-04-16,3
2024-04-16 04:00:00,27.9128299772576,7.16989632823591,7.86432402678967,2.67455799366607,2024-04-16,4
2024-04-16 05:00:00,28.553065663722,6.47546862882354,7.85705842048474,2.73165573249838,2024-04-16,5
2024-04-16 06:00:00,26.3484100126572,6.57672581725397,7.78467554135841,3.77562181658405,2024-04-16,6
2024-04-16 07:00:00,26.1720453689166,6.46787278739593,8.06895013295357,3.17799256027014,2024-04-16,7
2024-04-16 08:00:00,28.4225791052231,6.22460701931965,7.75573296347487,3.56143189922545,2024-04-16,8
2024-04-16 09:00:00,27.5337685064225,6.8752251829292,7.87773844043287,2.84038843881937,2024-04-16,9
2024-04-16 10:00:00,26.7790243608742,6.01529838777106,8.10243248212436,2.67654727304199,2024-04-16,10
2024-04-16 11:00:00,27.6207774516735,7.46808453990712,7.81333101059574,2.94725345661136,2024-04-16,11
2024-04-16 12:00:00,25.7185513565899,6.93300176162003,7.87503728616819,3.21429701956829,2024-04-16,12
2024-04-16 13:00:00,27.3020253039583,7.15346098374086,7.80975922637387,3.0239896713077,2024-04-16,13
2024-04-16 14:00:00,27.4966927037059,6.62028683283227,8.08984765664836,3.86639141493546,2024-04-16,14
2024-04-16 15:00:00,27.8545620837227,6.67967763947295,7.77587784206688,3.38719501966111,2024-04-16,15
2024-04-16 16:00:00,26.6916624286245,7.0725383431004,8.09950446123052,4.1050436059816,2024-04-16,16
2024-04-16 17:00:00,27.351412296842,6.20156962055651,7.80824654212412,3.48389550625071,2024-04-16,17
2024-04-16 18:00:00,26.7447452243643,6.685205739352,7.64951345807592,2.27260314829448,2024-04-16,18
2024-04-16 19:00:00,27.4532302534046,6.38423189167293,7.97266836582057,3.76409789077718,2024-04-16,19
2024-04-16 20:00:00,26.7627922065822,6.36565871364539,7.76601975491131,2.66089280233792,2024-04-16,20
2024-04-16 21:00:00,27.0551394965039,5.63409705562462,7.96030518881083,3.40912947690088,2024-04-16,21
2024-04-16 22:00:00,26.7025107631259,7.703595953688,7.25682507916602,2.97688585520455,2024-04-16,22
2024-04-16 23:00:00,27.6906817450942,6.48807674810774,7.83109310499794,4.2313657448196,2024-04-16,23
2024-04-17 00:00:00,27.815070669994,7.59802563309813,7.73348288726093,3.92902710879496,2024-04-17,0
2024-04-17 01:00:00,27.1592276580256,7.54127539283658,7.60671567582843,2.99101712406824,2024-04-17,1
2024-04-17 02:00:00,27.322942796976,6.1284001760901,7.71381938961364,3.25523620270792,2024-04-17,2
2024-04-17 03:00:00,26.4308451512199,6.24695325859629,7.70952233969854,3.41517716994916,2024-04-17,3
2024-04-17 04:00:00,27.1201940111959,8.43630177561341,7.81992298308138,3.68126805077149,2024-04-17,4
2024-04-17 05:00:00,27.269877229775,7.95055556515629,7.54286144313016,3.32253532229976,2024-04-17,5
2024-04-17 06:00:00,28.872475854618,6.88108889200314,7.89641749385454,2.86929519326623,2024-04-17,6
2024-04-17 07:00:00,26.6328197845355,7.05442386385041,8.11690510489322,3.00144978514398,2024-04-17,7
2024-04-17 08:00:00,28.1785063432515,6.52149215823169,7.88899498435904,3.30807282755798,2024-04-17,8
2024-04-17 09:00:00,27.8981152640795,7.1594116285202,7.99988760793809,3.84081650086882,2024-04-17,9
2024-04-17 10:00:00,27.4683818426941,6.46969085956652,8.0598581154689,3.4939702800305,2024-04-17,10
2024-04-17 11:00:00,28.3551722905171,5.68058774142097,8.08966279755868,2.97743158155554,2024-04-17,11
2024-04-17 12:00:00,27.5232632835641,6.10706652809337,8.22272912549247,3.58880029441521,2024-04-17,12
2024-04-17 13:00:00,27.5334955174008,6.91265564871035,7.72516758036205,3.14359651928239,2024-04-17,13
2024-04-17 14:00:00,27.2681276081895,6.22135965869845,7.67911836311617,3.69287544223034,2024-04-17,14
2024-04-17 15:00:00,28.0341413294512,6.85963352105188,7.99452778614819,4.3966144798813,2024-04-17,15
2024-04-17 16:00:00,27.9578815402865,6.25520337634028,7.97873590612805,3.15570466049427,2024-04-17,16
2024-04-17 17:00:00,26.9245936275023,6.4305876464988,7.9928918129193,3.65469021868234,2024-04-17,17
2024-04-17 18:00:00,26.5084516832407,7.41189918384792,8.22674931539255,2.98948086722378,2024-04-17,18
2024-04-17 19:00:00,27.1782116175626,7.04848832858406,7.83238768084768,3.26172658010774,2024-04-17,19
2024-04-17 20:00:00,26.8199768613614,6.89420134721199,7.9194928775257,3.322711783355,2024-04-17,20
2024-04-17 21:00:00,27.2618852552308,7.42737838384239,7.62411846718847,3.22671602618092,2024-04-17,21
2024-04-17 22:00:00,28.0424628808105,7.18836515600841,8.27841743603495,4.36909588617326,2024-04-17,22
2024-04-17 23:00:00,27.0256190069479,7.76793797475082,7.75932556654609,3.1781649778883,2024-04-17,23
2024-04-18 00:00:00,27.2743059712131,6.62408444261092,7.76527465508623,3.56234616167749,2024-04-18,0
2024-04-18 01:00:00,27.334813640885,6.6422190128835,7.75718252288827,2.48006264619092,2024-04-18,1
2024-04-18 02:00:00,27.8090585293232,6.11933444016519,7.69457186968469,3.49575852224893,2024-04-18,2
2024-04-18 03:00:00,25.9518663996092,6.64261156957655,7.67681821974199,3.80108347471147,2024-04-18,3
2024-04-18 04:00:00,26.9359798231408,7.47886193658147,7.7200221005932,3.08313314269101,2024-04-18,4
2024-04-18 05:00:00,27.4267702153677,7.67999242335728,7.5431828551093,2.23060447935262,2024-04-18,5
2024-04-18 06:00:00,28.0200473738561,7.476183100852,7.66508323674472,3.29337973940425,2024-04-18,6
2024-04-18 07:00:00,27.0048585314963,5.82348488007034,8.239282253404,3.31738905566578,2024-04-18,7
2024-04-18 08:00:00,26.1740683763749,7.54988712759644,7.98448758016469,3.62135227182005,2024-04-18,8
2024-04-18 09:00:00,27.6718268675797,5.79688882603676,8.02443987711282,4.17468830522778,2024-04-18,9
2024-04-18 10:00:00,26.9187825667046,7.43887039447341,8.07721384535755,3.14657693024187,2024-04-18,10
2024-04-18 11:00:00,26.5862000045458,6.67932928405737,8.2151682585161,2.94179610682608,2024-04-18,11
2024-04-18 12:00:00,26.9253927661721,7.32151998836031,7.45800126419679,2.80822534541028,2024-04-18,12
2024-04-18 13:00:00,27.1892847854065,6.10053099126326,7.57172454578983,3.39517380532359,2024-04-18,13
2024-04-18 14:00:00,26.9371532012771,7.60270057962369,7.66121803121212,3.51612233129196,2024-04-18,14
2024-04-18 15:00:00,25.9766603657406,6.02101515233707,7.73135674273719,3.07536818042409,2024-04-18,15
2024-04-18 16:00:00,27.8382397181323,6.49892705348809,7.7668804279771,3.64483358066209,2024-04-18,16
2024-04-18 17:00:00,28.0649250247672,6.30114322333858,7.73613471391073,3.51011515303225,2024-04-18,17
2024-04-18 18:00:00,27.6909131948037,5.8474290883065,7.87605487175773,3.3285896265473,2024-04-18,18
2024-04-18 19:00:00,26.6173885977451,6.95671654055308,7.8374120320565,2.92196167008003,2024-04-18,19
2024-04-18 20:00:00,27.1791050796315,7.98365347070218,7.67820469301257,3.10279834434157,2024-04-18,20
2024-04-18 21:00:00,27.2960872108623,8.50014313339201,7.37313475683261,2.26520522199651,2024-04-18,21
2024-04-18 22:00:00,27.6592766337372,6.95829347225175,7.62149757187047,3.41138843760515,2024-04-18,22
2024-04-18 23:00:00,27.7010042932309,7.57000876504051,7.71465988280436,3.3213267541614,2024-04-18,23
2024-04-19 00:00:00,26.8594957207329,7.03925678275712,7.77811331827038,3.39104596616848,2024-04-19,0
2024-04-19 01:00:00,27.3491973338481,7.19932991686093,7.59276983354479,3.52685717669276,2024-04-19,1
2024-04-19 02:00:00,27.5743682427692,6.69471080932366,7.72693064203575,3.47590323916586,2024-04-19,2
2024-04-19 03:00:00,28.1734933932881,7.01704615525356,7.59249264841803,3.26253523232221,2024-04-19,3
2024-04-19 04:00:00,27.7227039238948,7.22248722276386,7.80357793617485,3.33092725855998,2024-04-19,4
2024-04-19 05:00:00,27.7734340124253,6.5529241626742,7.60465082104385,2.70614394082065,2024-04-19,5
2024-04-19 06:00:00,27.3502959767576,6.85350342006421,7.6517300221622,3.05900012235355,2024-04-19,6
2024-04-19 07:00:00,28.1462754871221,6.86494192860151,7.55517633249228,3.33170255308389,2024-04-19,7
2024-04-19 08:00:00,27.5458576775757,7.39584199039832,7.79776485393035,2.99358296235769,2024-04-19,8
2024-04-19 09:00:00,26.7833472538959,6.26038069702339,7.64804596831,3.6798648422252,2024-04-19,9
2024-04-19 10:00:00,28.1420219820751,6.86907467483541,8.02042469600184,3.02678820518934,2024-04-19,10
2024-04-19 11:00:00,27.7187419635234,8.04720328143162,7.91522855600551,3.40301132683678,2024-04-19,11
2024-04-19 12:00:00,27.0341735873229,7.59843609155156,7.81533110768144,3.3601232324306,2024-04-19,12
2024-04-19 13:00:00,27.0123042195605,7.70950742933322,7.66252804555781,3.63089936525248,2024-04-19,13
2024-04-19 14:00:00,27.4779453270845,6.91465910410682,7.90990926411642,3.69734020483217,2024-04-19,14
2024-04-19 15:00:00,27.5779108771606,7.09259853821162,7.97504718676321,3.60843402271621,2024-04-19,15
2024-04-19 16:00:00,27.4183753593787,7.50134170002176,7.85996456656234,2.40441733340525,2024-04-19,16
2024-04-19 17:00:00,27.4867852040657,7.83615331771856,8.16677738964806,3.82348370364564,2024-04-19,17
2024-04-19 18:00:00,28.3199744247458,5.72903825227027,7.92652383679571,3.96674253640368,2024-04-19,18
2024-04-19 19:00:00,27.9429258913409,6.11073521577009,8.02185751568929,3.10268655774177,2024-04-19,19
2024-04-19 20:00:00,27.414381354759,7.68566646084159,7.85804873726256,3.41175817244933,2024-04-19,20
2024-04-19 21:00:00,27.8647863484605,6.73386638653872,7.97188953518397,2.92694237754376,2024-04-19,21
2024-04-19 22:00:00,26.6804856578835,6.49696752644515,7.66267594113947,2.47219724210518,2024-04-19,22
2024-04-19 23:00:00,27.5387562299681,6.14750340780264,7.73373634372531,2.99235243581677,2024-04-19,23
2024-04-20 00:00:00,28.3855838098399,6.56698997907354,7.9033663462313,3.07774021303065,2024-04-20,0
2024-04-20 01:00:00,27.1691724627646,6.05857842994571,7.90184089112705,3.15741418551872,2024-04-20,1
2024-04-20 02:00:00,26.7914196428286,8.15465656363949,7.93659848281808,2.89766694129743,2024-04-20,2
2024-04-20 03:00:00,26.9087466668442,6.88653836881166,8.06108250737853,2.99462717826859,2024-04-20,3
2024-04-20 04:00:00,26.6462201775946,6.86522967494237,7.53075605391876,3.30526728169979,2024-04-20,4
2024-04-20 05:00:00,26.8291428551234,7.2528460051007,7.62536496500184,2.97880239726264,2024-04-20,5
2024-04-20 06:00:00,27.077695140846,7.47740710155994,7.87821025462559,3.54371546299651,2024-04-20,6
2024-04-20 07:00:00,26.4566597884928,7.46753289393278,7.67788363732127,3.6031140801009,2024-04-20,7
2024-04-20 08:00:00,27.3093710003698,7.54417316634454,8.53933133067077,4.33356673085073,2024-04-20,8
2024-04-20 09:00:00,27.841366304272,6.52149266952549,7.93830112002573,3.79404237081309,2024-04-20,9
2024-04-20 10:00:00,26.7553462919119,6.72127991702588,7.81355052172467,3.41453431508122,2024-04-20,10
2024-04-20 11:00:00,28.2115703541851,7.36141899326537,7.72175145265239,3.0432863524329,2024-04-20,11
2024-04-20 12:00:00,27.6064752531166,6.58356656301623,7.72916592052946,3.43631136121982,2024-04-20,12
2024-04-20 13:00:00,27.9183483513744,6.89693602078367,7.83632953887619,3.45043626276403,2024-04-20,13
2024-04-20 14:00:00,26.9052992676887,7.13925825865489,7.85351620585047,3.08927537172757,2024-04-20,14
2024-04-20 15:00:00,27.81271513624,7.37111104938623,7.73409317961436,3.64700450060374,2024-04-20,15
2024-04-20 16:00:00,26.6448396597628,5.83339142257788,7.77263802823082,2.70881785368679,2024-04-20,16
2024-04-20 17:00:00,27.8341485005019,7.32884738993337,8.11229976079927,3.20490807071887,2024-04-20,17
2024-04-20 18:00:00,27.4031036038761,6.75976556528897,8.12074604215672,3.54901913750649,2024-04-20,18
2024-04-20 19:00:00,27.6319507319909,7.32447462651863,7.88292713578632,3.1863388165354,2024-04-20,19
2024-04-20 20:00:00,26.5946432366251,7.3661590154129,7.54833545728029,3.22109560652541,2024-04-20,20
2024-04-20 21:00:00,26.762958094634,7.8647490366715,7.9430856628942,3.25075207968732,2024-04-20,21
2024-04-20 22:00:00,27.658336930952,7.71207218857272,8.15639931273832,2.95069146650427,2024-04-20,22
2024-04-20 23:00:00,26.7309911974655,7.70794299756618,8.1176540314121,3.81477740057691,2024-04-20,23
2024-04-21 00:00:00,27.5779237752595,7.76620219149974,7.98422942909003,2.87224380107319,2024-04-21,0
2024-04-21 01:00:00,26.4797173161239,7.07482739088957,8.12870882061002,3.44680851078625,2024-04-21,1
2024-04-21 02:00:00,27.8089045276,6.9193110522221,7.84121069722059,3.48786859626142,2024-04-21,2
2024-04-21 03:00:00,26.5604860111389,7.423690249907,7.96190162366508,2.90209258248014,2024-04-21,3
2024-04-21 04:00:00,27.6313799626077,7.33924857085981,7.68703713107171,3.34143482938372,2024-04-21,4
2024-04-21 05:00:00,27.6753785601876,6.71456025795705,7.8913757457927,2.91885816571978,2024-04-21,5
2024-04-21 06:00:00,26.8819369089423,7.14289404528496,8.10920219123381,3.90814826427406,2024-04-21,6
2024-04-21 07:00:00,27.6492159402508,6.87894211992924,7.70622108358775,2.82032333710023,2024-04-21,7
2024-04-21 08:00:00,27.4562653580001,6.38764025492397,7.6490968798125,3.02882424948026,2024-04-21,8
2024-04-21 09:00:00,26.9766948862844,7.67427644482581,7.85047267719498,2.7835832464071,2024-04-21,9
2024-04-21 10:00:00,26.6948671895543,6.93311954551805,7.78240093721796,2.72618954744695,2024-04-21,10
2024-04-21 11:00:00,26.1224245849965,8.12922495461931,7.96632102142479,3.99422257507939,2024-04-21,11
2024-04-21 12:00:00,27.5097900283798,5.9247046378801,7.73481549955112,3.5433931097824,2024-04-21,12
2024-04-21 13:00:00,26.3611183371828,6.56593273629398,8.19087231927657,3.37032617305123,2024-04-21,13
2024-04-21 14:00:00,27.3572065196648,6.91958330201452,7.55916801942818,3.02767190576082,2024-04-21,14
2024-04-21 15:00:00,27.1419310703507,7.58242865857735,8.09328430510614,3.70027307875011,2024-04-21,15
2024-04-21 16:00:00,27.7074856652629,7.13968162356131,7.6693816620553,2.955584351072,2024-04-21,16
2024-04-21 17:00:00,27.1187727003061,7.08628365250845,7.45284362573736,3.65126489656194,2024-04-21,17
2024-04-21 18:00:00,27.1023313281918,6.22364172446751,7.87995378283326,2.93482015105958,2024-04-21,18
2024-04-21 19:00:00,27.739122422573,6.20583516166232,7.77653232293709,3.03286168819346,2024-04-21,19
2024-04-21 20:00:00,27.5010348174505,7.09350279617394,7.59698203274036,3.63606142603071,2024-04-21,20
2024-04-21 21:00:00,27.4896935743097,6.08153640370899,7.47691085273979,3.68144575798698,2024-04-21,21
2024-04-21 22:00:00,27.5815605538851,6.5808733498264,7.828244234673,3.56691336157561,2024-04-21,22
2024-04-21 23:00:00,26.3786567260757,7.20055039745152,8.034925747241,2.85864013022458,2024-04-21,23
2024-04-22 00:00:00,27.7540732079922,6.31060543663394,7.95284023354815,3.11790744773918,2024-04-22,0
2024-04-22 01:00:00,27.6674812764082,7.86321357741708,7.84190839625625,3.37746645871536,2024-04-22,1
2024-04-22 02:00:00,26.6899901228541,7.63436180654273,7.93055799037573,2.94480918637866,2024-04-22,2
2024-04-22 03:00:00,27.1535517157955,5.95714800099702,7.82428503220065,3.8995139868556,2024-04-22,3
2024-04-22 04:00:00,27.2764156274234,6.34057725409081,7.52975790896362,2.27716281410127,2024-04-22,4
2024-04-22 05:00:00,27.219301929359,5.52853365330303,7.53161226310308,2.97514200839127,2024-04-22,5
2024-04-22 06:00:00,27.5003159799411,6.43044518247112,7.78733460891322,3.09088640376597,2024-04-22,6
2024-04-22 07:00:00,28.1588200690987,7.35983308594344,7.79626280986313,2.08710422414814,2024-04-22,7
2024-04-22 08:00:00,27.9490600366037,6.65166303463509,8.00870636248642,2.70962147399844,2024-04-22,8
2024-04-22 09:00:00,26.5126684839412,7.17647834616958,7.9890338869927,3.57887449039309,2024-04-22,9
2024-04-22 10:00:00,27.6732419941836,5.98659940903095,7.95707793330938,3.32302196371778,2024-04-22,10
2024-04-22 11:00:00,28.0973599917213,7.37878515274914,7.77114063025379,3.98644848947845,2024-04-22,11
2024-04-22 12:00:00,27.5320851124135,6.56693446324299,7.54006304427687,3.97444737173047,2024-04-22,12
2024-04-22 13:00:00,27.9545882551116,6.90730180936974,7.91653493878387,3.4962099427997,2024-04-22,13
2024-04-22 14:00:00,28.5073622674205,6.84427529916417,7.94028555578506,3.44469244707031,2024-04-22,14
2024-04-22 15:00:00,27.9142257276642,6.13707088746463,7.32840839287969,3.33835037668893,2024-04-22,15
2024-04-22 16:00:00,27.449585157385,6.20814940095613,7.65478898081764,2.16831473231182,2024-04-22,16
2024-04-22 17:00:00,27.9270530844509,7.48067668140206,7.68487858074728,2.71033940926979,2024-04-22,17
2024-04-22 18:00:00,27.3869326998581,7.13939529450102,7.85485354223592,3.35329046633254,2024-04-22,18
2024-04-22 19:00:00,27.314341825971,7.53002942493206,7.66129430911921,3.5748910547615,2024-04-22,19
2024-04-22 20:00:00,27.0891514585718,7.09479494130151,7.82199174054683,3.4345580192194,2024-04-22,20
2024-04-22 21:00:00,28.2380480152993,6.98579438088553,7.78578766252587,2.92624006388227,2024-04-22,21
2024-04-22 22:00:00,26.8089428004348,5.86439362879994,7.79657861097708,3.71308470146188,2024-04-22,22
2024-04-22 23:00:00,28.2194206348069,6.7377799819433,7.67955719832284,3.94745093236449,2024-04-22,23
2024-04-23 00:00:00,27.5999184742442,6.88356940775775,7.695813138646,3.71333552812528,2024-04-23,0
2024-04-23 01:00:00,26.4604162951188,8.07186431896355,7.60314391744605,3.7355277117239,2024-04-23,1
2024-04-23 02:00:00,27.5205895757949,7.31217397925921,7.90981416252051,3.06953290687926,2024-04-23,2
2024-04-23 03:00:00,26.039984095409,7.82163670902572,7.94993155200419,3.77265167276134,2024-04-23,3
2024-04-23 04:00:00,27.6753048100986,7.25852262353684,7.66817023047368,3.37267621491089,2024-04-23,4
2024-04-23 05:00:00,27.8311388897934,6.47321806383031,8.14933442016358,3.52996887726446,2024-04-23,5
2024-04-23 06:00:00,26.9445864266088,6.97027452968991,7.76393369603717,3.46713569241463,2024-04-23,6
2024-04-23 07:00:00,27.3741286175734,7.04173418775854,8.15133898099728,3.25776054466062,2024-04-23,7
2024-04-23 08:00:00,28.4724944602502,6.33650665813759,7.69515329349536,2.94019893569741,2024-04-23,8
2024-04-23 09:00:00,26.9965519774428,6.66936757404425,7.40441866691412,3.27468123467176,2024-04-23,9
2024-04-23 10:00:00,26.664655447766,6.7765398037937,7.91446154323159,3.73430749551761,2024-04-23,10
2024-04-23 11:00:00,28.1889980414776,7.86337189953907,7.88219447207499,3.12016540371545,2024-04-23,11
2024-04-23 12:00:00,28.4775523143185,5.65155568476541,7.83722269701459,3.6941393229215,2024-04-23,12
2024-04-23 13:00:00,27.3022174031087,7.62349105242963,7.69513117952676,3.6269403883656,2024-04-23,13
2024-04-23 14:00:00,27.906877821245,6.33792285902437,7.82273983264798,3.18145691928147,2024-04-23,14
2024-04-23 15:00:00,28.1048855493185,6.07675248763823,7.7226355138474,3.90718404455642,2024-04-23,15
2024-04-23 16:00:00,26.854509460477,7.60796527802308,7.76650659107033,3.157114931388,2024-04-23,16
2024-04-23 17:00:00,27.0088164987793,7.33913884154063,8.00674277371067,3.95910515092343,2024-04-23,17
2024-04-23 18:00:00,28.0385247078928,7.65271122142872,7.86868561820132,3.49667460206262,2024-04-23,18
2024-04-23 19:00:00,28.3110085672251,7.38042116852735,7.95808979133972,3.30317765506499,2024-04-23,19
2024-04-23 20:00:00,27.6377285161046,8.13590700104244,7.78130761360858,2.92824540645481,2024-04-23,20
2024-04-23 21:00:00,26.7721113878988,7.23523430216669,7.758176357381,3.27204810104193,2024-04-23,21
2024-04-23 22:00:00,28.4922366670197,6.80611357432611,7.58776866851339,3.2223834091974,2024-04-23,22
2024-04-23 23:00:00,26.9814174613128,7.10575582639281,7.75229231136068,2.76893255434211,2024-04-23,23
2024-04-24 00:00:00,27.0989173312971,7.64608147700758,7.13256594332628,3.2164253682314,2024-04-24,0
2024-04-24 01:00:00,27.5054027006938,6.43237480484393,7.70605338707582,2.96436463255825,2024-04-24,1
2024-04-24 02:00:00,28.2324962524289,6.50886685048117,7.81280642278992,3.56197646066088,2024-04-24,2
2024-04-24 03:00:00,27.8123855859313,6.71462399124126,7.94837146739673,3.87170060456313,2024-04-24,3
2024-04-24 04:00:00,27.5489193002172,5.6372503207408,7.77357764571976,2.78242625919305,2024-04-24,4
2024-04-24 05:00:00,27.5779731180709,6.98284704505053,7.90301144387145,4.04629232319778,2024-04-24,5
2024-04-24 06:00:00,27.3261088011861,5.76832277762938,7.37224438110805,3.25472305521439,2024-04-24,6
2024-04-24 07:00:00,27.6348837087111,6.93183558775957,7.81806426103654,2.89074080447644,2024-04-24,7
2024-04-24 08:00:00,25.7822639533834,7.41917385368115,7.47730441348819,3.63583455548952,2024-04-24,8
2024-04-24 09:00:00,27.1220355245581,6.6138741236137,7.57625626171154,3.11802457435033,2024-04-24,9
2024-04-24 10:00:00,27.4447931609501,7.90626952211212,7.79069523494859,3.27485322930646,2024-04-24,10
2024-04-24 11:00:00,26.6093915498283,6.02369946034891,8.09801543745345,3.13616035498881,2024-04-24,11
2024-04-24 12:00:00,27.5317939906869,7.6147564089791,7.90795342032871,2.95880268929809,2024-04-24,12
2024-04-24 13:00:00,27.1773172674083,7.30508223384415,7.8338285093988,3.62131872393282,2024-04-24,13
2024-04-24 14:00:00,28.3532854189893,5.87038005101359,7.82589861821191,3.1868903967555,2024-04-24,14
2024-04-24 15:00:00,28.2438118351289,8.52647657942432,7.68013793242706,2.69223972936293,2024-04-24,15
2024-04-24 16:00:00,27.0205166585291,6.86175282869762,7.71576348319174,3.54695585341285,2024-04-24,16
2024-04-24 17:00:00,27.20949737306,6.37350958670662,7.91974896954887,2.79159958905979,2024-04-24,17
2024-04-24 18:00:00,27.255631460635,6.05574768312959,7.53907429112666,2.81409812574964,2024-04-24,18
2024-04-24 19:00:00,27.0290043143042,6.7679891834042,7.95454135055944,3.82282066814025,2024-04-24,19
2024-04-24 20:00:00,27.4170149904169,6.82355587656603,7.74841351590504,2.79557384333961,2024-04-24,20
2024-04-24 21:00:00,26.8450307586675,6.9615873171238,8.00336698572261,2.31392871152118,2024-04-24,21
2024-04-24 22:00:00,26.6216307990375,6.72132230626562,8.03182962601874,3.57783043853344,2024-04-24,22
2024-04-24 23:00:00,27.6736267343402,7.27993518606906,7.4786523573738,3.17933872532311,2024-04-24,23
2024-04-25 00:00:00,27.6777177505331,6.66742210040205,7.70786803972229,3.21640829791061,2024-04-25,0
2024-04-25 01:00:00,26.817410544204,5.73902152965572,7.65033918553247,3.17476483085941,2024-04-25,1
2024-04-25 02:00:00,27.8372132584576,6.81038310261022,7.44932712733464,3.40961807377805,2024-04-25,2
2024-04-25 03:00:00,26.9210533625008,5.47951340797603,7.61316801199602,2.98633072598168,2024-04-25,3
2024-04-25 04:00:00,27.4518991428228,7.11226237853483,8.34266372750572,3.94472939606328,2024-04-25,4
2024-04-25 05:00:00,27.7922064075675,6.31241986183042,7.95799707820461,2.67522089346696,2024-04-25,5
2024-04-25 06:00:00,27.2798324611778,6.99801621294948,8.23263047340721,3.50129621417116,2024-04-25,6
2024-04-25 07:00:00,27.5728445472847,7.68844498891476,8.00411067240385,3.58611203166693,2024-04-25,7
2024-04-25 08:00:00,26.9901422136675,6.3307507828392,7.67421293618822,2.98334974284165,2024-04-25,8
2024-04-25 09:00:00,27.1821200499431,7.53675375510727,7.74982804869845,2.86979418853054,2024-04-25,9
2024-04-25 10:00:00,27.1764843414718,6.63996625998831,7.95357159785046,3.74738491209317,2024-04-25,10
2024-04-25 11:00:00,26.8520529920759,7.95191688123935,7.92187630272934,2.88392987577281,2024-04-25,11
2024-04-25 12:00:00,27.1939355021305,6.68090843208107,7.70875817670125,3.04913450547726,2024-04-25,12
2024-04-25 13:00:00,26.3708290206818,6.39570420869599,7.51290143417837,3.69154285385769,2024-04-25,13
2024-04-25 14:00:00,27.0053077517147,7.31234307023717,8.52042984935163,3.32493873042178,2024-04-25,14
2024-04-25 15:00:00,27.1290747039782,6.63852616222582,7.80035856880801,2.53722822291949,2024-04-25,15
2024-04-25 16:00:00,27.1462921485028,6.3951302915226,7.76159483243165,4.06123543215801,2024-04-25,16
2024-04-25 17:00:00,27.1551015324775,6.61329608957773,7.85380023742011,3.08209537372462,2024-04-25,17
2024-04-25 18:00:00,27.2629414800839,6.8732360806902,7.77902699624468,3.13681436534024,2024-04-25,18
2024-04-25 19:00:00,27.5876649108516,7.70530807874691,7.85577307061815,3.41998722850034,2024-04-25,19
2024-04-25 20:00:00,27.8247102444795,5.73954735272425,8.10025893008445,3.57878302271175,2024-04-25,20
2024-04-25 21:00:00,26.910140863891,6.91384839537025,7.80384481926585,4.15327484525533,2024-04-25,21
2024-04-25 22:00:00,26.5780794867665,7.27494215679243,7.58583080774117,2.59617069575555,2024-04-25,22
2024-04-25 23:00:00,26.6747733526541,7.01606914499508,7.79605480315949,3.66515944983816,2024-04-25,23
2024-04-26 00:00:00,27.0076782472831,7.68591910166012,7.73247562590392,3.62949416844153,2024-04-26,0
2024-04-26 01:00:00,27.0888472093101,6.85539280214489,8.12901877682184,3.25101908832413,2024-04-26,1
2024-04-26 02:00:00,26.8380023602815,6.78926913468843,8.07593500359489,3.64852768877098,2024-04-26,2
2024-04-26 03:00:00,26.5223300014501,7.25539772820801,7.85258025009047,3.71173782758372,2024-04-26,3
2024-04-26 04:00:00,27.0263275035155,6.95958828897081,7.56146547048796,2.71575600245559,2024-04-26,4
2024-04-26 05:00:00,27.4088559720684,6.66575475703172,7.57256262467761,4.06239959752876,2024-04-26,5
2024-04-26 06:00:00,27.6570176795013,7.20968642375183,7.83317588493276,2.6397322311506,2024-04-26,6
2024-04-26 07:00:00,26.965546168135,6.50848302407001,7.90062782355747,2.82181399906733,2024-04-26,7
2024-04-26 08:00:00,27.0522013067139,6.5332937087884,7.75132920794153,3.19743130034164,2024-04-26,8
2024-04-26 09:00:00,26.7439810146916,6.58320358694063,7.72916438731648,4.13772442067043,2024-04-26,9
2024-04-26 10:00:00,27.2811364977751,7.71184149609984,7.70551216103248,3.17744964920604,2024-04-26,10
2024-04-26 11:00:00,26.7909428194855,4.96739018640857,7.82508726834877,3.29626842727815,2024-04-26,11
2024-04-26 12:00:00,27.6438766879447,7.13735930085777,7.32961990606466,3.92579379967896,2024-04-26,12
2024-04-26 13:00:00,26.2284801048395,6.92056308852013,7.59872140795836,3.18086319869685,2024-04-26,13
2024-04-26 14:00:00,27.0842221965285,5.89147772445713,7.69831932245606,2.80327221343981,2024-04-26,14
2024-04-26 15:00:00,27.4806644035151,7.0858360674816,8.0835756709399,3.13058902084753,2024-04-26,15
2024-04-26 16:00:00,27.4103007097935,7.18545119509892,7.65909913519493,3.89944048853648,2024-04-26,16
2024-04-26 17:00:00,28.9158201983883,7.25378353881444,7.86789830978455,3.34047194873371,2024-04-26,17
2024-04-26 18:00:00,27.5098800147407,5.30890316217303,7.87757397769551,4.14018305139419,2024-04-26,18
2024-04-26 19:00:00,26.6975672418948,7.71983364711266,8.10256246618876,3.62731201829273,2024-04-26,19
2024-04-26 20:00:00,27.2427214517466,6.4573579771891,8.09514125546247,3.0327321573508,2024-04-26,20
2024-04-26 21:00:00,26.2342521999201,7.31194064805191,7.81792437655307,3.33196281091998,2024-04-26,21
2024-04-26 22:00:00,27.251640150422,7.34464426840937,7.73014820435022,2.94311620919899,2024-04-26,22
2024-04-26 23:00:00,26.8001663657995,6.37398174862843,7.69059504840661,3.02257379682103,2024-04-26,23
2024-04-27 00:00:00,27.8492341653361,7.29627597141093,7.77937672328219,5.23600622794108,2024-04-27,0
2024-04-27 01:00:00,26.9702758352427,6.66870405545259,7.73885299559204,3.74800853931454,2024-04-27,1
2024-04-27 02:00:00,27.2299404505229,5.65717369239711,7.94626175596523,3.68027213527287,2024-04-27,2
2024-04-27 03:00:00,26.9186652951574,7.60064515531667,7.91826506167189,3.04203246441753,2024-04-27,3
2024-04-27 04:00:00,28.343310811112,6.43497302219026,7.95427825014045,3.98492114850086,2024-04-27,4
2024-04-27 05:00:00,27.1072543403293,6.38730392235717,8.0944495794016,3.78274870877096,2024-04-27,5
2024-04-27 06:00:00,28.3995342260875,6.65816047917797,8.22120251549404,4.11909715442384,2024-04-27,6
2024-04-27 07:00:00,27.788491057271,7.06334203519643,7.85617931261559,4.09823908381133,2024-04-27,7
2024-04-27 08:00:00,27.5892400364012,6.86563775350674,8.06088739199309,2.67399160611807,2024-04-27,8
2024-04-27 09:00:00,27.5212398883905,7.2288401548243,7.75615136139482,2.83276901961394,2024-04-27,9
2024-04-27 10:00:00,27.5362783789298,6.09630638008281,8.07885146655243,2.87837123935064,2024-04-27,10
2024-04-27 11:00:00,26.1433964523926,6.45456817774156,8.05291692300693,2.90410552336705,2024-04-27,11
2024-04-27 12:00:00,27.1326699635096,6.83040175660708,8.04176735368803,3.44908451663197,2024-04-27,12
2024-04-27 13:00:00,27.8070947827106,8.03873237559522,7.84975466665022,3.0662745155988,2024-04-27,13
2024-04-27 14:00:00,27.2706616899155,6.83171247695175,7.68964478556191,4.20121737252788,2024-04-27,14
2024-04-27 15:00:00,26.4568860919179,7.55113335819698,7.53714902804825,4.1290123492951,2024-04-27,15
2024-04-27 16:00:00,27.2685573296535,6.92313310127059,7.82159218642057,3.30722151454601,2024-04-27,16
2024-04-27 17:00:00,28.3224633097533,6.60980481753746,8.15193263387233,4.15079027294441,2024-04-27,17
2024-04-27 18:00:00,28.0481350293208,6.75196534553134,7.76493257071355,3.94989788971329,2024-04-27,18
2024-04-27 19:00:00,27.2627975943804,6.79894817278267,7.99487658294661,3.11619617955378,2024-04-27,19
2024-04-27 20:00:00,27.8708695662349,7.26218744337644,8.00722979410898,2.44603740206901,2024-04-27,20
2024-04-27 21:00:00,27.0800957877792,7.72476676054593,7.77042589360529,3.21627359446689,2024-04-27,21
2024-04-27 22:00:00,26.277677047904,7.11580850861179,8.1064324158791,3.03281248363626,2024-04-27,22
2024-04-27 23:00:00,26.7453204071223,7.61224660724505,7.2191812436591,3.39879741881271,2024-04-27,23
2024-04-28 00:00:00,28.2377332611049,6.32112615742219,7.57322244146498,3.34836816335614,2024-04-28,0
2024-04-28 01:00:00,27.1356041509024,6.65122169471158,7.63771721776472,3.33709759332667,2024-04-28,1
2024-04-28 02:00:00,27.153969612375,6.4654184794754,7.65785984519785,3.53518443879304,2024-04-28,2
2024-04-28 03:00:00,27.1200970822351,7.08866675452491,7.90061521974904,2.78861556275402,2024-04-28,3
2024-04-28 04:00:00,28.4424819537438,6.68462496889235,7.89090793864132,3.48688491935497,2024-04-28,4
2024-04-28 05:00:00,28.2755753492172,7.33786376222052,7.91273802015675,3.12096505420269,2024-04-28,5
2024-04-28 06:00:00,28.6312681400689,6.34139897302054,7.95517711376782,3.39599234594139,2024-04-28,6
2024-04-28 07:00:00,27.20457287376,6.92581858399277,7.63047804047941,3.72168623344984,2024-04-28,7
2024-04-28 08:00:00,27.4773746932483,7.31211474660735,7.57418302597046,2.78350809751496,2024-04-28,8
2024-04-28 09:00:00,26.3900144703475,5.66081833497563,7.91322713322165,3.18904372935209,2024-04-28,9
2024-04-28 10:00:00,28.186160655671,8.17297878439812,7.69765126453425,3.25903027936759,2024-04-28,10
2024-04-28 11:00:00,26.5993322692392,6.73010886907208,7.50020024047273,3.08886434222463,2024-04-28,11
2024-04-28 12:00:00,27.4300653382576,5.6849760517943,8.03398229975371,3.69692668333717,2024-04-28,12
2024-04-28 13:00:00,26.6416184834203,6.99485633914607,8.12297140036548,3.0002330057158,2024-04-28,13
2024-04-28 14:00:00,26.9466799039568,6.92006608078389,8.15700378683672,3.0711778282398,2024-04-28,14
2024-04-28 15:00:00,26.7976425413702,6.8508633722565,7.86927162150969,3.00473477283061,2024-04-28,15
2024-04-28 16:00:00,26.9352748435945,7.494714667756,7.96144574015431,3.77958382691869,2024-04-28,16
2024-04-28 17:00:00,26.9765263781106,7.34846698285623,8.117672326906,3.09824903166275,2024-04-28,17
2024-04-28 18:00:00,26.971038723045,7.07872571461431,7.69530268409508,3.50781951807993,2024-04-28,18
2024-04-28 19:00:00,27.8000003470682,7.17009338036799,8.06324231365136,4.15955319352893,2024-04-28,19
2024-04-28 20:00:00,26.6370823241625,6.83738493033715,7.88783320917007,3.27782807924925,2024-04-28,20
2024-04-28 21:00:00,27.4323248562083,7.96529450954403,8.02187944699194,3.78818609241426,2024-04-28,21
2024-04-28 22:00:00,28.0307754913833,6.01248238898534,7.86907953438395,4.02868225616005,2024-04-28,22
2024-04-28 23:00:00,26.992082181292,6.98379100452954,8.10221390904708,3.75169237081738,2024-04-28,23
2024-04-29 00:00:00,26.8692486655514,6.93901477871327,7.87693999013372,3.30277543412957,2024-04-29,0
2024-04-29 01:00:00,27.1616852248919,7.38796824363876,7.51836439751184,3.5861063363694,2024-04-29,1
2024-04-29 02:00:00,28.0078351250164,6.39368767354506,8.13490459278609,2.7564272049518,2024-04-29,2
2024-04-29 03:00:00,27.416464578572,5.85379643856208,7.63101854439586,2.97458144199552,2024-04-29,3
2024-04-29 04:00:00,26.9812714232354,6.99409380965892,8.09314222415122,3.04998967189828,2024-04-29,4
2024-04-29 05:00:00,27.5903259907128,7.06873829533116,7.81104899489753,4.27346321167494,2024-04-29,5
2024-04-29 06:00:00,26.6386247100982,7.79375964566859,8.07696230689152,2.96058865887024,2024-04-29,6
2024-04-29 07:00:00,27.7088157062658,6.13778277220495,8.06830140912202,2.95418499695741,2024-04-29,7
2024-04-29 08:00:00,27.5451643846211,7.59281626003003,7.92033002460623,2.86111397849294,2024-04-29,8
2024-04-29 09:00:00,27.1153149173167,8.32044861841627,7.9367924167017,3.55071905763023,2024-04-29,9
2024-04-29 10:00:00,26.7968485209317,6.67334106748651,7.91875200961044,3.37132719884762,2024-04-29,10
2024-04-29 11:00:00,26.7679914466299,6.12543466830407,7.40709680118097,3.77730636012142,2024-04-29,11
2024-04-29 12:00:00,27.6208904018076,6.65581538017598,7.85484934596862,3.59864165641326,2024-04-29,12
2024-04-29 13:00:00,28.0373883014934,6.90840298042283,7.5956265230249,2.71643236590865,2024-04-29,13
2024-04-29 14:00:00,26.9176153517827,7.23827272500415,7.86594930018659,2.96287055889554,2024-04-29,14
2024-04-29 15:00:00,27.5750320221309,6.54516316209717,7.58998206525953,3.8970913617586,2024-04-29,15
2024-04-29 16:00:00,26.0477837888388,7.83311912048841,7.58116009234252,3.22258175483197,2024-04-29,16
2024-04-29 17:00:00,26.9492293616057,6.23128061099516,8.16703624536832,3.82066448174775,2024-04-29,17
2024-04-29 18:00:00,27.2813646402775,5.85647690869632,8.05458395150608,3.24563719239641,2024-04-29,18
2024-04-29 19:00:00,26.7541899498109,7.56402625457239,7.82913005716173,2.89390773583594,2024-04-29,19
2024-04-29 20:00:00,26.7380961751262,5.53522738127628,7.8688014165523,3.17959786560332,2024-04-29,20
2024-04-29 21:00:00,26.8993322661187,6.77752213867637,7.77793763459397,2.89373858791363,2024-04-29,21
2024-04-29 22:00:00,27.4753156369958,8.77060867752483,7.9496740389557,3.06681231216696,2024-04-29,22
2024-04-29 23:00:00,27.1876025889562,6.89277386822404,7.68802858302475,3.39639805382306,2024-04-29,23
2024-04-30 00:00:00,25.957061260005,6.22753940958225,8.03868545520227,3.52999018885868,2024-04-30,0
2024-04-30 01:00:00,26.027579908419,6.86556152172792,7.77685176338704,2.62621773100065,2024-04-30,1
2024-04-30 02:00:00,26.9358808932857,6.86951952682828,7.74183213087544,3.30253175677109,2024-04-30,2
2024-04-30 03:00:00,27.5746119516321,6.99638996421187,7.83455973388182,3.05775523370931,2024-04-30,3
2024-04-30 04:00:00,25.6514970943649,7.29735778929577,7.70585916571562,3.03118163214771,2024-04-30,4
2024-04-30 05:00:00,27.000161894309,6.27653329897936,7.89902329339426,3.36705438622722,2024-04-30,5
2024-04-30 06:00:00,26.9842512860896,7.91252883314208,7.71715385624419,3.07330569474364,2024-04-30,6
2024-04-30 07:00:00,28.1330026669251,7.04706857062357,7.92838995659196,3.90431933778407,2024-04-30,7
2024-04-30 08:00:00,27.0689869129723,7.33607642784108,8.08536137317141,3.82086660678796,2024-04-30,8
2024-04-30 09:00:00,27.5297933908446,6.52311036014662,7.67894244577028,3.81818616639508,2024-04-30,9
2024-04-30 10:00:00,27.3847542840525,7.67182928219732,7.80257915396801,3.09718861593917,2024-04-30,10
2024-04-30 11:00:00,26.0216601121157,6.74576855471216,7.92687944973744,2.89612550098469,2024-04-30,11
2024-04-30 12:00:00,27.760924329979,7.06653150809612,7.73846995545391,3.34527286963689,2024-04-30,12
2024-04-30 13:00:00,27.4292379032738,6.34013635368773,7.9275073177736,3.24535020249691,2024-04-30,13
2024-04-30 14:00:00,27.6049611838048,6.30184102415872,7.94663376073687,3.04820604015795,2024-04-30,14
2024-04-30 15:00:00,29.6557426238618,7.31292318387173,8.0574849730218,2.80443418793321,2024-04-30,15
2024-04-30 16:00:00,26.0495322363009,6.63383590187557,7.70274209032217,3.29214727321473,2024-04-30,16
2024-04-30 17:00:00,28.3348179898567,6.38770614749737,7.6320171995516,3.13625013639144,2024-04-30,17
2024-04-30 18:00:00,27.1275314883598,6.51408999478378,7.76540874819161,3.60598922592635,2024-04-30,18
2024-04-30 19:00:00,27.4723973426418,7.31937184303045,7.62677200869511,3.59599560215424,2024-04-30,19
2024-04-30 20:00:00,27.2726926528193,6.52257728327783,7.94854462284997,3.78334391633177,2024-04-30,20
2024-04-30 21:00:00,27.0454581999612,6.8294070410387,7.58603222696295,2.76850291269158,2024-04-30,21
2024-04-30 22:00:00,26.9581002430567,6.90901665017226,8.31993344783306,3.48245507230826,2024-04-30,22
2024-04-30 23:00:00,27.4977052413438,5.74959066839382,8.10214485093049,2.99718974631952,2024-04-30,23
2024-05-01 00:00:00,26.389695781997,6.01732415677589,7.83264091161607,2.78522188935123,2024-05-01,0
2024-05-01 01:00:00,27.7503475005131,7.10176673354854,8.01215284352958,3.12570103811206,2024-05-01,1
2024-05-01 02:00:00,27.0502833570689,6.45778238330838,7.48627160849473,3.76954314145789,2024-05-01,2
2024-05-01 03:00:00,26.6219583965758,7.53403494676825,8.35990839959391,3.14990310796469,2024-05-01,3
2024-05-01 04:00:00,27.0299922852025,7.48008426255033,7.7060549314379,3.98314550378242,2024-05-01,4
2024-05-01 05:00:00,28.0542895301175,7.33150119981326,7.80469554308113,3.54601776167374,2024-05-01,5
2024-05-01 06:00:00,26.9787989477903,7.99186307238756,7.44025400969043,3.14054109403835,2024-05-01,6
2024-05-01 07:00:00,27.5150721709258,6.85014640335409,7.93212033399559,3.80882082442976,2024-05-01,7
2024-05-01 08:00:00,26.8614262345707,7.2893291555423,7.59766772701381,3.50152061200914,2024-05-01,8
2024-05-01 09:00:00,27.7547531099542,6.54935941404238,7.85134770992887,2.90899946296792,2024-05-01,9
2024-05-01 10:00:00,27.7113046432741,8.37142194772124,7.71570236908585,4.10928513329962,2024-05-01,10
2024-05-01 11:00:00,28.4091652999779,8.09018019146161,7.60367377366463,3.42157589392719,2024-05-01,11
2024-05-01 12:00:00,27.1946616327005,6.90712826071068,7.66108408462985,3.31808236255376,2024-05-01,12
2024-05-01 13:00:00,27.7011928828547,7.13195173794312,7.87741548715796,2.94212095194059,2024-05-01,13
2024-05-01 14:00:00,27.3588405237234,7.71557855961888,7.56088689569755,3.81720145507133,2024-05-01,14
2024-05-01 15:00:00,28.0775230691178,6.81171629711154,7.67274954908505,3.53242843376536,2024-05-01,15
2024-05-01 16:00:00,26.8687005674348,6.50602555752018,7.96928741006554,3.58057241752695,2024-05-01,16
2024-05-01 17:00:00,27.7470031877264,7.42439385060413,8.37652077372361,3.09176152228392,2024-05-01,17
2024-05-01 18:00:00,27.18318162233,6.9470635476502,7.93029365210613,3.66866324592133,2024-05-01,18
2024-05-01 19:00:00,27.2614870937349,7.00979666978716,7.63737505514277,3.70207984523545,2024-05-01,19
2024-05-01 20:00:00,27.355051490669,6.39943719415922,7.75290602428481,3.02242535732412,2024-05-01,20
2024-05-01 21:00:00,27.451344237856,5.86939671098196,7.83663369129204,2.70069423993717,2024-05-01,21
2024-05-01 22:00:00,27.2302625741268,7.04168544592746,7.7566207603665,3.55999041551574,2024-05-01,22
2024-05-01 23:00:00,27.4288279099023,7.44297722489652,8.01964221501476,2.63346081166953,2024-05-01,23
2024-05-02 00:00:00,28.2468708345373,6.76451595055438,7.87566943143299,3.37536678447025,2024-05-02,0
2024-05-02 01:00:00,27.8912698113691,7.76185771173532,8.02064900083107,3.11768460494146,2024-05-02,1
2024-05-02 02:00:00,27.8214927554981,6.47765020475067,7.7639668040375,3.83402604063924,2024-05-02,2
2024-05-02 03:00:00,27.0266762843857,6.26717732702045,8.10835504614146,3.1410771269701,2024-05-02,3
2024-05-02 04:00:00,26.766455503063,6.85966181568232,7.79503802730088,3.78612737796164,2024-05-02,4
2024-05-02 05:00:00,27.8731803349427,6.85044445478923,7.62605012748102,3.0888899389239,2024-05-02,5
2024-05-02 06:00:00,27.8256280755179,7.36198123880113,8.28723728001887,3.73999613217563,2024-05-02,6
2024-05-02 07:00:00,28.1836024054506,6.43502230556161,7.44675467313817,4.19594686384984,2024-05-02,7
2024-05-02 08:00:00,26.9376116244185,7.72085654208894,7.67486486768597,2.85073973050252,2024-05-02,8
2024-05-02 09:00:00,27.1622708067838,8.08015017750495,7.69832415111562,3.43557536034429,2024-05-02,9
2024-05-02 10:00:00,26.3163095024847,6.876513583819,8.35674431734188,4.49197643884133,2024-05-02,10
2024-05-02 11:00:00,27.0645173363635,7.64982625211059,8.20944036567077,3.33863319556826,2024-05-02,11
2024-05-02 12:00:00,27.8979423063477,6.26610175762485,8.14372491016486,3.33656895619875,2024-05-02,12
2024-05-02 13:00:00,27.0201027724631,7.54513292470915,7.76056168090097,3.64905454736094,2024-05-02,13
2024-05-02 14:00:00,27.6842878771205,7.52836584513568,8.33949738080677,3.32766477156074,2024-05-02,14
2024-05-02 15:00:00,27.1856981364013,7.41806236811393,7.9073539208066,2.57589282233466,2024-05-02,15
2024-05-02 16:00:00,27.4944342169329,6.89066214667782,8.03522530776366,3.79688357118074,2024-05-02,16
2024-05-02 17:00:00,26.6113851661106,5.12745063525478,7.8677360300323,2.44873218203797,2024-05-02,17
2024-05-02 18:00:00,27.3511256697803,6.51496371380872,7.81961202002212,3.13077959001051,2024-05-02,18
2024-05-02 19:00:00,25.5053184174596,6.52445038938924,7.77712647847546,3.82919307213736,2024-05-02,19
2024-05-02 20:00:00,27.1878623051028,6.31304703716371,7.78597560138198,3.1566867556836,2024-05-02,20
2024-05-02 21:00:00,26.3217160537709,6.97334580272824,7.9577832462224,3.01171050824031,2024-05-02,21
2024-05-02 22:00:00,28.0235967099281,6.64862193268726,7.90711195774283,3.68808347922162,2024-05-02,22
2024-05-02 23:00:00,27.7664444116587,6.40523279414099,7.82339101225723,2.94402064166121,2024-05-02,23
2024-05-03 00:00:00,27.5800025891797,6.26471991105131,8.14700003846676,2.78444294057546,2024-05-03,0
2024-05-03 01:00:00,28.2126037362956,6.47069220870886,7.20698185556445,3.42804101462211,2024-05-03,1
2024-05-03 02:00:00,26.7306500875051,7.57289952710996,7.93707632206345,3.23134298168259,2024-05-03,2
2024-05-03 03:00:00,28.3484179187493,6.5033849672235,7.98072512839839,2.7752205608988,2024-05-03,3
2024-05-03 04:00:00,27.8593149385562,6.59103677614004,8.07086220233359,3.58388959219779,2024-05-03,4
2024-05-03 05:00:00,27.1580668276686,6.62598143098605,7.8163769973788,3.50972967039821,2024-05-03,5
2024-05-03 06:00:00,27.9813720883098,7.10339610828565,7.87366321415063,3.15530534285958,2024-05-03,6
2024-05-03 07:00:00,26.636223892553,7.17374969311712,8.03704916049609,3.18472723736627,2024-05-03,7
2024-05-03 08:00:00,26.8052915030834,5.0732060764541,8.14314494489884,3.51226887906394,2024-05-03,8
2024-05-03 09:00:00,26.9348461660562,7.51298112829657,7.76688744311246,3.82185541049339,2024-05-03,9
2024-05-03 10:00:00,26.9826133751616,7.76182082054625,7.88606491445679,3.18839891965299,2024-05-03,10
2024-05-03 11:00:00,26.6660654143439,6.269888077583,8.18250053251324,3.5915160519935,2024-05-03,11
2024-05-03 12:00:00,28.0338498402572,6.3166210531591,7.38395431406544,3.55303609334638,2024-05-03,12
2024-05-03 13:00:00,27.1446873597781,6.62984796733304,7.68509735403894,3.68810213586486,2024-05-03,13
2024-05-03 14:00:00,27.5115029810141,6.44639758832604,8.13782555550662,3.32690295545969,2024-05-03,14
2024-05-03 15:00:00,26.9577891801518,7.03435612436796,8.05943294505774,2.91770002895147,2024-05-03,15
2024-05-03 16:00:00,26.2076380196709,5.73208482818468,7.93971349429461,3.11112536412401,2024-05-03,16
2024-05-03 17:00:00,27.4620344150349,6.22924343517796,7.73579465664709,3.45742699028611,2024-05-03,17
2024-05-03 18:00:00,26.1526470147481,7.82351832010495,7.64481811521306,4.09193968270409,2024-05-03,18
2024-05-03 19:00:00,27.2588195723487,6.34306801959119,7.7058447199591,3.1018715620256,2024-05-03,19
2024-05-03 20:00:00,26.4790109767003,7.64605696686176,8.15508172637193,3.65605860071678,2024-05-03,20
2024-05-03 21:00:00,28.4923655995385,7.11320291735408,7.69802703527738,3.16893572620899,2024-05-03,21
2024-05-03 22:00:00,27.8468176333048,5.81443937124705,7.85129882249033,3.35750156503104,2024-05-03,22
2024-05-03 23:00:00,27.3634522747629,7.28119751712973,7.67172139457903,3.96162060218335,2024-05-03,23
2024-05-04 00:00:00,28.0582240065928,6.82939961868429,8.0069825463208,3.63864581001079,2024-05-04,0
2024-05-04 01:00:00,26.7922104135206,6.62671976625016,7.71686748112725,2.77624131272139,2024-05-04,1
2024-05-04 02:00:00,27.6260876272021,7.0469742559032,7.80950528306757,3.06383573976102,2024-05-04,2
2024-05-04 03:00:00,27.4198862602312,7.18478009134008,7.47648975206101,3.85017517810978,2024-05-04,3
2024-05-04 04:00:00,27.4584120488002,7.32455509318477,7.49119267039696,3.37100755833025,2024-05-04,4
2024-05-04 05:00:00,28.0634121000641,7.6069517085288,7.83161137059752,2.81599874856518,2024-05-04,5
2024-05-04 06:00:00,27.7394952616679,7.14488154766701,7.55171699740847,2.9578504486613,2024-05-04,6
2024-05-04 07:00:00,27.473234197695,6.07461954672818,8.27206819426025,3.6125022147658,2024-05-04,7
2024-05-04 08:00:00,26.307067538263,6.61581272540929,7.39708014645643,3.73759642092358,2024-05-04,8
2024-05-04 09:00:00,26.7239722228323,8.66582900116117,7.66196318728054,3.31767777963734,2024-05-04,9
2024-05-04 10:00:00,27.2263746398426,7.33469463622904,7.83350718212619,4.37438493440252,2024-05-04,10
2024-05-04 11:00:00,27.356023424566,8.3215723804869,7.75332208306289,3.66438551628592,2024-05-04,11
2024-05-04 12:00:00,26.6218777651957,7.73726044931951,7.59812945410058,3.20530314005785,2024-05-04,12
2024-05-04 13:00:00,28.7470060053471,7.04508124293345,7.62883515370599,2.95924639931728,2024-05-04,13
2024-05-04 14:00:00,28.2098364331521,7.08084424186867,7.62196264372516,2.89079974900521,2024-05-04,14
2024-05-04 15:00:00,27.6612709922355,6.87805197607389,7.76978844408779,3.45423116780656,2024-05-04,15
2024-05-04 16:00:00,27.3432221167703,5.8573172304921,8.23990510879866,3.09982587068724,2024-05-04,16
2024-05-04 17:00:00,27.1726746180593,6.91082835148094,7.84636683227722,4.02970981421287,2024-05-04,17
2024-05-04 18:00:00,26.7288489239867,7.62640473152532,8.07840910277138,3.94051407525468,2024-05-04,18
2024-05-04 19:00:00,27.3464883111113,6.54021600310728,7.93646503262391,3.58221861542381,2024-05-04,19
2024-05-04 20:00:00,27.4546515240857,7.14717179943709,8.06391110357627,2.80303164562854,2024-05-04,20
2024-05-04 21:00:00,26.554943654711,7.41095462753592,7.24200749645535,3.02094588480247,2024-05-04,21
2024-05-04 22:00:00,27.5005058503469,6.35419173641252,7.76606381555887,3.84994133606867,2024-05-04,22
2024-05-04 23:00:00,27.2068445707052,6.6292182813938,8.10449843886165,3.06788153408811,2024-05-04,23
2024-05-05 00:00:00,26.1553154652736,6.28925310571371,7.70993547722264,3.7925209455854,2024-05-05,0
2024-05-05 01:00:00,26.7837689935323,6.40670063598636,8.20011936462262,3.51407968690495,2024-05-05,1
2024-05-05 02:00:00,27.051836679947,6.12743682980816,8.14161693229123,3.33223869046967,2024-05-05,2
2024-05-05 03:00:00,28.4326125944041,6.35973092317318,7.73148254961323,3.00778189043776,2024-05-05,3
2024-05-05 04:00:00,27.6339318747203,7.7516734084787,7.72433566100027,3.26947514728436,2024-05-05,4
2024-05-05 05:00:00,26.4987110585401,6.35071378254582,7.61714277310556,3.39154862059621,2024-05-05,5
2024-05-05 06:00:00,27.5916217736506,6.97587553143641,7.6977852113086,3.75399172626948,2024-05-05,6
2024-05-05 07:00:00,26.371617606637,6.59827874779743,7.57115629652453,2.92913369172749,2024-05-05,7
2024-05-05 08:00:00,27.9496146323323,7.60731956222216,7.92005034789093,3.19698875771377,2024-05-05,8
2024-05-05 09:00:00,27.0173252089093,7.68669737796217,7.52423023639725,3.32927394673088,2024-05-05,9
2024-05-05 10:00:00,27.2438182867565,7.41844198928337,7.95678393339995,3.59495169380505,2024-05-05,10
2024-05-05 11:00:00,28.0954779885253,7.08368073186165,7.96189652634905,2.91936033486521,2024-05-05,11
2024-05-05 12:00:00,26.5277018588495,6.76136427789546,7.48114707491138,2.7438749890585,2024-05-05,12
2024-05-05 13:00:00,26.4617290889322,6.18487517748525,8.15546190732895,3.59980501523532,2024-05-05,13
2024-05-05 14:00:00,26.9498404041924,8.06611732867332,7.9378579518272,2.65728188057292,2024-05-05,14
2024-05-05 15:00:00,27.9230273106116,6.44419618934847,7.98743658450342,3.86254127734773,2024-05-05,15
2024-05-05 16:00:00,26.3883923547139,7.29818780821971,7.67068030767602,3.24295177808235,2024-05-05,16
2024-05-05 17:00:00,25.6007066411337,7.53573934357404,7.96069961487936,2.64456163462199,2024-05-05,17
2024-05-05 18:00:00,27.0293046849546,6.5668317018568,8.06654262444164,3.1034193056565,2024-05-05,18
2024-05-05 19:00:00,27.6310444799466,7.52280751638958,7.80929223620902,3.47302316221977,2024-05-05,19
2024-05-05 20:00:00,28.0201570498433,7.35852792200331,8.25040371644216,3.08093853235136,2024-05-05,20
2024-05-05 21:00:00,27.0221031827488,7.93677830122906,7.83925357333172,3.31861279199447,2024-05-05,21
2024-05-05 22:00:00,27.0531440357304,6.61839212014397,8.06956501809502,3.62823369725327,2024-05-05,22
2024-05-05 23:00:00,27.9923404405535,6.12848158963217,7.89153184952432,3.22305815578332,2024-05-05,23
2024-05-06 00:00:00,26.1781549801828,6.59670614673329,7.95295952189994,2.90706519911956,2024-05-06,0
2024-05-06 01:00:00,27.0668875348902,7.0253121255206,7.4790202237967,3.18143688113011,2024-05-06,1
2024-05-06 02:00:00,27.414254333955,6.93492763625103,7.90792128502523,3.91838125867748,2024-05-06,2
2024-05-06 03:00:00,27.569531232771,6.66393726223527,7.67565522873597,4.03457766849327,2024-05-06,3
2024-05-06 04:00:00,26.9941159840855,5.75448152461366,7.65225635578669,2.44143174520482,2024-05-06,4
2024-05-06 05:00:00,27.3206646070235,7.18228979767746,8.19626166873786,3.77914200095234,2024-05-06,5
2024-05-06 06:00:00,25.8070035879522,8.08340668744932,7.78510824790691,3.4175635178952,2024-05-06,6
2024-05-06 07:00:00,26.9050509525997,7.1785507428738,7.61930661549515,3.70731255202167,2024-05-06,7
2024-05-06 08:00:00,27.5721052275327,7.26548131143211,7.75458235809714,3.07329004808492,2024-05-06,8
2024-05-06 09:00:00,26.7106235794472,7.24346718369306,7.5569054519264,2.54964669091436,2024-05-06,9
2024-05-06 10:00:00,27.3353905329538,7.13822800192944,8.13111573832122,3.56133017911841,2024-05-06,10
2024-05-06 11:00:00,27.5681235004816,7.45899958012086,7.68390704372503,2.90537977764843,2024-05-06,11
2024-05-06 12:00:00,27.0944704794853,7.1372242087114,7.94115298612817,2.71303425446151,2024-05-06,12
2024-05-06 13:00:00,27.4022782625979,6.71239369820804,8.11478240998417,2.74308740553641,2024-05-06,13
2024-05-06 14:00:00,26.7223604608292,6.42240665399475,7.72496793694491,3.56839292643859,2024-05-06,14
2024-05-06 15:00:00,27.1760332321824,6.7506158068316,7.94172471077729,3.36996456039256,2024-05-06,15
2024-05-06 16:00:00,27.6661297017535,7.0884776978704,7.61368192847007,3.64646038940611,2024-05-06,16
2024-05-06 17:00:00,27.3941837765811,6.71035022332622,8.34361160951387,3.59770235943344,2024-05-06,17
2024-05-06 18:00:00,26.9480812382616,7.08860320987886,8.02663982826949,3.12899856722898,2024-05-06,18
2024-05-06 19:00:00,27.4345298425745,7.16349008022025,7.78955264786023,3.27969636323269,2024-05-06,19
2024-05-06 20:00:00,27.728765874382,7.39990765876211,7.66770491651332,3.09008186262351,2024-05-06,20
2024-05-06 21:00:00,26.0700352328535,7.66967698130339,7.80606072390368,3.21955905766784,2024-05-06,21
2024-05-06 22:00:00,27.9954444389735,6.94680445108732,7.75860341830618,2.89408046266814,2024-05-06,22
2024-05-06 23:00:00,27.0982471567914,6.1153340609114,8.2401183563399,3.47790824636596,2024-05-06,23
2024-05-07 00:00:00,27.5552939599441,6.69293754190849,7.57263770833487,3.77230192206216,2024-05-07,0
2024-05-07 01:00:00,28.0183481541871,6.92643754044396,7.85830829889094,2.95885639717698,2024-05-07,1
2024-05-07 02:00:00,26.4769957816617,5.79853874629375,7.82614900600692,3.86094594752258,2024-05-07,2
2024-05-07 03:00:00,26.8743353985435,7.73319871206149,7.80534383692758,3.35881424348552,2024-05-07,3
2024-05-07 04:00:00,27.1268707824746,6.98542674750628,7.80719050246295,3.4136639598545,2024-05-07,4
2024-05-07 05:00:00,26.8297478873253,7.12881170074817,7.8056251298747,2.57924530656877,2024-05-07,5
2024-05-07 06:00:00,28.3409619455021,7.71931587751576,8.01334387392974,2.53287720688673,2024-05-07,6
2024-05-07 07:00:00,26.7859367437039,6.52191430191459,7.95788673376341,3.37197003599526,2024-05-07,7
2024-05-07 08:00:00,26.9666719323079,7.24442515853042,7.91797143838829,3.64958481359176,2024-05-07,8
2024-05-07 09:00:00,27.4226334189618,6.83408152613884,7.19286223394949,3.02130640923267,2024-05-07,9
2024-05-07 10:00:00,26.5787102843544,6.78954787979045,7.89295692357426,4.02814037725073,2024-05-07,10
2024-05-07 11:00:00,27.0625915729462,6.43668456731737,7.48231573436428,3.62602246892936,2024-05-07,11
2024-05-07 12:00:00,27.4904719567501,7.89936192821192,7.96572723425852,2.91941326176557,2024-05-07,12
2024-05-07 13:00:00,27.1002837573705,6.67469997595466,8.13964444718981,3.32326492683301,2024-05-07,13
2024-05-07 14:00:00,27.24396788466,7.31967854813742,7.63548978635641,4.37507952750107,2024-05-07,14
2024-05-07 15:00:00,26.982400732531,5.77499556751684,7.77502604830803,2.77569747879613,2024-05-07,15
2024-05-07 16:00:00,26.3913178144915,7.60799311781387,7.70413530193887,3.5371560737335,2024-05-07,16
2024-05-07 17:00:00,27.4929559268035,7.53132669357424,8.08944067290893,3.17121984232896,2024-05-07,17
2024-05-07 18:00:00,28.3529598429883,6.95846046617838,7.84995585590714,3.61396540509496,2024-05-07,18
2024-05-07 19:00:00,27.3110409784701,6.76383452031725,8.19294916991893,3.8549276679169,2024-05-07,19
2024-05-07 20:00:00,27.4351584703485,7.14000000336814,7.91688838261895,3.14391805185411,2024-05-07,20
2024-05-07 21:00:00,27.7156336530701,8.27327439652818,7.88091453793352,3.79113227683409,2024-05-07,21
2024-05-07 22:00:00,26.538401702072,5.84205798065791,7.8443234243466,4.26511745953694,2024-05-07,22
2024-05-07 23:00:00,28.3215087948778,7.36921643254448,8.00177834084404,3.33849813705802,2024-05-07,23
2024-05-08 00:00:00,27.4213972778537,6.35302961870766,7.46508589836848,3.6475021356225,2024-05-08,0
2024-05-08 01:00:00,28.2791141394535,6.88804896222016,7.84792223065931,3.05611046881259,2024-05-08,1
2024-05-08 02:00:00,26.8601802026856,6.7512719285528,7.81529024681713,3.31828150288342,2024-05-08,2
2024-05-08 03:00:00,28.3908371535347,6.64300904532135,7.98233795370313,3.23402971013546,2024-05-08,3
2024-05-08 04:00:00,27.7650932964209,6.89372092256836,7.79058266276645,3.6526824480332,2024-05-08,4
2024-05-08 05:00:00,27.6318240515114,6.21949731283333,7.61186576882584,3.82801065237548,2024-05-08,5
2024-05-08 06:00:00,27.4404146726119,7.51750826167678,7.83154364173314,3.26284841487949,2024-05-08,6
2024-05-08 07:00:00,27.1508828291553,5.82351389328084,7.60260348893765,3.96945782366516,2024-05-08,7
2024-05-08 08:00:00,28.0203189950843,7.22385870769701,7.42569493535663,3.9679203998715,2024-05-08,8
2024-05-08 09:00:00,27.3842159219088,6.70407848847926,7.98269572111195,3.67414710956736,2024-05-08,9
2024-05-08 10:00:00,26.1197581778477,6.19744506371553,7.95160293026588,3.08810859135966,2024-05-08,10
2024-05-08 11:00:00,26.6296881229758,7.02143002235922,7.92808909823865,3.04691360880184,2024-05-08,11
2024-05-08 12:00:00,27.1884925486844,5.96582934797611,8.10361496860862,2.96067601748328,2024-05-08,12
2024-05-08 13:00:00,27.4859993898993,6.92382829303178,7.69034330303618,3.71814141020241,2024-05-08,13
2024-05-08 14:00:00,27.2660469066601,6.04627385531307,7.52946603001804,2.78893967077957,2024-05-08,14
2024-05-08 15:00:00,28.0313824738762,7.1767632505907,7.81529374687031,3.60104019126773,2024-05-08,15
2024-05-08 16:00:00,26.1293388815768,6.34538559982178,7.75702493706176,2.84512298043563,2024-05-08,16
2024-05-08 17:00:00,27.3861527619031,6.62940358978242,7.65311789947829,3.66412483153205,2024-05-08,17
2024-05-08 18:00:00,26.2092124647677,7.0763696327659,7.81323167776756,3.31740442057414,2024-05-08,18
2024-05-08 19:00:00,27.7558273772905,6.43647473289466,7.70156291929704,3.88346458159973,2024-05-08,19
2024-05-08 20:00:00,27.2433247713348,6.86522160019902,7.44443889049507,3.80082546867815,2024-05-08,20
2024-05-08 21:00:00,27.5517659832145,5.99170169925309,7.73735289493331,3.92707812716091,2024-05-08,21
2024-05-08 22:00:00,26.7816702236461,7.27852536215769,7.59136121499219,3.93815204886432,2024-05-08,22
2024-05-08 23:00:00,28.0676789589947,7.95894828333046,7.87864609503829,3.37176125861493,2024-05-08,23
2024-05-09 00:00:00,27.9250347984353,8.57532532074598,7.69223270076946,2.81171898143742,2024-05-09,0
2024-05-09 01:00:00,27.6501265818071,6.95470088799986,8.06344260956962,2.85741508635113,2024-05-09,1
2024-05-09 02:00:00,27.2222896518819,7.37292248447831,8.16681187412625,2.41265513239415,2024-05-09,2
2024-05-09 03:00:00,27.6479143711771,5.83162459625551,7.9726700883325,2.84402369162592,2024-05-09,3
2024-05-09 04:00:00,26.8758644592076,7.80164059578335,7.5042845017835,3.339594172813,2024-05-09,4
2024-05-09 05:00:00,27.8133333954124,7.36573710283446,8.1460911597646,3.06934870224518,2024-05-09,5
2024-05-09 06:00:00,28.2896885365944,6.60963993302926,8.16090129457849,3.23254169010376,2024-05-09,6
2024-05-09 07:00:00,27.9423663359875,7.64230848017341,7.83394600737467,3.5218676303684,2024-05-09,7
2024-05-09 08:00:00,26.8622385181156,6.7473143540128,8.10781449367046,3.17925193903172,2024-05-09,8
2024-05-09 09:00:00,27.5168503903639,6.62518489019127,7.7141482210102,2.82761361582259,2024-05-09,9
2024-05-09 10:00:00,26.5241150737448,7.1852009552565,7.43808835368159,3.28710952294772,2024-05-09,10
2024-05-09 11:00:00,27.6434341867054,6.26198730010181,7.67034026788947,2.92364909068768,2024-05-09,11
2024-05-09 12:00:00,27.5703620477175,7.51297485863997,8.1931531818694,3.193561806299,2024-05-09,12
2024-05-09 13:00:00,26.1781101962807,6.26640611284389,7.51687321604159,3.88739409470189,2024-05-09,13
2024-05-09 14:00:00,26.6029296936526,6.26996712610609,7.82989946920561,3.19368271923865,2024-05-09,14
2024-05-09 15:00:00,27.1301166619537,6.354186126955,7.83717021760145,4.07151174793953,2024-05-09,15
2024-05-09 16:00:00,27.1194841517155,7.35570002250967,7.72227540876676,3.92560347438333,2024-05-09,16
2024-05-09 17:00:00,26.5743138387487,6.52993478308818,7.73686046403421,3.06089871731101,2024-05-09,17
2024-05-09 18:00:00,27.5333872376113,6.0912025293797,7.8451723181896,2.83221678044122,2024-05-09,18
2024-05-09 19:00:00,27.4508841653643,6.53659200003852,7.71194590819371,3.28740171037432,2024-05-09,19
2024-05-09 20:00:00,27.1834385208129,6.88077457759171,7.53136771559474,3.80593093826066,2024-05-09,20
2024-05-09 21:00:00,26.846525099905,6.19141650980137,7.87515670801813,3.09921791032166,2024-05-09,21
2024-05-09 22:00:00,27.9292242758499,6.2089913345794,8.05540698231344,3.70047882825272,2024-05-09,22
2024-05-09 23:00:00,28.293244267853,8.16677780045975,8.01261022891722,3.82962919532852,2024-05-09,23
2024-05-10 00:00:00,27.0098631096921,6.38366075771167,7.65995555184814,2.97716897034408,2024-05-10,0
2024-05-10 01:00:00,26.9326998497071,6.7061745787362,7.56724213777069,3.01929803203591,2024-05-10,1
2024-05-10 02:00:00,27.5947245992472,6.67965779952043,7.7703205447475,3.61644467381461,2024-05-10,2
2024-05-10 03:00:00,27.0851823721518,6.64718591533774,8.15923621705709,3.37529444634588,2024-05-10,3
2024-05-10 04:00:00,27.2163616796021,7.27280804398146,7.9655755965815,3.01499354358622,2024-05-10,4
2024-05-10 05:00:00,27.7437918910348,7.46888577028323,7.97783258212679,3.15856240730858,2024-05-10,5
2024-05-10 06:00:00,26.1543863474956,6.71642734108105,8.01686995987495,3.27967659232721,2024-05-10,6
2024-05-10 07:00:00,28.0909813949116,6.15811302804459,7.9183609781289,2.63711259726915,2024-05-10,7
2024-05-10 08:00:00,27.3436083145976,7.66466413670934,7.85532779499885,3.63922653578756,2024-05-10,8
2024-05-10 09:00:00,27.0531041132627,6.84279534528199,7.96908444829607,3.10416235875615,2024-05-10,9
2024-05-10 10:00:00,27.2464595074671,7.9381930889143,7.71530511811422,2.11300202376682,2024-05-10,10
2024-05-10 11:00:00,27.2774576130123,5.5526484614609,7.53296276761307,3.29973548362694,2024-05-10,11
2024-05-10 12:00:00,26.261279217933,7.01724193276999,7.98182935627111,2.99112435867579,2024-05-10,12
2024-05-10 13:00:00,28.1969629364719,8.05116380032573,8.08992500220734,4.03619354269015,2024-05-10,13
2024-05-10 14:00:00,27.3247953793624,6.68804151873711,7.59517129273523,3.05825864100441,2024-05-10,14
2024-05-10 15:00:00,27.5658012782684,6.76470394599922,8.00260351130734,2.8380133536612,2024-05-10,15
2024-05-10 16:00:00,27.8709298623444,7.0773070149542,8.18296079981152,3.52841104808367,2024-05-10,16
2024-05-10 17:00:00,26.6873025254638,6.56472250866903,7.82952829763101,3.02600763175674,2024-05-10,17
2024-05-10 18:00:00,27.5840831394211,6.71275684076836,7.65821954120423,2.97483383346154,2024-05-10,18
2024-05-10 19:00:00,27.1394153454607,6.69731094348516,7.85583392144062,3.5290855946145,2024-05-10,19
2024-05-10 20:00:00,27.8080624651299,6.52354755934418,7.71438786667785,2.86259905760749,2024-05-10,20
2024-05-10 21:00:00,26.0236635477891,7.63731393012034,7.70048667690916,2.68337232697424,2024-05-10,21
2024-05-10 22:00:00,27.2405434198552,7.17664681937786,7.92096865412702,4.05217914090057,2024-05-10,22
2024-05-10 23:00:00,26.9383076065296,7.05037693926198,7.49321681024372,3.55918445716828,2024-05-10,23
2024-05-11 00:00:00,27.5593577703805,7.38514260413407,7.52677492627663,3.19639000745242,2024-05-11,0
2024-05-11 01:00:00,27.5820265124209,6.74138650007792,7.83405108487853,3.30850479982817,2024-05-11,1
2024-05-11 02:00:00,26.8754244631068,6.43547770898826,7.82531520682839,3.52752167398995,2024-05-11,2
2024-05-11 03:00:00,26.8726956814944,6.53842541723127,7.90214646117839,3.72853510333377,2024-05-11,3
2024-05-11 04:00:00,27.2336007788656,6.90106982466277,8.22379733158151,2.98493062473455,2024-05-11,4
2024-05-11 05:00:00,26.7620146636109,6.26447297497626,7.85194794757592,3.46744300616524,2024-05-11,5
2024-05-11 06:00:00,27.8051902172713,6.599843390048,7.95561615157031,3.0921172042296,2024-05-11,6
2024-05-11 07:00:00,27.0784756797315,6.59033001487714,7.62513808352093,3.22873806485957,2024-05-11,7
2024-05-11 08:00:00,25.555807068407,8.17473373789741,7.99126690933847,3.37909793300991,2024-05-11,8
2024-05-11 09:00:00,27.0751067660269,5.23571103603965,7.71945791832676,3.30712821358735,2024-05-11,9
2024-05-11 10:00:00,26.6768737074936,6.79222816715662,7.84499837484203,3.62629376627011,2024-05-11,10
2024-05-11 11:00:00,26.3212345107234,7.93541627568886,7.80714178873548,3.51944722041971,2024-05-11,11
2024-05-11 12:00:00,26.5575440170665,6.97310667847947,8.04692458933195,2.66148723996996,2024-05-11,12
2024-05-11 13:00:00,27.3656450830998,7.35205048405266,7.55490492358125,2.72613602096186,2024-05-11,13
2024-05-11 14:00:00,28.0971844969489,6.95989578905986,7.35051988673084,3.1510218255535,2024-05-11,14
2024-05-11 15:00:00,27.487910684319,6.49959997127011,7.78517913361154,4.09630886284999,2024-05-11,15
2024-05-11 16:00:00,26.9360979670706,5.55485043929465,7.92839156395008,2.94381551202431,2024-05-11,16
2024-05-11 17:00:00,27.5735425171024,7.02327341222178,7.86197656891958,3.22046423486652,2024-05-11,17
2024-05-11 18:00:00,27.0245458138686,6.43463603723857,8.08876288985692,3.0793712084087,2024-05-11,18
2024-05-11 19:00:00,26.8832397785021,6.41979875630082,7.92184826157773,3.07176091484213,2024-05-11,19
2024-05-11 20:00:00,26.6073823990602,6.60060764641253,7.71159185030943,3.38664308987917,2024-05-11,20
2024-05-11 21:00:00,26.248902715949,7.9469168439741,7.34166176763067,3.91233422876413,2024-05-11,21
2024-05-11 22:00:00,27.0660457760643,8.34290252535238,7.78016443081901,3.50606641194865,2024-05-11,22
2024-05-11 23:00:00,27.3948320939521,7.03032476251704,8.04587139047414,2.96448168658635,2024-05-11,23
2024-05-12 00:00:00,27.2420257979911,6.62113966565296,7.74766996563991,4.49388868964538,2024-05-12,0
2024-05-12 01:00:00,27.0504198432316,6.19366414952927,7.83594725537233,3.34378648501328,2024-05-12,1
2024-05-12 02:00:00,26.7325523635819,7.18112409692764,7.91848565340441,3.06179498875569,2024-05-12,2
2024-05-12 03:00:00,27.664947715011,7.96974336003909,7.61678860140754,3.91720144111136,2024-05-12,3
2024-05-12 04:00:00,26.5097208480321,6.75159576778491,7.96087953829415,3.10829963428416,2024-05-12,4
2024-05-12 05:00:00,27.7656167483061,5.47260237554807,8.17379557590036,4.0250528716446,2024-05-12,5
2024-05-12 06:00:00,26.698669788644,7.30202980308931,7.79370919610239,2.93562359988433,2024-05-12,6
2024-05-12 07:00:00,26.8485388575882,7.49123982687003,7.59289647141522,3.92491306723619,2024-05-12,7
2024-05-12 08:00:00,26.4199288856306,5.94849261576849,7.81601378432539,3.39645049564113,2024-05-12,8
2024-05-12 09:00:00,26.9991587118686,7.00589051019777,7.36287933719214,3.86515246006205,2024-05-12,9
2024-05-12 10:00:00,27.8851874750868,7.17073560968166,7.90074968543509,4.12775925474166,2024-05-12,10
2024-05-12 11:00:00,27.6093768530664,6.85613561879464,7.9249776193062,2.82297886507586,2024-05-12,11
2024-05-12 12:00:00,27.8870532672168,6.42553744854879,8.18188362170757,3.85858188292608,2024-05-12,12
2024-05-12 13:00:00,27.6132855275604,7.50956233413813,7.78926109356101,2.70417132109708,2024-05-12,13
2024-05-12 14:00:00,26.6377981028818,6.65797215241879,7.91578192101076,2.85971072724326,2024-05-12,14
2024-05-12 15:00:00,27.1015264654035,6.00888830238004,7.64912949849896,2.96453393228925,2024-05-12,15
2024-05-12 16:00:00,26.8318805225295,5.67031530859819,7.75515030468973,3.52656375355648,2024-05-12,16
2024-05-12 17:00:00,28.0983449424234,7.65650971199959,7.50971105830094,3.32419682708199,2024-05-12,17
2024-05-12 18:00:00,26.5819268121442,7.26999838588267,7.78909417953052,3.23813148380998,2024-05-12,18
2024-05-12 19:00:00,27.8362186136335,6.9527841282775,7.7658850777611,3.37288116997962,2024-05-12,19
2024-05-12 20:00:00,27.8357723220653,6.63583521788952,7.89283195087867,3.56425452339619,2024-05-12,20
2024-05-12 21:00:00,28.3977721210297,6.58260095147812,7.69904465513015,3.59734669329478,2024-05-12,21
2024-05-12 22:00:00,27.0541880444223,6.25455801093503,7.84750252370477,3.78049173931451,2024-05-12,22
2024-05-12 23:00:00,27.7273932957481,6.64112661326407,7.75999018832239,4.09261496949,2024-05-12,23
2024-05-13 00:00:00,28.6689911019233,5.6279476709279,7.7603851284571,3.30081417985017,2024-05-13,0
2024-05-13 01:00:00,26.9294149938398,6.45836180791889,7.84687608845224,3.08593174628371,2024-05-13,1
2024-05-13 02:00:00,26.3789758514806,6.71343749018934,7.83850981788657,3.57382053554963,2024-05-13,2
2024-05-13 03:00:00,26.1719939796553,7.26592802831425,7.98984654820084,2.81797042900621,2024-05-13,3
2024-05-13 04:00:00,27.7276272173168,6.87604412197598,7.80466496283274,3.01815722319201,2024-05-13,4
2024-05-13 05:00:00,26.1701098751649,7.37695386832534,7.75652407668417,3.7397338069489,2024-05-13,5
2024-05-13 06:00:00,27.0766085682373,7.70948106306806,7.79203043653168,3.25662479882839,2024-05-13,6
2024-05-13 07:00:00,27.5623879122234,7.53490205629446,7.67992053546339,2.79047724290604,2024-05-13,7
2024-05-13 08:00:00,27.411105322098,7.18230590842714,7.754418670351,2.66938468189298,2024-05-13,8
2024-05-13 09:00:00,27.5552669185105,6.90711760750847,8.25654332974538,3.33094817213934,2024-05-13,9
2024-05-13 10:00:00,27.4333739134805,6.31152719495187,7.63833746025387,3.80101551089624,2024-05-13,10
2024-05-13 11:00:00,28.067319487988,7.34396643082759,7.77148216988535,3.79527468433841,2024-05-13,11
2024-05-13 12:00:00,26.7286101715567,7.90784842933292,7.74862738071337,3.35767861624392,2024-05-13,12
2024-05-13 13:00:00,26.8938029169249,7.10526362379025,7.77809396142868,4.17383105021134,2024-05-13,13
2024-05-13 14:00:00,26.8364043328375,8.05035548905567,7.76043974513554,3.2649272426456,2024-05-13,14
2024-05-13 15:00:00,27.7981150871176,5.98465697516335,7.88864042125641,3.25041592193911,2024-05-13,15
2024-05-13 16:00:00,27.840239153037,6.20750196913228,7.47086322870772,2.20600255881223,2024-05-13,16
2024-05-13 17:00:00,27.5707351915911,7.41312090464896,8.04780600923172,3.11763393186068,2024-05-13,17
2024-05-13 18:00:00,28.010096200134,7.05857412609195,7.96284238792486,3.67636646501065,2024-05-13,18
2024-05-13 19:00:00,26.5931754795742,7.68826930594309,7.56899696692674,3.98250337484967,2024-05-13,19
2024-05-13 20:00:00,28.3003344669307,6.89071701556396,7.35349377268,2.95299910752307,2024-05-13,20
2024-05-13 21:00:00,28.2139431730274,6.379214746483,7.62481484931031,3.50876850159601,2024-05-13,21
2024-05-13 22:00:00,27.7413731983475,6.77184405467698,7.7790400431003,3.76015798389901,2024-05-13,22
2024-05-13 23:00:00,28.3690793452626,5.98038961744576,8.37186129872506,3.31481950587424,2024-05-13,23
2024-05-14 00:00:00,26.3060260753933,6.22284559614178,7.9440839626446,2.32818940326329,2024-05-14,0
2024-05-14 01:00:00,26.9853311182424,7.48346639875081,7.45040617367189,3.41633469981693,2024-05-14,1
2024-05-14 02:00:00,26.8588179235908,7.42367244868177,7.6851723439708,3.63741516834618,2024-05-14,2
2024-05-14 03:00:00,27.7328875942544,7.11780257088365,7.81882538838267,2.90260815514206,2024-05-14,3
2024-05-14 04:00:00,26.6699155562387,5.86735348742372,7.8832735464026,3.20071355172401,2024-05-14,4
2024-05-14 05:00:00,27.7544970896025,6.68495785469227,7.55390273933481,2.81313670188463,2024-05-14,5
2024-05-14 06:00:00,28.122321686398,6.16500006680397,7.80165205212482,2.20483655411045,2024-05-14,6
2024-05-14 07:00:00,27.7171217400504,7.60591995227266,7.67929578110179,3.75161189706869,2024-05-14,7
2024-05-14 08:00:00,27.4702506141969,6.54976671986244,7.59821070185351,3.3083881304652,2024-05-14,8
2024-05-14 09:00:00,26.7072759954596,6.24855137353107,7.88451508580678,3.99700024858314,2024-05-14,9
2024-05-14 10:00:00,26.7918894203248,6.91787769907286,7.99251420642299,3.67864854251966,2024-05-14,10
2024-05-14 11:00:00,28.049771343178,6.51590732589923,8.00661866816194,3.15768980248386,2024-05-14,11
2024-05-14 12:00:00,27.7676094023432,7.79024634612222,7.95062113373811,3.2742323161551,2024-05-14,12
2024-05-14 13:00:00,27.2765882883735,6.45911346147949,7.72555239804055,3.55345627803117,2024-05-14,13
2024-05-14 14:00:00,27.0492542725405,6.06046304446522,7.98005544990734,3.72575986920497,2024-05-14,14
2024-05-14 15:00:00,26.0845152761332,5.60825189054549,7.8949014320019,3.44874837121907,2024-05-14,15
2024-05-14 16:00:00,26.6574885487893,6.88152809855195,7.85812779541992,3.78540505247448,2024-05-14,16
2024-05-14 17:00:00,28.4468514522838,6.56284193168524,7.70154444444262,3.18243244322998,2024-05-14,17
2024-05-14 18:00:00,26.5317266573985,6.04265723609296,7.72565601325828,2.88122827488216,2024-05-14,18
2024-05-14 19:00:00,27.4136878927327,7.61353587675347,7.84551625658616,3.28213202096871,2024-05-14,19
2024-05-14 20:00:00,27.9044663839171,7.30034708845755,8.34237363806696,3.39822950301656,2024-05-14,20
2024-05-14 21:00:00,26.5470463991986,6.88306927263766,7.89326092081919,2.79333978026211,2024-05-14,21
2024-05-14 22:00:00,27.4108262848687,7.71859574650252,7.70165041452744,2.73520950381695,2024-05-14,22
2024-05-14 23:00:00,27.8627493225064,7.29752162003917,7.65519821655642,3.50237610748357,2024-05-14,23
2024-05-15 00:00:00,27.3074995931444,6.40628645908894,7.7267290113422,3.13526655391072,2024-05-15,0
2024-05-15 01:00:00,29.0210418334001,6.27646790160554,8.28723162398531,3.23868841056534,2024-05-15,1
2024-05-15 02:00:00,26.2988404446731,7.39078892667232,7.74615610435135,3.15533215374865,2024-05-15,2
2024-05-15 03:00:00,27.9352371179303,7.13782017388041,8.02044281226816,3.96385838775818,2024-05-15,3
2024-05-15 04:00:00,27.1963189575621,7.0018486607824,7.75105506845102,3.85255729896985,2024-05-15,4
2024-05-15 05:00:00,27.763152092902,6.39210131827866,7.88484875366872,2.77793791328316,2024-05-15,5
2024-05-15 06:00:00,27.5647842910196,7.26476854020345,7.99626650754183,3.08089891837541,2024-05-15,6
2024-05-15 07:00:00,26.860106281734,6.44670067011963,7.70990040153992,3.67550183522693,2024-05-15,7
2024-05-15 08:00:00,27.4373978354756,6.83880800724379,7.69536655262792,3.56883258195439,2024-05-15,8
2024-05-15 09:00:00,26.185259129161,7.76816648783219,8.17836263583562,3.29217307619819,2024-05-15,9
2024-05-15 10:00:00,27.6619485003428,6.50349945851391,8.03676450792812,2.82083191186538,2024-05-15,10
2024-05-15 11:00:00,27.4788950795943,5.95620644575628,7.99604118692505,3.01650778015398,2024-05-15,11
2024-05-15 12:00:00,27.6831961011859,6.26847168487793,7.99532802155581,3.0877899459551,2024-05-15,12
2024-05-15 13:00:00,27.9348709950523,7.49657929601257,7.92651085254532,3.42910756238121,2024-05-15,13
2024-05-15 14:00:00,27.5205719041258,7.05283868242813,8.25373292076676,4.04260267651981,2024-05-15,14
2024-05-15 15:00:00,27.388853651879,6.82267357278675,7.8392207433942,3.01464149904111,2024-05-15,15
2024-05-15 16:00:00,26.7713589980032,6.59454371681306,7.95122509711219,2.86880484355125,2024-05-15,16
2024-05-15 17:00:00,26.8726675418106,7.19121594453192,7.52530828499526,3.26330781496398,2024-05-15,17
2024-05-15 18:00:00,28.0120407721064,6.39053708940587,7.65675825581584,3.75364776162105,2024-05-15,18
2024-05-15 19:00:00,28.1618012434236,7.08339934118556,7.57782801003464,2.6878403242929,2024-05-15,19
2024-05-15 20:00:00,27.1571337382128,6.46124725871223,8.09755335253839,3.93506268487623,2024-05-15,20
2024-05-15 21:00:00,27.327601648352,6.36140436883497,7.29396656807564,3.23602651429026,2024-05-15,21
2024-05-15 22:00:00,26.7572313750037,6.51750753910499,7.74551489522193,2.99424239900525,2024-05-15,22
2024-05-15 23:00:00,28.0036541071605,6.67475553210962,7.20132161344127,2.62191860669227,2024-05-15,23
2024-05-16 00:00:00,27.6992500942151,6.87070209843978,7.6554295419488,3.61380393257087,2024-05-16,0
2024-05-16 01:00:00,28.4647304618783,7.04127347706667,7.72690072055631,3.23639638604614,2024-05-16,1
2024-05-16 02:00:00,26.7730061536922,4.68698082514293,8.12082292969675,3.38340335758444,2024-05-16,2
2024-05-16 03:00:00,27.0731952605891,6.41540966535194,7.91329186723651,2.92265095136511,2024-05-16,3
2024-05-16 04:00:00,27.4388675535153,6.66505801358638,7.65504028010092,3.17278870527206,2024-05-16,4
2024-05-16 05:00:00,27.6878937226355,7.803037223165,8.05385238114368,3.10077006406746,2024-05-16,5
2024-05-16 06:00:00,27.1705994174714,6.25199843497072,7.83374477345125,3.26674496468737,2024-05-16,6
2024-05-16 07:00:00,26.7762233457278,6.99767797085995,7.83788904032852,3.0220924996584,2024-05-16,7
2024-05-16 08:00:00,27.8288445173541,7.7970181858415,7.57743898336788,2.6503021869045,2024-05-16,8
2024-05-16 09:00:00,27.7326812175274,6.11221888203164,7.62209712008034,4.48325489047754,2024-05-16,9
2024-05-16 10:00:00,26.7502355396618,7.13638513551864,7.65672956701144,2.72373617364487,2024-05-16,10
2024-05-16 11:00:00,28.1132656806633,6.41863689963929,7.83975686736238,3.38802737298529,2024-05-16,11
2024-05-16 12:00:00,28.002119225518,6.59721975462646,7.84635600266594,2.54802803377766,2024-05-16,12
2024-05-16 13:00:00,27.3805778983487,6.41813349962801,8.15425945934005,2.45126960225427,2024-05-16,13
2024-05-16 14:00:00,27.3477587174256,6.46088561495047,7.91086158526695,3.35206539149648,2024-05-16,14
2024-05-16 15:00:00,27.6324346626696,8.5331472887439,7.26141120432886,3.38497806274037,2024-05-16,15
2024-05-16 16:00:00,26.7829781578462,7.406673523243,7.88515481745306,3.85244456604503,2024-05-16,16
2024-05-16 17:00:00,27.3180188874985,7.56104271707173,7.52549656520482,3.48180514163675,2024-05-16,17
2024-05-16 18:00:00,26.0085698732345,7.1951960921019,7.62714610583158,3.24558139093931,2024-05-16,18
2024-05-16 19:00:00,27.8258733873018,5.93624592695883,7.65944441093747,2.90167189505205,2024-05-16,19
2024-05-16 20:00:00,26.3631040665349,7.13697478219399,7.69069895206242,3.95457518934043,2024-05-16,20
2024-05-16 21:00:00,28.2020518970574,7.54375776870441,7.54121862767154,3.7094060358016,2024-05-16,21
2024-05-16 22:00:00,27.1019279436201,6.38796031557653,7.87273122072498,2.77407832456818,2024-05-16,22
2024-05-16 23:00:00,27.1729998108413,7.47919600029668,7.5337315201309,3.32632440313057,2024-05-16,23
2024-05-17 00:00:00,26.9233596563493,7.32260172591245,7.90490019752247,3.37194245955639,2024-05-17,0
2024-05-17 01:00:00,27.1271766756468,8.0112240268882,8.29976392618294,3.16136892765956,2024-05-17,1
2024-05-17 02:00:00,28.1511188070888,6.64933019249183,7.55083459762385,3.64189570889692,2024-05-17,2
2024-05-17 03:00:00,25.807314806079,6.24143341063456,7.77025283608876,3.66764524948972,2024-05-17,3
2024-05-17 04:00:00,28.0661792316529,6.68302313437647,7.30007395387238,3.22809114994381,2024-05-17,4
2024-05-17 05:00:00,27.502814088661,7.76134259589817,7.76680358847627,3.18922622430701,2024-05-17,5
2024-05-17 06:00:00,26.5757870112857,5.80295647149482,7.96497060205261,3.95455213894704,2024-05-17,6
2024-05-17 07:00:00,26.6548125641705,5.65897457074138,7.98133423858503,3.71112072371576,2024-05-17,7
2024-05-17 08:00:00,28.3058358163249,6.95363716735897,7.84624638335966,3.34111496766061,2024-05-17,8
2024-05-17 09:00:00,26.7326958720344,6.63444642433551,8.01674531919939,2.60944011319558,2024-05-17,9
2024-05-17 10:00:00,26.6079896936424,6.90463673590541,8.36467145254799,3.45792004571117,2024-05-17,10
2024-05-17 11:00:00,27.9823887254188,7.46718706274152,8.1895839843619,3.6101758899146,2024-05-17,11
2024-05-17 12:00:00,27.5031317257716,6.56845839232869,7.72027060482398,2.1255556997887,2024-05-17,12
2024-05-17 13:00:00,26.7372446540782,5.77619650144163,7.52526816284199,3.41830386277675,2024-05-17,13
2024-05-17 14:00:00,27.4299749852428,8.12668893431997,7.7447082025195,3.13082244567783,2024-05-17,14
2024-05-17 15:00:00,26.6845483898158,6.30166302753674,7.63113361922036,3.21503265954429,2024-05-17,15
2024-05-17 16:00:00,27.9604928390536,6.26457772679274,7.92478298505157,2.91982619031177,2024-05-17,16
2024-05-17 17:00:00,27.9368225789239,7.56223200823356,7.58194935671981,3.24627860512643,2024-05-17,17
2024-05-17 18:00:00,27.6192037192932,6.66930652737509,7.81470728915603,3.90855637775797,2024-05-17,18
2024-05-17 19:00:00,27.5169966367482,6.86196608877911,8.00598295145263,3.11804864550933,2024-05-17,19
2024-05-17 20:00:00,28.3567128749204,7.18967407443619,7.80885386670839,3.72519663028107,2024-05-17,20
2024-05-17 21:00:00,27.2998117964329,7.550149861866,7.63127409722296,2.96327757588177,2024-05-17,21
2024-05-17 22:00:00,26.5908755247475,6.69992358409094,8.076710952093,3.6362651628421,2024-05-17,22
2024-05-17 23:00:00,27.5696843476994,7.81197120354858,7.4354140016017,3.31071201791744,2024-05-17,23
2024-05-18 00:00:00,28.5516282297223,5.61852009075912,7.76116303826573,3.46137067637939,2024-05-18,0
2024-05-18 01:00:00,26.6911443040885,7.35587234217185,7.82125139508992,3.31307590012192,2024-05-18,1
2024-05-18 02:00:00,27.0831223399836,6.39628346518941,7.83334081826392,3.58589884994972,2024-05-18,2
2024-05-18 03:00:00,27.5498676228609,7.7233627899648,7.8679041717764,2.20593839928848,2024-05-18,3
2024-05-18 04:00:00,27.2676570905966,6.98522668729833,7.95819236215999,2.69947511521325,2024-05-18,4
2024-05-18 05:00:00,26.7106178517736,6.49625680079436,7.82256443780048,3.48934461414372,2024-05-18,5
2024-05-18 06:00:00,27.9731147137383,7.29770465581298,7.75270776074983,2.43127850782462,2024-05-18,6
2024-05-18 07:00:00,28.6920244332104,7.43591300832435,7.74440623762146,3.0818504470717,2024-05-18,7
2024-05-18 08:00:00,27.4176788754144,7.28513647371518,7.70158168157195,3.28663343835424,2024-05-18,8
2024-05-18 09:00:00,26.7575590261584,6.28218225622016,7.99538409810864,2.95389974082645,2024-05-18,9
2024-05-18 10:00:00,26.3706236849679,6.60958972582675,7.69422901930993,3.01262859684168,2024-05-18,10
2024-05-18 11:00:00,27.4547855887327,6.89755629772714,8.00782193289173,3.42678034606605,2024-05-18,11
2024-05-18 12:00:00,27.9623264059898,6.87524420840996,7.83398980727457,3.74399683098532,2024-05-18,12
2024-05-18 13:00:00,27.5851006478972,7.34984728526301,7.72053649056021,2.89786676606043,2024-05-18,13
2024-05-18 14:00:00,27.2985576954487,5.69105926049604,7.95986551530627,3.06272497563943,2024-05-18,14
2024-05-18 15:00:00,26.9464370089264,7.1005962327321,7.67723467580815,2.99555778146937,2024-05-18,15
2024-05-18 16:00:00,26.6447018203692,6.72601118733802,7.96401864855293,2.26880670669277,2024-05-18,16
2024-05-18 17:00:00,27.8008507957949,6.39689963016963,7.87467248545028,3.37093606983653,2024-05-18,17
2024-05-18 18:00:00,27.8482629728314,6.45450793333824,7.7047718152907,3.71192863070625,2024-05-18,18
2024-05-18 19:00:00,26.3725621279856,6.77127740128922,7.94101331122026,3.74715657914583,2024-05-18,19
2024-05-18 20:00:00,28.2539033869084,4.73934893732429,7.94478384239461,2.93557045813048,2024-05-18,20
2024-05-18 21:00:00,27.6444427325364,6.47922625752507,8.07307911722009,2.77176983913634,2024-05-18,21
2024-05-18 22:00:00,28.1397567870875,6.37451110521223,8.03289087260595,3.31929038546442,2024-05-18,22
2024-05-18 23:00:00,26.4947233509089,7.21966992559358,7.93316754435252,3.66658768522358,2024-05-18,23
2024-05-19 00:00:00,26.4805055067507,6.41668399049369,7.59320590024616,3.37658569277347,2024-05-19,0
2024-05-19 01:00:00,27.2106184141396,6.77093171989771,8.34420326751655,3.43440099342572,2024-05-19,1
2024-05-19 02:00:00,27.6016706561371,7.82536597659678,7.53524059567492,3.80098729892658,2024-05-19,2
2024-05-19 03:00:00,28.3778164937562,7.49661091188925,8.02934526659928,2.9921712795308,2024-05-19,3
2024-05-19 04:00:00,27.7236473482891,7.44136283996607,7.92056960154612,3.2154128627306,2024-05-19,4
2024-05-19 05:00:00,27.1543912339128,6.60007654175349,7.58343010177897,4.01288037005732,2024-05-19,5
2024-05-19 06:00:00,26.6841784754005,7.22581936757379,7.80389680283552,3.22537121706802,2024-05-19,6
2024-05-19 07:00:00,28.0380003436315,6.75966131972784,7.81346189388863,2.76504510463438,2024-05-19,7
2024-05-19 08:00:00,26.7211767445496,6.78234407359384,8.10417237032021,3.02217687861237,2024-05-19,8
2024-05-19 09:00:00,28.2770811328634,7.14581120624793,7.68020471094116,2.90658266397487,2024-05-19,9
2024-05-19 10:00:00,27.1293692102361,6.54180384694744,7.77499154865089,3.46357991185155,2024-05-19,10
2024-05-19 11:00:00,28.2543492435707,7.79580186266592,7.33942538294554,2.92474278845683,2024-05-19,11
2024-05-19 12:00:00,27.7073587740356,6.80392191624124,8.19430018655595,3.42654472873034,2024-05-19,12
2024-05-19 13:00:00,27.2178027063345,7.2710163397558,7.60520166896579,2.99349195602752,2024-05-19,13
2024-05-19 14:00:00,26.9883621769043,7.77336028755438,7.89865128149023,2.39694722848876,2024-05-19,14
2024-05-19 15:00:00,27.0954552735924,7.51899226474511,7.80870435575841,3.44184650840223,2024-05-19,15
2024-05-19 16:00:00,27.5569900154251,6.05464853838569,7.8094197969755,3.37383938306516,2024-05-19,16
2024-05-19 17:00:00,27.3462938977306,7.16693753700593,8.00007101682289,3.5326358607548,2024-05-19,17
2024-05-19 18:00:00,26.9437131551588,7.41043163667639,8.18096511666376,3.02061549575894,2024-05-19,18
2024-05-19 19:00:00,27.2006211538094,7.43511781329645,7.88281367068782,2.97479587559547,2024-05-19,19
2024-05-19 20:00:00,27.3471462178315,6.23202309953122,7.96756638370241,3.48263074914707,2024-05-19,20
2024-05-19 21:00:00,26.0227595433511,6.50577885778961,7.89906722271268,3.96317841618832,2024-05-19,21
2024-05-19 22:00:00,27.5749008688732,7.49673494144497,8.04368159902543,3.31480224408772,2024-05-19,22
2024-05-19 23:00:00,26.7121672651699,6.44294377759041,7.73278756030787,3.49257159130027,2024-05-19,23
2024-05-20 00:00:00,26.6080005580766,6.72018236600141,8.05583201642745,3.17171729569695,2024-05-20,0
2024-05-20 01:00:00,26.2875933917336,7.84552548570118,8.06320497178595,2.64623887559432,2024-05-20,1
2024-05-20 02:00:00,26.2236645012793,6.87132044976913,8.05733277182341,3.72599465023625,2024-05-20,2
2024-05-20 03:00:00,26.4867314981326,6.4639355172997,7.69136894785934,3.70061812280705,2024-05-20,3
2024-05-20 04:00:00,26.8745874254217,6.37342958588226,7.79464909681019,3.61563283082533,2024-05-20,4
2024-05-20 05:00:00,28.4719554825159,7.09963159775111,7.88028806764389,3.23176346151276,2024-05-20,5
2024-05-20 06:00:00,26.9844721944629,6.10011119491368,7.54212317058591,3.56673412288757,2024-05-20,6
2024-05-20 07:00:00,27.4066500637608,6.75159842166215,8.16493324369806,3.69431757287677,2024-05-20,7
2024-05-20 08:00:00,27.5402888319038,7.09993832099401,7.82742192796454,4.00666823453138,2024-05-20,8
2024-05-20 09:00:00,27.3786391117295,7.6794898923286,7.88962485639699,3.7350662249984,2024-05-20,9
2024-05-20 10:00:00,27.2535339235644,7.300528848222,7.70882906765729,3.33744312676447,2024-05-20,10
2024-05-20 11:00:00,26.5828237418405,6.47156092921069,7.55135571253293,2.74745110016752,2024-05-20,11
2024-05-20 12:00:00,28.1705565289675,7.60705159053823,7.7031537240503,3.37693306799885,2024-05-20,12
2024-05-20 13:00:00,28.3843179861827,6.72029097747151,7.87603287940305,3.4203282802152,2024-05-20,13
2024-05-20 14:00:00,26.2904047835264,6.15857818677036,7.97142005067828,3.61488280338687,2024-05-20,14
2024-05-20 15:00:00,26.6855828454682,6.79677518444072,7.86397622352657,3.89217349950907,2024-05-20,15
2024-05-20 16:00:00,27.1321137945738,7.76290152068742,7.90281204341081,3.26908527981559,2024-05-20,16
2024-05-20 17:00:00,26.7212773230539,6.99914403003896,7.75922446131691,4.21342449161964,2024-05-20,17
2024-05-20 18:00:00,27.6035793320735,6.90751311859787,7.93421219891154,2.55350658138255,2024-05-20,18
2024-05-20 19:00:00,26.863036678556,7.88232698682171,8.14139490194104,3.4903170051585,2024-05-20,19
2024-05-20 20:00:00,28.599033640684,6.04118709176734,7.97800578291219,2.96663623136087,2024-05-20,20
2024-05-20 21:00:00,28.0143291566062,6.12864053156834,8.00000379653312,2.48989454013382,2024-05-20,21
2024-05-20 22:00:00,27.4275444183793,5.9304921174199,7.89174344385439,3.22323701819136,2024-05-20,22
2024-05-20 23:00:00,27.9161917579918,7.12358891188803,7.51433743538408,2.68341573967899,2024-05-20,23
2024-05-21 00:00:00,27.9635402546144,6.99989587626908,7.61062002856744,3.24058600384589,2024-05-21,0
2024-05-21 01:00:00,26.9616315071651,7.82564182036787,7.92552391813941,3.32495077668062,2024-05-21,1
2024-05-21 02:00:00,26.8102696532748,7.04608504628206,7.82770279908838,3.79097280601446,2024-05-21,2
2024-05-21 03:00:00,27.3468858377818,6.65750570431242,7.92236700615929,2.66173839205151,2024-05-21,3
2024-05-21 04:00:00,27.8169816746988,6.90107692372687,8.18204891774726,3.70063142122768,2024-05-21,4
2024-05-21 05:00:00,27.3834362391921,6.97062445107658,7.98246755983816,3.35217459362031,2024-05-21,5
2024-05-21 06:00:00,26.3538021106854,5.8969432360031,8.09436610320599,3.75240513605213,2024-05-21,6
2024-05-21 07:00:00,26.8183053336295,8.52619898660094,7.84988309178885,3.12434699473662,2024-05-21,7
2024-05-21 08:00:00,27.2556162818434,7.21192261086115,7.66048470772827,2.73713482769172,2024-05-21,8
2024-05-21 09:00:00,27.2546006374045,7.02600498481355,7.81784810656499,2.78647528972718,2024-05-21,9
2024-05-21 10:00:00,28.4835253060739,7.26909839056715,7.66100211911898,2.75452279492314,2024-05-21,10
2024-05-21 11:00:00,26.4684072345606,7.32564658835196,8.15724194092221,3.51546008575588,2024-05-21,11
2024-05-21 12:00:00,27.6033535451015,6.81566790869854,7.99598212607245,3.94507646955232,2024-05-21,12
2024-05-21 13:00:00,28.193467864997,6.52125531825558,7.93930762429194,3.06707084353826,2024-05-21,13
2024-05-21 14:00:00,28.6628698472537,7.25967041179302,8.0895480724679,3.58052817825085,2024-05-21,14
2024-05-21 15:00:00,27.0573615460896,7.13142650431887,7.40578815295012,2.65491991500168,2024-05-21,15
2024-05-21 16:00:00,27.5948576716321,6.41406594054636,7.95350896978196,3.38753813714624,2024-05-21,16
2024-05-21 17:00:00,27.6418562143192,7.75142136682036,7.55476438529608,3.59748192502496,2024-05-21,17
2024-05-21 18:00:00,27.417289038932,7.07601122179379,7.82847630332221,2.68730634663095,2024-05-21,18
2024-05-21 19:00:00,27.2406928792564,7.33789161736058,7.76454140558189,3.22233010833866,2024-05-21,19
2024-05-21 20:00:00,27.5615852337,7.73515253260795,7.96896468854036,3.61784437040879,2024-05-21,20
2024-05-21 21:00:00,25.7806523488682,6.9131332926989,7.8779193306818,2.04847862169133,2024-05-21,21
2024-05-21 22:00:00,27.7092416940376,7.09017120419047,8.11247460645848,3.88424481653175,2024-05-21,22
2024-05-21 23:00:00,27.3757067421972,7.38601634310367,7.70360159620415,3.46208213163315,2024-05-21,23
2024-05-22 00:00:00,27.166515061933,6.46508334971997,7.97891402182299,3.61819288851846,2024-05-22,0
2024-05-22 01:00:00,28.5281173174317,6.9324309977076,7.86406687554876,3.13253070994625,2024-05-22,1
2024-05-22 02:00:00,26.8950395887257,6.97532915199069,7.48658904328497,2.5692293329269,2024-05-22,2
2024-05-22 03:00:00,27.058154406561,6.32636486898996,7.63709054371016,3.53964707121629,2024-05-22,3
2024-05-22 04:00:00,28.4949319813228,8.29058207320433,7.79852561296034,3.2744861600709,2024-05-22,4
2024-05-22 05:00:00,26.8007632170901,6.05562393390456,8.06358141447726,3.3238096458359,2024-05-22,5
2024-05-22 06:00:00,26.9699308302381,6.12113765778771,7.92738184208699,3.77767100363555,2024-05-22,6
2024-05-22 07:00:00,27.2117847459415,7.68853594542215,7.58482482698505,3.63768746576092,2024-05-22,7
2024-05-22 08:00:00,27.8044406892777,7.32795975047793,7.8005335921101,4.13613208934853,2024-05-22,8
2024-05-22 09:00:00,27.424681504412,6.28442110951153,8.25373935424654,3.37615731841561,2024-05-22,9
2024-05-22 10:00:00,26.5244247917086,7.26437340906102,7.85335690031658,3.01277865174982,2024-05-22,10
2024-05-22 11:00:00,26.9806988621237,7.78071026699839,7.7612616292348,3.22898075582925,2024-05-22,11
2024-05-22 12:00:00,26.9355873400727,6.88184216544181,7.93326532455881,3.4887352501916,2024-05-22,12
2024-05-22 13:00:00,27.2536673728662,8.45929374004475,7.99031254671221,3.74681830316698,2024-05-22,13
2024-05-22 14:00:00,27.5555061951779,5.86556291347918,7.73420464702919,2.67917540088135,2024-05-22,14
2024-05-22 15:00:00,27.5509234535328,7.31629407231546,7.935540702618,3.31367117452704,2024-05-22,15
2024-05-22 16:00:00,26.234392947571,7.5999170017326,7.76093320569913,4.0021029125265,2024-05-22,16
2024-05-22 17:00:00,27.9383645925365,7.43480634096315,7.98105879638418,3.20671018546892,2024-05-22,17
2024-05-22 18:00:00,27.451541307598,6.77738656401261,7.86563556317397,3.71033509759372,2024-05-22,18
2024-05-22 19:00:00,28.1307192285563,6.72573511079331,7.93121324368111,3.52204053670288,2024-05-22,19
2024-05-22 20:00:00,27.5665189963744,7.16648710265236,7.67057145530482,3.72102006080574,2024-05-22,20
2024-05-22 21:00:00,27.9607937746415,7.38945269199124,7.6575298593447,2.96180296711203,2024-05-22,21
2024-05-22 22:00:00,27.5799271868701,7.26148406176942,8.02855443397847,2.9636772818718,2024-05-22,22
2024-05-22 23:00:00,28.1077354537217,7.52403473447603,7.81332675990905,3.31871691361258,2024-05-22,23
2024-05-23 00:00:00,27.6133503816107,6.28867802575996,7.88985729584087,2.65114463148667,2024-05-23,0
2024-05-23 01:00:00,27.2412508521343,6.76333741252582,7.76565696031183,3.19401153915699,2024-05-23,1
2024-05-23 02:00:00,28.6634608322681,6.33599044072575,8.01873262254287,3.41873696273174,2024-05-23,2
2024-05-23 03:00:00,27.8334222733679,6.66833233434832,7.70235990419377,4.0773933109884,2024-05-23,3
2024-05-23 04:00:00,27.6442466526027,7.50913253508858,7.80152373962082,3.48316882138602,2024-05-23,4
2024-05-23 05:00:00,26.534217350077,6.96479035243514,7.99505849066766,3.57884824247543,2024-05-23,5
2024-05-23 06:00:00,26.5270154295219,8.46411549788986,8.0763232168245,3.8107246142315,2024-05-23,6
2024-05-23 07:00:00,27.4756292892851,7.01604382031383,7.7200105488844,2.89519723677513,2024-05-23,7
2024-05-23 08:00:00,27.3873127186609,6.93581512834784,8.24153363621074,3.23901445518048,2024-05-23,8
2024-05-23 09:00:00,26.931526460995,6.96370975166413,7.89578075567566,4.35292741447567,2024-05-23,9
2024-05-23 10:00:00,27.3845896197672,6.51731478428404,7.61098506502017,3.27597744437466,2024-05-23,10
2024-05-23 11:00:00,28.2531761568262,6.86529803257345,7.90750093020389,3.79006522197635,2024-05-23,11
2024-05-23 12:00:00,27.7172414847302,7.57667281626699,7.74957016495847,3.72440728718444,2024-05-23,12
2024-05-23 13:00:00,26.6153948941484,6.96838240087666,7.92115438230847,2.67441110281329,2024-05-23,13
2024-05-23 14:00:00,27.2330947037142,6.42392416206992,7.82100018799133,3.44350608911255,2024-05-23,14
2024-05-23 15:00:00,26.8170201114885,6.34494922771282,7.84559747493993,3.37310141304825,2024-05-23,15
2024-05-23 16:00:00,27.0673800501549,6.62987886500049,7.63856539091691,3.45188227877139,2024-05-23,16
2024-05-23 17:00:00,27.0518306006222,6.94431806064653,8.03791285845044,2.98573163368984,2024-05-23,17
2024-05-23 18:00:00,27.0134126504376,7.61615192128576,7.58721325289828,2.82972460987777,2024-05-23,18
2024-05-23 19:00:00,26.546918776816,6.09570681518014,7.59715937196495,3.10531569999103,2024-05-23,19
2024-05-23 20:00:00,27.2234071910891,6.70810423326675,7.90714567332097,3.26794815125379,2024-05-23,20
2024-05-23 21:00:00,26.9636354178916,6.98658601166105,8.16659729190737,3.81954331246814,2024-05-23,21
2024-05-23 22:00:00,25.5423307859986,5.79977653942234,7.75595544961648,4.09144365248201,2024-05-23,22
2024-05-23 23:00:00,28.531783214701,6.39984103022016,7.97720418776783,3.91053707387597,2024-05-23,23
2024-05-24 00:00:00,27.95326179253,6.49206687615829,8.05540143714135,3.67987964063619,2024-05-24,0
2024-05-24 01:00:00,27.074219565045,6.4224177756897,8.00108373183175,2.87813368721118,2024-05-24,1
2024-05-24 02:00:00,27.3112914298444,7.01513372701299,7.76464625927353,3.13417464475452,2024-05-24,2
2024-05-24 03:00:00,26.5970073916095,6.80366423429892,7.60088018938925,3.40026820253759,2024-05-24,3
2024-05-24 04:00:00,28.3174337266865,6.56682833843938,7.36641501120902,3.03805121362725,2024-05-24,4
2024-05-24 05:00:00,28.4383732168639,7.15677757593158,7.7748034951129,3.55819843058702,2024-05-24,5
2024-05-24 06:00:00,27.3940162369479,7.93384483058775,8.07739834739806,3.61980902654934,2024-05-24,6
2024-05-24 07:00:00,27.9141183865112,7.88355391004505,7.59392514319999,3.54060472690315,2024-05-24,7
2024-05-24 08:00:00,27.4051720673604,5.7463369367626,7.97704406797894,3.75080787995976,2024-05-24,8
2024-05-24 09:00:00,26.4979647366744,7.24624331030108,7.63046796868911,2.92102577810338,2024-05-24,9
2024-05-24 10:00:00,27.0529059786218,6.7931860259617,7.85227524104124,3.71111634275965,2024-05-24,10
2024-05-24 11:00:00,27.3791567800632,6.99309320571921,7.97863623897255,3.01087245644832,2024-05-24,11
2024-05-24 12:00:00,27.0272713687539,6.66103017987447,7.69150595826393,2.90539754036356,2024-05-24,12
2024-05-24 13:00:00,27.168808033539,6.97055317793232,7.86580178294635,3.53880993770014,2024-05-24,13
2024-05-24 14:00:00,27.2451602654945,6.99084443764321,7.74283081928768,3.83282563174556,2024-05-24,14
2024-05-24 15:00:00,27.2514729012807,6.55262894559065,7.97808121837702,3.51984579914168,2024-05-24,15
2024-05-24 16:00:00,27.3313550942985,6.36217947130489,7.87941660538177,3.31894573022219,2024-05-24,16
2024-05-24 17:00:00,26.663636960162,6.63078259042831,7.84186661163015,3.44336614522365,2024-05-24,17
2024-05-24 18:00:00,26.8697903105232,7.04055555867406,8.15725349162982,3.36866357476893,2024-05-24,18
2024-05-24 19:00:00,26.52924944058,7.25939780501056,7.96908428989734,2.82584111466178,2024-05-24,19
2024-05-24 20:00:00,27.8866893298117,7.41200938640409,7.68502610811348,2.77567333767369,2024-05-24,20
2024-05-24 21:00:00,26.0366118348958,6.60348598615985,7.81196858083247,3.27610487182641,2024-05-24,21
2024-05-24 22:00:00,27.9921542059902,7.07030674038164,7.81406125513327,3.3443384393808,2024-05-24,22
2024-05-24 23:00:00,28.1318096383577,7.47750155517198,7.8468671102513,3.31487292269813,2024-05-24,23
2024-05-25 00:00:00,27.1186916478104,7.59935693708648,8.36014694808757,3.60072369386946,2024-05-25,0
2024-05-25 01:00:00,25.7381177473036,6.86470028752109,7.90787889746931,3.21734501204933,2024-05-25,1
2024-05-25 02:00:00,27.0832136628196,6.76744096503623,7.402460460278,3.55208104821909,2024-05-25,2
2024-05-25 03:00:00,27.2614895032267,7.01467454030184,7.71601221593944,3.24782769004963,2024-05-25,3
2024-05-25 04:00:00,26.6936410680427,6.21017551626156,7.42420186162588,4.09404435367568,2024-05-25,4
2024-05-25 05:00:00,26.9908689637151,6.7838342933787,7.76074236602037,3.34470690249237,2024-05-25,5
2024-05-25 06:00:00,28.218117119318,7.34675183908388,7.41266485175745,4.31651072295604,2024-05-25,6
2024-05-25 07:00:00,27.6989562973811,7.28516827766622,7.64696600107563,3.46136498416907,2024-05-25,7
2024-05-25 08:00:00,26.7452615313731,6.73783943738167,7.51064847877684,3.21811881664707,2024-05-25,8
2024-05-25 09:00:00,26.3414404982427,7.0306309206523,7.91067363737317,2.92323737020834,2024-05-25,9
2024-05-25 10:00:00,27.1037896094341,6.40520979582559,7.83011326615207,2.68955791315519,2024-05-25,10
2024-05-25 11:00:00,27.1719259323897,7.32209528893502,7.89362208457473,2.88367981770965,2024-05-25,11
2024-05-25 12:00:00,27.597719512418,6.85330713831812,7.80804420840061,2.93176928705948,2024-05-25,12
2024-05-25 13:00:00,26.9788099724594,6.73442912898232,7.53719747245707,3.47977260877724,2024-05-25,13
2024-05-25 14:00:00,27.6068997452171,6.68296569834397,7.9378394875435,3.08374889044412,2024-05-25,14
2024-05-25 15:00:00,28.4610924240361,6.86226367986009,8.23366715765659,3.39037863259843,2024-05-25,15
2024-05-25 16:00:00,27.7893006134666,6.63127341304083,7.91593464150738,3.86125069582198,2024-05-25,16
2024-05-25 17:00:00,27.2711468956015,7.29488582160154,7.74055583414331,3.27224240879701,2024-05-25,17
2024-05-25 18:00:00,27.190109717368,6.66282987119029,7.53010589301786,4.20403738034073,2024-05-25,18
2024-05-25 19:00:00,27.0859961194921,7.85577845761643,7.63930593614041,2.80440127845415,2024-05-25,19
2024-05-25 20:00:00,28.0083845474713,7.77912630208883,7.92513832788013,3.24524907419878,2024-05-25,20
2024-05-25 21:00:00,26.9236119324292,6.3650739060873,8.05535478562787,3.07809544284728,2024-05-25,21
2024-05-25 22:00:00,27.3271336254,6.94182256165757,7.88478189669162,3.71269784060451,2024-05-25,22
2024-05-25 23:00:00,27.3307187411287,6.50960602719828,7.99797633083826,2.34688959894257,2024-05-25,23
2024-05-26 00:00:00,26.9989294843131,6.70401146208683,7.97861243124572,2.68946042565354,2024-05-26,0
2024-05-26 01:00:00,26.4765206712695,8.10145648058688,7.93637222219104,3.26384086634609,2024-05-26,1
2024-05-26 02:00:00,27.4937847021706,6.71545714973052,7.69172054499514,3.97709242003408,2024-05-26,2
2024-05-26 03:00:00,27.2633976168868,7.11613562224646,7.86652393751478,3.40711198863604,2024-05-26,3
2024-05-26 04:00:00,27.6001442816619,7.22479277640497,7.65184066118475,2.72883459466638,2024-05-26,4
2024-05-26 05:00:00,26.9798398161365,6.29962237651006,7.8336600801212,2.7952183651432,2024-05-26,5
2024-05-26 06:00:00,28.0324927792878,6.38694271535448,7.89948134152405,4.02938557222333,2024-05-26,6
2024-05-26 07:00:00,26.7739357312729,6.17638657715513,8.18254459955124,3.04291203651762,2024-05-26,7
2024-05-26 08:00:00,28.3272241704107,6.36841755966133,7.5549562853828,2.9045257498466,2024-05-26,8
2024-05-26 09:00:00,26.251418094103,5.18998193440969,7.93111660250817,3.94527020107127,2024-05-26,9
2024-05-26 10:00:00,27.5608620387341,7.22674944047618,8.14105968424096,3.74477171240241,2024-05-26,10
2024-05-26 11:00:00,27.585258409516,8.13251630475364,7.98935803082615,3.85784564660472,2024-05-26,11
2024-05-26 12:00:00,26.8226657592355,6.98869244342192,8.00491854299326,2.9014819914857,2024-05-26,12
2024-05-26 13:00:00,27.5546363627166,6.05023868439564,7.95341592939224,2.65420457436383,2024-05-26,13
2024-05-26 14:00:00,28.0677112018561,6.51433417026003,8.10265024285284,3.36726159042596,2024-05-26,14
2024-05-26 15:00:00,25.9699086963876,6.624673892985,7.6016295846964,3.45410423722168,2024-05-26,15
2024-05-26 16:00:00,27.6016468844945,6.28944913367198,7.53895540014625,3.46677877559308,2024-05-26,16
2024-05-26 17:00:00,25.804037507802,7.4161095830371,7.8286698305023,3.94561909232477,2024-05-26,17
2024-05-26 18:00:00,26.7206011178861,7.3861560266252,7.37615595824994,2.56448015129645,2024-05-26,18
2024-05-26 19:00:00,28.2774998189406,6.20672892370941,8.08843561887738,3.67966887205804,2024-05-26,19
2024-05-26 20:00:00,26.9509307799648,7.33504862666851,8.08635019105404,2.83845123101665,2024-05-26,20
2024-05-26 21:00:00,26.5956720213546,7.81608759814636,7.73899638343225,3.67796618797016,2024-05-26,21
2024-05-26 22:00:00,27.1812373626092,8.04153492313774,7.75213817470129,3.10576861705581,2024-05-26,22
2024-05-26 23:00:00,28.5407438028981,8.61912721385158,7.81480703021836,2.95999212776708,2024-05-26,23
2024-05-27 00:00:00,26.2009906516764,6.35880441033408,7.84092433659232,3.04774183601184,2024-05-27,0
2024-05-27 01:00:00,26.6692140530164,8.59453225583712,7.8567065230308,2.68838761366608,2024-05-27,1
2024-05-27 02:00:00,28.1984590099078,6.68747616689473,7.94722874244444,3.32738444412839,2024-05-27,2
2024-05-27 03:00:00,28.4146214061226,6.54452072677169,7.79374846586822,2.977750442016,2024-05-27,3
2024-05-27 04:00:00,27.2379412654258,7.09624342492671,8.02807059373034,3.64810823928712,2024-05-27,4
2024-05-27 05:00:00,26.556568378484,6.55076319954419,7.92364903319631,3.58522411484415,2024-05-27,5
2024-05-27 06:00:00,28.5575061010855,7.13942648438792,7.70253767636675,4.0359075327482,2024-05-27,6
2024-05-27 07:00:00,28.2566654350495,6.10795368735762,8.11037366023886,3.46752081792266,2024-05-27,7
2024-05-27 08:00:00,27.7073681926573,6.75674843876194,7.54476603291428,3.53389143984443,2024-05-27,8
2024-05-27 09:00:00,26.8125585906376,7.67134934061701,7.81064517972749,3.91204291908596,2024-05-27,9
2024-05-27 10:00:00,27.2705823954972,6.86576322514131,8.03305265422585,3.04010504070852,2024-05-27,10
2024-05-27 11:00:00,27.2037839513731,6.98495747204393,7.67815464796845,2.6700489684861,2024-05-27,11
2024-05-27 12:00:00,27.4985107827694,7.18515516283039,7.8950066858211,3.39604044542521,2024-05-27,12
2024-05-27 13:00:00,28.1706008628788,7.6023969775906,7.9441013153698,2.69826760823781,2024-05-27,13
2024-05-27 14:00:00,27.8276502246824,5.90686517268634,7.64928998772394,4.36519362935792,2024-05-27,14
2024-05-27 15:00:00,26.6535743538091,7.25071443110246,7.81477967888525,3.93586426559395,2024-05-27,15
2024-05-27 16:00:00,28.1258978700117,6.73911651645494,7.79713419565607,4.24050982331968,2024-05-27,16
2024-05-27 17:00:00,27.4878792840079,6.9999827371871,7.71413505111522,3.33685219996515,2024-05-27,17
2024-05-27 18:00:00,27.7122394775154,7.53597010185743,8.31335171893066,3.54674664529169,2024-05-27,18
2024-05-27 19:00:00,28.1799245155672,6.18348800915289,7.66974766577645,3.11242556426036,2024-05-27,19
2024-05-27 20:00:00,26.6330518502919,6.29241333513415,8.04103536175426,3.6896576664023,2024-05-27,20
2024-05-27 21:00:00,27.2785046527761,5.73874202417172,7.74751178645496,2.78731641881805,2024-05-27,21
2024-05-27 22:00:00,26.9811272691845,6.57050463494173,7.60180640033409,2.21646992852585,2024-05-27,22
2024-05-27 23:00:00,26.3592843447807,7.69825940662729,7.85159099106256,2.96999443361992,2024-05-27,23
2024-05-28 00:00:00,27.508025986563,6.82764768691592,7.96630961072138,2.68414640548456,2024-05-28,0
2024-05-28 01:00:00,28.8069339309507,6.09592506260713,8.02330701076379,3.9455084965486,2024-05-28,1
2024-05-28 02:00:00,26.1959533532966,6.60859275325497,8.15807567323757,4.09074130568454,2024-05-28,2
2024-05-28 03:00:00,27.2806316333703,6.00728297790563,8.44850172088637,2.70674049886236,2024-05-28,3
2024-05-28 04:00:00,27.6843257610449,6.2248883389613,7.88260798278868,3.86543771123413,2024-05-28,4
2024-05-28 05:00:00,27.3738469209937,7.13329134615823,7.69075064349667,3.71909554290533,2024-05-28,5
2024-05-28 06:00:00,27.2321231684906,6.19567600421638,7.92510360862693,2.63499602557088,2024-05-28,6
2024-05-28 07:00:00,26.5204701819325,7.56758058312198,7.77409528041464,3.1421849616994,2024-05-28,7
2024-05-28 08:00:00,27.4396720457641,6.8573278255018,8.02445288726897,3.06052959948646,2024-05-28,8
2024-05-28 09:00:00,26.8459416137904,6.95135682236672,7.5575954977632,3.6316380214097,2024-05-28,9
2024-05-28 10:00:00,25.9860469770129,6.73297621943526,8.32735025390409,2.78162487911084,2024-05-28,10
2024-05-28 11:00:00,28.0167553323082,7.36370870312623,8.00977009990286,3.26748477096642,2024-05-28,11
2024-05-28 12:00:00,27.8750314919052,7.36989593266621,7.47635915626281,3.01504816330166,2024-05-28,12
2024-05-28 13:00:00,27.3309965861107,7.1010326111473,7.68110393051386,3.51353670885561,2024-05-28,13
2024-05-28 14:00:00,27.4374448129234,7.23887346354459,8.00137701926393,3.21677942637419,2024-05-28,14
2024-05-28 15:00:00,27.9445908076293,6.77274619804775,8.07703225179601,3.07984434730563,2024-05-28,15
2024-05-28 16:00:00,27.4346037940669,7.22532180414543,7.56283009828129,3.21828247247821,2024-05-28,16
2024-05-28 17:00:00,27.8424105328568,6.69727333471572,7.97973542859092,4.18549841812125,2024-05-28,17
2024-05-28 18:00:00,27.1215106794757,6.90133897329744,7.421058626741,3.13073315646866,2024-05-28,18
2024-05-28 19:00:00,28.0871902431444,6.73521375038022,7.81123946825108,2.86236775613797,2024-05-28,19
2024-05-28 20:00:00,27.4924714355596,6.62566887640848,8.06352983684167,3.56087643473707,2024-05-28,20
2024-05-28 21:00:00,27.4164311661635,6.48653292136693,7.71418169667838,3.24828439214813,2024-05-28,21
2024-05-28 22:00:00,26.5379633467728,7.18061406231533,7.51354631718102,2.70144940972742,2024-05-28,22
2024-05-28 23:00:00,27.472173512581,7.68636354768808,7.86070510723929,4.26954342413706,2024-05-28,23
2024-05-29 00:00:00,26.8008270495033,7.60266118300174,7.70300903800655,3.15843405339774,2024-05-29,0
2024-05-29 01:00:00,26.9170303640829,6.14606079843274,7.96220725687383,3.14751613479662,2024-05-29,1
2024-05-29 02:00:00,26.8107746230103,7.67352183084412,7.64408144923421,3.37872920132048,2024-05-29,2
2024-05-29 03:00:00,26.6602590408605,6.70910489902924,7.66774625317285,4.0539502107598,2024-05-29,3
2024-05-29 04:00:00,28.5748628418102,7.26043980908736,7.40558951261599,2.58770950959683,2024-05-29,4
2024-05-29 05:00:00,28.098803437193,6.35627080077167,7.86568838932081,3.42867391525083,2024-05-29,5
2024-05-29 06:00:00,28.4522205012866,6.9851879483244,7.79620996296191,4.20752702957126,2024-05-29,6
2024-05-29 07:00:00,26.5662629882667,7.08823390973815,7.58043921914459,3.36535333271805,2024-05-29,7
2024-05-29 08:00:00,27.3427522499465,6.00923712484821,7.87069772989109,2.7788063888995,2024-05-29,8
2024-05-29 09:00:00,26.5238954248775,7.26496029980651,8.04568476313527,3.04408935322692,2024-05-29,9
2024-05-29 10:00:00,26.8825830736818,7.70756100470299,7.78473073188202,3.39895948779542,2024-05-29,10
2024-05-29 11:00:00,26.7491238099501,6.79521123259102,7.88631505946261,3.88224568372514,2024-05-29,11
2024-05-29 12:00:00,28.0437504038649,7.71610087849681,7.88739536241288,3.16408558690109,2024-05-29,12
2024-05-29 13:00:00,27.062262193139,6.78618390392856,7.57709073629242,3.66546027289595,2024-05-29,13
2024-05-29 14:00:00,27.9410276002164,7.40975071862797,8.2618830223486,2.69279140436984,2024-05-29,14
2024-05-29 15:00:00,27.6624725337531,5.56885802042934,7.73112153567432,2.68920110107413,2024-05-29,15
2024-05-29 16:00:00,28.6821832512629,8.35126666758808,7.96778440239066,3.10239570386547,2024-05-29,16
2024-05-29 17:00:00,26.4123334661162,7.79727494714578,7.9915352082181,3.9283523504055,2024-05-29,17
2024-05-29 18:00:00,28.0555399438721,6.72922469744779,7.80068502330569,3.33961609499092,2024-05-29,18
2024-05-29 19:00:00,27.9878645222404,5.71674658401371,7.95742695526252,3.43461881409365,2024-05-29,19
2024-05-29 20:00:00,26.7159726971838,7.07281702098329,7.88162203658144,3.42957422609662,2024-05-29,20
2024-05-29 21:00:00,27.9042800018839,6.03364467175575,7.53229565098225,3.78695943251229,2024-05-29,21
2024-05-29 22:00:00,27.5016869778157,7.16691212253449,7.76022273273748,3.04760510220872,2024-05-29,22
2024-05-29 23:00:00,27.163514244028,7.14693943149857,7.70136431050565,3.60596259664994,2024-05-29,23
2024-05-30 00:00:00,26.8056387078168,6.33515809859879,7.73303354131731,2.95272045454229,2024-05-30,0
2024-05-30 01:00:00,26.8685343291305,7.57258021416863,7.55615933265431,4.16280724204593,2024-05-30,1
2024-05-30 02:00:00,28.5298872574716,7.3833448216837,8.06655108051667,2.96583182515242,2024-05-30,2
2024-05-30 03:00:00,27.3004096913745,7.48549400237314,8.16641845746882,2.93057259967619,2024-05-30,3
2024-05-30 04:00:00,27.7692780009189,6.90531462220134,8.03538062495967,3.54635801979986,2024-05-30,4
2024-05-30 05:00:00,26.8254603709995,6.05068555985178,8.0968111370709,3.3443090255159,2024-05-30,5
2024-05-30 06:00:00,26.832088232267,7.48672336332668,7.75762668422829,3.4505465346922,2024-05-30,6
2024-05-30 07:00:00,27.94919088555,6.73777716051853,7.69638606465293,3.4077449320617,2024-05-30,7
2024-05-30 08:00:00,26.4902542730691,6.0661319140844,7.66649672016954,2.8411313545128,2024-05-30,8
2024-05-30 09:00:00,27.0508717392568,7.7112236195846,7.96525363382102,4.00374433950418,2024-05-30,9
2024-05-30 10:00:00,27.3204164466433,8.15964451230151,7.87768324116027,3.69422314853232,2024-05-30,10
2024-05-30 11:00:00,27.366823561104,6.87525112261248,7.81378344056433,3.89434847904486,2024-05-30,11
2024-05-30 12:00:00,27.1925440289903,8.19547269276198,8.10198119428102,3.08281771768252,2024-05-30,12
2024-05-30 13:00:00,27.5374918686576,6.95478883716681,7.91503768430122,3.48910512422752,2024-05-30,13
2024-05-30 14:00:00,27.7157134534907,6.67172645750019,7.65388189612068,3.39486843876092,2024-05-30,14
2024-05-30 15:00:00,27.7407825272756,6.52172492748871,7.6870091458815,3.79504112926665,2024-05-30,15
2024-05-30 16:00:00,26.7085177147993,7.88224944479565,7.97321859284337,3.80890669668674,2024-05-30,16
2024-05-30 17:00:00,27.1295069412427,6.43191367116734,8.04876389905747,3.39301184527199,2024-05-30,17
2024-05-30 18:00:00,28.0168577171262,7.34116158598499,7.94585284877375,2.6572810133074,2024-05-30,18
2024-05-30 19:00:00,27.8367883125443,6.56450169896448,8.22834663705314,4.07525461144771,2024-05-30,19
2024-05-30 20:00:00,26.4762843291114,6.62381594245538,8.1733515048036,3.54907459648676,2024-05-30,20
2024-05-30 21:00:00,27.5108879402113,7.51814981638174,7.92261752531866,3.04837207220181,2024-05-30,21
2024-05-30 22:00:00,26.1130648503751,6.67197789222639,7.65389806150889,3.48481311945468,2024-05-30,22
2024-05-30 23:00:00,27.3281609412362,6.65712277234782,7.55490262253633,2.66022977416542,2024-05-30,23
2024-05-31 00:00:00,28.4386602100476,7.57968281830488,7.74864983354691,3.76380181901255,2024-05-31,0
2024-05-31 01:00:00,26.7312643696386,7.85843837593297,7.98817482374739,2.67737894995996,2024-05-31,1
2024-05-31 02:00:00,26.7994061727051,7.28681388197054,8.21359588665551,3.21504116842406,2024-05-31,2
2024-05-31 03:00:00,27.7584178689437,6.50713813462563,7.91766387722627,3.41511541333039,2024-05-31,3
2024-05-31 04:00:00,26.3743190908742,6.59363490042145,8.07543178678856,3.7567010761523,2024-05-31,4
2024-05-31 05:00:00,26.920346982069,6.94794915824402,7.77848542790056,3.35581421086678,2024-05-31,5
2024-05-31 06:00:00,27.6578646825491,7.0925580371554,7.96078151629779,3.5830340356534,2024-05-31,6
2024-05-31 07:00:00,26.9194284913864,6.30728045391614,8.00290493419021,3.29788822936669,2024-05-31,7
2024-05-31 08:00:00,27.1584180076734,7.33382276374792,7.41428520207097,3.29616004109396,2024-05-31,8
2024-05-31 09:00:00,27.746511426189,6.95130799778376,7.74317785150093,3.34675521764977,2024-05-31,9
2024-05-31 10:00:00,27.5529276501219,5.87057500881712,8.02943708069835,3.22870509403348,2024-05-31,10
2024-05-31 11:00:00,27.4600910377772,6.34264411052356,7.88763835048368,2.58477479547498,2024-05-31,11
2024-05-31 12:00:00,27.096526632438,6.597522795809,7.5787318398883,2.97962089771045,2024-05-31,12
2024-05-31 13:00:00,27.5220366691614,6.85628538669537,7.31967430109726,3.41525318167803,2024-05-31,13
2024-05-31 14:00:00,27.2257603919402,8.0335672773024,7.75318604348658,3.20287796849985,2024-05-31,14
2024-05-31 15:00:00,27.5746833659555,7.04290278368378,7.81496700449229,3.24300209466178,2024-05-31,15
2024-05-31 16:00:00,27.0018407849292,6.39553686606083,7.64437618053605,3.17095792214135,2024-05-31,16
2024-05-31 17:00:00,27.1904586153723,7.0323784825843,7.86004783677588,2.93865269112532,2024-05-31,17
2024-05-31 18:00:00,26.7060253244688,6.68874735152767,7.93634121691891,3.09796723178019,2024-05-31,18
2024-05-31 19:00:00,27.2789954339963,7.09485494372013,7.97084430585251,3.1780623499129,2024-05-31,19
2024-05-31 20:00:00,26.8133994818227,7.24834061222137,7.33525702576421,3.312211550433,2024-05-31,20
2024-05-31 21:00:00,26.6315721299028,7.62553838833436,7.5540001294603,3.47915268812198,2024-05-31,21
2024-05-31 22:00:00,27.4551966887132,6.88542810259798,7.76602924384551,3.23236337491913,2024-05-31,22
2024-05-31 23:00:00,27.4276438655146,7.8833763165599,7.95015635751787,2.86724824005226,2024-05-31,23
2024-06-01 00:00:00,27.7697242409691,7.44481359752172,7.93273914284551,2.70882472283492,2024-06-01,0
2024-06-01 01:00:00,27.0413246582549,6.47553627311269,7.9290926890541,4.42689799917135,2024-06-01,1
2024-06-01 02:00:00,27.5448317081021,8.22591339944908,7.74948223218653,2.82417953698624,2024-06-01,2
2024-06-01 03:00:00,27.6304785433642,7.09619670796206,7.76119697816491,3.08699124945632,2024-06-01,3
2024-06-01 04:00:00,27.566864284699,6.39892529761666,7.67705085363143,3.53231013008099,2024-06-01,4
2024-06-01 05:00:00,26.8046077903187,7.89174783073825,7.99132076690223,3.46517006211324,2024-06-01,5
2024-06-01 06:00:00,27.3896180893627,8.14666655111907,7.63669735457469,3.53397224780148,2024-06-01,6
2024-06-01 07:00:00,27.5184841776328,6.88018484176826,8.00850764298981,3.11963166010116,2024-06-01,7
2024-06-01 08:00:00,27.3043070801448,6.59780984377464,7.87364918000891,3.41257997037501,2024-06-01,8
2024-06-01 09:00:00,26.0481134049774,6.7965750255278,7.82054065952442,3.33637777562357,2024-06-01,9
2024-06-01 10:00:00,27.3962937743841,7.32883903651062,7.69209081604694,3.17578351195725,2024-06-01,10
2024-06-01 11:00:00,28.6275186236383,7.66671399301831,7.54533620915553,3.41552618896168,2024-06-01,11
2024-06-01 12:00:00,27.0839764387458,7.24229239851815,7.69399292116061,3.7638071851028,2024-06-01,12
2024-06-01 13:00:00,26.8631537412868,6.96103392508306,7.76069855758877,3.30045390392281,2024-06-01,13
2024-06-01 14:00:00,27.5240091358268,7.79880706218266,7.33250489456794,3.30331472393326,2024-06-01,14
2024-06-01 15:00:00,27.4874269262799,6.71229811616909,7.78855541737972,3.76930924499667,2024-06-01,15
2024-06-01 16:00:00,28.0156410992499,7.51855160302014,8.02411504728546,3.72338495472209,2024-06-01,16
2024-06-01 17:00:00,26.5452791064547,6.72716232098923,7.94911576014111,3.9910926696143,2024-06-01,17
2024-06-01 18:00:00,27.738828151545,7.15861377480654,7.72579676609428,2.55482099917378,2024-06-01,18
2024-06-01 19:00:00,27.6542532367509,6.83186246112573,7.8398566226672,3.69920124876284,2024-06-01,19
2024-06-01 20:00:00,27.2147120778357,6.86648869040831,7.71320544042138,3.56867941952294,2024-06-01,20
2024-06-01 21:00:00,27.503212390753,6.67356808952267,7.8612397540005,2.9291694689661,2024-06-01,21
2024-06-01 22:00:00,27.917674488959,7.70691241870842,8.15342264298625,3.4181828047395,2024-06-01,22
2024-06-01 23:00:00,27.8233892280171,6.46024437713488,8.03338474855122,3.76198235153594,2024-06-01,23
2024-06-02 00:00:00,26.6141884127558,6.45586064847078,7.93936680419548,2.95346166333128,2024-06-02,0
2024-06-02 01:00:00,27.7920949120533,8.17259613950707,7.72649416839942,3.50030184447981,2024-06-02,1
2024-06-02 02:00:00,27.2611868369805,7.4867085387926,7.98748706251842,3.68468208056434,2024-06-02,2
2024-06-02 03:00:00,27.3437244588093,5.46893178078418,7.47575584021166,2.84946158811146,2024-06-02,3
2024-06-02 04:00:00,27.343918194601,6.56084475647376,7.77700576878191,3.24881715224859,2024-06-02,4
2024-06-02 05:00:00,27.209854206721,5.81280639746277,7.95257939816303,3.43941640195624,2024-06-02,5
2024-06-02 06:00:00,28.0150244982642,6.32958558395085,7.98548845495003,2.96766345261653,2024-06-02,6
2024-06-02 07:00:00,27.2497692240905,5.01689120025958,7.97067574294531,2.93196412438978,2024-06-02,7
2024-06-02 08:00:00,26.6282723229701,6.81780625338364,7.89191444473404,3.25193082119901,2024-06-02,8
2024-06-02 09:00:00,27.0638820864182,6.21483490850321,7.78889775439239,3.65470507826859,2024-06-02,9
2024-06-02 10:00:00,27.4072168300863,6.93594315407786,7.94297495366356,3.58680562051261,2024-06-02,10
2024-06-02 11:00:00,28.0375288705782,5.92492724467049,7.62989918147688,2.93959252644987,2024-06-02,11
2024-06-02 12:00:00,27.6618568109693,6.94974711190322,7.65261777470842,3.59043219059975,2024-06-02,12
2024-06-02 13:00:00,26.7896788327518,6.6510502331278,7.84296428205666,2.9505458962484,2024-06-02,13
2024-06-02 14:00:00,28.7911139500073,7.80117177911316,7.86637150496884,2.61762698686282,2024-06-02,14
2024-06-02 15:00:00,27.4588651865868,7.74681411704738,7.44662081250143,3.15212826444969,2024-06-02,15
2024-06-02 16:00:00,28.0652344427994,7.37120736180617,7.9255807399994,3.79287682978187,2024-06-02,16
2024-06-02 17:00:00,27.2089713398537,6.70403173160327,7.99227295936307,3.59206303742079,2024-06-02,17
2024-06-02 18:00:00,27.6200155468233,8.09122823715618,7.81377010013208,3.30932412282953,2024-06-02,18
2024-06-02 19:00:00,27.803681102711,5.96817883329611,8.32863791948964,3.13081664205585,2024-06-02,19
2024-06-02 20:00:00,28.0309168270526,6.0578648222618,7.68658362767381,3.14240228146994,2024-06-02,20
2024-06-02 21:00:00,27.9344209832269,6.84973014006656,7.75417169568876,3.35677750952014,2024-06-02,21
2024-06-02 22:00:00,27.8233182000438,8.25242286535267,7.74703594971329,2.85057188108629,2024-06-02,22
2024-06-02 23:00:00,27.1109479612835,6.77859665587795,7.81400060162889,3.16031384156344,2024-06-02,23
2024-06-03 00:00:00,26.9569523748264,6.79005285407443,7.76096778927708,3.2173051316153,2024-06-03,0
2024-06-03 01:00:00,27.4995645061945,6.03485378633292,7.53456978563298,2.72903798286586,2024-06-03,1
2024-06-03 02:00:00,27.8598768434046,7.46755775116223,7.71522485779034,2.94946725211404,2024-06-03,2
2024-06-03 03:00:00,27.166367579534,7.47190575259761,7.80949965388744,3.48651792033914,2024-06-03,3
2024-06-03 04:00:00,27.9391031794286,7.37344512083995,8.08800013723302,3.31409009117463,2024-06-03,4
2024-06-03 05:00:00,28.1715700472917,6.52246759629158,8.29247108740831,3.17723242978685,2024-06-03,5
2024-06-03 06:00:00,26.750207448556,6.4759759389762,8.11044951854864,2.91808620185868,2024-06-03,6
2024-06-03 07:00:00,26.7978475777222,6.12412664975702,7.66717040376875,3.98804542500336,2024-06-03,7
2024-06-03 08:00:00,27.2157749646568,6.95032350105656,7.68387998176851,2.94966893768789,2024-06-03,8
2024-06-03 09:00:00,27.4845676009135,6.2517556024329,7.79654099872304,3.41818490712255,2024-06-03,9
2024-06-03 10:00:00,26.9852597917398,6.19355009685043,8.20475736665925,3.10021629212827,2024-06-03,10
2024-06-03 11:00:00,28.1113216073203,6.6457855698536,7.7952609490418,3.32560009583448,2024-06-03,11
2024-06-03 12:00:00,27.5544401169111,6.60650629488947,7.55122342698714,3.50677218903436,2024-06-03,12
2024-06-03 13:00:00,27.3236682289445,6.57721288270683,7.72475280123986,2.72078966664061,2024-06-03,13
2024-06-03 14:00:00,26.4384542856789,7.17986675810416,7.98898176038208,3.307155015014,2024-06-03,14
2024-06-03 15:00:00,26.5105105101435,6.94742868129017,7.97488745814818,3.82201331906133,2024-06-03,15
2024-06-03 16:00:00,27.4686055501691,6.72710638169333,7.78795450003675,4.06744581420156,2024-06-03,16
2024-06-03 17:00:00,26.0204426243071,7.00980775698689,7.97351708144761,3.25409399150029,2024-06-03,17
2024-06-03 18:00:00,27.9075824457864,6.30508377533722,7.35263383746517,3.32792291910327,2024-06-03,18
2024-06-03 19:00:00,27.2051076933766,6.96316717434581,7.85180413935687,4.26087320229866,2024-06-03,19
2024-06-03 20:00:00,29.2458557817568,6.99036149570678,8.01074393848741,3.79801744108766,2024-06-03,20
2024-06-03 21:00:00,28.6847497503697,5.99817188438551,7.65509871221755,3.04456763522026,2024-06-03,21
2024-06-03 22:00:00,27.1911305584515,7.49741625262222,7.65436890733578,3.04383711611897,2024-06-03,22
2024-06-03 23:00:00,27.2361977984812,6.3711397768638,7.43804588791967,3.72131626856853,2024-06-03,23
2024-06-04 00:00:00,27.8973489084012,6.95418587952386,8.16387807491025,2.87525403408034,2024-06-04,0
2024-06-04 01:00:00,28.3219035659508,7.59864704432116,7.67876766482547,3.77772250307571,2024-06-04,1
2024-06-04 02:00:00,26.3171825655384,7.45540605462832,7.88061908835104,3.45374898441293,2024-06-04,2
2024-06-04 03:00:00,26.2281747207872,6.9206000331413,7.95682257871151,3.53261992853164,2024-06-04,3
2024-06-04 04:00:00,26.9267791166674,6.68250059827076,8.14753426931971,3.19960446450358,2024-06-04,4
2024-06-04 05:00:00,27.6496425499043,7.46850714514534,7.79768146746302,3.03917533417404,2024-06-04,5
2024-06-04 06:00:00,27.5981241543046,7.30481698668517,7.71671974330653,3.93865691727338,2024-06-04,6
2024-06-04 07:00:00,27.9418628729903,6.52898098797352,7.86634420619982,3.20390296936201,2024-06-04,7
2024-06-04 08:00:00,26.5801814829808,6.42306381179899,8.09965685807388,3.13329791707324,2024-06-04,8
2024-06-04 09:00:00,25.9103136822187,5.6565868909824,7.79426376840584,3.27554106081168,2024-06-04,9
2024-06-04 10:00:00,27.8148085171813,6.99241910501015,7.62947749286734,3.39299951706872,2024-06-04,10
2024-06-04 11:00:00,26.8030822362209,6.85038135298896,7.50644086025377,2.86674519551064,2024-06-04,11
2024-06-04 12:00:00,26.0889072813668,7.58171482478553,7.5735275492329,3.06710525749103,2024-06-04,12
2024-06-04 13:00:00,27.3870382475756,7.11543305608822,8.0115222144554,3.0442462082204,2024-06-04,13
2024-06-04 14:00:00,27.7759054129312,7.70053751650362,7.76266885997557,3.67347053098095,2024-06-04,14
2024-06-04 15:00:00,27.2267657207272,6.4815814632503,7.70242060891665,2.92903609576005,2024-06-04,15
2024-06-04 16:00:00,27.0252909682905,7.58289019858057,7.67964688313137,2.55501982116404,2024-06-04,16
2024-06-04 17:00:00,27.2043826607125,6.58265017253721,7.84785963064204,2.46414933795035,2024-06-04,17
2024-06-04 18:00:00,27.0776503425595,7.36655763707536,7.77971443030923,2.67773654208944,2024-06-04,18
2024-06-04 19:00:00,26.4911717328359,6.02474496448158,7.77264224981896,3.89546142722469,2024-06-04,19
2024-06-04 20:00:00,26.8711915938057,7.04108117961971,8.11335802484026,3.31696883777814,2024-06-04,20
2024-06-04 21:00:00,27.6127679430083,5.70918723513245,8.15298341919094,3.5255371073271,2024-06-04,21
2024-06-04 22:00:00,27.4930071248259,6.73971750843495,7.49189544868911,3.54068972266217,2024-06-04,22
2024-06-04 23:00:00,27.4008358835801,7.16421239632675,7.89879447354002,3.3341590849087,2024-06-04,23
2024-06-05 00:00:00,26.702910910888,6.58741886926134,7.66685895928951,3.27784404243994,2024-06-05,0
2024-06-05 01:00:00,27.1910981027186,6.26973742274642,7.77786726608917,3.7591463648218,2024-06-05,1
2024-06-05 02:00:00,25.9937609721343,7.40767108157756,7.89494846087661,3.37277824315444,2024-06-05,2
2024-06-05 03:00:00,27.4070859983312,6.83792232609185,7.78532881744451,3.91161191608327,2024-06-05,3
2024-06-05 04:00:00,28.1573146246881,6.6062576117816,7.8783965749318,3.57695687647464,2024-06-05,4
2024-06-05 05:00:00,26.4155207207747,6.92513755269257,7.9713237432667,3.04434760240316,2024-06-05,5
2024-06-05 06:00:00,26.9484433960094,8.48200148516735,7.89186112811347,3.09623236973593,2024-06-05,6
2024-06-05 07:00:00,27.4974640672261,7.59210170986893,7.6941643761248,2.99719013322466,2024-06-05,7
2024-06-05 08:00:00,28.0517055806565,7.5975442009127,7.69786808253623,3.83354564943881,2024-06-05,8
2024-06-05 09:00:00,27.0310652302199,7.16132779139542,7.52766188771021,3.13582809023341,2024-06-05,9
2024-06-05 10:00:00,26.8846498024405,6.99989116354629,7.65067673752065,2.96665669737616,2024-06-05,10
2024-06-05 11:00:00,26.1186461145504,5.46235062700175,8.24203435599869,3.44750455768453,2024-06-05,11
2024-06-05 12:00:00,27.3620628775849,6.49261179212212,7.66367924944,3.26821814425982,2024-06-05,12
2024-06-05 13:00:00,28.5252456240863,6.61165535207852,7.5793904493868,3.43666446040732,2024-06-05,13
2024-06-05 14:00:00,27.4664150771788,5.77506476157148,7.8971848509874,4.12261997867435,2024-06-05,14
2024-06-05 15:00:00,27.2866326124898,6.20555052587074,7.80682340054871,3.70262044654941,2024-06-05,15
2024-06-05 16:00:00,27.4932493864602,5.71149811744642,7.78892542026166,3.32161453834982,2024-06-05,16
2024-06-05 17:00:00,27.2933447976308,6.87700569858158,8.12589965294654,2.70437794479142,2024-06-05,17
2024-06-05 18:00:00,26.8121913766439,7.39125958250929,7.94531660186726,3.09501612620029,2024-06-05,18
2024-06-05 19:00:00,27.7939679494066,7.5640647111746,7.71870148434227,3.61574982409448,2024-06-05,19
2024-06-05 20:00:00,27.4354569138671,7.14887067724755,7.74086005730573,2.80645235294542,2024-06-05,20
2024-06-05 21:00:00,27.3105679511602,6.32196219528086,7.72445683207981,4.23061722742205,2024-06-05,21
2024-06-05 22:00:00,26.7147803836331,5.74076090488803,8.01369532053185,3.31619912193329,2024-06-05,22
2024-06-05 23:00:00,28.0821047591609,5.8458787803591,7.76528899781484,3.33100480908008,2024-06-05,23
2024-06-06 00:00:00,27.6988216471999,6.1386104536473,7.45343776448463,3.02334256702807,2024-06-06,0
2024-06-06 01:00:00,26.9682474975796,6.3666841811786,7.81985286746579,3.52359723541356,2024-06-06,1
2024-06-06 02:00:00,27.9010949122092,6.80415090120505,7.50722453976314,2.81205922319544,2024-06-06,2
2024-06-06 03:00:00,27.0014574969689,6.29150146912382,8.28868842636853,4.24090381331363,2024-06-06,3
2024-06-06 04:00:00,26.8307979044934,7.10338553620096,7.62720973809208,3.87646106100037,2024-06-06,4
2024-06-06 05:00:00,26.8441781295118,6.76063589832032,7.79600839927488,3.73324747143473,2024-06-06,5
2024-06-06 06:00:00,26.2373588681472,6.90632742704462,7.88422257428724,2.71211552751038,2024-06-06,6
2024-06-06 07:00:00,27.5829254282509,7.58415033160272,7.76938178625736,3.39832770629683,2024-06-06,7
2024-06-06 08:00:00,26.201313072997,6.19186095947978,7.7690936156921,3.82990715114602,2024-06-06,8
2024-06-06 09:00:00,26.5629337012405,7.15122274697542,7.91858373009378,3.56503532172383,2024-06-06,9
2024-06-06 10:00:00,26.0546471945529,6.89161606291436,8.15050535134722,2.87909308500748,2024-06-06,10
2024-06-06 11:00:00,27.2483581843255,6.69990823141818,7.99117690718163,3.03045968521728,2024-06-06,11
2024-06-06 12:00:00,27.2098077238369,7.43115379251958,8.14048791450044,3.11566746065742,2024-06-06,12
2024-06-06 13:00:00,27.1039822720882,7.42740849273421,7.61020998730036,3.0505217311699,2024-06-06,13
2024-06-06 14:00:00,26.6744533831977,6.33210552240694,7.89664615298363,3.96737489935543,2024-06-06,14
2024-06-06 15:00:00,26.596659747938,6.79070364968525,7.86260167093224,2.483964350306,2024-06-06,15
2024-06-06 16:00:00,27.5786219181279,7.06872700955044,7.90372917125211,3.5920452300533,2024-06-06,16
2024-06-06 17:00:00,26.9696688409749,6.73619595118645,8.11900871383347,2.75430954878077,2024-06-06,17
2024-06-06 18:00:00,27.4898149929217,7.25101279937268,7.78363427854367,2.89666186039604,2024-06-06,18
2024-06-06 19:00:00,26.7688507883255,7.06871521074617,7.74484429302364,2.44581465224645,2024-06-06,19
2024-06-06 20:00:00,27.4086376456627,7.99953674421361,7.94213596745792,3.07390659460169,2024-06-06,20
2024-06-06 21:00:00,28.0819668223896,5.98183251844213,7.45657742721117,3.95961461016186,2024-06-06,21
2024-06-06 22:00:00,27.6516994802357,6.82653840615156,7.78026106968434,3.42387442425985,2024-06-06,22
2024-06-06 23:00:00,27.0525517090701,6.35489849309269,7.80181848525006,2.79470453479039,2024-06-06,23
2024-06-07 00:00:00,27.4543193822136,7.26246447326343,7.63672469057555,3.7473734999831,2024-06-07,0
2024-06-07 01:00:00,27.1556008952819,5.92969686597267,8.05198239238488,3.83946083333454,2024-06-07,1
2024-06-07 02:00:00,27.3047281108168,7.10778762613493,7.60692953335791,3.35473998684681,2024-06-07,2
2024-06-07 03:00:00,27.1046333687109,6.521970941191,7.8014666598436,4.18494213800561,2024-06-07,3
2024-06-07 04:00:00,27.2013988764688,6.45950288032739,7.89156301731782,3.66327257358858,2024-06-07,4
2024-06-07 05:00:00,27.4272560118445,6.03210107787559,8.11422482790998,3.60354057813581,2024-06-07,5
2024-06-07 06:00:00,26.7039847802508,6.6209544322794,7.82778314867502,2.9645471559185,2024-06-07,6
2024-06-07 07:00:00,26.690472703806,7.55070031817456,8.02659225476693,3.57978134881718,2024-06-07,7
2024-06-07 08:00:00,26.4668744677013,6.88488678988231,7.9771250334282,3.40322024936993,2024-06-07,8
2024-06-07 09:00:00,26.3398373372978,7.27660825072469,7.85592608679552,3.53352647114854,2024-06-07,9
2024-06-07 10:00:00,26.5696303846677,7.89878509317977,7.60120218426258,3.01562818376923,2024-06-07,10
2024-06-07 11:00:00,27.3956775040825,7.05825335089355,7.52873801921009,3.36508252027436,2024-06-07,11
2024-06-07 12:00:00,26.7643274907049,6.5647202567626,7.85236613429803,2.95874955490757,2024-06-07,12
2024-06-07 13:00:00,27.6081686785387,7.18035132910968,7.71603365648045,2.38673319701461,2024-06-07,13
2024-06-07 14:00:00,27.3208282492515,6.57342231221143,8.02304482925307,3.73927096448871,2024-06-07,14
2024-06-07 15:00:00,26.1188974719372,6.5973463900217,7.9866298688007,2.66397273787351,2024-06-07,15
2024-06-07 16:00:00,27.692985350533,5.98806432022861,7.79123169116822,3.35609017985644,2024-06-07,16
2024-06-07 17:00:00,27.786479187355,7.45575449465064,7.58688028597233,3.45319091566309,2024-06-07,17
2024-06-07 18:00:00,26.7036823950991,6.66839845461034,7.93725446541753,3.45042209682111,2024-06-07,18
2024-06-07 19:00:00,27.552114925737,7.00925894748952,7.61623061631162,3.18827599835275,2024-06-07,19
2024-06-07 20:00:00,26.7861010575545,6.27842284283602,7.67072257618452,3.42662093437039,2024-06-07,20
2024-06-07 21:00:00,27.358602226049,7.16156857782928,7.62432269497482,3.51251584000762,2024-06-07,21
2024-06-07 22:00:00,26.541300955827,6.44283525711895,7.80091478539261,3.62603487077335,2024-06-07,22
2024-06-07 23:00:00,26.2241361284793,6.81497476697891,8.07574039015482,4.05537977593523,2024-06-07,23
2024-06-08 00:00:00,27.0703096862322,7.42669561874348,7.82894141725306,3.41070348514423,2024-06-08,0
2024-06-08 01:00:00,27.2257626322351,7.37445558733952,7.73692407459018,3.33754100335761,2024-06-08,1
2024-06-08 02:00:00,27.0613921838312,6.88678195648984,7.5096208646905,2.92010654489946,2024-06-08,2
2024-06-08 03:00:00,26.5895816650665,5.83912138037597,7.94594616279327,3.49745691927672,2024-06-08,3
2024-06-08 04:00:00,27.0600605627213,8.69568634203639,7.66611503275499,3.59697473435045,2024-06-08,4
2024-06-08 05:00:00,27.4615768515484,7.94751538216388,7.8546787000232,3.2273096307589,2024-06-08,5
2024-06-08 06:00:00,27.2730641819265,7.33360489493298,7.75561409065751,3.54418337679914,2024-06-08,6
2024-06-08 07:00:00,27.4095006183595,6.44807773104542,8.00601721611588,3.18421803677378,2024-06-08,7
2024-06-08 08:00:00,26.8979308797275,6.83184470297882,7.796980357674,3.59852684039824,2024-06-08,8
2024-06-08 09:00:00,28.0030307488297,6.57394774213409,7.81762546555016,3.70241899503279,2024-06-08,9
2024-06-08 10:00:00,26.5942959980671,7.65831356345783,7.93200690096565,3.69640998269411,2024-06-08,10
2024-06-08 11:00:00,27.592536178252,7.0575017345111,8.27245743827527,3.36067306024076,2024-06-08,11
2024-06-08 12:00:00,28.009134655776,6.4295016849841,8.0165738553753,2.86281369480467,2024-06-08,12
2024-06-08 13:00:00,27.5885448556493,6.61754694052513,7.81139271766679,3.04687738736402,2024-06-08,13
2024-06-08 14:00:00,27.1784854637611,7.57271288554194,7.83067157802921,3.56591764927043,2024-06-08,14
2024-06-08 15:00:00,26.9830217720022,7.86005870809229,7.71977951333187,4.3629892914683,2024-06-08,15
2024-06-08 16:00:00,27.9216525906278,7.81699893809175,7.63050090226086,3.16349006824121,2024-06-08,16
2024-06-08 17:00:00,26.446215044843,7.35421923903239,7.71392233471607,3.5060102017069,2024-06-08,17
2024-06-08 18:00:00,26.7179254437722,6.74842507871842,7.66784871762049,3.07089740028386,2024-06-08,18
2024-06-08 19:00:00,27.061465340705,4.95509170480253,7.96720736059714,2.89119417097289,2024-06-08,19
2024-06-08 20:00:00,28.0425922545072,7.07829601428493,7.60504907984751,3.01918417866173,2024-06-08,20
2024-06-08 21:00:00,27.5278605816245,6.89890274469354,8.10997421788981,2.41453705001785,2024-06-08,21
2024-06-08 22:00:00,26.7191725448939,6.98398925779281,7.98792974055995,3.89197707705033,2024-06-08,22
2024-06-08 23:00:00,27.1138153767691,6.93233840821992,7.83430536316721,2.35104399124672,2024-06-08,23
2024-06-09 00:00:00,26.9314061135422,6.10424270283051,7.83006690840766,3.19655386092773,2024-06-09,0
2024-06-09 01:00:00,26.8741266046599,7.23444513411071,7.71297092498094,2.80340500499948,2024-06-09,1
2024-06-09 02:00:00,27.8873337351341,7.27932978841911,7.88671772638303,2.92971650739425,2024-06-09,2
2024-06-09 03:00:00,26.4769541224419,7.3094032692358,8.0584994172738,3.90190474368763,2024-06-09,3
2024-06-09 04:00:00,28.2652685134406,7.46794620214403,7.68233714292628,3.3964588057135,2024-06-09,4
2024-06-09 05:00:00,27.7969378141108,7.26243098695298,7.50798766132707,2.89487965155187,2024-06-09,5
2024-06-09 06:00:00,27.9545170023622,6.65398235307665,7.97767583351992,3.0565076330265,2024-06-09,6
2024-06-09 07:00:00,27.0222362927849,6.85749789125035,7.8981168545912,2.9808430752099,2024-06-09,7
2024-06-09 08:00:00,27.2100355685525,6.95467492035203,7.59475825169735,3.29127536100608,2024-06-09,8
2024-06-09 09:00:00,26.4401089112852,6.96461966946397,7.67598781210804,3.38434342445871,2024-06-09,9
2024-06-09 10:00:00,26.9852025557599,7.49893059358304,7.64958810244947,4.12509715248828,2024-06-09,10
2024-06-09 11:00:00,27.5961929085859,7.2862012518135,7.67784822350281,2.48599067062099,2024-06-09,11
2024-06-09 12:00:00,28.0776378370688,8.14640606374197,7.76202662165135,3.29503070465408,2024-06-09,12
2024-06-09 13:00:00,26.6357059099185,8.2238813879308,7.77402506610104,3.17430589221016,2024-06-09,13
2024-06-09 14:00:00,27.0806964378088,6.94778974956836,7.69333333243562,3.71701586691822,2024-06-09,14
2024-06-09 15:00:00,27.2092204678605,4.59800667092438,7.67078559790502,3.46257179081671,2024-06-09,15
2024-06-09 16:00:00,26.4625264786845,7.64209947967636,7.78195528777693,3.56385574948943,2024-06-09,16
2024-06-09 17:00:00,27.654809545055,6.57577419660777,7.86521522232051,3.45838705998649,2024-06-09,17
2024-06-09 18:00:00,26.8656058009544,6.4191096469014,7.76357772736338,2.90924381612808,2024-06-09,18
2024-06-09 19:00:00,27.1827657892938,6.66093283500638,8.07332007490167,3.830844163492,2024-06-09,19
2024-06-09 20:00:00,27.0288303768529,6.63201417191124,7.93669842002837,3.65335710898474,2024-06-09,20
2024-06-09 21:00:00,26.8263968965682,7.26736188606324,7.49592237005967,3.70367781044164,2024-06-09,21
2024-06-09 22:00:00,27.2957730087117,5.96433853252427,7.93998283073691,3.85354157331808,2024-06-09,22
2024-06-09 23:00:00,27.1706342528592,6.25336755252504,7.95716423634297,3.48960029328034,2024-06-09,23
2024-06-10 00:00:00,27.0768852706328,7.10589513251845,7.73870565669392,3.94682673377052,2024-06-10,0
2024-06-10 01:00:00,26.8629230269918,7.27376641824799,7.51600850666634,3.47238501586826,2024-06-10,1
2024-06-10 02:00:00,27.4917148024698,7.28492498696161,7.83169401947634,3.21580480714942,2024-06-10,2
2024-06-10 03:00:00,28.2921703610954,6.42777823264002,7.82838118318873,3.30716031849215,2024-06-10,3
2024-06-10 04:00:00,27.3839323397035,6.31304061044026,7.59445429032803,3.29974717970147,2024-06-10,4
2024-06-10 05:00:00,27.8976709289467,6.59601909972725,7.52524396458541,3.08666173150107,2024-06-10,5
2024-06-10 06:00:00,26.4658668449079,7.04392365137084,7.81161375524478,4.0117122047992,2024-06-10,6
2024-06-10 07:00:00,27.3946568635763,7.79128642156353,7.78105378966933,3.43740700716658,2024-06-10,7
2024-06-10 08:00:00,26.6415790086174,5.67153768853755,7.7423742732823,3.35073754460815,2024-06-10,8
2024-06-10 09:00:00,26.4138450434809,6.76756274582498,7.81248374570322,3.47695792961837,2024-06-10,9
2024-06-10 10:00:00,26.8563771555246,6.10039293538488,7.59841696149773,4.59133744219697,2024-06-10,10
2024-06-10 11:00:00,28.0151396006481,5.90865439358791,7.73868767129812,2.82335859890215,2024-06-10,11
2024-06-10 12:00:00,27.8700094972018,7.48017398720689,7.94199825642901,2.946633439962,2024-06-10,12
2024-06-10 13:00:00,27.4458028332326,7.2267747446996,7.75650628312623,2.71635446249779,2024-06-10,13
2024-06-10 14:00:00,26.380379664066,7.16966010956836,7.47888578092356,3.20998232747274,2024-06-10,14
2024-06-10 15:00:00,27.1822316091672,7.4526155038386,7.73073462167805,3.41557293063077,2024-06-10,15
2024-06-10 16:00:00,27.481020005341,6.61216866194032,7.60526672266356,3.10991131711334,2024-06-10,16
2024-06-10 17:00:00,27.4053217377472,6.64041749019988,7.88609862225696,3.07791747679474,2024-06-10,17
2024-06-10 18:00:00,26.1937238499116,8.21143837003354,7.89695585470989,3.3712340926501,2024-06-10,18
2024-06-10 19:00:00,26.7658092911881,6.75205736744426,7.48165732873193,3.09409363532323,2024-06-10,19
2024-06-10 20:00:00,27.2615533415108,7.34107926783246,7.98939272382226,3.44337560568862,2024-06-10,20
2024-06-10 21:00:00,27.6217745457103,6.90382892457799,7.5964408767315,3.78912076909932,2024-06-10,21
2024-06-10 22:00:00,25.98232330734,5.79104488195295,8.1574282810013,3.60112310201435,2024-06-10,22
2024-06-10 23:00:00,27.2027256147121,5.67322259771924,7.81975698445487,3.68883573928104,2024-06-10,23
2024-06-11 00:00:00,27.3858292619274,6.55260946803606,7.56825736530678,3.77694491694789,2024-06-11,0
2024-06-11 01:00:00,27.8097671931097,7.53366075100199,7.59018292515454,3.43161610885104,2024-06-11,1
2024-06-11 02:00:00,27.7157145505425,7.3729749939816,7.90310001127534,3.24178435880147,2024-06-11,2
2024-06-11 03:00:00,27.6495427912853,7.44844629853442,7.74782702312134,2.97793117952023,2024-06-11,3
2024-06-11 04:00:00,26.8200356959788,6.30777229263821,7.80970267898019,3.14179338963664,2024-06-11,4
2024-06-11 05:00:00,26.155198717726,7.86952349407339,8.16868384886638,3.08481522094894,2024-06-11,5
2024-06-11 06:00:00,27.0641683457632,6.32106401988817,7.6831587465119,3.62461910044699,2024-06-11,6
2024-06-11 07:00:00,27.9009790951251,7.02769463920198,7.8425922001161,3.4591164984755,2024-06-11,7
2024-06-11 08:00:00,28.1360727165147,6.89378862605536,8.12816734234834,3.60960588096715,2024-06-11,8
2024-06-11 09:00:00,27.7263294613787,6.79567570781125,7.88680782984794,2.81105515187694,2024-06-11,9
2024-06-11 10:00:00,27.557604493681,7.70315528297737,7.49261342557482,3.92565227822366,2024-06-11,10
2024-06-11 11:00:00,27.5277837890316,6.47693368790042,7.93613169246375,3.12639844025209,2024-06-11,11
2024-06-11 12:00:00,26.9663287519435,6.09023684657284,7.58576939986548,2.8369928439079,2024-06-11,12
2024-06-11 13:00:00,27.2219638238678,6.91199729172385,8.12542958103392,3.12113636112662,2024-06-11,13
2024-06-11 14:00:00,28.3014417154958,6.66010395942809,7.65719780295042,4.37801937681263,2024-06-11,14
2024-06-11 15:00:00,26.7344651965249,8.92642975144959,8.45359699662659,3.14328174740863,2024-06-11,15
2024-06-11 16:00:00,28.2688672744259,7.30590448586399,8.13814895754881,3.1702085172675,2024-06-11,16
2024-06-11 17:00:00,27.1067831073048,6.65439565486883,7.66271136037813,3.22739498732924,2024-06-11,17
2024-06-11 18:00:00,28.0952592654571,6.26633305848775,7.83420289905034,3.24609323512447,2024-06-11,18
2024-06-11 19:00:00,26.4559109943015,5.77182695365873,7.98826529914303,2.97396529170546,2024-06-11,19
2024-06-11 20:00:00,27.6515425206988,6.28486854855754,7.99456869958761,3.37158162577864,2024-06-11,20
2024-06-11 21:00:00,26.8579379184314,6.96896506305548,7.922890614595,3.77250581052528,2024-06-11,21
2024-06-11 22:00:00,26.4508396848455,7.75639719095686,8.09295339776288,3.44514440565584,2024-06-11,22
2024-06-11 23:00:00,27.4311204254466,7.57301348543275,7.80417652120678,2.83219892147301,2024-06-11,23
2024-06-12 00:00:00,27.9056830731576,7.03745689898783,7.75298928959903,3.16193126087851,2024-06-12,0
2024-06-12 01:00:00,26.7930351368439,6.70609940057851,7.75715856253583,3.0728432179563,2024-06-12,1
2024-06-12 02:00:00,26.400590423725,7.06128741384729,8.01025837871415,3.33276397134096,2024-06-12,2
2024-06-12 03:00:00,27.244893141399,6.58881720150926,7.90668801846356,3.8820942187718,2024-06-12,3
2024-06-12 04:00:00,27.2475388027337,7.93101839745833,7.89116956979495,3.24598039771102,2024-06-12,4
2024-06-12 05:00:00,27.6289917765327,6.78648589123495,7.99699919234401,3.27209340638573,2024-06-12,5
2024-06-12 06:00:00,27.8697567428187,6.84819728505196,7.39927899435069,4.07438727209236,2024-06-12,6
2024-06-12 07:00:00,27.2643508912365,5.5705065449876,7.89511445301378,3.68676857641881,2024-06-12,7
2024-06-12 08:00:00,28.4133019888766,6.78273909208634,7.87589946666348,3.55685495130581,2024-06-12,8
2024-06-12 09:00:00,27.4345408467212,7.40189048277897,8.18044969707315,4.15199659457976,2024-06-12,9
2024-06-12 10:00:00,27.0921440963959,6.25936645377687,7.50899652372463,3.52061883956143,2024-06-12,10
2024-06-12 11:00:00,26.3330595845383,6.44956779930431,8.15700919279912,2.45579332894967,2024-06-12,11
2024-06-12 12:00:00,27.1424042878103,7.3756266106402,7.84583591707418,3.66804627588856,2024-06-12,12
2024-06-12 13:00:00,27.0981678327533,6.01400566588917,7.93268780143861,2.62543636343898,2024-06-12,13
2024-06-12 14:00:00,27.8761828777689,7.53468060452515,8.18194294539797,3.50436230849045,2024-06-12,14
2024-06-12 15:00:00,27.5774901744401,6.58071366589614,7.94775986628117,2.57309026312443,2024-06-12,15
2024-06-12 16:00:00,26.5923785270204,6.66685906770528,7.91407734078714,3.10925217352804,2024-06-12,16
2024-06-12 17:00:00,27.4033526318466,6.22567295692464,7.88088114901849,3.15357265226776,2024-06-12,17
2024-06-12 18:00:00,27.7029187030374,7.12682775625673,7.72846959165118,2.97884878389035,2024-06-12,18
2024-06-12 19:00:00,28.2168188156327,8.37592319101763,7.82401728385282,3.15999364120778,2024-06-12,19
2024-06-12 20:00:00,27.8325023804484,7.36889834367638,7.67974231911422,3.75400153975504,2024-06-12,20
2024-06-12 21:00:00,27.7565079925869,6.38142884283568,7.82064095112065,3.00300024777139,2024-06-12,21
2024-06-12 22:00:00,27.3360515967691,7.58137235129489,7.33945455361843,3.54441057818953,2024-06-12,22
2024-06-12 23:00:00,27.5329872032541,6.70999227243945,7.92009830918919,2.89477065496886,2024-06-12,23
2024-06-13 00:00:00,28.0497029404237,7.72469098885654,7.80443517670544,3.22851518215138,2024-06-13,0
2024-06-13 01:00:00,26.5003335615122,7.38400584129862,7.75939721529998,3.4492508845208,2024-06-13,1
2024-06-13 02:00:00,27.0903364036698,5.13411506071696,7.87614919762743,2.88149278085402,2024-06-13,2
2024-06-13 03:00:00,26.8364587507463,6.29755222022698,7.52895157617726,2.7459602138484,2024-06-13,3
2024-06-13 04:00:00,27.5274918712357,7.46663113370124,8.23514669929047,3.52150760474892,2024-06-13,4
2024-06-13 05:00:00,28.0381333053905,6.99099436328701,7.8084188330876,3.79292457171648,2024-06-13,5
2024-06-13 06:00:00,26.9418154279674,6.28574643137529,7.79937266907584,3.27600204162043,2024-06-13,6
2024-06-13 07:00:00,25.8658173795183,6.51984629070371,7.62726679587209,3.11335545018062,2024-06-13,7
2024-06-13 08:00:00,27.0526675529853,5.75625802794637,7.83502874031435,3.37694041670601,2024-06-13,8
2024-06-13 09:00:00,27.8480842392104,6.84697602748416,8.12126157695739,3.33385636506911,2024-06-13,9
2024-06-13 10:00:00,27.6225779417699,8.22641383560946,8.04754240398073,3.41444809250584,2024-06-13,10
2024-06-13 11:00:00,27.5569117486864,7.3829600344394,8.00943192773952,2.2228546068651,2024-06-13,11
2024-06-13 12:00:00,27.1320040188753,8.21425020071306,7.94474377985013,2.85028515479864,2024-06-13,12
2024-06-13 13:00:00,26.5325815582681,7.42943825387399,7.75470606921185,2.94655105466215,2024-06-13,13
2024-06-13 14:00:00,27.6091765929747,7.51648760601162,7.52546573492229,3.37487308025997,2024-06-13,14
2024-06-13 15:00:00,26.7994309139792,8.08444721264701,7.78778185790801,3.38992748995758,2024-06-13,15
2024-06-13 16:00:00,28.6104580400283,7.12635795560534,7.78046699244793,3.58355761013414,2024-06-13,16
2024-06-13 17:00:00,27.6423043250127,6.78766360709587,8.05024683233096,3.42076015216049,2024-06-13,17
2024-06-13 18:00:00,26.9516110184676,7.51959450997321,7.89497199291656,2.75068391973345,2024-06-13,18
2024-06-13 19:00:00,26.9331688515668,7.77230414227313,8.16858542085975,3.93221198556158,2024-06-13,19
2024-06-13 20:00:00,27.2442334760319,6.61202121437268,8.08147259340802,3.85692487047162,2024-06-13,20
2024-06-13 21:00:00,27.156298846787,6.46705855059598,7.73413592200414,2.76897516528842,2024-06-13,21
2024-06-13 22:00:00,27.970100265318,6.98331361945853,7.45302286870983,3.4530632765809,2024-06-13,22
2024-06-13 23:00:00,27.4118497018464,7.398899320159,8.12097079912771,3.0539675143455,2024-06-13,23
2024-06-14 00:00:00,26.8610209566549,7.37885462919694,8.11547089687846,3.36971151535624,2024-06-14,0
2024-06-14 01:00:00,28.4342644110935,6.04549943988744,7.54309556591053,3.762923420246,2024-06-14,1
2024-06-14 02:00:00,27.3295849989121,8.04696364023799,8.14694040416378,4.22594483451801,2024-06-14,2
2024-06-14 03:00:00,27.7613038055813,6.51530104236189,7.91024460582443,3.63304941321132,2024-06-14,3
2024-06-14 04:00:00,26.9350640955332,6.74096100186685,7.86374395460639,3.43682193609736,2024-06-14,4
2024-06-14 05:00:00,27.5178693766467,6.35840738400731,8.16910448339194,3.16387689762743,2024-06-14,5
2024-06-14 06:00:00,27.4866659946859,8.51899730156225,8.11238388637843,3.38831799453481,2024-06-14,6
2024-06-14 07:00:00,26.1662104247423,7.04524240217278,7.96677949991899,3.89470191413118,2024-06-14,7
2024-06-14 08:00:00,28.5091650662764,6.38941495159106,7.92937558382052,3.29077523459338,2024-06-14,8
2024-06-14 09:00:00,28.0743866765535,7.41835412997747,7.95944280101138,2.92897155992051,2024-06-14,9
2024-06-14 10:00:00,27.0616828103124,7.36148146758602,7.74598793888467,2.61353335782785,2024-06-14,10
2024-06-14 11:00:00,26.6386381557265,6.78736378585207,7.81842869555621,3.53061058298641,2024-06-14,11
2024-06-14 12:00:00,27.5085369682821,7.40436402767003,7.64051339753515,3.41633389401993,2024-06-14,12
2024-06-14 13:00:00,27.3520186196486,6.40482482350148,7.76006164709483,3.03225948549721,2024-06-14,13
2024-06-14 14:00:00,27.5134013691379,6.60424903503045,7.75300688547952,3.75118607405414,2024-06-14,14
2024-06-14 15:00:00,27.4149464377165,5.69387000726036,7.69658587237945,3.12863594831332,2024-06-14,15
2024-06-14 16:00:00,27.6037445935836,6.10562934946826,7.85871676555618,3.25210304051534,2024-06-14,16
2024-06-14 17:00:00,28.1683834196351,7.98457848340241,7.76196402135288,3.30283442268188,2024-06-14,17
2024-06-14 18:00:00,27.6408619230772,7.88485717663339,7.93546929127392,3.15909032088062,2024-06-14,18
2024-06-14 19:00:00,26.670206700654,6.93947318918938,7.48931267120831,3.41142197827232,2024-06-14,19
2024-06-14 20:00:00,28.1175377116275,7.8977588683139,7.80619549323747,3.80515151275119,2024-06-14,20
2024-06-14 21:00:00,28.284368738093,6.80395530803502,7.85762584443727,2.81873278380908,2024-06-14,21
2024-06-14 22:00:00,29.1912340407073,6.75395381845926,7.76476785963426,3.52006365954382,2024-06-14,22
2024-06-14 23:00:00,26.6259035800562,6.93390638907933,7.79379753304006,3.38402822793077,2024-06-14,23
2024-06-15 00:00:00,27.4457292078902,6.82504704280586,7.49709833774673,3.37611844670422,2024-06-15,0
2024-06-15 01:00:00,26.0507407780866,6.77088220586389,7.90486019198059,3.68489316504586,2024-06-15,1
2024-06-15 02:00:00,27.6318894938275,7.58603886428973,7.96599725633909,3.33119789284338,2024-06-15,2
2024-06-15 03:00:00,26.9710798210999,6.99008139237372,7.93364283178279,3.51649858261945,2024-06-15,3
2024-06-15 04:00:00,28.454067476895,7.32748905866028,8.04813268248286,3.61782179071559,2024-06-15,4
2024-06-15 05:00:00,26.8352310179889,7.5188283151664,7.87232121721433,3.09312296383634,2024-06-15,5
2024-06-15 06:00:00,26.2864901772196,7.13291147739284,7.9305230479367,3.43864888814993,2024-06-15,6
2024-06-15 07:00:00,27.0172417555785,6.31783720445506,7.86277905507594,3.20216132889943,2024-06-15,7
2024-06-15 08:00:00,26.1147073372697,6.08828046662158,7.97438565111442,3.25294683472045,2024-06-15,8
2024-06-15 09:00:00,27.7506596727044,6.98926838088438,7.49878177641226,3.17151359951432,2024-06-15,9
2024-06-15 10:00:00,26.0609501722462,6.79724621710504,7.64234799672462,3.51256457376166,2024-06-15,10
2024-06-15 11:00:00,27.3170745487099,6.95243485735207,8.16324892797695,3.34510722487785,2024-06-15,11
2024-06-15 12:00:00,26.0533129080863,6.89036757645085,7.3133084773598,3.47965393475617,2024-06-15,12
2024-06-15 13:00:00,27.107821317278,8.45014419609994,7.80056263473668,3.30246753395483,2024-06-15,13
2024-06-15 14:00:00,28.2860268934827,6.1018642466152,8.0761777415177,2.62022796463776,2024-06-15,14
2024-06-15 15:00:00,27.5163887348615,5.70603223810733,7.81041526023623,3.32348841892288,2024-06-15,15
2024-06-15 16:00:00,26.781903837021,7.09942610011177,7.74494767499535,3.33732132071743,2024-06-15,16
2024-06-15 17:00:00,27.2812779066366,6.67414646724708,7.85717855213121,3.41431625297599,2024-06-15,17
2024-06-15 18:00:00,27.3108101232267,7.08964072183797,7.75584476219949,3.05469644671513,2024-06-15,18
2024-06-15 19:00:00,27.583578207506,7.2503298133704,7.83647839347896,2.79594802183383,2024-06-15,19
2024-06-15 20:00:00,26.4798849820315,7.67046281710734,7.68648998233077,3.57858085730454,2024-06-15,20
2024-06-15 21:00:00,27.6555403643084,5.99566450776964,8.0628216281907,3.19234918069031,2024-06-15,21
2024-06-15 22:00:00,25.6773650210383,6.5659692612857,8.12888563342379,3.38363494050455,2024-06-15,22
2024-06-15 23:00:00,26.9220692685817,7.15725675532846,7.80198803235656,3.18897216564803,2024-06-15,23
2024-06-16 00:00:00,27.0070356945291,7.36227815741234,7.53883722165484,3.30739341491736,2024-06-16,0
2024-06-16 01:00:00,27.6799960956427,8.21606973017303,7.71999293423419,3.1168073003876,2024-06-16,1
2024-06-16 02:00:00,27.3135785116061,7.47342238266832,7.79136238137838,2.89372405666385,2024-06-16,2
2024-06-16 03:00:00,26.4566621676862,6.86592684246823,7.93616316414967,3.51370461413052,2024-06-16,3
2024-06-16 04:00:00,26.7090041245098,6.3657385482344,7.61831722313416,3.05065836206277,2024-06-16,4
2024-06-16 05:00:00,27.4192080057285,6.56142608836859,7.66847591308515,3.38049913678477,2024-06-16,5
2024-06-16 06:00:00,27.2525595948813,6.54437830622574,7.93724198895035,3.48649789541789,2024-06-16,6
2024-06-16 07:00:00,26.9525255342186,7.29314017710826,8.02717085472831,3.05767053229068,2024-06-16,7
2024-06-16 08:00:00,27.0114997262928,7.0541984673515,7.69946525051416,2.79232917721962,2024-06-16,8
2024-06-16 09:00:00,27.7177007982956,6.10581025749469,7.55002441867029,4.35321681395681,2024-06-16,9
2024-06-16 10:00:00,26.9893844562785,6.63845911854574,8.51966482227046,3.08305809334347,2024-06-16,10
2024-06-16 11:00:00,27.2471452535826,7.42652853207085,7.99449388978863,3.5780693781985,2024-06-16,11
2024-06-16 12:00:00,28.6019619528483,7.11099741298444,7.77392921002892,4.14396932631515,2024-06-16,12
2024-06-16 13:00:00,26.4457904178697,7.24118676960766,8.01249656786148,3.64966033114717,2024-06-16,13
2024-06-16 14:00:00,26.1888943610552,7.12975302603436,7.80386410775997,3.18080959220415,2024-06-16,14
2024-06-16 15:00:00,27.7701537988792,7.87585844076532,8.01210294671104,3.2811399533599,2024-06-16,15
2024-06-16 16:00:00,26.8928141632235,7.04162583829462,7.86347257153301,2.9519788955123,2024-06-16,16
2024-06-16 17:00:00,27.1090574833544,6.66838632127758,7.84916709861519,3.68912946359183,2024-06-16,17
2024-06-16 18:00:00,26.8313061731213,6.35054697531986,7.80614780767153,3.55349640446524,2024-06-16,18
2024-06-16 19:00:00,27.1441199155395,7.04976567492583,7.52604991997275,3.08879689814745,2024-06-16,19
2024-06-16 20:00:00,28.2591228672578,5.43557759113495,8.23699992887256,2.86186483294767,2024-06-16,20
2024-06-16 21:00:00,27.7812770751709,6.78942659890037,7.63227787674377,2.74186949280461,2024-06-16,21
2024-06-16 22:00:00,27.8173341071322,6.77649608404719,7.54439504897478,3.73420102163581,2024-06-16,22
2024-06-16 23:00:00,26.4502637665244,6.08131748782963,7.78529942462116,3.36176044545089,2024-06-16,23
2024-06-17 00:00:00,26.6093077580683,6.3430404968064,7.62809091916279,3.40244335062308,2024-06-17,0
2024-06-17 01:00:00,25.5965528043087,7.38579451808895,7.81914031398234,2.95613209087919,2024-06-17,1
2024-06-17 02:00:00,26.8143715073504,7.03842704944498,7.97443040819797,2.68069366557911,2024-06-17,2
2024-06-17 03:00:00,27.8740219118314,6.9610730002244,8.03901360911114,3.723923837126,2024-06-17,3
2024-06-17 04:00:00,27.610167909449,7.08380852035921,8.00109345154055,3.32807678590881,2024-06-17,4
2024-06-17 05:00:00,27.1670920422287,6.95557655276935,7.76581726849501,3.70011090382478,2024-06-17,5
2024-06-17 06:00:00,27.2866198297692,7.64571753771499,7.84041428380893,3.14404875559831,2024-06-17,6
2024-06-17 07:00:00,26.8866686744548,6.97405750902219,7.91565460068847,3.20816832749415,2024-06-17,7
2024-06-17 08:00:00,27.4228553294411,6.02507213170875,7.46086464097217,3.61671821594687,2024-06-17,8
2024-06-17 09:00:00,27.7595269676884,7.87807797892465,7.94982278702517,3.62490967424973,2024-06-17,9
2024-06-17 10:00:00,26.3304679275537,7.12220416039731,7.5239671496074,3.65295321775496,2024-06-17,10
2024-06-17 11:00:00,27.4797886127024,6.54644776152296,8.25847278577036,3.18306346116584,2024-06-17,11
2024-06-17 12:00:00,27.8594609225728,6.14795896902299,7.74505183222524,3.57425531218987,2024-06-17,12
2024-06-17 13:00:00,27.050939826622,7.13754853257483,7.79117621278914,3.78691277015499,2024-06-17,13
2024-06-17 14:00:00,27.7204203672724,6.82969679701538,7.66836150916005,3.26494803497694,2024-06-17,14
2024-06-17 15:00:00,28.9887926666835,7.84448807161945,7.69770629331031,3.08920000357716,2024-06-17,15
2024-06-17 16:00:00,27.2373943242079,6.6924556315999,8.30755964952008,3.88738146942621,2024-06-17,16
2024-06-17 17:00:00,27.5359842300032,6.39757152619052,8.02747763461089,3.02858833457294,2024-06-17,17
2024-06-17 18:00:00,26.8571657498032,7.43747773094156,7.50466748651895,3.58067489375923,2024-06-17,18
2024-06-17 19:00:00,27.4087506975612,7.4551691356301,8.1458847091439,3.28487840647646,2024-06-17,19
2024-06-17 20:00:00,27.5761629749894,7.00119082056612,8.0805808777797,2.51812678491164,2024-06-17,20
2024-06-17 21:00:00,27.4169054041621,7.30581422860495,7.77094538291946,3.79529544901579,2024-06-17,21
2024-06-17 22:00:00,26.6881828081747,6.87738772755466,7.89440635782627,2.12412293929463,2024-06-17,22
2024-06-17 23:00:00,27.4238170627953,7.04031906060555,7.82686174332157,2.45682493129423,2024-06-17,23
2024-06-18 00:00:00,28.1773175632306,7.59899452953835,8.24424177993386,3.53675193417669,2024-06-18,0
2024-06-18 01:00:00,27.5691814587087,7.2751910004129,7.66277906031166,3.53664061543159,2024-06-18,1
2024-06-18 02:00:00,27.8771923134431,6.79843533700043,7.8606622280529,3.03584066111266,2024-06-18,2
2024-06-18 03:00:00,27.1577928179924,7.71141752755569,7.74008948049151,3.3735634988304,2024-06-18,3
2024-06-18 04:00:00,27.7499401436542,5.48108677632509,7.52906151503025,2.22148508031546,2024-06-18,4
2024-06-18 05:00:00,27.4675607029299,8.13124398685316,8.29024403356155,3.61399944972236,2024-06-18,5
2024-06-18 06:00:00,26.7294535621877,5.87642454306556,7.58187101838849,3.41738195943305,2024-06-18,6
2024-06-18 07:00:00,27.4911126028793,6.52374430513662,7.87622712937243,3.29037357306647,2024-06-18,7
2024-06-18 08:00:00,26.7049820019358,6.87544947888296,7.46445287266013,3.31896183731924,2024-06-18,8
2024-06-18 09:00:00,26.9202718350691,6.8121115975631,7.74619518675895,3.522099295763,2024-06-18,9
2024-06-18 10:00:00,27.4135969843754,7.50384662401593,7.91861345250103,3.29757234489592,2024-06-18,10
2024-06-18 11:00:00,27.4783465640281,6.26529802883386,7.6568058643045,2.50415613382558,2024-06-18,11
2024-06-18 12:00:00,26.5864605209537,7.05646009048984,7.95322838865449,4.25442286084468,2024-06-18,12
2024-06-18 13:00:00,27.9323914627097,6.55307274106815,7.7735013707035,3.82634435235423,2024-06-18,13
2024-06-18 14:00:00,27.6432037669803,7.07708458760245,8.07361732760371,2.75747379535942,2024-06-18,14
2024-06-18 15:00:00,26.8771629386335,6.86113664412128,8.11596979180145,3.16159099089507,2024-06-18,15
2024-06-18 16:00:00,26.3774491221305,6.95576139160979,7.7067836002467,3.2085052982329,2024-06-18,16
2024-06-18 17:00:00,27.2130572525511,6.57004510052139,7.84611390047252,3.77390531359886,2024-06-18,17
2024-06-18 18:00:00,27.0324337716833,6.59396162994235,7.86852538755917,2.3815143578125,2024-06-18,18
2024-06-18 19:00:00,27.3678842742318,7.07236350841646,7.96006335204129,3.09542644629519,2024-06-18,19
2024-06-18 20:00:00,27.0821300033067,7.46622930345363,7.8330202192113,2.55292632936487,2024-06-18,20
2024-06-18 21:00:00,26.095525883553,6.54103239948129,7.869944301462,3.18740892819382,2024-06-18,21
2024-06-18 22:00:00,27.0669918370193,6.37873947325626,7.77888464029303,3.10682461597349,2024-06-18,22
2024-06-18 23:00:00,27.116628533359,7.2680760994031,7.85420037206412,3.34426844897457,2024-06-18,23
2024-06-19 00:00:00,27.6801966148644,6.88049766416539,8.10256744064238,3.04990400842605,2024-06-19,0
2024-06-19 01:00:00,26.8810801952334,7.39829888039157,7.96567748065449,2.98705994170208,2024-06-19,1
2024-06-19 02:00:00,28.3072048040235,6.35652167197731,7.97726368428311,3.57645237745815,2024-06-19,2
2024-06-19 03:00:00,26.153015669609,5.83233664474594,7.98184476806847,3.50550927860531,2024-06-19,3
2024-06-19 04:00:00,28.0867004986816,6.5801975509042,7.79770015664498,3.54710128739464,2024-06-19,4
2024-06-19 05:00:00,27.1654086174731,6.44018843444099,7.8969536791517,3.23393296108894,2024-06-19,5
2024-06-19 06:00:00,27.8157509234061,6.85272695995182,7.60211352754949,3.06415240964317,2024-06-19,6
2024-06-19 07:00:00,27.3478808904352,6.51789287143777,8.09644960782656,3.25889343273107,2024-06-19,7
2024-06-19 08:00:00,27.9837333216153,7.34461017080187,7.24557830920792,3.52549969012943,2024-06-19,8
2024-06-19 09:00:00,27.0675828212683,6.72710984254649,7.81169883760956,2.37398472858211,2024-06-19,9
2024-06-19 10:00:00,26.6408277448933,6.99028469926434,8.06958815520156,3.47946813005947,2024-06-19,10
2024-06-19 11:00:00,28.1523025723626,6.99458073506457,7.54358773393784,3.44292942055396,2024-06-19,11
2024-06-19 12:00:00,27.2319116124707,7.01697305544731,7.91395378269954,3.33672488961686,2024-06-19,12
2024-06-19 13:00:00,27.4329350841745,6.88552253372702,7.68703904621841,3.24579522859518,2024-06-19,13
2024-06-19 14:00:00,28.0408511484269,7.20636041424619,7.75255131431034,2.20656866404906,2024-06-19,14
2024-06-19 15:00:00,26.6808268547433,6.42260691970452,8.02864760173428,3.12086309686683,2024-06-19,15
2024-06-19 16:00:00,27.6572945385836,7.73965075599233,7.87159195443588,4.07945864576327,2024-06-19,16
2024-06-19 17:00:00,26.9460631461223,6.75807756997888,7.40278526774428,3.31554755709437,2024-06-19,17
2024-06-19 18:00:00,27.2206983866134,6.11307051726079,7.62495063665636,3.17786536936987,2024-06-19,18
2024-06-19 19:00:00,27.3433673792306,7.01284401419506,8.03482050432664,3.31726966410375,2024-06-19,19
2024-06-19 20:00:00,26.3998668831318,6.38929171053151,7.92427797082053,3.46255233351004,2024-06-19,20
2024-06-19 21:00:00,26.8326977743077,7.29920072070533,8.1971084702301,3.59329270521647,2024-06-19,21
2024-06-19 22:00:00,28.1106437354479,8.22576334562543,8.18335599474279,3.21158152984209,2024-06-19,22
2024-06-19 23:00:00,27.8317147131509,6.42805674506529,7.75812852266917,3.49271542902928,2024-06-19,23
2024-06-20 00:00:00,27.2624162536037,7.09942339993439,8.35567993906459,4.03095984518738,2024-06-20,0
2024-06-20 01:00:00,27.4458740751077,5.84669664677722,7.8351407306689,3.74268784375607,2024-06-20,1
2024-06-20 02:00:00,27.1234544966181,7.17234313766481,7.62783960777411,4.3163290928185,2024-06-20,2
2024-06-20 03:00:00,28.1139500314968,6.36857172012019,7.69693562815878,3.02758874590876,2024-06-20,3
2024-06-20 04:00:00,27.1797884533235,6.52509922893931,7.35608772788922,4.03076148822587,2024-06-20,4
2024-06-20 05:00:00,27.4391052552809,6.2392281060961,8.16747399173235,2.97001033483328,2024-06-20,5
2024-06-20 06:00:00,27.9876180864852,7.33929073563284,8.16490001769921,3.4620334430984,2024-06-20,6
2024-06-20 07:00:00,26.8335771090925,7.50438261448396,7.6167434378492,3.62496490757238,2024-06-20,7
2024-06-20 08:00:00,28.2352735106981,6.91403112879511,7.7821442994398,3.09036580748108,2024-06-20,8
2024-06-20 09:00:00,26.381723154154,6.38134397679857,7.85007758426364,3.34782463931394,2024-06-20,9
2024-06-20 10:00:00,28.2777852786677,7.85371382166232,7.62832585905016,3.70149827405429,2024-06-20,10
2024-06-20 11:00:00,27.0763946496288,6.44975392334721,7.46142857343306,3.00458351372588,2024-06-20,11
2024-06-20 12:00:00,27.1543807513048,5.60278062004354,7.78582490320685,4.02783488760549,2024-06-20,12
2024-06-20 13:00:00,26.1659938972902,7.17503340597424,7.76257331981356,2.71462345136724,2024-06-20,13
2024-06-20 14:00:00,27.0271231695734,6.23713519581509,7.74843363939236,4.14406732037321,2024-06-20,14
2024-06-20 15:00:00,26.6761160813839,7.49316527609951,7.8767703731462,3.74057023796383,2024-06-20,15
2024-06-20 16:00:00,26.9354121927759,6.67131738199595,8.13019912829046,3.27141800217906,2024-06-20,16
2024-06-20 17:00:00,27.2176134205267,7.26222794432652,7.76635052886474,3.13685266916821,2024-06-20,17
2024-06-20 18:00:00,27.8746749686838,7.7409002079313,7.86579302973149,3.09197784699986,2024-06-20,18
2024-06-20 19:00:00,27.4245620108404,6.17468468122757,7.98264280998644,3.25160787468948,2024-06-20,19
2024-06-20 20:00:00,27.4846059920407,6.56043772146456,7.94637001456768,3.28914677953401,2024-06-20,20
2024-06-20 21:00:00,26.6426883666927,6.85459735640576,7.70097105986595,3.84974728605287,2024-06-20,21
2024-06-20 22:00:00,26.7715475462384,7.82253079142061,7.85023919585395,4.15652126316537,2024-06-20,22
2024-06-20 23:00:00,28.3792350110108,6.50497036923573,7.9449833622355,3.39573336588122,2024-06-20,23
2024-06-21 00:00:00,26.8588793791421,6.5432977824306,7.59304621912274,2.94637975016456,2024-06-21,0
2024-06-21 01:00:00,28.2937249512344,7.18688434533349,8.09534319226727,3.07533780252644,2024-06-21,1
2024-06-21 02:00:00,27.1541632806715,6.55366276457366,8.13063367009496,3.23127096261715,2024-06-21,2
2024-06-21 03:00:00,27.3013727616861,6.99151552973857,7.67821614635666,2.86704749472239,2024-06-21,3
2024-06-21 04:00:00,27.942219096138,5.96907754741913,7.87067070385312,2.80305519709383,2024-06-21,4
2024-06-21 05:00:00,28.0631354531632,8.22859796553396,7.96487843390092,4.2117647013204,2024-06-21,5
2024-06-21 06:00:00,27.2335124638326,6.09137446181436,7.71542102717096,3.44012381615689,2024-06-21,6
2024-06-21 07:00:00,27.0670541678871,6.70694837760588,7.9311389075945,2.95175275251745,2024-06-21,7
2024-06-21 08:00:00,27.2664477308867,6.88051137849474,7.86428368152135,3.66113953525382,2024-06-21,8
2024-06-21 09:00:00,27.5027745169393,8.04761288061408,7.52173718269585,2.80331116633306,2024-06-21,9
2024-06-21 10:00:00,27.8347822121219,6.10509253144036,7.9264238763555,2.83871481941545,2024-06-21,10
2024-06-21 11:00:00,27.3025379153965,8.09022248128725,7.59897009258308,2.96469176754238,2024-06-21,11
2024-06-21 12:00:00,27.6713317788139,7.35430609266121,8.02723259884903,4.02144071077196,2024-06-21,12
2024-06-21 13:00:00,28.2830158393626,7.15025719465395,7.68904567422188,3.2012615717153,2024-06-21,13
2024-06-21 14:00:00,27.5287857673589,6.30921978778923,7.79613005893116,2.26006599563193,2024-06-21,14
2024-06-21 15:00:00,27.4869917136029,7.24268474522285,8.11817857182378,3.83032835126551,2024-06-21,15
2024-06-21 16:00:00,26.388653504946,6.46590802654812,7.93424014577106,3.17825601341019,2024-06-21,16
2024-06-21 17:00:00,25.7215619179026,7.65999675191905,7.60331047688935,2.51475455747229,2024-06-21,17
2024-06-21 18:00:00,27.5330254375381,6.31736278253536,7.61686752013219,3.17382610017573,2024-06-21,18
2024-06-21 19:00:00,27.2431054612315,6.83210490332635,7.70414641438902,3.53403167554011,2024-06-21,19
2024-06-21 20:00:00,26.9911303950512,6.5668361471921,7.9128752575049,3.48374114160918,2024-06-21,20
2024-06-21 21:00:00,27.4461181225118,6.3074862225438,7.90524296113588,4.08331844104087,2024-06-21,21
2024-06-21 22:00:00,27.2637577624819,7.34479189014475,7.6529485160208,2.94330981909493,2024-06-21,22
2024-06-21 23:00:00,27.9766681503803,7.22127524844578,7.58488600802099,3.33008965171394,2024-06-21,23
2024-06-22 00:00:00,27.3516665209554,7.6254061193406,7.88913251506803,3.00918521021128,2024-06-22,0
2024-06-22 01:00:00,26.8518460289579,5.8320749350751,7.79180938618407,2.64685705549949,2024-06-22,1
2024-06-22 02:00:00,27.8940997433756,7.53850242140463,8.28301533636403,3.69077677009156,2024-06-22,2
2024-06-22 03:00:00,27.1697213550323,8.40326934321414,7.83768676787825,3.50920591473343,2024-06-22,3
2024-06-22 04:00:00,27.6159220102034,6.62901534649383,8.21099309381706,3.43198173337051,2024-06-22,4
2024-06-22 05:00:00,27.0135535762843,8.03708916726538,7.58421944439809,3.49351978310122,2024-06-22,5
2024-06-22 06:00:00,26.9101038687015,6.74210323676411,7.49962528269204,3.01524667334398,2024-06-22,6
2024-06-22 07:00:00,27.3505009381114,6.07655415746322,7.59478212216964,2.87755111245318,2024-06-22,7
2024-06-22 08:00:00,27.3076971861262,6.71662053455592,8.07971725410523,3.32618837003283,2024-06-22,8
2024-06-22 09:00:00,27.5878962212201,7.52892238060517,8.19878133383564,3.80932090303699,2024-06-22,9
2024-06-22 10:00:00,27.1388125480142,6.39709411060108,7.66574231466995,4.00147316824503,2024-06-22,10
2024-06-22 11:00:00,26.1981841297378,6.53979680459611,7.73328113375049,3.6520360639272,2024-06-22,11
2024-06-22 12:00:00,27.040335669847,7.25612365937591,7.58451400885538,3.32254500351028,2024-06-22,12
2024-06-22 13:00:00,27.7762910802863,6.90183607004314,7.44955563210514,3.42600708964197,2024-06-22,13
2024-06-22 14:00:00,27.1215743524541,7.25077377149205,7.98086645653309,3.31498535950991,2024-06-22,14
2024-06-22 15:00:00,27.1521699584913,7.042697724455,7.87683426362206,2.86884436392925,2024-06-22,15
2024-06-22 16:00:00,27.8918259035436,7.18777519173094,7.83220247636151,3.32059837263053,2024-06-22,16
2024-06-22 17:00:00,26.8728160636447,6.64061928851428,7.53598812719569,2.73602446843695,2024-06-22,17
2024-06-22 18:00:00,26.3743180690543,7.03903856521824,8.17439090318402,3.25664679277569,2024-06-22,18
2024-06-22 19:00:00,27.2036213282847,6.34357619658244,7.72429508500961,4.01352519755642,2024-06-22,19
2024-06-22 20:00:00,27.0094956292508,7.67306017350203,7.94206154921146,3.66382946579684,2024-06-22,20
2024-06-22 21:00:00,26.7202522081481,6.51943516990961,7.52454210489861,2.91305875077829,2024-06-22,21
2024-06-22 22:00:00,27.1947729264608,7.57730849252963,7.78998971017979,3.27885550005382,2024-06-22,22
2024-06-22 23:00:00,27.5949033883481,6.75983582341028,7.8911886358101,2.95121818594546,2024-06-22,23
2024-06-23 00:00:00,27.2944268630593,7.02119940645439,7.89868579579119,3.2831190796838,2024-06-23,0
2024-06-23 01:00:00,27.4841886436117,6.60302126946558,7.86247619407969,3.75767636110556,2024-06-23,1
2024-06-23 02:00:00,28.3880446191093,6.29040274129918,7.93384972333024,3.59079341347326,2024-06-23,2
2024-06-23 03:00:00,27.0942726830655,5.85314376743682,7.59259070423308,4.37818195472049,2024-06-23,3
2024-06-23 04:00:00,27.4670091807868,6.26680550484453,7.87144824714233,3.82276528307826,2024-06-23,4
2024-06-23 05:00:00,26.9944719824405,6.70565468807045,7.85388911353086,3.39772016386341,2024-06-23,5
2024-06-23 06:00:00,26.7921841680678,7.02712750729733,7.87865126368096,3.60117448887732,2024-06-23,6
2024-06-23 07:00:00,26.9490554079493,7.50622758796996,7.84519249563703,3.22294943510117,2024-06-23,7
2024-06-23 08:00:00,27.012744857087,6.63254552412189,7.56262531747819,2.82517317375281,2024-06-23,8
2024-06-23 09:00:00,27.5156854785283,6.3708235414397,7.55326205205712,3.87148392866363,2024-06-23,9
2024-06-23 10:00:00,28.7094454720205,6.03437112839837,7.36500368096425,3.74386633508061,2024-06-23,10
2024-06-23 11:00:00,26.8703739382345,7.18803817074246,8.00168224706751,3.2063466877246,2024-06-23,11
2024-06-23 12:00:00,27.0500248166307,7.72991670919761,8.00380807704439,3.42779236688048,2024-06-23,12
2024-06-23 13:00:00,27.2621261921333,7.65979816077377,8.00714556115665,3.84360385057547,2024-06-23,13
2024-06-23 14:00:00,27.5374793092259,7.32595964888834,7.89442589211691,3.67393111326859,2024-06-23,14
2024-06-23 15:00:00,27.4581304871729,7.28312599036056,7.3820449642792,2.68086646196263,2024-06-23,15
2024-06-23 16:00:00,28.0704574763689,7.91857426782561,7.61439079672509,3.41475660924062,2024-06-23,16
2024-06-23 17:00:00,25.8441647576789,7.09924887685009,7.86578723769455,3.23791844404,2024-06-23,17
2024-06-23 18:00:00,25.8678420778826,7.2876778056145,7.85845878058628,3.78859030062963,2024-06-23,18
2024-06-23 19:00:00,27.0024730967939,6.7075296828888,7.78322287523808,3.75334837767654,2024-06-23,19
2024-06-23 20:00:00,27.9583801125262,6.08277397748715,7.90747261261073,3.87700136611656,2024-06-23,20
2024-06-23 21:00:00,26.3606111810366,6.48969065970026,7.8324468586139,2.82930543435031,2024-06-23,21
2024-06-23 22:00:00,25.4954205961838,6.89450457687921,7.85536179776579,2.97283204035582,2024-06-23,22
2024-06-23 23:00:00,27.6427076437315,6.93647122350078,7.69579628010528,3.78905544753824,2024-06-23,23
2024-06-24 00:00:00,27.4461943342216,8.05577151291324,8.03622230708553,3.05559229940275,2024-06-24,0
2024-06-24 01:00:00,26.6458749559203,6.94876630055464,7.73953796217712,2.65578381820685,2024-06-24,1
2024-06-24 02:00:00,26.7086762395674,7.60730606641539,7.55056369256567,3.53901648967405,2024-06-24,2
2024-06-24 03:00:00,26.7181537682192,6.63895365505421,7.66809020730807,3.07469607068563,2024-06-24,3
2024-06-24 04:00:00,27.3663211904844,6.71299446854086,7.75682209981398,4.07961003123261,2024-06-24,4
2024-06-24 05:00:00,26.9242108342902,6.10259541766593,8.03874058555746,3.43735935821504,2024-06-24,5
2024-06-24 06:00:00,27.5964383513853,6.45460319227406,7.82112372032869,3.37891149325592,2024-06-24,6
2024-06-24 07:00:00,25.5872240022574,7.21618883481825,7.79090887401721,3.15122512660523,2024-06-24,7
2024-06-24 08:00:00,26.7858888809233,6.90453610823648,7.56778068079985,3.9940591935886,2024-06-24,8
2024-06-24 09:00:00,26.6243676234534,7.46576317193834,7.99495134386421,3.46417841775262,2024-06-24,9
2024-06-24 10:00:00,27.1461955929765,7.00875236900703,7.69309004765509,3.13434520719283,2024-06-24,10
2024-06-24 11:00:00,26.9771713449059,6.68852776101736,7.80899414962232,2.96854400615966,2024-06-24,11
2024-06-24 12:00:00,27.7787062679375,8.18897811827218,8.14083844614519,3.27840658653739,2024-06-24,12
2024-06-24 13:00:00,26.184397937004,6.84365785877217,7.93684029952035,2.88961186002343,2024-06-24,13
2024-06-24 14:00:00,27.3272948857985,7.59780058182318,7.48806664997981,3.75241729992195,2024-06-24,14
2024-06-24 15:00:00,27.635001853927,6.65927447607319,7.45840285036598,2.53241291676958,2024-06-24,15
2024-06-24 16:00:00,28.4139884619372,7.32575968763014,7.81649480547496,3.25000896781678,2024-06-24,16
2024-06-24 17:00:00,27.0109404173439,7.45680939549101,7.57532447087629,3.57235742438781,2024-06-24,17
2024-06-24 18:00:00,27.4946751626115,7.02509518234535,7.96619481700293,3.45711135064715,2024-06-24,18
2024-06-24 19:00:00,26.2176823244626,5.48731024638204,7.83887524364265,3.00156832160326,2024-06-24,19
2024-06-24 20:00:00,25.8648262774122,6.91095147651367,7.86473080149501,3.59391124388382,2024-06-24,20
2024-06-24 21:00:00,27.806864625469,7.63827602865599,7.68158393185511,2.92900306299406,2024-06-24,21
2024-06-24 22:00:00,27.2966638238112,7.21648849981664,8.19569056761021,3.30037459770637,2024-06-24,22
2024-06-24 23:00:00,28.0071076138791,7.16750332513755,8.4269446828822,3.59029187595155,2024-06-24,23
2024-06-25 00:00:00,26.4759582666182,5.86664583962549,7.77149720801109,3.50905249518204,2024-06-25,0
2024-06-25 01:00:00,27.6119412837173,6.46772695759497,7.90413824216715,3.01973322508963,2024-06-25,1
2024-06-25 02:00:00,28.4212907043263,7.14681457869086,7.85045764204351,3.82492264212268,2024-06-25,2
2024-06-25 03:00:00,27.5518233650144,7.14622996607214,7.77546575867738,3.34727866573878,2024-06-25,3
2024-06-25 04:00:00,27.4659489033546,7.62880006807974,7.65526520177611,3.62948802670384,2024-06-25,4
2024-06-25 05:00:00,27.3051336484946,6.81307994691234,7.6021567226291,3.9675134328695,2024-06-25,5
2024-06-25 06:00:00,26.3574711257245,7.14349445200429,7.59152457423964,3.79053383597308,2024-06-25,6
2024-06-25 07:00:00,28.1133437614262,6.90982454515878,7.91510040536532,3.79165564472235,2024-06-25,7
2024-06-25 08:00:00,26.933485416117,6.30783435809907,7.72086835957724,3.39285236983527,2024-06-25,8
2024-06-25 09:00:00,27.6026899538298,5.54652520134315,7.28855850147049,3.65139210199152,2024-06-25,9
2024-06-25 10:00:00,26.3621794160573,7.15860581527805,7.92342022632565,3.40184652706266,2024-06-25,10
2024-06-25 11:00:00,26.5923242012953,7.00436832504769,7.82196513068253,2.78999047885528,2024-06-25,11
2024-06-25 12:00:00,28.1610524395333,6.5290949747399,8.11280133029424,3.44017983077717,2024-06-25,12
2024-06-25 13:00:00,27.0916186266253,5.92849616609048,7.90835570338911,3.42023522300754,2024-06-25,13
2024-06-25 14:00:00,28.1719652856255,7.27784370864524,7.51947854477484,3.56100362545438,2024-06-25,14
2024-06-25 15:00:00,27.2530616045649,6.74044795548267,7.3617679054467,3.25496130065824,2024-06-25,15
2024-06-25 16:00:00,26.1948613362253,7.23412483342089,7.67891079928903,2.98257411059154,2024-06-25,16
2024-06-25 17:00:00,27.835240559839,8.01842911824706,7.69872744165433,3.59229761576535,2024-06-25,17
2024-06-25 18:00:00,26.9460646093466,5.61514147180818,8.02806343221003,2.74529291648153,2024-06-25,18
2024-06-25 19:00:00,27.7192132881102,6.48023951477858,7.82813710421919,3.93729222841828,2024-06-25,19
2024-06-25 20:00:00,27.3151265205241,6.77437463201285,8.06807458460069,3.21049023368185,2024-06-25,20
2024-06-25 21:00:00,26.3741290632343,7.77289570448799,7.55178505830245,3.41557711398415,2024-06-25,21
2024-06-25 22:00:00,27.3985768592223,5.91815818847611,8.03270552071989,3.55018000591108,2024-06-25,22
2024-06-25 23:00:00,28.6177338852917,8.06151661540836,7.98140772222049,3.563995859283,2024-06-25,23
2024-06-26 00:00:00,27.5957918751087,6.98151354093977,7.40617083659945,2.70413675102075,2024-06-26,0
2024-06-26 01:00:00,27.2654893481967,6.84239960295969,8.10774974666476,3.66435722963403,2024-06-26,1
2024-06-26 02:00:00,27.9452060411741,6.78116414206866,7.84962628327093,3.4403561462018,2024-06-26,2
2024-06-26 03:00:00,27.4264010791219,6.63824218069198,7.91232934581239,3.0368376046398,2024-06-26,3
2024-06-26 04:00:00,27.4257205381577,7.52887005556149,7.64837181639003,2.98764321109326,2024-06-26,4
2024-06-26 05:00:00,26.6450248967045,6.25888754755054,8.09780187271361,3.16635717471556,2024-06-26,5
2024-06-26 06:00:00,27.4403088154738,7.10724850898631,7.58097101085984,2.75154107475749,2024-06-26,6
2024-06-26 07:00:00,27.9212660498502,6.66949100057582,8.00473932385853,4.05057497812442,2024-06-26,7
2024-06-26 08:00:00,26.79836270874,6.44271993089154,8.00232756994082,3.94904506981164,2024-06-26,8
2024-06-26 09:00:00,28.1546974927482,8.45158510541034,7.62542484008383,3.50423108641965,2024-06-26,9
2024-06-26 10:00:00,27.2449763855129,7.15143044085208,8.24650845587874,3.2139386809729,2024-06-26,10
2024-06-26 11:00:00,26.7673382930769,7.26795932679669,7.87862098084568,3.22524356518692,2024-06-26,11
2024-06-26 12:00:00,27.8985792461522,7.5826660684012,7.96731744815692,3.63596825365481,2024-06-26,12
2024-06-26 13:00:00,27.127923458557,6.04719003280887,7.50930463297949,4.06586556678584,2024-06-26,13
2024-06-26 14:00:00,27.7557089324917,7.95137514547322,8.2747233006318,3.0647294019734,2024-06-26,14
2024-06-26 15:00:00,27.1249448206449,5.39462569290296,7.57284304255273,2.82943800167197,2024-06-26,15
2024-06-26 16:00:00,27.2641043138821,6.43874015397689,8.04522615088085,3.97548553264597,2024-06-26,16
2024-06-26 17:00:00,27.5961361226006,6.62458099609266,7.62109793923434,2.54153040733869,2024-06-26,17
2024-06-26 18:00:00,27.474538234554,7.2490340189823,7.70001235140199,2.87633175245136,2024-06-26,18
2024-06-26 19:00:00,26.102680931729,7.03123095968489,7.99563834921594,3.20385110622033,2024-06-26,19
2024-06-26 20:00:00,26.6272537559434,6.79991115558097,8.04578606987178,2.63901360884384,2024-06-26,20
2024-06-26 21:00:00,27.8576459908745,6.89280159322337,7.56303030768604,3.78822409700684,2024-06-26,21
2024-06-26 22:00:00,27.2207180466591,6.31318618588646,8.05899915550197,3.67846926631719,2024-06-26,22
2024-06-26 23:00:00,26.9857612183372,6.0016605633095,8.04944590397797,3.06283891229741,2024-06-26,23
2024-06-27 00:00:00,26.4848555908455,7.33590697340164,7.63302978414257,3.86023407124643,2024-06-27,0
2024-06-27 01:00:00,26.6521582072345,7.31622366752171,8.16571599465413,3.93319574421365,2024-06-27,1
2024-06-27 02:00:00,26.0869208160228,7.85069662509424,7.52405989806791,3.26133662123527,2024-06-27,2
2024-06-27 03:00:00,27.2392315687791,6.42598974191088,7.6987977576167,3.11621268364576,2024-06-27,3
2024-06-27 04:00:00,26.9409374516514,7.31568912618055,7.93059055105932,4.28162887192927,2024-06-27,4
2024-06-27 05:00:00,26.7200472654088,6.72977596298116,7.65075108021245,3.62009958349619,2024-06-27,5
2024-06-27 06:00:00,27.2591259448992,7.61428499111609,7.88540200799266,3.42021960077661,2024-06-27,6
2024-06-27 07:00:00,27.5183823785116,7.51317766600689,7.88062597654869,3.89632475705503,2024-06-27,7
2024-06-27 08:00:00,28.555918759326,7.02672563953467,7.79071440331623,3.4398301730513,2024-06-27,8
2024-06-27 09:00:00,26.3928699482621,6.69628190600041,8.00480411310402,3.09258314805475,2024-06-27,9
2024-06-27 10:00:00,27.9956286259803,7.47655930716496,7.7820442335419,3.34446869700965,2024-06-27,10
2024-06-27 11:00:00,27.883860936609,7.28814271395394,7.8786236244509,3.75662134354749,2024-06-27,11
2024-06-27 12:00:00,26.832544356374,6.48933575874829,8.07075909427246,2.45336020646984,2024-06-27,12
2024-06-27 13:00:00,27.4219415727516,6.10332079591234,7.99604410410543,3.18614678204114,2024-06-27,13
2024-06-27 14:00:00,27.0254200503974,6.72688025959092,7.99506363107098,3.90471468139009,2024-06-27,14
2024-06-27 15:00:00,27.4114131482513,7.80924828920893,7.58867228353448,3.08989658752979,2024-06-27,15
2024-06-27 16:00:00,28.2054786080427,7.58789229523982,7.94020644085528,3.97482668098551,2024-06-27,16
2024-06-27 17:00:00,27.6633637395788,6.23260351819765,7.6455152538964,3.91833984232472,2024-06-27,17
2024-06-27 18:00:00,27.6051650239401,6.19934555046005,7.56090285424661,3.28182248033975,2024-06-27,18
2024-06-27 19:00:00,27.0418144080272,7.66481030980769,7.81494166728016,3.06552809889773,2024-06-27,19
2024-06-27 20:00:00,26.4095660010454,6.2186184571453,7.64009801080317,3.18643568411566,2024-06-27,20
2024-06-27 21:00:00,27.1749190736758,7.20557719418521,7.9960297209564,4.45578423156062,2024-06-27,21
2024-06-27 22:00:00,28.0239648929184,6.53035727079821,8.00105244653602,4.1160025121813,2024-06-27,22
2024-06-27 23:00:00,26.3836992860462,7.87022695471301,7.4304484903494,3.3639181178769,2024-06-27,23
2024-06-28 00:00:00,26.666946379094,6.43774512051727,7.65605646668885,3.04849397280322,2024-06-28,0
2024-06-28 01:00:00,27.3757606417404,7.5860169181235,7.52344479889722,3.36032764529994,2024-06-28,1
2024-06-28 02:00:00,26.7092071290917,7.01091519243622,7.73284785191549,3.41484557844521,2024-06-28,2
2024-06-28 03:00:00,26.8244859317309,7.05131691254057,7.92558689067245,2.77535574282798,2024-06-28,3
2024-06-28 04:00:00,27.0458408509631,5.71781485118916,7.77911949938254,3.34441774576256,2024-06-28,4
2024-06-28 05:00:00,26.4806295574859,5.57825198807657,7.7061505594599,3.87863385966904,2024-06-28,5
2024-06-28 06:00:00,26.7155268922702,6.76766043583961,8.10303707063076,2.53627662707692,2024-06-28,6
2024-06-28 07:00:00,27.7220567500724,7.04814363804997,7.34597999375478,3.66543110500902,2024-06-28,7
2024-06-28 08:00:00,26.5155781306614,6.22488130335737,8.08974309763883,3.90116312712356,2024-06-28,8
2024-06-28 09:00:00,26.3412767193031,6.2467839537142,7.71569945843735,3.06896034160942,2024-06-28,9
2024-06-28 10:00:00,26.9219850122797,7.23688357789568,7.81359710787632,4.03849557602216,2024-06-28,10
2024-06-28 11:00:00,27.7391733015059,7.23771268827428,7.71925369907878,3.01315506314721,2024-06-28,11
2024-06-28 12:00:00,27.1818469152019,6.81735536376724,8.15400650216322,3.49966554459997,2024-06-28,12
2024-06-28 13:00:00,27.0212513531306,7.36812103271165,7.5714945156709,3.17808774559464,2024-06-28,13
2024-06-28 14:00:00,27.3266152785094,6.19547862256791,7.83246463764161,3.17799156642008,2024-06-28,14
2024-06-28 15:00:00,26.2525755402842,6.68643904974782,7.9407621168906,3.04456140000404,2024-06-28,15
2024-06-28 16:00:00,27.596823392265,7.8887265634702,7.49168941874412,3.61038745677067,2024-06-28,16
2024-06-28 17:00:00,27.5300610188422,6.94099327796389,7.63682138420631,3.67498634682452,2024-06-28,17
2024-06-28 18:00:00,27.0544149155426,6.9757875087522,7.79888250796537,3.28229845418181,2024-06-28,18
2024-06-28 19:00:00,27.9035547070779,8.28356795158064,7.64380034271628,2.72521366812092,2024-06-28,19
2024-06-28 20:00:00,26.6235023406282,6.06039470049074,7.65872572804398,3.48336317165279,2024-06-28,20
2024-06-28 21:00:00,27.9767453959521,7.37785821998527,7.75652884075395,3.4914661745466,2024-06-28,21
2024-06-28 22:00:00,27.3926961993572,7.89839176788486,7.9664120796457,3.21681254510384,2024-06-28,22
2024-06-28 23:00:00,27.0980684460731,6.70508524410087,7.75802926685559,4.11290945348775,2024-06-28,23
2024-06-29 00:00:00,27.288075818779,7.41577847211291,8.05646950083932,2.63751041609272,2024-06-29,0
2024-06-29 01:00:00,27.2356411405134,6.31078830167346,7.62047086564154,2.35656800459097,2024-06-29,1
2024-06-29 02:00:00,28.0321697378506,6.48796056265959,7.56709632530058,2.99574099313,2024-06-29,2
2024-06-29 03:00:00,26.6539925235174,7.13097984962858,8.23453253520144,3.61548254965932,2024-06-29,3
2024-06-29 04:00:00,26.842488456512,7.37914000386636,7.69182879319024,2.85598680590345,2024-06-29,4
2024-06-29 05:00:00,27.9217817352435,7.57256190744375,7.55470847851485,2.88818250503379,2024-06-29,5
2024-06-29 06:00:00,26.9426790388897,7.8417771521637,7.46416867222792,3.71893917455661,2024-06-29,6
2024-06-29 07:00:00,27.840319846399,6.85953206486689,8.05577172529988,3.50889560680303,2024-06-29,7
2024-06-29 08:00:00,28.3196615898052,7.61616705310355,7.75832605192139,3.47213619114021,2024-06-29,8
2024-06-29 09:00:00,27.058922983835,6.69461709393051,7.77672095563606,3.64601443537018,2024-06-29,9
2024-06-29 10:00:00,27.7088173959452,7.44125478695296,7.79656764056681,3.12716703009266,2024-06-29,10
2024-06-29 11:00:00,26.6077846311961,7.02449327871131,8.04271800578066,3.14703684815498,2024-06-29,11
2024-06-29 12:00:00,27.7528399788407,7.16740674424915,7.79229873486506,3.65820508720141,2024-06-29,12
2024-06-29 13:00:00,27.4196543915921,7.15410472441322,8.32225129355485,2.73169868426408,2024-06-29,13
2024-06-29 14:00:00,27.5838229692961,5.93717699412131,7.85808972055139,2.38863046604863,2024-06-29,14
2024-06-29 15:00:00,26.9126567567788,6.22552688468354,8.05297480106125,3.12368780534002,2024-06-29,15
2024-06-29 16:00:00,26.3033499506597,6.96152486389051,7.99910037015993,3.71027551429825,2024-06-29,16
2024-06-29 17:00:00,27.6019512388497,5.8876325522153,7.82234606274581,3.41989067056433,2024-06-29,17
2024-06-29 18:00:00,26.0619581085123,7.39872666191985,7.7067360929357,3.6786353467729,2024-06-29,18
2024-06-29 19:00:00,27.1095897046545,7.42293357977289,7.89971242499898,2.44299344651804,2024-06-29,19
2024-06-29 20:00:00,27.864709119852,7.09630233172667,7.93712073355353,3.4456636275791,2024-06-29,20
2024-06-29 21:00:00,27.4151386415238,6.22731959234525,7.70975692989343,3.59116173699622,2024-06-29,21
2024-06-29 22:00:00,28.4690055868739,7.72808336332111,7.86493116184964,2.72915710827741,2024-06-29,22
2024-06-29 23:00:00,27.9150654915491,8.12232638383101,8.08960304543452,3.68068476393501,2024-06-29,23
2024-06-30 00:00:00,26.9076609670047,6.98824609646758,8.26468902520463,3.26204687450251,2024-06-30,0
